BEGIN;

-- This product uses the TMDB API but is not endorsed or certified by TMDB.
-- Generated for 658 movies.

DELETE FROM movie_image_urls WHERE movie_id IN (1523145, 83533, 1327819, 502356, 1290821, 1171145, 840464, 1115544, 687163, 1297842, 1226863, 1641319, 1265609, 1159831, 1084187, 1268127, 662707, 1159559, 1470130, 615, 278, 238, 240, 424, 389, 1181678, 129, 155, 19404, 497, 122, 496243, 680, 372058, 157336, 429, 13, 769, 346, 12477, 1049471, 1311031, 1419406, 1290417, 1193501, 680493, 1325734, 936075, 1266127, 1292695, 1119449, 550, 1305781, 1480382, 1304313, 1497970, 1408208, 1314481, 1406657, 1418657, 37165, 1317149, 848116, 1084242, 329505, 1368166, 1316092, 1339876, 1526650, 1198994, 1168190, 1088434, 350, 1297454, 1236153, 879945, 637, 14537, 120, 598, 11216, 40096, 539, 667257, 121, 510, 255709, 324857, 1891, 696374, 4935, 378064, 311, 807, 423, 1234731, 875828, 1653994, 1493859, 999136, 1646787, 1572073, 1582770, 1167307, 467905, 991494, 1654429, 1620551, 1246049, 1658216, 670, 696393, 1412598, 1381027, 1242332, 1307373, 604079, 16859, 931285, 1033148, 1301421, 1124566, 414419, 141, 878608, 1450527, 149, 1144107, 1010755, 18239, 755898, 634649, 1276038, 1242898, 52741, 1610418, 1539104, 181808, 1381216, 58008, 244786, 770156, 27205, 724089, 761053, 12493, 274, 567, 569094, 73, 1218925, 128, 105, 1058694, 820067, 3782, 1184918, 372754, 533514, 10494, 1314786, 1066313, 50619, 1630433, 1631917, 1635276, 1650558, 1110034, 1317288, 665, 14836, 1487320, 1658214, 1445363, 14574, 842924, 1194963, 1242937, 762, 1290432, 1154538, 55721, 1450257, 1151272, 1456349, 37797, 876792, 1159206, 1510583, 842675, 685274, 1287141, 1371185, 405746, 7451, 24428, 1272837, 1634301, 1387382, 1235877, 98477, 28975, 425274, 1306368, 12509, 803796, 299536, 620249, 207, 101, 42269, 644479, 1585, 914, 3082, 1139087, 599, 335, 77338, 28, 18491, 572154, 975, 632632, 654299, 652837, 901, 1341137, 1662432, 858024, 1401778, 1336770, 1542995, 1575337, 1455079, 1214931, 1462146, 8966, 1561758, 1465563, 967941, 1145899, 1140521, 1160360, 1429348, 1432605, 1383731, 1242265, 7459, 1146058, 1291659, 1443374, 1292415, 999075, 1263012, 1370814, 1519168, 1443576, 1102883, 416249, 1262815, 1117857, 19995, 1234821, 1192548, 677638, 315635, 19592, 1054867, 1011985, 76600, 402431, 744275, 637920, 92321, 15804, 8587, 29259, 10376, 603, 630566, 1356039, 447362, 299534, 1186532, 508965, 98, 490132, 857, 995133, 504253, 1284460, 1367642, 1276704, 639988, 1291335, 1242501, 273481, 1637319, 508883, 4348, 1043197, 1321179, 1652947, 1734, 137409, 1480387, 539745, 1140498, 1134463, 1510745, 1177767, 1379266, 1318447, 1363974, 1168719, 1294698, 1339713, 532639, 756397, 1390382, 1430077, 1545621, 1462735, 910850, 1010581, 1426964, 671, 533535, 1019420, 1601243, 1241470, 911430, 335984, 62029, 517302, 1511417, 110420, 568332, 25237, 527641, 16869, 24188, 92060, 265177, 16672, 1160164, 37257, 1124, 283566, 694, 618344, 11, 315162, 635302, 11324, 13494, 1625253, 804370, 281957, 1220522, 650524, 1209511, 1217584, 1288072, 1641962, 1653996, 1131759, 1280282, 1198984, 1208348, 1220564, 1359607, 235, 11963, 1235304, 1389881, 649, 5511, 1317512, 38985, 1278853, 1248723, 1337985, 1211442, 1007757, 1239134, 1397364, 12720, 1127384, 1661632, 1180906, 1254808, 1084577, 1584215, 1291608, 798645, 1228246, 646315, 1061474, 1022789, 38, 28322, 1087192, 1426297, 876566, 50014, 441130, 354912, 324786, 68718, 313106, 290098, 284, 620683, 185, 537061, 77, 5156, 522924, 26451, 629, 348, 18148, 490, 1422, 855, 1271895, 1658217, 1235746, 402, 1480790, 50620, 1309083, 855435, 1472951, 1629369, 1295400, 1374686, 1437985, 1561687, 1181107, 1404684, 1266800, 524635, 1357759, 1390300, 11986, 1393151, 1221061, 1259983, 1214684, 961077, 1602727, 1399462, 1507724, 1315657, 1451867, 1365683, 1515899, 1264349, 1392527, 1448560, 597, 1062722, 808, 872585, 560016, 519182, 552524, 1145758, 226674, 1507199, 950387, 617126, 575265, 489, 476292, 111, 361743, 20941, 399106, 81481, 426, 851644, 280, 289, 10098, 3780, 517814, 9702, 797, 872, 666, 693134, 1610901, 522627, 1643729, 682012, 1832, 772462, 1340110, 662723, 1404404, 1333100, 1629382, 1241983, 10835, 1107216, 1401281, 1174334, 1391074, 1005985, 1400357, 1057265, 1319520, 896453, 1542877, 1220566, 949536, 959894, 1279865, 1309725, 1511057, 1233655, 1576369, 1341341, 1247038, 1035047, 1290450, 1241982, 1233413, 6844, 255669, 1196067, 62201, 567609, 533533, 1266990, 646380, 1015606, 378236, 1266992, 438631, 592350, 606856, 103, 475557, 458220, 935, 575813, 980477, 1103621, 600, 500, 810693, 20914, 10681, 422, 406997, 38288, 146233, 812225, 531428, 28808, 1422562, 1100099, 1400763, 1116201, 1633264, 614930, 804, 655, 891584, 1266798, 1464533, 1391450, 874860, 1299655, 1461254, 338969, 1514381, 1337592, 1292585, 1303613, 1176962, 1243741, 1368519, 1283320, 1290424, 1276521, 898704, 1143440, 1254594, 1303657, 1139636, 1037600, 1300501, 1019939, 1178602, 1393326, 346698, 493125, 1315303, 1180831, 1038392, 1424965, 269149, 1175942, 912649, 150540, 193972, 1191876, 600354, 149871, 103663, 1398, 100, 996, 508442, 398818, 791373, 823219, 19, 795607, 755812, 664767, 843, 387, 406, 164, 1628123, 1287322, 938150, 1641961, 1596335, 1264805, 1268630, 1481041, 1449863, 1464829, 1049286, 1202152, 1171153, 1433117, 1172265, 1656489, 599019, 1072742, 1499071, 1302848, 1406652, 1634949, 645105, 1126723, 1407885, 1335666, 1653527);
DELETE FROM movie_genres WHERE movie_id IN (1523145, 83533, 1327819, 502356, 1290821, 1171145, 840464, 1115544, 687163, 1297842, 1226863, 1641319, 1265609, 1159831, 1084187, 1268127, 662707, 1159559, 1470130, 615, 278, 238, 240, 424, 389, 1181678, 129, 155, 19404, 497, 122, 496243, 680, 372058, 157336, 429, 13, 769, 346, 12477, 1049471, 1311031, 1419406, 1290417, 1193501, 680493, 1325734, 936075, 1266127, 1292695, 1119449, 550, 1305781, 1480382, 1304313, 1497970, 1408208, 1314481, 1406657, 1418657, 37165, 1317149, 848116, 1084242, 329505, 1368166, 1316092, 1339876, 1526650, 1198994, 1168190, 1088434, 350, 1297454, 1236153, 879945, 637, 14537, 120, 598, 11216, 40096, 539, 667257, 121, 510, 255709, 324857, 1891, 696374, 4935, 378064, 311, 807, 423, 1234731, 875828, 1653994, 1493859, 999136, 1646787, 1572073, 1582770, 1167307, 467905, 991494, 1654429, 1620551, 1246049, 1658216, 670, 696393, 1412598, 1381027, 1242332, 1307373, 604079, 16859, 931285, 1033148, 1301421, 1124566, 414419, 141, 878608, 1450527, 149, 1144107, 1010755, 18239, 755898, 634649, 1276038, 1242898, 52741, 1610418, 1539104, 181808, 1381216, 58008, 244786, 770156, 27205, 724089, 761053, 12493, 274, 567, 569094, 73, 1218925, 128, 105, 1058694, 820067, 3782, 1184918, 372754, 533514, 10494, 1314786, 1066313, 50619, 1630433, 1631917, 1635276, 1650558, 1110034, 1317288, 665, 14836, 1487320, 1658214, 1445363, 14574, 842924, 1194963, 1242937, 762, 1290432, 1154538, 55721, 1450257, 1151272, 1456349, 37797, 876792, 1159206, 1510583, 842675, 685274, 1287141, 1371185, 405746, 7451, 24428, 1272837, 1634301, 1387382, 1235877, 98477, 28975, 425274, 1306368, 12509, 803796, 299536, 620249, 207, 101, 42269, 644479, 1585, 914, 3082, 1139087, 599, 335, 77338, 28, 18491, 572154, 975, 632632, 654299, 652837, 901, 1341137, 1662432, 858024, 1401778, 1336770, 1542995, 1575337, 1455079, 1214931, 1462146, 8966, 1561758, 1465563, 967941, 1145899, 1140521, 1160360, 1429348, 1432605, 1383731, 1242265, 7459, 1146058, 1291659, 1443374, 1292415, 999075, 1263012, 1370814, 1519168, 1443576, 1102883, 416249, 1262815, 1117857, 19995, 1234821, 1192548, 677638, 315635, 19592, 1054867, 1011985, 76600, 402431, 744275, 637920, 92321, 15804, 8587, 29259, 10376, 603, 630566, 1356039, 447362, 299534, 1186532, 508965, 98, 490132, 857, 995133, 504253, 1284460, 1367642, 1276704, 639988, 1291335, 1242501, 273481, 1637319, 508883, 4348, 1043197, 1321179, 1652947, 1734, 137409, 1480387, 539745, 1140498, 1134463, 1510745, 1177767, 1379266, 1318447, 1363974, 1168719, 1294698, 1339713, 532639, 756397, 1390382, 1430077, 1545621, 1462735, 910850, 1010581, 1426964, 671, 533535, 1019420, 1601243, 1241470, 911430, 335984, 62029, 517302, 1511417, 110420, 568332, 25237, 527641, 16869, 24188, 92060, 265177, 16672, 1160164, 37257, 1124, 283566, 694, 618344, 11, 315162, 635302, 11324, 13494, 1625253, 804370, 281957, 1220522, 650524, 1209511, 1217584, 1288072, 1641962, 1653996, 1131759, 1280282, 1198984, 1208348, 1220564, 1359607, 235, 11963, 1235304, 1389881, 649, 5511, 1317512, 38985, 1278853, 1248723, 1337985, 1211442, 1007757, 1239134, 1397364, 12720, 1127384, 1661632, 1180906, 1254808, 1084577, 1584215, 1291608, 798645, 1228246, 646315, 1061474, 1022789, 38, 28322, 1087192, 1426297, 876566, 50014, 441130, 354912, 324786, 68718, 313106, 290098, 284, 620683, 185, 537061, 77, 5156, 522924, 26451, 629, 348, 18148, 490, 1422, 855, 1271895, 1658217, 1235746, 402, 1480790, 50620, 1309083, 855435, 1472951, 1629369, 1295400, 1374686, 1437985, 1561687, 1181107, 1404684, 1266800, 524635, 1357759, 1390300, 11986, 1393151, 1221061, 1259983, 1214684, 961077, 1602727, 1399462, 1507724, 1315657, 1451867, 1365683, 1515899, 1264349, 1392527, 1448560, 597, 1062722, 808, 872585, 560016, 519182, 552524, 1145758, 226674, 1507199, 950387, 617126, 575265, 489, 476292, 111, 361743, 20941, 399106, 81481, 426, 851644, 280, 289, 10098, 3780, 517814, 9702, 797, 872, 666, 693134, 1610901, 522627, 1643729, 682012, 1832, 772462, 1340110, 662723, 1404404, 1333100, 1629382, 1241983, 10835, 1107216, 1401281, 1174334, 1391074, 1005985, 1400357, 1057265, 1319520, 896453, 1542877, 1220566, 949536, 959894, 1279865, 1309725, 1511057, 1233655, 1576369, 1341341, 1247038, 1035047, 1290450, 1241982, 1233413, 6844, 255669, 1196067, 62201, 567609, 533533, 1266990, 646380, 1015606, 378236, 1266992, 438631, 592350, 606856, 103, 475557, 458220, 935, 575813, 980477, 1103621, 600, 500, 810693, 20914, 10681, 422, 406997, 38288, 146233, 812225, 531428, 28808, 1422562, 1100099, 1400763, 1116201, 1633264, 614930, 804, 655, 891584, 1266798, 1464533, 1391450, 874860, 1299655, 1461254, 338969, 1514381, 1337592, 1292585, 1303613, 1176962, 1243741, 1368519, 1283320, 1290424, 1276521, 898704, 1143440, 1254594, 1303657, 1139636, 1037600, 1300501, 1019939, 1178602, 1393326, 346698, 493125, 1315303, 1180831, 1038392, 1424965, 269149, 1175942, 912649, 150540, 193972, 1191876, 600354, 149871, 103663, 1398, 100, 996, 508442, 398818, 791373, 823219, 19, 795607, 755812, 664767, 843, 387, 406, 164, 1628123, 1287322, 938150, 1641961, 1596335, 1264805, 1268630, 1481041, 1449863, 1464829, 1049286, 1202152, 1171153, 1433117, 1172265, 1656489, 599019, 1072742, 1499071, 1302848, 1406652, 1634949, 645105, 1126723, 1407885, 1335666, 1653527);
DELETE FROM movie_cast_members WHERE movie_id IN (1523145, 83533, 1327819, 502356, 1290821, 1171145, 840464, 1115544, 687163, 1297842, 1226863, 1641319, 1265609, 1159831, 1084187, 1268127, 662707, 1159559, 1470130, 615, 278, 238, 240, 424, 389, 1181678, 129, 155, 19404, 497, 122, 496243, 680, 372058, 157336, 429, 13, 769, 346, 12477, 1049471, 1311031, 1419406, 1290417, 1193501, 680493, 1325734, 936075, 1266127, 1292695, 1119449, 550, 1305781, 1480382, 1304313, 1497970, 1408208, 1314481, 1406657, 1418657, 37165, 1317149, 848116, 1084242, 329505, 1368166, 1316092, 1339876, 1526650, 1198994, 1168190, 1088434, 350, 1297454, 1236153, 879945, 637, 14537, 120, 598, 11216, 40096, 539, 667257, 121, 510, 255709, 324857, 1891, 696374, 4935, 378064, 311, 807, 423, 1234731, 875828, 1653994, 1493859, 999136, 1646787, 1572073, 1582770, 1167307, 467905, 991494, 1654429, 1620551, 1246049, 1658216, 670, 696393, 1412598, 1381027, 1242332, 1307373, 604079, 16859, 931285, 1033148, 1301421, 1124566, 414419, 141, 878608, 1450527, 149, 1144107, 1010755, 18239, 755898, 634649, 1276038, 1242898, 52741, 1610418, 1539104, 181808, 1381216, 58008, 244786, 770156, 27205, 724089, 761053, 12493, 274, 567, 569094, 73, 1218925, 128, 105, 1058694, 820067, 3782, 1184918, 372754, 533514, 10494, 1314786, 1066313, 50619, 1630433, 1631917, 1635276, 1650558, 1110034, 1317288, 665, 14836, 1487320, 1658214, 1445363, 14574, 842924, 1194963, 1242937, 762, 1290432, 1154538, 55721, 1450257, 1151272, 1456349, 37797, 876792, 1159206, 1510583, 842675, 685274, 1287141, 1371185, 405746, 7451, 24428, 1272837, 1634301, 1387382, 1235877, 98477, 28975, 425274, 1306368, 12509, 803796, 299536, 620249, 207, 101, 42269, 644479, 1585, 914, 3082, 1139087, 599, 335, 77338, 28, 18491, 572154, 975, 632632, 654299, 652837, 901, 1341137, 1662432, 858024, 1401778, 1336770, 1542995, 1575337, 1455079, 1214931, 1462146, 8966, 1561758, 1465563, 967941, 1145899, 1140521, 1160360, 1429348, 1432605, 1383731, 1242265, 7459, 1146058, 1291659, 1443374, 1292415, 999075, 1263012, 1370814, 1519168, 1443576, 1102883, 416249, 1262815, 1117857, 19995, 1234821, 1192548, 677638, 315635, 19592, 1054867, 1011985, 76600, 402431, 744275, 637920, 92321, 15804, 8587, 29259, 10376, 603, 630566, 1356039, 447362, 299534, 1186532, 508965, 98, 490132, 857, 995133, 504253, 1284460, 1367642, 1276704, 639988, 1291335, 1242501, 273481, 1637319, 508883, 4348, 1043197, 1321179, 1652947, 1734, 137409, 1480387, 539745, 1140498, 1134463, 1510745, 1177767, 1379266, 1318447, 1363974, 1168719, 1294698, 1339713, 532639, 756397, 1390382, 1430077, 1545621, 1462735, 910850, 1010581, 1426964, 671, 533535, 1019420, 1601243, 1241470, 911430, 335984, 62029, 517302, 1511417, 110420, 568332, 25237, 527641, 16869, 24188, 92060, 265177, 16672, 1160164, 37257, 1124, 283566, 694, 618344, 11, 315162, 635302, 11324, 13494, 1625253, 804370, 281957, 1220522, 650524, 1209511, 1217584, 1288072, 1641962, 1653996, 1131759, 1280282, 1198984, 1208348, 1220564, 1359607, 235, 11963, 1235304, 1389881, 649, 5511, 1317512, 38985, 1278853, 1248723, 1337985, 1211442, 1007757, 1239134, 1397364, 12720, 1127384, 1661632, 1180906, 1254808, 1084577, 1584215, 1291608, 798645, 1228246, 646315, 1061474, 1022789, 38, 28322, 1087192, 1426297, 876566, 50014, 441130, 354912, 324786, 68718, 313106, 290098, 284, 620683, 185, 537061, 77, 5156, 522924, 26451, 629, 348, 18148, 490, 1422, 855, 1271895, 1658217, 1235746, 402, 1480790, 50620, 1309083, 855435, 1472951, 1629369, 1295400, 1374686, 1437985, 1561687, 1181107, 1404684, 1266800, 524635, 1357759, 1390300, 11986, 1393151, 1221061, 1259983, 1214684, 961077, 1602727, 1399462, 1507724, 1315657, 1451867, 1365683, 1515899, 1264349, 1392527, 1448560, 597, 1062722, 808, 872585, 560016, 519182, 552524, 1145758, 226674, 1507199, 950387, 617126, 575265, 489, 476292, 111, 361743, 20941, 399106, 81481, 426, 851644, 280, 289, 10098, 3780, 517814, 9702, 797, 872, 666, 693134, 1610901, 522627, 1643729, 682012, 1832, 772462, 1340110, 662723, 1404404, 1333100, 1629382, 1241983, 10835, 1107216, 1401281, 1174334, 1391074, 1005985, 1400357, 1057265, 1319520, 896453, 1542877, 1220566, 949536, 959894, 1279865, 1309725, 1511057, 1233655, 1576369, 1341341, 1247038, 1035047, 1290450, 1241982, 1233413, 6844, 255669, 1196067, 62201, 567609, 533533, 1266990, 646380, 1015606, 378236, 1266992, 438631, 592350, 606856, 103, 475557, 458220, 935, 575813, 980477, 1103621, 600, 500, 810693, 20914, 10681, 422, 406997, 38288, 146233, 812225, 531428, 28808, 1422562, 1100099, 1400763, 1116201, 1633264, 614930, 804, 655, 891584, 1266798, 1464533, 1391450, 874860, 1299655, 1461254, 338969, 1514381, 1337592, 1292585, 1303613, 1176962, 1243741, 1368519, 1283320, 1290424, 1276521, 898704, 1143440, 1254594, 1303657, 1139636, 1037600, 1300501, 1019939, 1178602, 1393326, 346698, 493125, 1315303, 1180831, 1038392, 1424965, 269149, 1175942, 912649, 150540, 193972, 1191876, 600354, 149871, 103663, 1398, 100, 996, 508442, 398818, 791373, 823219, 19, 795607, 755812, 664767, 843, 387, 406, 164, 1628123, 1287322, 938150, 1641961, 1596335, 1264805, 1268630, 1481041, 1449863, 1464829, 1049286, 1202152, 1171153, 1433117, 1172265, 1656489, 599019, 1072742, 1499071, 1302848, 1406652, 1634949, 645105, 1126723, 1407885, 1335666, 1653527);
DELETE FROM movie_directors WHERE movie_id IN (1523145, 83533, 1327819, 502356, 1290821, 1171145, 840464, 1115544, 687163, 1297842, 1226863, 1641319, 1265609, 1159831, 1084187, 1268127, 662707, 1159559, 1470130, 615, 278, 238, 240, 424, 389, 1181678, 129, 155, 19404, 497, 122, 496243, 680, 372058, 157336, 429, 13, 769, 346, 12477, 1049471, 1311031, 1419406, 1290417, 1193501, 680493, 1325734, 936075, 1266127, 1292695, 1119449, 550, 1305781, 1480382, 1304313, 1497970, 1408208, 1314481, 1406657, 1418657, 37165, 1317149, 848116, 1084242, 329505, 1368166, 1316092, 1339876, 1526650, 1198994, 1168190, 1088434, 350, 1297454, 1236153, 879945, 637, 14537, 120, 598, 11216, 40096, 539, 667257, 121, 510, 255709, 324857, 1891, 696374, 4935, 378064, 311, 807, 423, 1234731, 875828, 1653994, 1493859, 999136, 1646787, 1572073, 1582770, 1167307, 467905, 991494, 1654429, 1620551, 1246049, 1658216, 670, 696393, 1412598, 1381027, 1242332, 1307373, 604079, 16859, 931285, 1033148, 1301421, 1124566, 414419, 141, 878608, 1450527, 149, 1144107, 1010755, 18239, 755898, 634649, 1276038, 1242898, 52741, 1610418, 1539104, 181808, 1381216, 58008, 244786, 770156, 27205, 724089, 761053, 12493, 274, 567, 569094, 73, 1218925, 128, 105, 1058694, 820067, 3782, 1184918, 372754, 533514, 10494, 1314786, 1066313, 50619, 1630433, 1631917, 1635276, 1650558, 1110034, 1317288, 665, 14836, 1487320, 1658214, 1445363, 14574, 842924, 1194963, 1242937, 762, 1290432, 1154538, 55721, 1450257, 1151272, 1456349, 37797, 876792, 1159206, 1510583, 842675, 685274, 1287141, 1371185, 405746, 7451, 24428, 1272837, 1634301, 1387382, 1235877, 98477, 28975, 425274, 1306368, 12509, 803796, 299536, 620249, 207, 101, 42269, 644479, 1585, 914, 3082, 1139087, 599, 335, 77338, 28, 18491, 572154, 975, 632632, 654299, 652837, 901, 1341137, 1662432, 858024, 1401778, 1336770, 1542995, 1575337, 1455079, 1214931, 1462146, 8966, 1561758, 1465563, 967941, 1145899, 1140521, 1160360, 1429348, 1432605, 1383731, 1242265, 7459, 1146058, 1291659, 1443374, 1292415, 999075, 1263012, 1370814, 1519168, 1443576, 1102883, 416249, 1262815, 1117857, 19995, 1234821, 1192548, 677638, 315635, 19592, 1054867, 1011985, 76600, 402431, 744275, 637920, 92321, 15804, 8587, 29259, 10376, 603, 630566, 1356039, 447362, 299534, 1186532, 508965, 98, 490132, 857, 995133, 504253, 1284460, 1367642, 1276704, 639988, 1291335, 1242501, 273481, 1637319, 508883, 4348, 1043197, 1321179, 1652947, 1734, 137409, 1480387, 539745, 1140498, 1134463, 1510745, 1177767, 1379266, 1318447, 1363974, 1168719, 1294698, 1339713, 532639, 756397, 1390382, 1430077, 1545621, 1462735, 910850, 1010581, 1426964, 671, 533535, 1019420, 1601243, 1241470, 911430, 335984, 62029, 517302, 1511417, 110420, 568332, 25237, 527641, 16869, 24188, 92060, 265177, 16672, 1160164, 37257, 1124, 283566, 694, 618344, 11, 315162, 635302, 11324, 13494, 1625253, 804370, 281957, 1220522, 650524, 1209511, 1217584, 1288072, 1641962, 1653996, 1131759, 1280282, 1198984, 1208348, 1220564, 1359607, 235, 11963, 1235304, 1389881, 649, 5511, 1317512, 38985, 1278853, 1248723, 1337985, 1211442, 1007757, 1239134, 1397364, 12720, 1127384, 1661632, 1180906, 1254808, 1084577, 1584215, 1291608, 798645, 1228246, 646315, 1061474, 1022789, 38, 28322, 1087192, 1426297, 876566, 50014, 441130, 354912, 324786, 68718, 313106, 290098, 284, 620683, 185, 537061, 77, 5156, 522924, 26451, 629, 348, 18148, 490, 1422, 855, 1271895, 1658217, 1235746, 402, 1480790, 50620, 1309083, 855435, 1472951, 1629369, 1295400, 1374686, 1437985, 1561687, 1181107, 1404684, 1266800, 524635, 1357759, 1390300, 11986, 1393151, 1221061, 1259983, 1214684, 961077, 1602727, 1399462, 1507724, 1315657, 1451867, 1365683, 1515899, 1264349, 1392527, 1448560, 597, 1062722, 808, 872585, 560016, 519182, 552524, 1145758, 226674, 1507199, 950387, 617126, 575265, 489, 476292, 111, 361743, 20941, 399106, 81481, 426, 851644, 280, 289, 10098, 3780, 517814, 9702, 797, 872, 666, 693134, 1610901, 522627, 1643729, 682012, 1832, 772462, 1340110, 662723, 1404404, 1333100, 1629382, 1241983, 10835, 1107216, 1401281, 1174334, 1391074, 1005985, 1400357, 1057265, 1319520, 896453, 1542877, 1220566, 949536, 959894, 1279865, 1309725, 1511057, 1233655, 1576369, 1341341, 1247038, 1035047, 1290450, 1241982, 1233413, 6844, 255669, 1196067, 62201, 567609, 533533, 1266990, 646380, 1015606, 378236, 1266992, 438631, 592350, 606856, 103, 475557, 458220, 935, 575813, 980477, 1103621, 600, 500, 810693, 20914, 10681, 422, 406997, 38288, 146233, 812225, 531428, 28808, 1422562, 1100099, 1400763, 1116201, 1633264, 614930, 804, 655, 891584, 1266798, 1464533, 1391450, 874860, 1299655, 1461254, 338969, 1514381, 1337592, 1292585, 1303613, 1176962, 1243741, 1368519, 1283320, 1290424, 1276521, 898704, 1143440, 1254594, 1303657, 1139636, 1037600, 1300501, 1019939, 1178602, 1393326, 346698, 493125, 1315303, 1180831, 1038392, 1424965, 269149, 1175942, 912649, 150540, 193972, 1191876, 600354, 149871, 103663, 1398, 100, 996, 508442, 398818, 791373, 823219, 19, 795607, 755812, 664767, 843, 387, 406, 164, 1628123, 1287322, 938150, 1641961, 1596335, 1264805, 1268630, 1481041, 1449863, 1464829, 1049286, 1202152, 1171153, 1433117, 1172265, 1656489, 599019, 1072742, 1499071, 1302848, 1406652, 1634949, 645105, 1126723, 1407885, 1335666, 1653527);

INSERT INTO movies (id, title, release_year, duration_minutes, country, language, synopsis, poster_image_url, backdrop_image_url) VALUES (1523145, 'Your Heart Will Be Broken', 2026, 134, 'Russia', 'Spanish', 'High school student Polina is saved from bullying at her new school and makes a deal with the main bully Bars: he must pretend to be her boyfriend and protect her, and she must do everything he says. During this game, the couple develops real feelings, but her family and classmates have reasons to separate the lovers.', 'https://image.tmdb.org/t/p/w500/7wIBfBl2gejt6xHxNSK0reVIm7E.jpg', 'https://image.tmdb.org/t/p/original/1x9e0qWonw634NhIsRdvnneeqvN.jpg') ON CONFLICT (id) DO UPDATE SET title = EXCLUDED.title, release_year = EXCLUDED.release_year, duration_minutes = EXCLUDED.duration_minutes, country = EXCLUDED.country, language = EXCLUDED.language, synopsis = EXCLUDED.synopsis, poster_image_url = EXCLUDED.poster_image_url, backdrop_image_url = EXCLUDED.backdrop_image_url;
INSERT INTO movie_directors (movie_id, director) VALUES (1523145, 'Mikhail Vaynberg');
INSERT INTO movie_cast_members (movie_id, cast_member) VALUES (1523145, 'Daniel Vegas');
INSERT INTO movie_cast_members (movie_id, cast_member) VALUES (1523145, 'Veronika Zhuravleva');
INSERT INTO movie_cast_members (movie_id, cast_member) VALUES (1523145, 'Ivan Trushin');
INSERT INTO movie_cast_members (movie_id, cast_member) VALUES (1523145, 'Maksim Saprykin');
INSERT INTO movie_cast_members (movie_id, cast_member) VALUES (1523145, 'Alya Mayer');
INSERT INTO movie_genres (movie_id, genre) VALUES (1523145, 'Romance');
INSERT INTO movie_genres (movie_id, genre) VALUES (1523145, 'Drama');

INSERT INTO movies (id, title, release_year, duration_minutes, country, language, synopsis, poster_image_url, backdrop_image_url) VALUES (83533, 'Avatar: Fire and Ash', 2025, 198, 'United States of America', 'English', 'In the wake of the devastating war against the RDA and the loss of their eldest son, Jake Sully and Neytiri face a new threat on Pandora: the Ash People, a violent and power-hungry Na''vi tribe led by the ruthless Varang. Jake''s family must fight for their survival and the future of Pandora in a conflict that pushes them to their emotional and physical limits.', 'https://image.tmdb.org/t/p/w500/bRBeSHfGHwkEpImlhxPmOcUsaeg.jpg', 'https://image.tmdb.org/t/p/original/iN41Ccw4DctL8npfmYg1j5Tr1eb.jpg') ON CONFLICT (id) DO UPDATE SET title = EXCLUDED.title, release_year = EXCLUDED.release_year, duration_minutes = EXCLUDED.duration_minutes, country = EXCLUDED.country, language = EXCLUDED.language, synopsis = EXCLUDED.synopsis, poster_image_url = EXCLUDED.poster_image_url, backdrop_image_url = EXCLUDED.backdrop_image_url;
INSERT INTO movie_directors (movie_id, director) VALUES (83533, 'James Cameron');
INSERT INTO movie_cast_members (movie_id, cast_member) VALUES (83533, 'Sam Worthington');
INSERT INTO movie_cast_members (movie_id, cast_member) VALUES (83533, 'Zoe Saldaña');
INSERT INTO movie_cast_members (movie_id, cast_member) VALUES (83533, 'Sigourney Weaver');
INSERT INTO movie_cast_members (movie_id, cast_member) VALUES (83533, 'Stephen Lang');
INSERT INTO movie_cast_members (movie_id, cast_member) VALUES (83533, 'Oona Chaplin');
INSERT INTO movie_genres (movie_id, genre) VALUES (83533, 'Science Fiction');
INSERT INTO movie_genres (movie_id, genre) VALUES (83533, 'Adventure');
INSERT INTO movie_genres (movie_id, genre) VALUES (83533, 'Fantasy');
INSERT INTO movie_image_urls (movie_id, image_url) VALUES (83533, 'https://image.tmdb.org/t/p/original/sdZSjtGUTSN8B3al5o0f2WoQfQQ.jpg');
INSERT INTO movie_image_urls (movie_id, image_url) VALUES (83533, 'https://image.tmdb.org/t/p/original/vm4H1DivjQoNIm0Vs6i3CTzFxQ0.jpg');
INSERT INTO movie_image_urls (movie_id, image_url) VALUES (83533, 'https://image.tmdb.org/t/p/original/3Dqievkc7krcTtDE2hjRkIsEzB1.jpg');
INSERT INTO movie_image_urls (movie_id, image_url) VALUES (83533, 'https://image.tmdb.org/t/p/original/9QW8bQ0BK4GjtpHPuZvH6cfcBDS.jpg');

INSERT INTO movies (id, title, release_year, duration_minutes, country, language, synopsis, poster_image_url, backdrop_image_url) VALUES (1327819, 'Hoppers', 2026, 105, 'United States of America', 'English', 'Scientists have discovered how to ''hop'' human consciousness into lifelike robotic animals, allowing people to communicate with animals as animals. Animal lover Mabel seizes an opportunity to use the technology, uncovering mysteries within the animal world beyond anything she could have imagined.', 'https://image.tmdb.org/t/p/w500/xjtWQ2CL1mpmMNwuU5HeS4Iuwuu.jpg', 'https://image.tmdb.org/t/p/original/u53UYu5XG2hNgWGvs3xGhAVzypl.jpg') ON CONFLICT (id) DO UPDATE SET title = EXCLUDED.title, release_year = EXCLUDED.release_year, duration_minutes = EXCLUDED.duration_minutes, country = EXCLUDED.country, language = EXCLUDED.language, synopsis = EXCLUDED.synopsis, poster_image_url = EXCLUDED.poster_image_url, backdrop_image_url = EXCLUDED.backdrop_image_url;
INSERT INTO movie_directors (movie_id, director) VALUES (1327819, 'Daniel Chong');
INSERT INTO movie_cast_members (movie_id, cast_member) VALUES (1327819, 'Piper Curda');
INSERT INTO movie_cast_members (movie_id, cast_member) VALUES (1327819, 'Bobby Moynihan');
INSERT INTO movie_cast_members (movie_id, cast_member) VALUES (1327819, 'Jon Hamm');
INSERT INTO movie_cast_members (movie_id, cast_member) VALUES (1327819, 'Kathy Najimy');
INSERT INTO movie_cast_members (movie_id, cast_member) VALUES (1327819, 'Dave Franco');
INSERT INTO movie_genres (movie_id, genre) VALUES (1327819, 'Animation');
INSERT INTO movie_genres (movie_id, genre) VALUES (1327819, 'Family');
INSERT INTO movie_genres (movie_id, genre) VALUES (1327819, 'Science Fiction');
INSERT INTO movie_genres (movie_id, genre) VALUES (1327819, 'Comedy');
INSERT INTO movie_genres (movie_id, genre) VALUES (1327819, 'Adventure');
INSERT INTO movie_image_urls (movie_id, image_url) VALUES (1327819, 'https://image.tmdb.org/t/p/original/2RrLuIfIzGWWIH8IAEo6o0IYHmx.jpg');
INSERT INTO movie_image_urls (movie_id, image_url) VALUES (1327819, 'https://image.tmdb.org/t/p/original/7GubSLYWCmmvB208fclLooG8tpN.jpg');
INSERT INTO movie_image_urls (movie_id, image_url) VALUES (1327819, 'https://image.tmdb.org/t/p/original/kmsEkv3DTjwCkvXvS661mPRROGt.jpg');
INSERT INTO movie_image_urls (movie_id, image_url) VALUES (1327819, 'https://image.tmdb.org/t/p/original/7Zk07DUBunUp9E1LtLK63jJGiDk.jpg');

INSERT INTO movies (id, title, release_year, duration_minutes, country, language, synopsis, poster_image_url, backdrop_image_url) VALUES (502356, 'The Super Mario Bros. Movie', 2023, 93, 'Japan', 'English', 'While working underground to fix a water main, Brooklyn plumbers—and brothers—Mario and Luigi are transported down a mysterious pipe and wander into a magical new world. But when the brothers are separated, Mario embarks on an epic quest to find Luigi.', 'https://image.tmdb.org/t/p/w500/qNBAXBIQlnOThrVvA6mA2B5ggV6.jpg', 'https://image.tmdb.org/t/p/original/9n2tJBplPbgR2ca05hS5CKXwP2c.jpg') ON CONFLICT (id) DO UPDATE SET title = EXCLUDED.title, release_year = EXCLUDED.release_year, duration_minutes = EXCLUDED.duration_minutes, country = EXCLUDED.country, language = EXCLUDED.language, synopsis = EXCLUDED.synopsis, poster_image_url = EXCLUDED.poster_image_url, backdrop_image_url = EXCLUDED.backdrop_image_url;
INSERT INTO movie_directors (movie_id, director) VALUES (502356, 'Michael Jelenic');
INSERT INTO movie_directors (movie_id, director) VALUES (502356, 'Aaron Horvath');
INSERT INTO movie_cast_members (movie_id, cast_member) VALUES (502356, 'Chris Pratt');
INSERT INTO movie_cast_members (movie_id, cast_member) VALUES (502356, 'Anya Taylor-Joy');
INSERT INTO movie_cast_members (movie_id, cast_member) VALUES (502356, 'Charlie Day');
INSERT INTO movie_cast_members (movie_id, cast_member) VALUES (502356, 'Jack Black');
INSERT INTO movie_cast_members (movie_id, cast_member) VALUES (502356, 'Keegan-Michael Key');
INSERT INTO movie_genres (movie_id, genre) VALUES (502356, 'Family');
INSERT INTO movie_genres (movie_id, genre) VALUES (502356, 'Comedy');
INSERT INTO movie_genres (movie_id, genre) VALUES (502356, 'Adventure');
INSERT INTO movie_genres (movie_id, genre) VALUES (502356, 'Fantasy');
INSERT INTO movie_genres (movie_id, genre) VALUES (502356, 'Animation');
INSERT INTO movie_image_urls (movie_id, image_url) VALUES (502356, 'https://image.tmdb.org/t/p/original/dBkvawTlvciUvW7jmNAtuvhdtdr.jpg');
INSERT INTO movie_image_urls (movie_id, image_url) VALUES (502356, 'https://image.tmdb.org/t/p/original/iJQIbOPm81fPEGKt5BPuZmfnA54.jpg');
INSERT INTO movie_image_urls (movie_id, image_url) VALUES (502356, 'https://image.tmdb.org/t/p/original/nLBRD7UPR6GjmWQp6ASAfCTaWKX.jpg');
INSERT INTO movie_image_urls (movie_id, image_url) VALUES (502356, 'https://image.tmdb.org/t/p/original/lWqjXgut48IK5f5IRbDBAoO2Epp.jpg');

INSERT INTO movies (id, title, release_year, duration_minutes, country, language, synopsis, poster_image_url, backdrop_image_url) VALUES (1290821, 'Shelter', 2026, 107, 'United States of America', 'English', 'A man living in self-imposed exile on a remote island rescues a young girl from a violent storm, setting off a chain of events that forces him out of seclusion to protect her from enemies tied to his past.', 'https://image.tmdb.org/t/p/w500/buPFnHZ3xQy6vZEHxbHgL1Pc6CR.jpg', 'https://image.tmdb.org/t/p/original/nHxWyy18SvAZ8jJeemtS8k1UNjM.jpg') ON CONFLICT (id) DO UPDATE SET title = EXCLUDED.title, release_year = EXCLUDED.release_year, duration_minutes = EXCLUDED.duration_minutes, country = EXCLUDED.country, language = EXCLUDED.language, synopsis = EXCLUDED.synopsis, poster_image_url = EXCLUDED.poster_image_url, backdrop_image_url = EXCLUDED.backdrop_image_url;
INSERT INTO movie_directors (movie_id, director) VALUES (1290821, 'Ric Roman Waugh');
INSERT INTO movie_cast_members (movie_id, cast_member) VALUES (1290821, 'Jason Statham');
INSERT INTO movie_cast_members (movie_id, cast_member) VALUES (1290821, 'Bodhi Rae Breathnach');
INSERT INTO movie_cast_members (movie_id, cast_member) VALUES (1290821, 'Michael Shaeffer');
INSERT INTO movie_cast_members (movie_id, cast_member) VALUES (1290821, 'Anna Crilly');
INSERT INTO movie_cast_members (movie_id, cast_member) VALUES (1290821, 'Bill Nighy');
INSERT INTO movie_genres (movie_id, genre) VALUES (1290821, 'Action');
INSERT INTO movie_genres (movie_id, genre) VALUES (1290821, 'Crime');
INSERT INTO movie_genres (movie_id, genre) VALUES (1290821, 'Thriller');
INSERT INTO movie_image_urls (movie_id, image_url) VALUES (1290821, 'https://image.tmdb.org/t/p/original/yawBnV7LYZgFKSEeauXTSABr4qq.jpg');
INSERT INTO movie_image_urls (movie_id, image_url) VALUES (1290821, 'https://image.tmdb.org/t/p/original/rWXLPfw1mpsOd4f4yCVgYmOixcX.jpg');
INSERT INTO movie_image_urls (movie_id, image_url) VALUES (1290821, 'https://image.tmdb.org/t/p/original/u6YE4rlEWOiYoqhPJuNvt5GHxgu.jpg');
INSERT INTO movie_image_urls (movie_id, image_url) VALUES (1290821, 'https://image.tmdb.org/t/p/original/65u00kwFndN5XROJPfd48A9YAWJ.jpg');

INSERT INTO movies (id, title, release_year, duration_minutes, country, language, synopsis, poster_image_url, backdrop_image_url) VALUES (1171145, 'Crime 101', 2026, 141, 'United Kingdom', 'English', 'When an elusive thief whose high-stakes heists unfold along the iconic 101 freeway in Los Angeles eyes the score of a lifetime, with hopes of this being his final job, his path collides with a disillusioned insurance broker who is facing her own crossroads. Determined to crack the case, a relentless detective closes in on the operation, raising the stakes even higher.', 'https://image.tmdb.org/t/p/w500/tVvpFIoteRHNnoZMhdnwIVwJpCA.jpg', 'https://image.tmdb.org/t/p/original/vG42HeYtoTFflqwP42wYD7tBuNr.jpg') ON CONFLICT (id) DO UPDATE SET title = EXCLUDED.title, release_year = EXCLUDED.release_year, duration_minutes = EXCLUDED.duration_minutes, country = EXCLUDED.country, language = EXCLUDED.language, synopsis = EXCLUDED.synopsis, poster_image_url = EXCLUDED.poster_image_url, backdrop_image_url = EXCLUDED.backdrop_image_url;
INSERT INTO movie_directors (movie_id, director) VALUES (1171145, 'Bart Layton');
INSERT INTO movie_cast_members (movie_id, cast_member) VALUES (1171145, 'Chris Hemsworth');
INSERT INTO movie_cast_members (movie_id, cast_member) VALUES (1171145, 'Mark Ruffalo');
INSERT INTO movie_cast_members (movie_id, cast_member) VALUES (1171145, 'Halle Berry');
INSERT INTO movie_cast_members (movie_id, cast_member) VALUES (1171145, 'Barry Keoghan');
INSERT INTO movie_cast_members (movie_id, cast_member) VALUES (1171145, 'Monica Barbaro');
INSERT INTO movie_genres (movie_id, genre) VALUES (1171145, 'Crime');
INSERT INTO movie_genres (movie_id, genre) VALUES (1171145, 'Thriller');
INSERT INTO movie_image_urls (movie_id, image_url) VALUES (1171145, 'https://image.tmdb.org/t/p/original/52AkwEfQiJl2HuTPMZ2yC5Bdr9I.jpg');
INSERT INTO movie_image_urls (movie_id, image_url) VALUES (1171145, 'https://image.tmdb.org/t/p/original/fjKspxpYDRwxWKHI0PUSAWaAeRf.jpg');
INSERT INTO movie_image_urls (movie_id, image_url) VALUES (1171145, 'https://image.tmdb.org/t/p/original/sl2649wlcocfFU7HKxQgNUEBMnT.jpg');
INSERT INTO movie_image_urls (movie_id, image_url) VALUES (1171145, 'https://image.tmdb.org/t/p/original/bPuhYMN73tEXGGmumkvJE9vADId.jpg');

INSERT INTO movies (id, title, release_year, duration_minutes, country, language, synopsis, poster_image_url, backdrop_image_url) VALUES (840464, 'Greenland 2: Migration', 2026, 98, 'United Kingdom', 'English', 'Having found the safety of the Greenland bunker after the comet Clarke decimated the Earth, the Garrity family must now risk everything to embark on a perilous journey across the wasteland of Europe to find a new home.', 'https://image.tmdb.org/t/p/w500/z2tqCJLsw6uEJ8nJV8BsQXGa3dr.jpg', 'https://image.tmdb.org/t/p/original/wns4x1GyxCudgOZRyhXKjXVJf3T.jpg') ON CONFLICT (id) DO UPDATE SET title = EXCLUDED.title, release_year = EXCLUDED.release_year, duration_minutes = EXCLUDED.duration_minutes, country = EXCLUDED.country, language = EXCLUDED.language, synopsis = EXCLUDED.synopsis, poster_image_url = EXCLUDED.poster_image_url, backdrop_image_url = EXCLUDED.backdrop_image_url;
INSERT INTO movie_directors (movie_id, director) VALUES (840464, 'Ric Roman Waugh');
INSERT INTO movie_cast_members (movie_id, cast_member) VALUES (840464, 'Gerard Butler');
INSERT INTO movie_cast_members (movie_id, cast_member) VALUES (840464, 'Morena Baccarin');
INSERT INTO movie_cast_members (movie_id, cast_member) VALUES (840464, 'Roman Griffin Davis');
INSERT INTO movie_cast_members (movie_id, cast_member) VALUES (840464, 'Tommie Earl Jenkins');
INSERT INTO movie_cast_members (movie_id, cast_member) VALUES (840464, 'Trond Fausa Aurvåg');
INSERT INTO movie_genres (movie_id, genre) VALUES (840464, 'Adventure');
INSERT INTO movie_genres (movie_id, genre) VALUES (840464, 'Thriller');
INSERT INTO movie_genres (movie_id, genre) VALUES (840464, 'Science Fiction');
INSERT INTO movie_image_urls (movie_id, image_url) VALUES (840464, 'https://image.tmdb.org/t/p/original/2Z4NjgS8hj9fyRdr8nvTqbHDo97.jpg');
INSERT INTO movie_image_urls (movie_id, image_url) VALUES (840464, 'https://image.tmdb.org/t/p/original/lukXOd1NGGbFr8enbLy5c4wT7Nu.jpg');
INSERT INTO movie_image_urls (movie_id, image_url) VALUES (840464, 'https://image.tmdb.org/t/p/original/zLssGUmzL1olfXD0UAAs3Q9i22x.jpg');
INSERT INTO movie_image_urls (movie_id, image_url) VALUES (840464, 'https://image.tmdb.org/t/p/original/u9jE0R1nvkmdWu3bt7Op8joPywa.jpg');

INSERT INTO movies (id, title, release_year, duration_minutes, country, language, synopsis, poster_image_url, backdrop_image_url) VALUES (1115544, 'Mike & Nick & Nick & Alice', 2026, 107, 'United States of America', 'English', 'Two gangsters and the woman they love try to survive the most dangerous night of their lives. As if that wasn’t enough, there’s one wild ingredient added to the mix: a time machine.', 'https://image.tmdb.org/t/p/w500/7F0jc75HrSkLVcvOXR2FXAIwuEv.jpg', 'https://image.tmdb.org/t/p/original/uNToXatdunyvWXyXMrTI1nLvh6r.jpg') ON CONFLICT (id) DO UPDATE SET title = EXCLUDED.title, release_year = EXCLUDED.release_year, duration_minutes = EXCLUDED.duration_minutes, country = EXCLUDED.country, language = EXCLUDED.language, synopsis = EXCLUDED.synopsis, poster_image_url = EXCLUDED.poster_image_url, backdrop_image_url = EXCLUDED.backdrop_image_url;
INSERT INTO movie_directors (movie_id, director) VALUES (1115544, 'BenDavid Grabinski');
INSERT INTO movie_cast_members (movie_id, cast_member) VALUES (1115544, 'James Marsden');
INSERT INTO movie_cast_members (movie_id, cast_member) VALUES (1115544, 'Vince Vaughn');
INSERT INTO movie_cast_members (movie_id, cast_member) VALUES (1115544, 'Eiza González');
INSERT INTO movie_cast_members (movie_id, cast_member) VALUES (1115544, 'Keith David');
INSERT INTO movie_cast_members (movie_id, cast_member) VALUES (1115544, 'Jimmy Tatro');
INSERT INTO movie_genres (movie_id, genre) VALUES (1115544, 'Comedy');
INSERT INTO movie_genres (movie_id, genre) VALUES (1115544, 'Science Fiction');
INSERT INTO movie_genres (movie_id, genre) VALUES (1115544, 'Crime');
INSERT INTO movie_image_urls (movie_id, image_url) VALUES (1115544, 'https://image.tmdb.org/t/p/original/5wPCqRe5EdEIBYWQMglzmRJqD1t.jpg');
INSERT INTO movie_image_urls (movie_id, image_url) VALUES (1115544, 'https://image.tmdb.org/t/p/original/cToI7hDeiWCoLDn2I8629RtST76.jpg');
INSERT INTO movie_image_urls (movie_id, image_url) VALUES (1115544, 'https://image.tmdb.org/t/p/original/n0bLVzy5BOy2gQb9S7Tn2WuWM1w.jpg');
INSERT INTO movie_image_urls (movie_id, image_url) VALUES (1115544, 'https://image.tmdb.org/t/p/original/cXYbAayDuSFdTNt3kn21zcBNoxG.jpg');

INSERT INTO movies (id, title, release_year, duration_minutes, country, language, synopsis, poster_image_url, backdrop_image_url) VALUES (687163, 'Project Hail Mary', 2026, 157, 'United States of America', 'English', 'Science teacher Ryland Grace wakes up on a spaceship light years from home with no recollection of who he is or how he got there. As his memory returns, he begins to uncover his mission: solve the riddle of the mysterious substance causing the sun to die out. He must call on his scientific knowledge and unorthodox ideas to save everything on Earth from extinction… but an unexpected friendship means he may not have to do it alone.', 'https://image.tmdb.org/t/p/w500/yihdXomYb5kTeSivtFndMy5iDmf.jpg', 'https://image.tmdb.org/t/p/original/8Tfys3mDZVp4tNoH2ktm06a0Tau.jpg') ON CONFLICT (id) DO UPDATE SET title = EXCLUDED.title, release_year = EXCLUDED.release_year, duration_minutes = EXCLUDED.duration_minutes, country = EXCLUDED.country, language = EXCLUDED.language, synopsis = EXCLUDED.synopsis, poster_image_url = EXCLUDED.poster_image_url, backdrop_image_url = EXCLUDED.backdrop_image_url;
INSERT INTO movie_directors (movie_id, director) VALUES (687163, 'Phil Lord');
INSERT INTO movie_directors (movie_id, director) VALUES (687163, 'Christopher Miller');
INSERT INTO movie_cast_members (movie_id, cast_member) VALUES (687163, 'Ryan Gosling');
INSERT INTO movie_cast_members (movie_id, cast_member) VALUES (687163, 'James Ortiz');
INSERT INTO movie_cast_members (movie_id, cast_member) VALUES (687163, 'Sandra Hüller');
INSERT INTO movie_cast_members (movie_id, cast_member) VALUES (687163, 'Lionel Boyce');
INSERT INTO movie_cast_members (movie_id, cast_member) VALUES (687163, 'Milana Vayntrub');
INSERT INTO movie_genres (movie_id, genre) VALUES (687163, 'Science Fiction');
INSERT INTO movie_genres (movie_id, genre) VALUES (687163, 'Adventure');
INSERT INTO movie_image_urls (movie_id, image_url) VALUES (687163, 'https://image.tmdb.org/t/p/original/2I1OFQJ0L9T0dpU6FobKFWV2PxX.jpg');
INSERT INTO movie_image_urls (movie_id, image_url) VALUES (687163, 'https://image.tmdb.org/t/p/original/qL4dBGLkWOVP5vImN7EEoqJQYd8.jpg');
INSERT INTO movie_image_urls (movie_id, image_url) VALUES (687163, 'https://image.tmdb.org/t/p/original/o2xLxY1LdwBMsrGD9hjIaOrIQm6.jpg');
INSERT INTO movie_image_urls (movie_id, image_url) VALUES (687163, 'https://image.tmdb.org/t/p/original/fFyLcR22R4ynrecqjMniKXm0UTp.jpg');

INSERT INTO movies (id, title, release_year, duration_minutes, country, language, synopsis, poster_image_url, backdrop_image_url) VALUES (1297842, 'GOAT', 2026, 100, 'United States of America', 'English', 'A small goat with big dreams gets a once-in-a-lifetime shot to join the pros and play roarball, a high-intensity, co-ed, full-contact sport dominated by the fastest, fiercest animals in the world.', 'https://image.tmdb.org/t/p/w500/wfuqMlaExcoYiUEvKfVpUTt1v4u.jpg', 'https://image.tmdb.org/t/p/original/tq3h43fZy0H80vzf47MAY7R9Mxo.jpg') ON CONFLICT (id) DO UPDATE SET title = EXCLUDED.title, release_year = EXCLUDED.release_year, duration_minutes = EXCLUDED.duration_minutes, country = EXCLUDED.country, language = EXCLUDED.language, synopsis = EXCLUDED.synopsis, poster_image_url = EXCLUDED.poster_image_url, backdrop_image_url = EXCLUDED.backdrop_image_url;
INSERT INTO movie_directors (movie_id, director) VALUES (1297842, 'Tyree Dillihay');
INSERT INTO movie_cast_members (movie_id, cast_member) VALUES (1297842, 'Caleb McLaughlin');
INSERT INTO movie_cast_members (movie_id, cast_member) VALUES (1297842, 'Gabrielle Union');
INSERT INTO movie_cast_members (movie_id, cast_member) VALUES (1297842, 'Stephen Curry');
INSERT INTO movie_cast_members (movie_id, cast_member) VALUES (1297842, 'Aaron Pierre');
INSERT INTO movie_cast_members (movie_id, cast_member) VALUES (1297842, 'Nicola Coughlan');
INSERT INTO movie_genres (movie_id, genre) VALUES (1297842, 'Animation');
INSERT INTO movie_genres (movie_id, genre) VALUES (1297842, 'Comedy');
INSERT INTO movie_genres (movie_id, genre) VALUES (1297842, 'Family');
INSERT INTO movie_image_urls (movie_id, image_url) VALUES (1297842, 'https://image.tmdb.org/t/p/original/ucDMmWAYOiBhd6cZCDWVK9DIIQ4.jpg');
INSERT INTO movie_image_urls (movie_id, image_url) VALUES (1297842, 'https://image.tmdb.org/t/p/original/6aAsTVPSsqyD2bqYfAnOdG9g4rF.jpg');
INSERT INTO movie_image_urls (movie_id, image_url) VALUES (1297842, 'https://image.tmdb.org/t/p/original/vcM0CWnMGdOo6ty1iyt7zE1jtd6.jpg');
INSERT INTO movie_image_urls (movie_id, image_url) VALUES (1297842, 'https://image.tmdb.org/t/p/original/kEr4SY8y4ZS8drASBLzLGbQ0Zkm.jpg');

INSERT INTO movies (id, title, release_year, duration_minutes, country, language, synopsis, poster_image_url, backdrop_image_url) VALUES (1226863, 'The Super Mario Galaxy Movie', 2026, 98, 'Japan', 'English', 'Having thwarted Bowser''s previous plot to marry Princess Peach, Mario and Luigi now face a fresh threat in Bowser Jr., who is determined to liberate his father from captivity and restore the family legacy. Alongside companions new and old, the brothers travel across the stars to stop the young heir''s crusade.', 'https://image.tmdb.org/t/p/w500/eJGWx219ZcEMVQJhAgMiqo8tYY.jpg', 'https://image.tmdb.org/t/p/original/kxQiIJ4gVcD3K6o14MJ72p5yRcE.jpg') ON CONFLICT (id) DO UPDATE SET title = EXCLUDED.title, release_year = EXCLUDED.release_year, duration_minutes = EXCLUDED.duration_minutes, country = EXCLUDED.country, language = EXCLUDED.language, synopsis = EXCLUDED.synopsis, poster_image_url = EXCLUDED.poster_image_url, backdrop_image_url = EXCLUDED.backdrop_image_url;
INSERT INTO movie_directors (movie_id, director) VALUES (1226863, 'Aaron Horvath');
INSERT INTO movie_directors (movie_id, director) VALUES (1226863, 'Michael Jelenic');
INSERT INTO movie_cast_members (movie_id, cast_member) VALUES (1226863, 'Chris Pratt');
INSERT INTO movie_cast_members (movie_id, cast_member) VALUES (1226863, 'Charlie Day');
INSERT INTO movie_cast_members (movie_id, cast_member) VALUES (1226863, 'Anya Taylor-Joy');
INSERT INTO movie_cast_members (movie_id, cast_member) VALUES (1226863, 'Jack Black');
INSERT INTO movie_cast_members (movie_id, cast_member) VALUES (1226863, 'Keegan-Michael Key');
INSERT INTO movie_genres (movie_id, genre) VALUES (1226863, 'Family');
INSERT INTO movie_genres (movie_id, genre) VALUES (1226863, 'Comedy');
INSERT INTO movie_genres (movie_id, genre) VALUES (1226863, 'Adventure');
INSERT INTO movie_genres (movie_id, genre) VALUES (1226863, 'Fantasy');
INSERT INTO movie_genres (movie_id, genre) VALUES (1226863, 'Animation');
INSERT INTO movie_image_urls (movie_id, image_url) VALUES (1226863, 'https://image.tmdb.org/t/p/original/9Z2uDYXqJrlmePznQQJhL6d92Rq.jpg');
INSERT INTO movie_image_urls (movie_id, image_url) VALUES (1226863, 'https://image.tmdb.org/t/p/original/xTd74mchq96pqfdlgmKDMQx12gv.jpg');
INSERT INTO movie_image_urls (movie_id, image_url) VALUES (1226863, 'https://image.tmdb.org/t/p/original/pT8IMXnuJ17NzbQlBSIW2mn5JJO.jpg');
INSERT INTO movie_image_urls (movie_id, image_url) VALUES (1226863, 'https://image.tmdb.org/t/p/original/m33dIcuCsuJiHZkiiArv41oXuWX.jpg');

INSERT INTO movies (id, title, release_year, duration_minutes, country, language, synopsis, poster_image_url, backdrop_image_url) VALUES (1641319, 'Sniper: No Nation', 2026, 96, 'United States of America', 'English', 'Brandon Beckett and Agent Zero lead a rescue mission in Venezuela when their friends are taken hostage.', 'https://image.tmdb.org/t/p/w500/wlimwHMelt9PRdgFhS5bWJWPrjr.jpg', 'https://image.tmdb.org/t/p/original/9mgKDddLVQouKpXcb4ul1tUwUO9.jpg') ON CONFLICT (id) DO UPDATE SET title = EXCLUDED.title, release_year = EXCLUDED.release_year, duration_minutes = EXCLUDED.duration_minutes, country = EXCLUDED.country, language = EXCLUDED.language, synopsis = EXCLUDED.synopsis, poster_image_url = EXCLUDED.poster_image_url, backdrop_image_url = EXCLUDED.backdrop_image_url;
INSERT INTO movie_directors (movie_id, director) VALUES (1641319, 'Trevor Calverley');
INSERT INTO movie_cast_members (movie_id, cast_member) VALUES (1641319, 'Chad Michael Collins');
INSERT INTO movie_cast_members (movie_id, cast_member) VALUES (1641319, 'Ryan Robbins');
INSERT INTO movie_cast_members (movie_id, cast_member) VALUES (1641319, 'Manuel Rodriguez-Saenz');
INSERT INTO movie_cast_members (movie_id, cast_member) VALUES (1641319, 'Josh Brener');
INSERT INTO movie_cast_members (movie_id, cast_member) VALUES (1641319, 'Tom Berenger');
INSERT INTO movie_genres (movie_id, genre) VALUES (1641319, 'Action');
INSERT INTO movie_genres (movie_id, genre) VALUES (1641319, 'Thriller');
INSERT INTO movie_image_urls (movie_id, image_url) VALUES (1641319, 'https://image.tmdb.org/t/p/original/4Wot2DQKdDUpZsjtvtVApBz5Hv1.jpg');
INSERT INTO movie_image_urls (movie_id, image_url) VALUES (1641319, 'https://image.tmdb.org/t/p/original/q8SJVDewYCG8ol9pe5mbK0qCeyS.jpg');
INSERT INTO movie_image_urls (movie_id, image_url) VALUES (1641319, 'https://image.tmdb.org/t/p/original/7lizs4SuEU2ihkkAa0SZ66NtHbl.jpg');

INSERT INTO movies (id, title, release_year, duration_minutes, country, language, synopsis, poster_image_url, backdrop_image_url) VALUES (1265609, 'War Machine', 2026, 110, 'Australia', 'English', 'On one last grueling mission during Army Ranger training, a combat engineer must lead his unit in a fight against a giant otherworldly killing machine.', 'https://image.tmdb.org/t/p/w500/tlPgDzwIE7VYYIIAGCTUOnN4wI1.jpg', 'https://image.tmdb.org/t/p/original/6yeVcxFR0j08vlv2OlL6zbewm4D.jpg') ON CONFLICT (id) DO UPDATE SET title = EXCLUDED.title, release_year = EXCLUDED.release_year, duration_minutes = EXCLUDED.duration_minutes, country = EXCLUDED.country, language = EXCLUDED.language, synopsis = EXCLUDED.synopsis, poster_image_url = EXCLUDED.poster_image_url, backdrop_image_url = EXCLUDED.backdrop_image_url;
INSERT INTO movie_directors (movie_id, director) VALUES (1265609, 'Patrick Hughes');
INSERT INTO movie_cast_members (movie_id, cast_member) VALUES (1265609, 'Alan Ritchson');
INSERT INTO movie_cast_members (movie_id, cast_member) VALUES (1265609, 'Dennis Quaid');
INSERT INTO movie_cast_members (movie_id, cast_member) VALUES (1265609, 'Stephan James');
INSERT INTO movie_cast_members (movie_id, cast_member) VALUES (1265609, 'Jai Courtney');
INSERT INTO movie_cast_members (movie_id, cast_member) VALUES (1265609, 'Esai Morales');
INSERT INTO movie_genres (movie_id, genre) VALUES (1265609, 'Action');
INSERT INTO movie_genres (movie_id, genre) VALUES (1265609, 'Science Fiction');
INSERT INTO movie_genres (movie_id, genre) VALUES (1265609, 'Thriller');
INSERT INTO movie_image_urls (movie_id, image_url) VALUES (1265609, 'https://image.tmdb.org/t/p/original/jO3UipBfhiMDHd79ijCFRgLlihg.jpg');
INSERT INTO movie_image_urls (movie_id, image_url) VALUES (1265609, 'https://image.tmdb.org/t/p/original/nJomYcvDBXXfJpJGRXwlbx7hdr1.jpg');
INSERT INTO movie_image_urls (movie_id, image_url) VALUES (1265609, 'https://image.tmdb.org/t/p/original/fW9NPzAgsnGxcsvUdAiPJSDgykQ.jpg');
INSERT INTO movie_image_urls (movie_id, image_url) VALUES (1265609, 'https://image.tmdb.org/t/p/original/UaPBEvOJs9b2D2XYVTrHg0ti3F.jpg');

INSERT INTO movies (id, title, release_year, duration_minutes, country, language, synopsis, poster_image_url, backdrop_image_url) VALUES (1159831, 'The Bride!', 2026, 127, 'United States of America', 'English', 'A lonely Frankenstein travels to 1930s Chicago to ask groundbreaking scientist Dr. Euphronious to create a companion for him. The two revive a murdered young woman and The Bride is born. But what ensues is beyond what either of them imagined.', 'https://image.tmdb.org/t/p/w500/lV8YHwGkYZsm6EfIqnhaSz2avKt.jpg', 'https://image.tmdb.org/t/p/original/l8rKKMU2M9dDULO9CEtDNdWAEUJ.jpg') ON CONFLICT (id) DO UPDATE SET title = EXCLUDED.title, release_year = EXCLUDED.release_year, duration_minutes = EXCLUDED.duration_minutes, country = EXCLUDED.country, language = EXCLUDED.language, synopsis = EXCLUDED.synopsis, poster_image_url = EXCLUDED.poster_image_url, backdrop_image_url = EXCLUDED.backdrop_image_url;
INSERT INTO movie_directors (movie_id, director) VALUES (1159831, 'Maggie Gyllenhaal');
INSERT INTO movie_cast_members (movie_id, cast_member) VALUES (1159831, 'Jessie Buckley');
INSERT INTO movie_cast_members (movie_id, cast_member) VALUES (1159831, 'Christian Bale');
INSERT INTO movie_cast_members (movie_id, cast_member) VALUES (1159831, 'Peter Sarsgaard');
INSERT INTO movie_cast_members (movie_id, cast_member) VALUES (1159831, 'John Magaro');
INSERT INTO movie_cast_members (movie_id, cast_member) VALUES (1159831, 'Jeannie Berlin');
INSERT INTO movie_genres (movie_id, genre) VALUES (1159831, 'Science Fiction');
INSERT INTO movie_genres (movie_id, genre) VALUES (1159831, 'Horror');
INSERT INTO movie_genres (movie_id, genre) VALUES (1159831, 'Fantasy');
INSERT INTO movie_image_urls (movie_id, image_url) VALUES (1159831, 'https://image.tmdb.org/t/p/original/5hH7QiEPOiz7aGa4eJce74kZkO1.jpg');
INSERT INTO movie_image_urls (movie_id, image_url) VALUES (1159831, 'https://image.tmdb.org/t/p/original/3cxbEKy1wAa7co8WMy8kQyzzzee.jpg');
INSERT INTO movie_image_urls (movie_id, image_url) VALUES (1159831, 'https://image.tmdb.org/t/p/original/uXgWbwxmCW6XZ3ylRThk9Sqhwwq.jpg');
INSERT INTO movie_image_urls (movie_id, image_url) VALUES (1159831, 'https://image.tmdb.org/t/p/original/ipsC70L6wwkXUg6JgCKBCqRsHIT.jpg');

INSERT INTO movies (id, title, release_year, duration_minutes, country, language, synopsis, poster_image_url, backdrop_image_url) VALUES (1084187, 'Pretty Lethal', 2026, 89, 'United States of America', 'English', 'A troupe of ballerinas find themselves fighting for survival as they attempt to escape from a remote inn after their bus breaks down on the way to a dance competition.', 'https://image.tmdb.org/t/p/w500/znTPnXCK3lEQJgqXCvP7e5FUz6f.jpg', 'https://image.tmdb.org/t/p/original/z3bzhmC0CPikWeerUkLO73YvGrC.jpg') ON CONFLICT (id) DO UPDATE SET title = EXCLUDED.title, release_year = EXCLUDED.release_year, duration_minutes = EXCLUDED.duration_minutes, country = EXCLUDED.country, language = EXCLUDED.language, synopsis = EXCLUDED.synopsis, poster_image_url = EXCLUDED.poster_image_url, backdrop_image_url = EXCLUDED.backdrop_image_url;
INSERT INTO movie_directors (movie_id, director) VALUES (1084187, 'Vicky Jewson');
INSERT INTO movie_cast_members (movie_id, cast_member) VALUES (1084187, 'Maddie Ziegler');
INSERT INTO movie_cast_members (movie_id, cast_member) VALUES (1084187, 'Lana Condor');
INSERT INTO movie_cast_members (movie_id, cast_member) VALUES (1084187, 'Iris Apatow');
INSERT INTO movie_cast_members (movie_id, cast_member) VALUES (1084187, 'Millicent Simmonds');
INSERT INTO movie_cast_members (movie_id, cast_member) VALUES (1084187, 'Avantika');
INSERT INTO movie_genres (movie_id, genre) VALUES (1084187, 'Music');
INSERT INTO movie_genres (movie_id, genre) VALUES (1084187, 'Thriller');
INSERT INTO movie_genres (movie_id, genre) VALUES (1084187, 'Action');
INSERT INTO movie_genres (movie_id, genre) VALUES (1084187, 'Horror');
INSERT INTO movie_image_urls (movie_id, image_url) VALUES (1084187, 'https://image.tmdb.org/t/p/original/6GuqUJ33BnWDAoVPZP55gDr5G55.jpg');
INSERT INTO movie_image_urls (movie_id, image_url) VALUES (1084187, 'https://image.tmdb.org/t/p/original/1xS3FiRHs8EcIrv9P7gOpgQYAUz.jpg');
INSERT INTO movie_image_urls (movie_id, image_url) VALUES (1084187, 'https://image.tmdb.org/t/p/original/9MzGxIrijDNHIHWoiwJWlfbqzE8.jpg');
INSERT INTO movie_image_urls (movie_id, image_url) VALUES (1084187, 'https://image.tmdb.org/t/p/original/gCc96aqp9frBqzoaswlN6tLvFiH.jpg');

INSERT INTO movies (id, title, release_year, duration_minutes, country, language, synopsis, poster_image_url, backdrop_image_url) VALUES (1268127, 'Humint', 2026, 120, 'South Korea', 'English', 'A South Korean agent hunts a drug ring in Russia and goes head-to-head with a North Korean operative — pulling both into peril and tangled secrets.', 'https://image.tmdb.org/t/p/w500/82bX2GK4PhaJQtfkTnfmd2P7erG.jpg', 'https://image.tmdb.org/t/p/original/5KFThZkdBEQkp9gPWWWNb5CI5yD.jpg') ON CONFLICT (id) DO UPDATE SET title = EXCLUDED.title, release_year = EXCLUDED.release_year, duration_minutes = EXCLUDED.duration_minutes, country = EXCLUDED.country, language = EXCLUDED.language, synopsis = EXCLUDED.synopsis, poster_image_url = EXCLUDED.poster_image_url, backdrop_image_url = EXCLUDED.backdrop_image_url;
INSERT INTO movie_directors (movie_id, director) VALUES (1268127, 'Ryoo Seung-wan');
INSERT INTO movie_cast_members (movie_id, cast_member) VALUES (1268127, 'Zo In-sung');
INSERT INTO movie_cast_members (movie_id, cast_member) VALUES (1268127, 'Park Jeong-min');
INSERT INTO movie_cast_members (movie_id, cast_member) VALUES (1268127, 'Park Hae-joon');
INSERT INTO movie_cast_members (movie_id, cast_member) VALUES (1268127, 'Shin Sae-kyeong');
INSERT INTO movie_cast_members (movie_id, cast_member) VALUES (1268127, 'Robert Maaser');
INSERT INTO movie_genres (movie_id, genre) VALUES (1268127, 'Thriller');
INSERT INTO movie_genres (movie_id, genre) VALUES (1268127, 'Action');
INSERT INTO movie_genres (movie_id, genre) VALUES (1268127, 'Drama');
INSERT INTO movie_image_urls (movie_id, image_url) VALUES (1268127, 'https://image.tmdb.org/t/p/original/4Y45z7PQY3H7gsWFjx13GM4d1x1.jpg');
INSERT INTO movie_image_urls (movie_id, image_url) VALUES (1268127, 'https://image.tmdb.org/t/p/original/lYAuRi6hJqG6krpEsIeZXk90nwh.jpg');
INSERT INTO movie_image_urls (movie_id, image_url) VALUES (1268127, 'https://image.tmdb.org/t/p/original/a7oKOj0qYaaQsy6LxOYWo4Jpt4B.jpg');
INSERT INTO movie_image_urls (movie_id, image_url) VALUES (1268127, 'https://image.tmdb.org/t/p/original/hToraImyA9a1YLlNdTFwkFi96Mu.jpg');

INSERT INTO movies (id, title, release_year, duration_minutes, country, language, synopsis, poster_image_url, backdrop_image_url) VALUES (662707, 'Starbright', 2026, 148, 'United States of America', 'English', 'A young woman becomes the guardian of a fallen star, which she must protect from dangerous forces with the help of a brave stranger.', 'https://image.tmdb.org/t/p/w500/m1Zl07DNYeSyNcz9hf8hDsS2oB5.jpg', 'https://image.tmdb.org/t/p/original/tZiRd4IpoNiaoLXr2o2YfhTMjE2.jpg') ON CONFLICT (id) DO UPDATE SET title = EXCLUDED.title, release_year = EXCLUDED.release_year, duration_minutes = EXCLUDED.duration_minutes, country = EXCLUDED.country, language = EXCLUDED.language, synopsis = EXCLUDED.synopsis, poster_image_url = EXCLUDED.poster_image_url, backdrop_image_url = EXCLUDED.backdrop_image_url;
INSERT INTO movie_directors (movie_id, director) VALUES (662707, 'Francesco Lucente');
INSERT INTO movie_cast_members (movie_id, cast_member) VALUES (662707, 'John Rhys-Davies');
INSERT INTO movie_cast_members (movie_id, cast_member) VALUES (662707, 'Ted Levine');
INSERT INTO movie_cast_members (movie_id, cast_member) VALUES (662707, 'Elisabeth Röhm');
INSERT INTO movie_cast_members (movie_id, cast_member) VALUES (662707, 'Diego Boneta');
INSERT INTO movie_cast_members (movie_id, cast_member) VALUES (662707, 'Alexandra Dowling');
INSERT INTO movie_genres (movie_id, genre) VALUES (662707, 'Adventure');
INSERT INTO movie_genres (movie_id, genre) VALUES (662707, 'Action');
INSERT INTO movie_image_urls (movie_id, image_url) VALUES (662707, 'https://image.tmdb.org/t/p/original/x0yuwBAKdDcjMxnv0vxG06sNw4K.jpg');

INSERT INTO movies (id, title, release_year, duration_minutes, country, language, synopsis, poster_image_url, backdrop_image_url) VALUES (1159559, 'Scream 7', 2026, 114, 'United States of America', 'English', 'When a new Ghostface killer emerges in the quiet town where Sidney Prescott has built a new life, her darkest fears are realized as her daughter becomes the next target. Determined to protect her family, Sidney must face the horrors of her past to put an end to the bloodshed once and for all.', 'https://image.tmdb.org/t/p/w500/jjyuk0edLiW8vOSnlfwWCCLpbh5.jpg', 'https://image.tmdb.org/t/p/original/hz7TdCrpLLt2Dz7S3PS2HG9rpAO.jpg') ON CONFLICT (id) DO UPDATE SET title = EXCLUDED.title, release_year = EXCLUDED.release_year, duration_minutes = EXCLUDED.duration_minutes, country = EXCLUDED.country, language = EXCLUDED.language, synopsis = EXCLUDED.synopsis, poster_image_url = EXCLUDED.poster_image_url, backdrop_image_url = EXCLUDED.backdrop_image_url;
INSERT INTO movie_directors (movie_id, director) VALUES (1159559, 'Kevin Williamson');
INSERT INTO movie_cast_members (movie_id, cast_member) VALUES (1159559, 'Neve Campbell');
INSERT INTO movie_cast_members (movie_id, cast_member) VALUES (1159559, 'Courteney Cox');
INSERT INTO movie_cast_members (movie_id, cast_member) VALUES (1159559, 'Isabel May');
INSERT INTO movie_cast_members (movie_id, cast_member) VALUES (1159559, 'Jasmin Savoy Brown');
INSERT INTO movie_cast_members (movie_id, cast_member) VALUES (1159559, 'Mason Gooding');
INSERT INTO movie_genres (movie_id, genre) VALUES (1159559, 'Horror');
INSERT INTO movie_genres (movie_id, genre) VALUES (1159559, 'Mystery');
INSERT INTO movie_genres (movie_id, genre) VALUES (1159559, 'Crime');
INSERT INTO movie_image_urls (movie_id, image_url) VALUES (1159559, 'https://image.tmdb.org/t/p/original/6Gguj3y7mropdvCag7bB6ZZAfHi.jpg');
INSERT INTO movie_image_urls (movie_id, image_url) VALUES (1159559, 'https://image.tmdb.org/t/p/original/yWCZc2TcsCYbMMjvUIsczmQi2TX.jpg');
INSERT INTO movie_image_urls (movie_id, image_url) VALUES (1159559, 'https://image.tmdb.org/t/p/original/nrNw1YMnKakUxzp8vjHnPmahoic.jpg');
INSERT INTO movie_image_urls (movie_id, image_url) VALUES (1159559, 'https://image.tmdb.org/t/p/original/3eUyLEF5M0ky3h6KJsWiWzaakB8.jpg');

INSERT INTO movies (id, title, release_year, duration_minutes, country, language, synopsis, poster_image_url, backdrop_image_url) VALUES (1470130, 'The Mortuary Assistant', 2026, 91, 'United States of America', 'English', 'Rebecca Owens, a recent mortuary science graduate takes a night shift job at River Fields Mortuary. Initially, the job seems straightforward — embalming bodies, completing paperwork, and keeping things tidy. But once Rebecca starts working the night shift, things take a dark turn.', 'https://image.tmdb.org/t/p/w500/72AoFPC5TY4DfJwXXS9rPwPeReD.jpg', 'https://image.tmdb.org/t/p/original/gM1kQRPwOVW1Eos5tVWqcYmHR5S.jpg') ON CONFLICT (id) DO UPDATE SET title = EXCLUDED.title, release_year = EXCLUDED.release_year, duration_minutes = EXCLUDED.duration_minutes, country = EXCLUDED.country, language = EXCLUDED.language, synopsis = EXCLUDED.synopsis, poster_image_url = EXCLUDED.poster_image_url, backdrop_image_url = EXCLUDED.backdrop_image_url;
INSERT INTO movie_directors (movie_id, director) VALUES (1470130, 'Jeremiah Kipp');
INSERT INTO movie_cast_members (movie_id, cast_member) VALUES (1470130, 'Willa Holland');
INSERT INTO movie_cast_members (movie_id, cast_member) VALUES (1470130, 'Paul Sparks');
INSERT INTO movie_cast_members (movie_id, cast_member) VALUES (1470130, 'John Adams');
INSERT INTO movie_cast_members (movie_id, cast_member) VALUES (1470130, 'Mark Steger');
INSERT INTO movie_cast_members (movie_id, cast_member) VALUES (1470130, 'Shelly Gibson');
INSERT INTO movie_genres (movie_id, genre) VALUES (1470130, 'Horror');
INSERT INTO movie_genres (movie_id, genre) VALUES (1470130, 'Mystery');
INSERT INTO movie_image_urls (movie_id, image_url) VALUES (1470130, 'https://image.tmdb.org/t/p/original/fxFMm8AiJneAU5v2gRNEhbcA9WH.jpg');
INSERT INTO movie_image_urls (movie_id, image_url) VALUES (1470130, 'https://image.tmdb.org/t/p/original/nVwfrUSAR1fMerxvlxj1oc4XNtR.jpg');
INSERT INTO movie_image_urls (movie_id, image_url) VALUES (1470130, 'https://image.tmdb.org/t/p/original/4ez96orCYhqpeNkRLhmaxXdlM34.jpg');
INSERT INTO movie_image_urls (movie_id, image_url) VALUES (1470130, 'https://image.tmdb.org/t/p/original/pATv9QKvaoww1BxmC9zJIjA1fLF.jpg');

INSERT INTO movies (id, title, release_year, duration_minutes, country, language, synopsis, poster_image_url, backdrop_image_url) VALUES (615, 'The Passion of the Christ', 2004, 127, 'United States of America', 'Hebrew', 'A graphic portrayal of the last twelve hours of Jesus of Nazareth''s life.', 'https://image.tmdb.org/t/p/w500/rBM5o2HpmCfDejuIPybI09tkY3V.jpg', 'https://image.tmdb.org/t/p/original/4840rkbpsiuow5ew155oVKcqJwj.jpg') ON CONFLICT (id) DO UPDATE SET title = EXCLUDED.title, release_year = EXCLUDED.release_year, duration_minutes = EXCLUDED.duration_minutes, country = EXCLUDED.country, language = EXCLUDED.language, synopsis = EXCLUDED.synopsis, poster_image_url = EXCLUDED.poster_image_url, backdrop_image_url = EXCLUDED.backdrop_image_url;
INSERT INTO movie_directors (movie_id, director) VALUES (615, 'Mel Gibson');
INSERT INTO movie_cast_members (movie_id, cast_member) VALUES (615, 'Jim Caviezel');
INSERT INTO movie_cast_members (movie_id, cast_member) VALUES (615, 'Maia Morgenstern');
INSERT INTO movie_cast_members (movie_id, cast_member) VALUES (615, 'Christo Jivkov');
INSERT INTO movie_cast_members (movie_id, cast_member) VALUES (615, 'Francesco De Vito');
INSERT INTO movie_cast_members (movie_id, cast_member) VALUES (615, 'Monica Bellucci');
INSERT INTO movie_genres (movie_id, genre) VALUES (615, 'Drama');
INSERT INTO movie_image_urls (movie_id, image_url) VALUES (615, 'https://image.tmdb.org/t/p/original/pulJ1iY7GVeppMRipiR7ZGDW7EW.jpg');
INSERT INTO movie_image_urls (movie_id, image_url) VALUES (615, 'https://image.tmdb.org/t/p/original/pE3dLJJ55Y2eiO5s7wYe9J3qS63.jpg');
INSERT INTO movie_image_urls (movie_id, image_url) VALUES (615, 'https://image.tmdb.org/t/p/original/7z4gDjetNQ3OJwBZ6iyf6gAARiB.jpg');
INSERT INTO movie_image_urls (movie_id, image_url) VALUES (615, 'https://image.tmdb.org/t/p/original/hnfl4UYHJTgO5QM68RG0jZDuiFy.jpg');

INSERT INTO movies (id, title, release_year, duration_minutes, country, language, synopsis, poster_image_url, backdrop_image_url) VALUES (278, 'The Shawshank Redemption', 1994, 142, 'United States of America', 'English', 'Imprisoned in the 1940s for the double murder of his wife and her lover, upstanding banker Andy Dufresne begins a new life at the Shawshank prison, where he puts his accounting skills to work for an amoral warden. During his long stretch in prison, Dufresne comes to be admired by the other inmates -- including an older prisoner named Red -- for his integrity and unquenchable sense of hope.', 'https://image.tmdb.org/t/p/w500/9cqNxx0GxF0bflZmeSMuL5tnGzr.jpg', 'https://image.tmdb.org/t/p/original/zfbjgQE1uSd9wiPTX4VzsLi0rGG.jpg') ON CONFLICT (id) DO UPDATE SET title = EXCLUDED.title, release_year = EXCLUDED.release_year, duration_minutes = EXCLUDED.duration_minutes, country = EXCLUDED.country, language = EXCLUDED.language, synopsis = EXCLUDED.synopsis, poster_image_url = EXCLUDED.poster_image_url, backdrop_image_url = EXCLUDED.backdrop_image_url;
INSERT INTO movie_directors (movie_id, director) VALUES (278, 'Frank Darabont');
INSERT INTO movie_cast_members (movie_id, cast_member) VALUES (278, 'Tim Robbins');
INSERT INTO movie_cast_members (movie_id, cast_member) VALUES (278, 'Morgan Freeman');
INSERT INTO movie_cast_members (movie_id, cast_member) VALUES (278, 'Bob Gunton');
INSERT INTO movie_cast_members (movie_id, cast_member) VALUES (278, 'William Sadler');
INSERT INTO movie_cast_members (movie_id, cast_member) VALUES (278, 'Clancy Brown');
INSERT INTO movie_genres (movie_id, genre) VALUES (278, 'Drama');
INSERT INTO movie_genres (movie_id, genre) VALUES (278, 'Crime');
INSERT INTO movie_image_urls (movie_id, image_url) VALUES (278, 'https://image.tmdb.org/t/p/original/kXfqcdQKsToO0OUXHcrrNCHDBzO.jpg');
INSERT INTO movie_image_urls (movie_id, image_url) VALUES (278, 'https://image.tmdb.org/t/p/original/pNjh59JSxChQktamG3LMp9ZoQzp.jpg');
INSERT INTO movie_image_urls (movie_id, image_url) VALUES (278, 'https://image.tmdb.org/t/p/original/v8xVDqt8uCul3c3mgx4VpGCwxJC.jpg');
INSERT INTO movie_image_urls (movie_id, image_url) VALUES (278, 'https://image.tmdb.org/t/p/original/avedvodAZUcwqevBfm8p4G2NziQ.jpg');

INSERT INTO movies (id, title, release_year, duration_minutes, country, language, synopsis, poster_image_url, backdrop_image_url) VALUES (238, 'The Godfather', 1972, 175, 'United States of America', 'English', 'Spanning the years 1945 to 1955, a chronicle of the fictional Italian-American Corleone crime family. When organized crime family patriarch, Vito Corleone barely survives an attempt on his life, his youngest son, Michael steps in to take care of the would-be killers, launching a campaign of bloody revenge.', 'https://image.tmdb.org/t/p/w500/3bhkrj58Vtu7enYsRolD1fZdja1.jpg', 'https://image.tmdb.org/t/p/original/tSPT36ZKlP2WVHJLM4cQPLSzv3b.jpg') ON CONFLICT (id) DO UPDATE SET title = EXCLUDED.title, release_year = EXCLUDED.release_year, duration_minutes = EXCLUDED.duration_minutes, country = EXCLUDED.country, language = EXCLUDED.language, synopsis = EXCLUDED.synopsis, poster_image_url = EXCLUDED.poster_image_url, backdrop_image_url = EXCLUDED.backdrop_image_url;
INSERT INTO movie_directors (movie_id, director) VALUES (238, 'Francis Ford Coppola');
INSERT INTO movie_cast_members (movie_id, cast_member) VALUES (238, 'Marlon Brando');
INSERT INTO movie_cast_members (movie_id, cast_member) VALUES (238, 'Al Pacino');
INSERT INTO movie_cast_members (movie_id, cast_member) VALUES (238, 'James Caan');
INSERT INTO movie_cast_members (movie_id, cast_member) VALUES (238, 'Robert Duvall');
INSERT INTO movie_cast_members (movie_id, cast_member) VALUES (238, 'Richard S. Castellano');
INSERT INTO movie_genres (movie_id, genre) VALUES (238, 'Drama');
INSERT INTO movie_genres (movie_id, genre) VALUES (238, 'Crime');
INSERT INTO movie_image_urls (movie_id, image_url) VALUES (238, 'https://image.tmdb.org/t/p/original/AbgEQO2mneCSOc8CSnOMa8pBS8I.jpg');
INSERT INTO movie_image_urls (movie_id, image_url) VALUES (238, 'https://image.tmdb.org/t/p/original/ejdD20cdHNFAYAN2DlqPToXKyzx.jpg');
INSERT INTO movie_image_urls (movie_id, image_url) VALUES (238, 'https://image.tmdb.org/t/p/original/tmU7GeKVybMWFButWEGl2M4GeiP.jpg');
INSERT INTO movie_image_urls (movie_id, image_url) VALUES (238, 'https://image.tmdb.org/t/p/original/39rtAdg3yx6IDxRg0ZLXefv0aPY.jpg');

INSERT INTO movies (id, title, release_year, duration_minutes, country, language, synopsis, poster_image_url, backdrop_image_url) VALUES (240, 'The Godfather Part II', 1974, 202, 'United States of America', 'English', 'In the continuing saga of the Corleone crime family, a young Vito Corleone grows up in Sicily and in 1910s New York. In the 1950s, Michael Corleone attempts to expand the family business into Las Vegas, Hollywood and Cuba.', 'https://image.tmdb.org/t/p/w500/hek3koDUyRQk7FIhPXsa6mT2Zc3.jpg', 'https://image.tmdb.org/t/p/original/kGzFbGhp99zva6oZODW5atUtnqi.jpg') ON CONFLICT (id) DO UPDATE SET title = EXCLUDED.title, release_year = EXCLUDED.release_year, duration_minutes = EXCLUDED.duration_minutes, country = EXCLUDED.country, language = EXCLUDED.language, synopsis = EXCLUDED.synopsis, poster_image_url = EXCLUDED.poster_image_url, backdrop_image_url = EXCLUDED.backdrop_image_url;
INSERT INTO movie_directors (movie_id, director) VALUES (240, 'Francis Ford Coppola');
INSERT INTO movie_cast_members (movie_id, cast_member) VALUES (240, 'Al Pacino');
INSERT INTO movie_cast_members (movie_id, cast_member) VALUES (240, 'Robert Duvall');
INSERT INTO movie_cast_members (movie_id, cast_member) VALUES (240, 'Diane Keaton');
INSERT INTO movie_cast_members (movie_id, cast_member) VALUES (240, 'Robert De Niro');
INSERT INTO movie_cast_members (movie_id, cast_member) VALUES (240, 'John Cazale');
INSERT INTO movie_genres (movie_id, genre) VALUES (240, 'Drama');
INSERT INTO movie_genres (movie_id, genre) VALUES (240, 'Crime');
INSERT INTO movie_image_urls (movie_id, image_url) VALUES (240, 'https://image.tmdb.org/t/p/original/oo4PVK6AyLZN49BokxDFGyclN86.jpg');
INSERT INTO movie_image_urls (movie_id, image_url) VALUES (240, 'https://image.tmdb.org/t/p/original/poec6RqOKY9iSiIUmfyfPfiLtvB.jpg');
INSERT INTO movie_image_urls (movie_id, image_url) VALUES (240, 'https://image.tmdb.org/t/p/original/3ggZWEoa2aegF6AYyjyNRm8noM5.jpg');
INSERT INTO movie_image_urls (movie_id, image_url) VALUES (240, 'https://image.tmdb.org/t/p/original/uG0JWCEwQnyQA4yGjGrTYvLfu7L.jpg');

INSERT INTO movies (id, title, release_year, duration_minutes, country, language, synopsis, poster_image_url, backdrop_image_url) VALUES (424, 'Schindler''s List', 1993, 195, 'United States of America', 'German', 'The true story of how businessman Oskar Schindler saved over a thousand Jewish lives from the Nazis while they worked as slaves in his factory during World War II.', 'https://image.tmdb.org/t/p/w500/sF1U4EUQS8YHUYjNl3pMGNIQyr0.jpg', 'https://image.tmdb.org/t/p/original/zb6fM1CX41D9rF9hdgclu0peUmy.jpg') ON CONFLICT (id) DO UPDATE SET title = EXCLUDED.title, release_year = EXCLUDED.release_year, duration_minutes = EXCLUDED.duration_minutes, country = EXCLUDED.country, language = EXCLUDED.language, synopsis = EXCLUDED.synopsis, poster_image_url = EXCLUDED.poster_image_url, backdrop_image_url = EXCLUDED.backdrop_image_url;
INSERT INTO movie_directors (movie_id, director) VALUES (424, 'Steven Spielberg');
INSERT INTO movie_cast_members (movie_id, cast_member) VALUES (424, 'Liam Neeson');
INSERT INTO movie_cast_members (movie_id, cast_member) VALUES (424, 'Ben Kingsley');
INSERT INTO movie_cast_members (movie_id, cast_member) VALUES (424, 'Ralph Fiennes');
INSERT INTO movie_cast_members (movie_id, cast_member) VALUES (424, 'Caroline Goodall');
INSERT INTO movie_cast_members (movie_id, cast_member) VALUES (424, 'Jonathan Sagall');
INSERT INTO movie_genres (movie_id, genre) VALUES (424, 'Drama');
INSERT INTO movie_genres (movie_id, genre) VALUES (424, 'History');
INSERT INTO movie_genres (movie_id, genre) VALUES (424, 'War');
INSERT INTO movie_image_urls (movie_id, image_url) VALUES (424, 'https://image.tmdb.org/t/p/original/w2ezhZUk7ZJH9Mdk1Y6CTmaDRg5.jpg');
INSERT INTO movie_image_urls (movie_id, image_url) VALUES (424, 'https://image.tmdb.org/t/p/original/loRmRzQXZeqG78TqZuyvSlEQfZb.jpg');
INSERT INTO movie_image_urls (movie_id, image_url) VALUES (424, 'https://image.tmdb.org/t/p/original/zZtNb5DZ9QXTh3I4HXq9o9Phbs9.jpg');
INSERT INTO movie_image_urls (movie_id, image_url) VALUES (424, 'https://image.tmdb.org/t/p/original/gXvNfaetPlZt3PUPsBFcfZuoUFe.jpg');

INSERT INTO movies (id, title, release_year, duration_minutes, country, language, synopsis, poster_image_url, backdrop_image_url) VALUES (389, '12 Angry Men', 1957, 97, 'United States of America', 'English', 'The defense and the prosecution have rested and the jury is filing into the jury room to decide if a young Spanish-American is guilty or innocent of murdering his father. What begins as an open and shut case soon becomes a mini-drama of each of the jurors'' prejudices and preconceptions about the trial, the accused, and each other.', 'https://image.tmdb.org/t/p/w500/zhG3vKWyDRaZYoaww1UVAi29T9h.jpg', 'https://image.tmdb.org/t/p/original/w4bTBXcqXc2TUyS5Fc4h67uWbPn.jpg') ON CONFLICT (id) DO UPDATE SET title = EXCLUDED.title, release_year = EXCLUDED.release_year, duration_minutes = EXCLUDED.duration_minutes, country = EXCLUDED.country, language = EXCLUDED.language, synopsis = EXCLUDED.synopsis, poster_image_url = EXCLUDED.poster_image_url, backdrop_image_url = EXCLUDED.backdrop_image_url;
INSERT INTO movie_directors (movie_id, director) VALUES (389, 'Sidney Lumet');
INSERT INTO movie_cast_members (movie_id, cast_member) VALUES (389, 'Martin Balsam');
INSERT INTO movie_cast_members (movie_id, cast_member) VALUES (389, 'John Fiedler');
INSERT INTO movie_cast_members (movie_id, cast_member) VALUES (389, 'Lee J. Cobb');
INSERT INTO movie_cast_members (movie_id, cast_member) VALUES (389, 'E.G. Marshall');
INSERT INTO movie_cast_members (movie_id, cast_member) VALUES (389, 'Jack Klugman');
INSERT INTO movie_genres (movie_id, genre) VALUES (389, 'Drama');
INSERT INTO movie_image_urls (movie_id, image_url) VALUES (389, 'https://image.tmdb.org/t/p/original/3x1hh3VGugF4pvLURkLLOmb1rj5.jpg');
INSERT INTO movie_image_urls (movie_id, image_url) VALUES (389, 'https://image.tmdb.org/t/p/original/6396QiokQBiTgPgB16nUWxYdM7N.jpg');
INSERT INTO movie_image_urls (movie_id, image_url) VALUES (389, 'https://image.tmdb.org/t/p/original/qqHQsStV6exghCM7zbObuYBiYxw.jpg');
INSERT INTO movie_image_urls (movie_id, image_url) VALUES (389, 'https://image.tmdb.org/t/p/original/e2uXB2C4Rov55zCz7I2S0HaqeA1.jpg');

INSERT INTO movies (id, title, release_year, duration_minutes, country, language, synopsis, poster_image_url, backdrop_image_url) VALUES (1181678, '¿Quieres ser mi hijo?', 2023, 100, 'United States of America', 'Spanish', 'Lu, a conformist woman in her forties, learns that her 15-year partner has been having extramarital affairs. Starting from scratch, she gets involved in an unexpected relationship with a young womanizer.', 'https://image.tmdb.org/t/p/w500/9GuvODahvuFqdhuZ16aBLR4UJoP.jpg', 'https://image.tmdb.org/t/p/original/xyWKrni8WrYzqn7ztvI5nIY0h62.jpg') ON CONFLICT (id) DO UPDATE SET title = EXCLUDED.title, release_year = EXCLUDED.release_year, duration_minutes = EXCLUDED.duration_minutes, country = EXCLUDED.country, language = EXCLUDED.language, synopsis = EXCLUDED.synopsis, poster_image_url = EXCLUDED.poster_image_url, backdrop_image_url = EXCLUDED.backdrop_image_url;
INSERT INTO movie_directors (movie_id, director) VALUES (1181678, 'Ihtzi Hurtado');
INSERT INTO movie_cast_members (movie_id, cast_member) VALUES (1181678, 'Ludwika Paleta');
INSERT INTO movie_cast_members (movie_id, cast_member) VALUES (1181678, 'Juanpa Zurita');
INSERT INTO movie_cast_members (movie_id, cast_member) VALUES (1181678, 'Hernán Mendoza');
INSERT INTO movie_cast_members (movie_id, cast_member) VALUES (1181678, 'Harold Azuara');
INSERT INTO movie_cast_members (movie_id, cast_member) VALUES (1181678, 'Agustín Arana');
INSERT INTO movie_genres (movie_id, genre) VALUES (1181678, 'Comedy');
INSERT INTO movie_genres (movie_id, genre) VALUES (1181678, 'Romance');
INSERT INTO movie_image_urls (movie_id, image_url) VALUES (1181678, 'https://image.tmdb.org/t/p/original/tMH5OICumORytM9kpoo8S20KMDZ.jpg');
INSERT INTO movie_image_urls (movie_id, image_url) VALUES (1181678, 'https://image.tmdb.org/t/p/original/nZYiyQR2PpQYdLd3nX9enN9PzGg.jpg');
INSERT INTO movie_image_urls (movie_id, image_url) VALUES (1181678, 'https://image.tmdb.org/t/p/original/aOeCH3S9lb3v9oU8ykGBmJNcSkS.jpg');
INSERT INTO movie_image_urls (movie_id, image_url) VALUES (1181678, 'https://image.tmdb.org/t/p/original/xpDgu1RPgY2clOFYk3ggTYfwOAa.jpg');

INSERT INTO movies (id, title, release_year, duration_minutes, country, language, synopsis, poster_image_url, backdrop_image_url) VALUES (129, 'Spirited Away', 2001, 125, 'Japan', 'Japanese', 'A young girl, Chihiro, becomes trapped in a strange new world of spirits. When her parents undergo a mysterious transformation, she must call upon the courage she never knew she had to free her family.', 'https://image.tmdb.org/t/p/w500/39wmItIWsg5sZMyRUHLkWBcuVCM.jpg', 'https://image.tmdb.org/t/p/original/dyJvKsNs2KP8qQnAXbRwDjblViy.jpg') ON CONFLICT (id) DO UPDATE SET title = EXCLUDED.title, release_year = EXCLUDED.release_year, duration_minutes = EXCLUDED.duration_minutes, country = EXCLUDED.country, language = EXCLUDED.language, synopsis = EXCLUDED.synopsis, poster_image_url = EXCLUDED.poster_image_url, backdrop_image_url = EXCLUDED.backdrop_image_url;
INSERT INTO movie_directors (movie_id, director) VALUES (129, 'Hayao Miyazaki');
INSERT INTO movie_cast_members (movie_id, cast_member) VALUES (129, 'Rumi Hiiragi');
INSERT INTO movie_cast_members (movie_id, cast_member) VALUES (129, 'Miyu Irino');
INSERT INTO movie_cast_members (movie_id, cast_member) VALUES (129, 'Mari Natsuki');
INSERT INTO movie_cast_members (movie_id, cast_member) VALUES (129, 'Takashi Naito');
INSERT INTO movie_cast_members (movie_id, cast_member) VALUES (129, 'Yasuko Sawaguchi');
INSERT INTO movie_genres (movie_id, genre) VALUES (129, 'Animation');
INSERT INTO movie_genres (movie_id, genre) VALUES (129, 'Family');
INSERT INTO movie_genres (movie_id, genre) VALUES (129, 'Fantasy');
INSERT INTO movie_image_urls (movie_id, image_url) VALUES (129, 'https://image.tmdb.org/t/p/original/m4TUa2ciEWSlk37rOsjiSIvZDXE.jpg');
INSERT INTO movie_image_urls (movie_id, image_url) VALUES (129, 'https://image.tmdb.org/t/p/original/hXd2cgvvVh1EzSxuyNysiLErjVM.jpg');
INSERT INTO movie_image_urls (movie_id, image_url) VALUES (129, 'https://image.tmdb.org/t/p/original/bVggfCvAPnFalIctxgpaCRTF97z.jpg');
INSERT INTO movie_image_urls (movie_id, image_url) VALUES (129, 'https://image.tmdb.org/t/p/original/6oaL4DP75yABrd5EbC4H2zq5ghc.jpg');

INSERT INTO movies (id, title, release_year, duration_minutes, country, language, synopsis, poster_image_url, backdrop_image_url) VALUES (155, 'The Dark Knight', 2008, 152, 'United Kingdom', 'English', 'Batman raises the stakes in his war on crime. With the help of Lt. Jim Gordon and District Attorney Harvey Dent, Batman sets out to dismantle the remaining criminal organizations that plague the streets. The partnership proves to be effective, but they soon find themselves prey to a reign of chaos unleashed by a rising criminal mastermind known to the terrified citizens of Gotham as the Joker.', 'https://image.tmdb.org/t/p/w500/qJ2tW6WMUDux911r6m7haRef0WH.jpg', 'https://image.tmdb.org/t/p/original/cfT29Im5VDvjE0RpyKOSdCKZal7.jpg') ON CONFLICT (id) DO UPDATE SET title = EXCLUDED.title, release_year = EXCLUDED.release_year, duration_minutes = EXCLUDED.duration_minutes, country = EXCLUDED.country, language = EXCLUDED.language, synopsis = EXCLUDED.synopsis, poster_image_url = EXCLUDED.poster_image_url, backdrop_image_url = EXCLUDED.backdrop_image_url;
INSERT INTO movie_directors (movie_id, director) VALUES (155, 'Christopher Nolan');
INSERT INTO movie_cast_members (movie_id, cast_member) VALUES (155, 'Christian Bale');
INSERT INTO movie_cast_members (movie_id, cast_member) VALUES (155, 'Heath Ledger');
INSERT INTO movie_cast_members (movie_id, cast_member) VALUES (155, 'Aaron Eckhart');
INSERT INTO movie_cast_members (movie_id, cast_member) VALUES (155, 'Michael Caine');
INSERT INTO movie_cast_members (movie_id, cast_member) VALUES (155, 'Maggie Gyllenhaal');
INSERT INTO movie_genres (movie_id, genre) VALUES (155, 'Action');
INSERT INTO movie_genres (movie_id, genre) VALUES (155, 'Crime');
INSERT INTO movie_genres (movie_id, genre) VALUES (155, 'Thriller');
INSERT INTO movie_image_urls (movie_id, image_url) VALUES (155, 'https://image.tmdb.org/t/p/original/dqK9Hag1054tghRQSqLSfrkvQnA.jpg');
INSERT INTO movie_image_urls (movie_id, image_url) VALUES (155, 'https://image.tmdb.org/t/p/original/pbEkjhdfP7yuDcMB78YEZwgD4IN.jpg');
INSERT INTO movie_image_urls (movie_id, image_url) VALUES (155, 'https://image.tmdb.org/t/p/original/6fA9nie4ROlkyZAUlgKNjGNCbHG.jpg');
INSERT INTO movie_image_urls (movie_id, image_url) VALUES (155, 'https://image.tmdb.org/t/p/original/nMKdUUepR0i5zn0y1T4CsSB5chy.jpg');

INSERT INTO movies (id, title, release_year, duration_minutes, country, language, synopsis, poster_image_url, backdrop_image_url) VALUES (19404, 'Dilwale Dulhania Le Jayenge', 1995, 190, 'India', 'Hindi', 'Raj is a rich, carefree, happy-go-lucky second generation NRI. Simran is the daughter of Chaudhary Baldev Singh, who in spite of being an NRI is very strict about adherence to Indian values. Simran has left for India to be married to her childhood fiancé. Raj leaves for India with a mission at his hands, to claim his lady love under the noses of her whole family. Thus begins a saga.', 'https://image.tmdb.org/t/p/w500/2CAL2433ZeIihfX1Hb2139CX0pW.jpg', 'https://image.tmdb.org/t/p/original/6N5d02quKqMKqvTpOdFmBDy9scY.jpg') ON CONFLICT (id) DO UPDATE SET title = EXCLUDED.title, release_year = EXCLUDED.release_year, duration_minutes = EXCLUDED.duration_minutes, country = EXCLUDED.country, language = EXCLUDED.language, synopsis = EXCLUDED.synopsis, poster_image_url = EXCLUDED.poster_image_url, backdrop_image_url = EXCLUDED.backdrop_image_url;
INSERT INTO movie_directors (movie_id, director) VALUES (19404, 'Aditya Chopra');
INSERT INTO movie_cast_members (movie_id, cast_member) VALUES (19404, 'Kajol');
INSERT INTO movie_cast_members (movie_id, cast_member) VALUES (19404, 'Shah Rukh Khan');
INSERT INTO movie_cast_members (movie_id, cast_member) VALUES (19404, 'Amrish Puri');
INSERT INTO movie_cast_members (movie_id, cast_member) VALUES (19404, 'Farida Jalal');
INSERT INTO movie_cast_members (movie_id, cast_member) VALUES (19404, 'Anupam Kher');
INSERT INTO movie_genres (movie_id, genre) VALUES (19404, 'Comedy');
INSERT INTO movie_genres (movie_id, genre) VALUES (19404, 'Drama');
INSERT INTO movie_genres (movie_id, genre) VALUES (19404, 'Romance');
INSERT INTO movie_image_urls (movie_id, image_url) VALUES (19404, 'https://image.tmdb.org/t/p/original/zQDFHYNVVVp9OAYSixYAG1SyX1l.jpg');
INSERT INTO movie_image_urls (movie_id, image_url) VALUES (19404, 'https://image.tmdb.org/t/p/original/y5OmAHA05MQ7zu5EJDvBfRpcv7.jpg');
INSERT INTO movie_image_urls (movie_id, image_url) VALUES (19404, 'https://image.tmdb.org/t/p/original/84beTJf26mfhoasUlKSOiNSutyS.jpg');
INSERT INTO movie_image_urls (movie_id, image_url) VALUES (19404, 'https://image.tmdb.org/t/p/original/rRs4eLjEuUHEVZl0BW4qRckbB4X.jpg');

INSERT INTO movies (id, title, release_year, duration_minutes, country, language, synopsis, poster_image_url, backdrop_image_url) VALUES (497, 'The Green Mile', 1999, 189, 'United States of America', 'French', 'A supernatural tale set on death row in a Southern prison, where gentle giant John Coffey possesses the mysterious power to heal people''s ailments. When the cell block''s head guard, Paul Edgecomb, recognizes Coffey''s miraculous gift, he tries desperately to help stave off the condemned man''s execution.', 'https://image.tmdb.org/t/p/w500/8VG8fDNiy50H4FedGwdSVUPoaJe.jpg', 'https://image.tmdb.org/t/p/original/b6HWTOxn1xevvyHU2K9ICvaRU6g.jpg') ON CONFLICT (id) DO UPDATE SET title = EXCLUDED.title, release_year = EXCLUDED.release_year, duration_minutes = EXCLUDED.duration_minutes, country = EXCLUDED.country, language = EXCLUDED.language, synopsis = EXCLUDED.synopsis, poster_image_url = EXCLUDED.poster_image_url, backdrop_image_url = EXCLUDED.backdrop_image_url;
INSERT INTO movie_directors (movie_id, director) VALUES (497, 'Frank Darabont');
INSERT INTO movie_cast_members (movie_id, cast_member) VALUES (497, 'Tom Hanks');
INSERT INTO movie_cast_members (movie_id, cast_member) VALUES (497, 'David Morse');
INSERT INTO movie_cast_members (movie_id, cast_member) VALUES (497, 'Bonnie Hunt');
INSERT INTO movie_cast_members (movie_id, cast_member) VALUES (497, 'Michael Clarke Duncan');
INSERT INTO movie_cast_members (movie_id, cast_member) VALUES (497, 'James Cromwell');
INSERT INTO movie_genres (movie_id, genre) VALUES (497, 'Fantasy');
INSERT INTO movie_genres (movie_id, genre) VALUES (497, 'Drama');
INSERT INTO movie_genres (movie_id, genre) VALUES (497, 'Crime');
INSERT INTO movie_image_urls (movie_id, image_url) VALUES (497, 'https://image.tmdb.org/t/p/original/vxJ08SvwomfKbpboCWynC3uqUg4.jpg');
INSERT INTO movie_image_urls (movie_id, image_url) VALUES (497, 'https://image.tmdb.org/t/p/original/lgJlu0Fp1mdTaFEeaQJ7DskhSOr.jpg');
INSERT INTO movie_image_urls (movie_id, image_url) VALUES (497, 'https://image.tmdb.org/t/p/original/amZavErrjrdgDwhsIdpWxHNenIx.jpg');
INSERT INTO movie_image_urls (movie_id, image_url) VALUES (497, 'https://image.tmdb.org/t/p/original/l6hQWH9eDksNJNiXWYRkWqikOdu.jpg');

INSERT INTO movies (id, title, release_year, duration_minutes, country, language, synopsis, poster_image_url, backdrop_image_url) VALUES (122, 'The Lord of the Rings: The Return of the King', 2003, 201, 'New Zealand', 'English', 'As armies mass for a final battle that will decide the fate of the world--and powerful, ancient forces of Light and Dark compete to determine the outcome--one member of the Fellowship of the Ring is revealed as the noble heir to the throne of the Kings of Men. Yet, the sole hope for triumph over evil lies with a brave hobbit, Frodo, who, accompanied by his loyal friend Sam and the hideous, wretched Gollum, ventures deep into the very dark heart of Mordor on his seemingly impossible quest to destroy the Ring of Power.​', 'https://image.tmdb.org/t/p/w500/rCzpDGLbOoPwLjy3OAm5NUPOTrC.jpg', 'https://image.tmdb.org/t/p/original/2u7zbn8EudG6kLlBzUYqP8RyFU4.jpg') ON CONFLICT (id) DO UPDATE SET title = EXCLUDED.title, release_year = EXCLUDED.release_year, duration_minutes = EXCLUDED.duration_minutes, country = EXCLUDED.country, language = EXCLUDED.language, synopsis = EXCLUDED.synopsis, poster_image_url = EXCLUDED.poster_image_url, backdrop_image_url = EXCLUDED.backdrop_image_url;
INSERT INTO movie_directors (movie_id, director) VALUES (122, 'Peter Jackson');
INSERT INTO movie_cast_members (movie_id, cast_member) VALUES (122, 'Elijah Wood');
INSERT INTO movie_cast_members (movie_id, cast_member) VALUES (122, 'Ian McKellen');
INSERT INTO movie_cast_members (movie_id, cast_member) VALUES (122, 'Viggo Mortensen');
INSERT INTO movie_cast_members (movie_id, cast_member) VALUES (122, 'Sean Astin');
INSERT INTO movie_cast_members (movie_id, cast_member) VALUES (122, 'Andy Serkis');
INSERT INTO movie_genres (movie_id, genre) VALUES (122, 'Adventure');
INSERT INTO movie_genres (movie_id, genre) VALUES (122, 'Fantasy');
INSERT INTO movie_genres (movie_id, genre) VALUES (122, 'Action');
INSERT INTO movie_image_urls (movie_id, image_url) VALUES (122, 'https://image.tmdb.org/t/p/original/lZWdNk6BsDZrSsZ0unHAsTFfFc4.jpg');
INSERT INTO movie_image_urls (movie_id, image_url) VALUES (122, 'https://image.tmdb.org/t/p/original/9DeGfFIqjph5CBFVQrD6wv9S7rR.jpg');
INSERT INTO movie_image_urls (movie_id, image_url) VALUES (122, 'https://image.tmdb.org/t/p/original/z9Yp7Tcf4ehKcCiH3aVta4kW5tP.jpg');
INSERT INTO movie_image_urls (movie_id, image_url) VALUES (122, 'https://image.tmdb.org/t/p/original/rOmd5Beem8FNcEA2DrmlBMjf6v5.jpg');

INSERT INTO movies (id, title, release_year, duration_minutes, country, language, synopsis, poster_image_url, backdrop_image_url) VALUES (496243, 'Parasite', 2019, 133, 'South Korea', 'English', 'All unemployed, Ki-taek''s family takes peculiar interest in the wealthy and glamorous Parks for their livelihood until they get entangled in an unexpected incident.', 'https://image.tmdb.org/t/p/w500/7IiTTgloJzvGI1TAYymCfbfl3vT.jpg', 'https://image.tmdb.org/t/p/original/hiKmpZMGZsrkA3cdce8a7Dpos1j.jpg') ON CONFLICT (id) DO UPDATE SET title = EXCLUDED.title, release_year = EXCLUDED.release_year, duration_minutes = EXCLUDED.duration_minutes, country = EXCLUDED.country, language = EXCLUDED.language, synopsis = EXCLUDED.synopsis, poster_image_url = EXCLUDED.poster_image_url, backdrop_image_url = EXCLUDED.backdrop_image_url;
INSERT INTO movie_directors (movie_id, director) VALUES (496243, 'Bong Joon Ho');
INSERT INTO movie_cast_members (movie_id, cast_member) VALUES (496243, 'Song Kang-ho');
INSERT INTO movie_cast_members (movie_id, cast_member) VALUES (496243, 'Lee Sun-kyun');
INSERT INTO movie_cast_members (movie_id, cast_member) VALUES (496243, 'Cho Yeo-jeong');
INSERT INTO movie_cast_members (movie_id, cast_member) VALUES (496243, 'Choi Woo-shik');
INSERT INTO movie_cast_members (movie_id, cast_member) VALUES (496243, 'Park So-dam');
INSERT INTO movie_genres (movie_id, genre) VALUES (496243, 'Comedy');
INSERT INTO movie_genres (movie_id, genre) VALUES (496243, 'Thriller');
INSERT INTO movie_genres (movie_id, genre) VALUES (496243, 'Drama');
INSERT INTO movie_image_urls (movie_id, image_url) VALUES (496243, 'https://image.tmdb.org/t/p/original/TU9NIjwzjoKPwQHoHshkFcQUCG.jpg');
INSERT INTO movie_image_urls (movie_id, image_url) VALUES (496243, 'https://image.tmdb.org/t/p/original/8eihUxjQsJ7WvGySkVMC0EwbPAD.jpg');
INSERT INTO movie_image_urls (movie_id, image_url) VALUES (496243, 'https://image.tmdb.org/t/p/original/ny5aCtglk2kceGAuAdiyqbhBBAf.jpg');
INSERT INTO movie_image_urls (movie_id, image_url) VALUES (496243, 'https://image.tmdb.org/t/p/original/uG3m6jBwU8jUkt0jbUOj8Vb2Y11.jpg');

INSERT INTO movies (id, title, release_year, duration_minutes, country, language, synopsis, poster_image_url, backdrop_image_url) VALUES (680, 'Pulp Fiction', 1994, 154, 'United States of America', 'English', 'A burger-loving hit man, his philosophical partner, a drug-addled gangster''s moll and a washed-up boxer converge in this sprawling, comedic crime caper. Their adventures unfurl in three stories that ingeniously trip back and forth in time.', 'https://image.tmdb.org/t/p/w500/vQWk5YBFWF4bZaofAbv0tShwBvQ.jpg', 'https://image.tmdb.org/t/p/original/suaEOtk1N1sgg2MTM7oZd2cfVp3.jpg') ON CONFLICT (id) DO UPDATE SET title = EXCLUDED.title, release_year = EXCLUDED.release_year, duration_minutes = EXCLUDED.duration_minutes, country = EXCLUDED.country, language = EXCLUDED.language, synopsis = EXCLUDED.synopsis, poster_image_url = EXCLUDED.poster_image_url, backdrop_image_url = EXCLUDED.backdrop_image_url;
INSERT INTO movie_directors (movie_id, director) VALUES (680, 'Quentin Tarantino');
INSERT INTO movie_cast_members (movie_id, cast_member) VALUES (680, 'John Travolta');
INSERT INTO movie_cast_members (movie_id, cast_member) VALUES (680, 'Samuel L. Jackson');
INSERT INTO movie_cast_members (movie_id, cast_member) VALUES (680, 'Uma Thurman');
INSERT INTO movie_cast_members (movie_id, cast_member) VALUES (680, 'Bruce Willis');
INSERT INTO movie_cast_members (movie_id, cast_member) VALUES (680, 'Ving Rhames');
INSERT INTO movie_genres (movie_id, genre) VALUES (680, 'Thriller');
INSERT INTO movie_genres (movie_id, genre) VALUES (680, 'Crime');
INSERT INTO movie_genres (movie_id, genre) VALUES (680, 'Comedy');
INSERT INTO movie_image_urls (movie_id, image_url) VALUES (680, 'https://image.tmdb.org/t/p/original/9pGM43a9VmXxwIxmhJoiDkcB2hT.jpg');
INSERT INTO movie_image_urls (movie_id, image_url) VALUES (680, 'https://image.tmdb.org/t/p/original/w7RDIgQM6bLT7JXtH4iUQd3Iwxm.jpg');
INSERT INTO movie_image_urls (movie_id, image_url) VALUES (680, 'https://image.tmdb.org/t/p/original/eDMZmfnH50DDboUxTRnOYYpE9aY.jpg');
INSERT INTO movie_image_urls (movie_id, image_url) VALUES (680, 'https://image.tmdb.org/t/p/original/cOGysF4SXauEKz18mFGmkZW6O2T.jpg');

INSERT INTO movies (id, title, release_year, duration_minutes, country, language, synopsis, poster_image_url, backdrop_image_url) VALUES (372058, 'Your Name.', 2016, 106, 'Japan', 'Japanese', 'High schoolers Mitsuha and Taki are complete strangers living separate lives. But one night, they suddenly switch places. Mitsuha wakes up in Taki’s body, and he in hers. This bizarre occurrence continues to happen randomly, and the two must adjust their lives around each other.', 'https://image.tmdb.org/t/p/w500/q719jXXEzOoYaps6babgKnONONX.jpg', 'https://image.tmdb.org/t/p/original/8x9iKH8kWA0zdkgNdpAew7OstYe.jpg') ON CONFLICT (id) DO UPDATE SET title = EXCLUDED.title, release_year = EXCLUDED.release_year, duration_minutes = EXCLUDED.duration_minutes, country = EXCLUDED.country, language = EXCLUDED.language, synopsis = EXCLUDED.synopsis, poster_image_url = EXCLUDED.poster_image_url, backdrop_image_url = EXCLUDED.backdrop_image_url;
INSERT INTO movie_directors (movie_id, director) VALUES (372058, 'Makoto Shinkai');
INSERT INTO movie_cast_members (movie_id, cast_member) VALUES (372058, 'Ryunosuke Kamiki');
INSERT INTO movie_cast_members (movie_id, cast_member) VALUES (372058, 'Mone Kamishiraishi');
INSERT INTO movie_cast_members (movie_id, cast_member) VALUES (372058, 'Ryo Narita');
INSERT INTO movie_cast_members (movie_id, cast_member) VALUES (372058, 'Aoi Yuuki');
INSERT INTO movie_cast_members (movie_id, cast_member) VALUES (372058, 'Nobunaga Shimazaki');
INSERT INTO movie_genres (movie_id, genre) VALUES (372058, 'Animation');
INSERT INTO movie_genres (movie_id, genre) VALUES (372058, 'Romance');
INSERT INTO movie_genres (movie_id, genre) VALUES (372058, 'Drama');
INSERT INTO movie_image_urls (movie_id, image_url) VALUES (372058, 'https://image.tmdb.org/t/p/original/mMtUybQ6hL24FXo0F3Z4j2KG7kZ.jpg');
INSERT INTO movie_image_urls (movie_id, image_url) VALUES (372058, 'https://image.tmdb.org/t/p/original/dIWwZW7dJJtqC6CgWzYkNVKIUm8.jpg');
INSERT INTO movie_image_urls (movie_id, image_url) VALUES (372058, 'https://image.tmdb.org/t/p/original/rjs5IfIv6Psl2YCSHKcluhTQGjJ.jpg');
INSERT INTO movie_image_urls (movie_id, image_url) VALUES (372058, 'https://image.tmdb.org/t/p/original/blEF6I5n7X0GXMfv8fFl1o0Tz3z.jpg');

INSERT INTO movies (id, title, release_year, duration_minutes, country, language, synopsis, poster_image_url, backdrop_image_url) VALUES (157336, 'Interstellar', 2014, 169, 'United Kingdom', 'English', 'The adventures of a group of explorers who make use of a newly discovered wormhole to surpass the limitations on human space travel and conquer the vast distances involved in an interstellar voyage.', 'https://image.tmdb.org/t/p/w500/yQvGrMoipbRoddT0ZR8tPoR7NfX.jpg', 'https://image.tmdb.org/t/p/original/2ssWTSVklAEc98frZUQhgtGHx7s.jpg') ON CONFLICT (id) DO UPDATE SET title = EXCLUDED.title, release_year = EXCLUDED.release_year, duration_minutes = EXCLUDED.duration_minutes, country = EXCLUDED.country, language = EXCLUDED.language, synopsis = EXCLUDED.synopsis, poster_image_url = EXCLUDED.poster_image_url, backdrop_image_url = EXCLUDED.backdrop_image_url;
INSERT INTO movie_directors (movie_id, director) VALUES (157336, 'Christopher Nolan');
INSERT INTO movie_cast_members (movie_id, cast_member) VALUES (157336, 'Matthew McConaughey');
INSERT INTO movie_cast_members (movie_id, cast_member) VALUES (157336, 'Anne Hathaway');
INSERT INTO movie_cast_members (movie_id, cast_member) VALUES (157336, 'Michael Caine');
INSERT INTO movie_cast_members (movie_id, cast_member) VALUES (157336, 'Jessica Chastain');
INSERT INTO movie_cast_members (movie_id, cast_member) VALUES (157336, 'Casey Affleck');
INSERT INTO movie_genres (movie_id, genre) VALUES (157336, 'Adventure');
INSERT INTO movie_genres (movie_id, genre) VALUES (157336, 'Drama');
INSERT INTO movie_genres (movie_id, genre) VALUES (157336, 'Science Fiction');
INSERT INTO movie_image_urls (movie_id, image_url) VALUES (157336, 'https://image.tmdb.org/t/p/original/65BTgbR7w8g5h8PlNwUgRVWqPyQ.jpg');
INSERT INTO movie_image_urls (movie_id, image_url) VALUES (157336, 'https://image.tmdb.org/t/p/original/5XNQBqnBwPA9yT0jZ0p3s8bbLh0.jpg');
INSERT INTO movie_image_urls (movie_id, image_url) VALUES (157336, 'https://image.tmdb.org/t/p/original/8sNiAPPYU14PUepFNeSNGUTiHW.jpg');
INSERT INTO movie_image_urls (movie_id, image_url) VALUES (157336, 'https://image.tmdb.org/t/p/original/vgnoBSVzWAV9sNQUORaDGvDp7wx.jpg');

INSERT INTO movies (id, title, release_year, duration_minutes, country, language, synopsis, poster_image_url, backdrop_image_url) VALUES (429, 'The Good, the Bad and the Ugly', 1966, 161, 'United States of America', 'Italian', 'While the Civil War rages on between the Union and the Confederacy, three men – a quiet loner, a ruthless hitman, and a Mexican bandit – comb the American Southwest in search of a strongbox containing $200,000 in stolen gold.', 'https://image.tmdb.org/t/p/w500/bX2xnavhMYjWDoZp1VM6VnU1xwe.jpg', 'https://image.tmdb.org/t/p/original/Adrip2Jqzw56KeuV2nAxucKMNXA.jpg') ON CONFLICT (id) DO UPDATE SET title = EXCLUDED.title, release_year = EXCLUDED.release_year, duration_minutes = EXCLUDED.duration_minutes, country = EXCLUDED.country, language = EXCLUDED.language, synopsis = EXCLUDED.synopsis, poster_image_url = EXCLUDED.poster_image_url, backdrop_image_url = EXCLUDED.backdrop_image_url;
INSERT INTO movie_directors (movie_id, director) VALUES (429, 'Sergio Leone');
INSERT INTO movie_cast_members (movie_id, cast_member) VALUES (429, 'Clint Eastwood');
INSERT INTO movie_cast_members (movie_id, cast_member) VALUES (429, 'Eli Wallach');
INSERT INTO movie_cast_members (movie_id, cast_member) VALUES (429, 'Lee Van Cleef');
INSERT INTO movie_cast_members (movie_id, cast_member) VALUES (429, 'Aldo Giuffrè');
INSERT INTO movie_cast_members (movie_id, cast_member) VALUES (429, 'Luigi Pistilli');
INSERT INTO movie_genres (movie_id, genre) VALUES (429, 'Western');
INSERT INTO movie_image_urls (movie_id, image_url) VALUES (429, 'https://image.tmdb.org/t/p/original/x4biAVdPVCghBlsVIzB6NmbghIz.jpg');
INSERT INTO movie_image_urls (movie_id, image_url) VALUES (429, 'https://image.tmdb.org/t/p/original/xnFmcq40R0umHHLXTpvOW5GTdMh.jpg');
INSERT INTO movie_image_urls (movie_id, image_url) VALUES (429, 'https://image.tmdb.org/t/p/original/eoCSp75lxatmIa6aGqfnzwtbttd.jpg');
INSERT INTO movie_image_urls (movie_id, image_url) VALUES (429, 'https://image.tmdb.org/t/p/original/aTF3Ob8k3uuwLUM14DKn63JCkBr.jpg');

INSERT INTO movies (id, title, release_year, duration_minutes, country, language, synopsis, poster_image_url, backdrop_image_url) VALUES (13, 'Forrest Gump', 1994, 142, 'United States of America', 'English', 'A man with a low IQ has accomplished great things in his life and been present during significant historic events—in each case, far exceeding what anyone imagined he could do. But despite all he has achieved, his one true love eludes him.', 'https://image.tmdb.org/t/p/w500/saHP97rTPS5eLmrLQEcANmKrsFl.jpg', 'https://image.tmdb.org/t/p/original/67HggiWaP9ZLv5sPYmyRV37yAJM.jpg') ON CONFLICT (id) DO UPDATE SET title = EXCLUDED.title, release_year = EXCLUDED.release_year, duration_minutes = EXCLUDED.duration_minutes, country = EXCLUDED.country, language = EXCLUDED.language, synopsis = EXCLUDED.synopsis, poster_image_url = EXCLUDED.poster_image_url, backdrop_image_url = EXCLUDED.backdrop_image_url;
INSERT INTO movie_directors (movie_id, director) VALUES (13, 'Robert Zemeckis');
INSERT INTO movie_cast_members (movie_id, cast_member) VALUES (13, 'Tom Hanks');
INSERT INTO movie_cast_members (movie_id, cast_member) VALUES (13, 'Robin Wright');
INSERT INTO movie_cast_members (movie_id, cast_member) VALUES (13, 'Gary Sinise');
INSERT INTO movie_cast_members (movie_id, cast_member) VALUES (13, 'Sally Field');
INSERT INTO movie_cast_members (movie_id, cast_member) VALUES (13, 'Mykelti Williamson');
INSERT INTO movie_genres (movie_id, genre) VALUES (13, 'Comedy');
INSERT INTO movie_genres (movie_id, genre) VALUES (13, 'Drama');
INSERT INTO movie_genres (movie_id, genre) VALUES (13, 'Romance');
INSERT INTO movie_image_urls (movie_id, image_url) VALUES (13, 'https://image.tmdb.org/t/p/original/ghgfzbEV7kbpbi1O8eIILKVXEA8.jpg');
INSERT INTO movie_image_urls (movie_id, image_url) VALUES (13, 'https://image.tmdb.org/t/p/original/qdIMHd4sEfJSckfVJfKQvisL02a.jpg');
INSERT INTO movie_image_urls (movie_id, image_url) VALUES (13, 'https://image.tmdb.org/t/p/original/tlEFuIlaxRPXIYVHXbOSAMCfWqk.jpg');
INSERT INTO movie_image_urls (movie_id, image_url) VALUES (13, 'https://image.tmdb.org/t/p/original/vdqthGdYhH4WzvmkGOcg0Um2Up7.jpg');

INSERT INTO movies (id, title, release_year, duration_minutes, country, language, synopsis, poster_image_url, backdrop_image_url) VALUES (769, 'GoodFellas', 1990, 145, 'United States of America', 'Italian', 'The true story of Henry Hill, a half-Irish, half-Sicilian Brooklyn kid who is adopted by neighbourhood gangsters at an early age and climbs the ranks of a Mafia family under the guidance of Jimmy Conway.', 'https://image.tmdb.org/t/p/w500/9OkCLM73MIU2CrKZbqiT8Ln1wY2.jpg', 'https://image.tmdb.org/t/p/original/gILte6Zd7m1YneIr6MVhh30S9pr.jpg') ON CONFLICT (id) DO UPDATE SET title = EXCLUDED.title, release_year = EXCLUDED.release_year, duration_minutes = EXCLUDED.duration_minutes, country = EXCLUDED.country, language = EXCLUDED.language, synopsis = EXCLUDED.synopsis, poster_image_url = EXCLUDED.poster_image_url, backdrop_image_url = EXCLUDED.backdrop_image_url;
INSERT INTO movie_directors (movie_id, director) VALUES (769, 'Martin Scorsese');
INSERT INTO movie_cast_members (movie_id, cast_member) VALUES (769, 'Robert De Niro');
INSERT INTO movie_cast_members (movie_id, cast_member) VALUES (769, 'Ray Liotta');
INSERT INTO movie_cast_members (movie_id, cast_member) VALUES (769, 'Joe Pesci');
INSERT INTO movie_cast_members (movie_id, cast_member) VALUES (769, 'Lorraine Bracco');
INSERT INTO movie_cast_members (movie_id, cast_member) VALUES (769, 'Paul Sorvino');
INSERT INTO movie_genres (movie_id, genre) VALUES (769, 'Drama');
INSERT INTO movie_genres (movie_id, genre) VALUES (769, 'Crime');
INSERT INTO movie_image_urls (movie_id, image_url) VALUES (769, 'https://image.tmdb.org/t/p/original/7TF4p86ZafnxFuNqWdhpHXFO244.jpg');
INSERT INTO movie_image_urls (movie_id, image_url) VALUES (769, 'https://image.tmdb.org/t/p/original/sw7mordbZxgITU877yTpZCud90M.jpg');
INSERT INTO movie_image_urls (movie_id, image_url) VALUES (769, 'https://image.tmdb.org/t/p/original/d6UxFCGQxpszcf8mwgGjQ3ynqGl.jpg');
INSERT INTO movie_image_urls (movie_id, image_url) VALUES (769, 'https://image.tmdb.org/t/p/original/srx9pDKqYXmEELEsoGgkcViw88D.jpg');

INSERT INTO movies (id, title, release_year, duration_minutes, country, language, synopsis, poster_image_url, backdrop_image_url) VALUES (346, 'Seven Samurai', 1954, 207, 'Japan', 'Japanese', 'A samurai answers a village''s request for protection after he falls on hard times. The town needs protection from bandits, so the samurai gathers six others to help him teach the people how to defend themselves, and the villagers provide the soldiers with food.', 'https://image.tmdb.org/t/p/w500/lOMGc8bnSwQhS4XyE1S99uH8NXf.jpg', 'https://image.tmdb.org/t/p/original/qvZ91FwMq6O47VViAr8vZNQz3WI.jpg') ON CONFLICT (id) DO UPDATE SET title = EXCLUDED.title, release_year = EXCLUDED.release_year, duration_minutes = EXCLUDED.duration_minutes, country = EXCLUDED.country, language = EXCLUDED.language, synopsis = EXCLUDED.synopsis, poster_image_url = EXCLUDED.poster_image_url, backdrop_image_url = EXCLUDED.backdrop_image_url;
INSERT INTO movie_directors (movie_id, director) VALUES (346, 'Akira Kurosawa');
INSERT INTO movie_cast_members (movie_id, cast_member) VALUES (346, 'Toshirō Mifune');
INSERT INTO movie_cast_members (movie_id, cast_member) VALUES (346, 'Takashi Shimura');
INSERT INTO movie_cast_members (movie_id, cast_member) VALUES (346, 'Yoshio Inaba');
INSERT INTO movie_cast_members (movie_id, cast_member) VALUES (346, 'Seiji Miyaguchi');
INSERT INTO movie_cast_members (movie_id, cast_member) VALUES (346, 'Minoru Chiaki');
INSERT INTO movie_genres (movie_id, genre) VALUES (346, 'Action');
INSERT INTO movie_genres (movie_id, genre) VALUES (346, 'Drama');
INSERT INTO movie_image_urls (movie_id, image_url) VALUES (346, 'https://image.tmdb.org/t/p/original/mzI1JXm8sX5fia3ifPS2jGPUh2n.jpg');
INSERT INTO movie_image_urls (movie_id, image_url) VALUES (346, 'https://image.tmdb.org/t/p/original/iFjNnOc9CKSrZi0JL7BoFw1YKZO.jpg');
INSERT INTO movie_image_urls (movie_id, image_url) VALUES (346, 'https://image.tmdb.org/t/p/original/4GEInuHU9lEqMuXYWhrSdegacvU.jpg');
INSERT INTO movie_image_urls (movie_id, image_url) VALUES (346, 'https://image.tmdb.org/t/p/original/bTGczYh4GSFjAPRrIb9oCi7CkSq.jpg');

INSERT INTO movies (id, title, release_year, duration_minutes, country, language, synopsis, poster_image_url, backdrop_image_url) VALUES (12477, 'Grave of the Fireflies', 1988, 89, 'Japan', 'Japanese', 'In the final months of World War II, 14-year-old Seita and his sister Setsuko are orphaned when their mother is killed during an air raid in Kobe, Japan. After a falling out with their aunt, they move into an abandoned bomb shelter. With no surviving relatives and their emergency rations depleted, Seita and Setsuko struggle to survive.', 'https://image.tmdb.org/t/p/w500/k9tv1rXZbOhH7eiCk378x61kNQ1.jpg', 'https://image.tmdb.org/t/p/original/aHaqZpOL7UyVu0nKqp3SMz0o2E1.jpg') ON CONFLICT (id) DO UPDATE SET title = EXCLUDED.title, release_year = EXCLUDED.release_year, duration_minutes = EXCLUDED.duration_minutes, country = EXCLUDED.country, language = EXCLUDED.language, synopsis = EXCLUDED.synopsis, poster_image_url = EXCLUDED.poster_image_url, backdrop_image_url = EXCLUDED.backdrop_image_url;
INSERT INTO movie_directors (movie_id, director) VALUES (12477, 'Isao Takahata');
INSERT INTO movie_cast_members (movie_id, cast_member) VALUES (12477, 'Tsutomu Tatsumi');
INSERT INTO movie_cast_members (movie_id, cast_member) VALUES (12477, 'Ayano Shiraishi');
INSERT INTO movie_cast_members (movie_id, cast_member) VALUES (12477, 'Yoshiko Shinohara');
INSERT INTO movie_cast_members (movie_id, cast_member) VALUES (12477, 'Akemi Yamaguchi');
INSERT INTO movie_cast_members (movie_id, cast_member) VALUES (12477, 'Masayo Sakai');
INSERT INTO movie_genres (movie_id, genre) VALUES (12477, 'Animation');
INSERT INTO movie_genres (movie_id, genre) VALUES (12477, 'Drama');
INSERT INTO movie_genres (movie_id, genre) VALUES (12477, 'War');
INSERT INTO movie_image_urls (movie_id, image_url) VALUES (12477, 'https://image.tmdb.org/t/p/original/x5SRTwGtATzvFjRZXJxmitfqH4y.jpg');
INSERT INTO movie_image_urls (movie_id, image_url) VALUES (12477, 'https://image.tmdb.org/t/p/original/dlC0ed9Ugh3FzydnkBtV5lRXUu4.jpg');
INSERT INTO movie_image_urls (movie_id, image_url) VALUES (12477, 'https://image.tmdb.org/t/p/original/tDFvXn4tane9lUvFAFAUkMylwSr.jpg');
INSERT INTO movie_image_urls (movie_id, image_url) VALUES (12477, 'https://image.tmdb.org/t/p/original/tLFITpJFr8oDqfZu0HtSj7YNVs2.jpg');

INSERT INTO movies (id, title, release_year, duration_minutes, country, language, synopsis, poster_image_url, backdrop_image_url) VALUES (1049471, 'Outcome', 2026, 84, 'United States of America', 'English', 'Reef Hawk, Hollywood''s poster child since age six, is not okay. When he learns about an extortion plot tied to a mysterious video, Reef preemptively sets out on a redemption tour to make amends, confront his demons, and avoid getting canceled.', 'https://image.tmdb.org/t/p/w500/kSzcpfbTy2pXHGvrVU2WhQTo6oU.jpg', 'https://image.tmdb.org/t/p/original/avwIERZtWiWa34qShf5biDzAVaF.jpg') ON CONFLICT (id) DO UPDATE SET title = EXCLUDED.title, release_year = EXCLUDED.release_year, duration_minutes = EXCLUDED.duration_minutes, country = EXCLUDED.country, language = EXCLUDED.language, synopsis = EXCLUDED.synopsis, poster_image_url = EXCLUDED.poster_image_url, backdrop_image_url = EXCLUDED.backdrop_image_url;
INSERT INTO movie_directors (movie_id, director) VALUES (1049471, 'Jonah Hill');
INSERT INTO movie_cast_members (movie_id, cast_member) VALUES (1049471, 'Keanu Reeves');
INSERT INTO movie_cast_members (movie_id, cast_member) VALUES (1049471, 'Jonah Hill');
INSERT INTO movie_cast_members (movie_id, cast_member) VALUES (1049471, 'Cameron Diaz');
INSERT INTO movie_cast_members (movie_id, cast_member) VALUES (1049471, 'Matt Bomer');
INSERT INTO movie_cast_members (movie_id, cast_member) VALUES (1049471, 'Susan Lucci');
INSERT INTO movie_genres (movie_id, genre) VALUES (1049471, 'Comedy');
INSERT INTO movie_genres (movie_id, genre) VALUES (1049471, 'Drama');
INSERT INTO movie_image_urls (movie_id, image_url) VALUES (1049471, 'https://image.tmdb.org/t/p/original/eoZX6m74aJiIGLCcDqWup7mG6h2.jpg');
INSERT INTO movie_image_urls (movie_id, image_url) VALUES (1049471, 'https://image.tmdb.org/t/p/original/yEpXd2cAdsHWR2GF76ZQNu0lWR6.jpg');
INSERT INTO movie_image_urls (movie_id, image_url) VALUES (1049471, 'https://image.tmdb.org/t/p/original/8KhqSWXExySkvEyCVvcbf4xxpqx.jpg');
INSERT INTO movie_image_urls (movie_id, image_url) VALUES (1049471, 'https://image.tmdb.org/t/p/original/2YfnhVGu8bNFoQBpKqnPfTn8ys0.jpg');

INSERT INTO movies (id, title, release_year, duration_minutes, country, language, synopsis, poster_image_url, backdrop_image_url) VALUES (1311031, 'Demon Slayer: Kimetsu no Yaiba Infinity Castle', 2025, 156, 'Japan', 'Japanese', 'The Demon Slayer Corps are drawn into the Infinity Castle, where Tanjiro, Nezuko, and the Hashira face terrifying Upper Rank demons in a desperate fight as the final battle against Muzan Kibutsuji begins.', 'https://image.tmdb.org/t/p/w500/fWVSwgjpT2D78VUh6X8UBd2rorW.jpg', 'https://image.tmdb.org/t/p/original/1RgPyOhN4DRs225BGTlHJqCudII.jpg') ON CONFLICT (id) DO UPDATE SET title = EXCLUDED.title, release_year = EXCLUDED.release_year, duration_minutes = EXCLUDED.duration_minutes, country = EXCLUDED.country, language = EXCLUDED.language, synopsis = EXCLUDED.synopsis, poster_image_url = EXCLUDED.poster_image_url, backdrop_image_url = EXCLUDED.backdrop_image_url;
INSERT INTO movie_directors (movie_id, director) VALUES (1311031, 'Haruo Sotozaki');
INSERT INTO movie_cast_members (movie_id, cast_member) VALUES (1311031, 'Natsuki Hanae');
INSERT INTO movie_cast_members (movie_id, cast_member) VALUES (1311031, 'Takahiro Sakurai');
INSERT INTO movie_cast_members (movie_id, cast_member) VALUES (1311031, 'Akira Ishida');
INSERT INTO movie_cast_members (movie_id, cast_member) VALUES (1311031, 'Hiro Shimono');
INSERT INTO movie_cast_members (movie_id, cast_member) VALUES (1311031, 'Yoshimasa Hosoya');
INSERT INTO movie_genres (movie_id, genre) VALUES (1311031, 'Animation');
INSERT INTO movie_genres (movie_id, genre) VALUES (1311031, 'Action');
INSERT INTO movie_genres (movie_id, genre) VALUES (1311031, 'Fantasy');
INSERT INTO movie_image_urls (movie_id, image_url) VALUES (1311031, 'https://image.tmdb.org/t/p/original/lNYympQM5O6QSInusbyG9eJDIe4.jpg');
INSERT INTO movie_image_urls (movie_id, image_url) VALUES (1311031, 'https://image.tmdb.org/t/p/original/AuHRjo9yhcYiAHPJbbwhgPHFWVj.jpg');
INSERT INTO movie_image_urls (movie_id, image_url) VALUES (1311031, 'https://image.tmdb.org/t/p/original/52RYVGTokBTYj0jc27R6aktEGzs.jpg');
INSERT INTO movie_image_urls (movie_id, image_url) VALUES (1311031, 'https://image.tmdb.org/t/p/original/tqMgCOiaNSRduOvjTO9kWZADHIr.jpg');

INSERT INTO movies (id, title, release_year, duration_minutes, country, language, synopsis, poster_image_url, backdrop_image_url) VALUES (1419406, 'The Shadow''s Edge', 2025, 142, 'China', 'Mandarin', 'Macau Police brings the tracking expert police officer out of retirement to help catch a dangerous group of professional thieves.', 'https://image.tmdb.org/t/p/w500/gPbBp0A3NXxc4lHT29TzT0YjTs6.jpg', 'https://image.tmdb.org/t/p/original/4BtL2vvEufDXDP4u6xQjjQ1Y2aT.jpg') ON CONFLICT (id) DO UPDATE SET title = EXCLUDED.title, release_year = EXCLUDED.release_year, duration_minutes = EXCLUDED.duration_minutes, country = EXCLUDED.country, language = EXCLUDED.language, synopsis = EXCLUDED.synopsis, poster_image_url = EXCLUDED.poster_image_url, backdrop_image_url = EXCLUDED.backdrop_image_url;
INSERT INTO movie_directors (movie_id, director) VALUES (1419406, 'Larry Yang');
INSERT INTO movie_cast_members (movie_id, cast_member) VALUES (1419406, 'Jackie Chan');
INSERT INTO movie_cast_members (movie_id, cast_member) VALUES (1419406, 'Zhang Zifeng');
INSERT INTO movie_cast_members (movie_id, cast_member) VALUES (1419406, 'Tony Leung Ka-fai');
INSERT INTO movie_cast_members (movie_id, cast_member) VALUES (1419406, 'Ci Sha');
INSERT INTO movie_cast_members (movie_id, cast_member) VALUES (1419406, 'Jun');
INSERT INTO movie_genres (movie_id, genre) VALUES (1419406, 'Action');
INSERT INTO movie_genres (movie_id, genre) VALUES (1419406, 'Crime');
INSERT INTO movie_genres (movie_id, genre) VALUES (1419406, 'Drama');
INSERT INTO movie_genres (movie_id, genre) VALUES (1419406, 'Thriller');
INSERT INTO movie_image_urls (movie_id, image_url) VALUES (1419406, 'https://image.tmdb.org/t/p/original/zXINNssll2zsPGqd7F7Llrw7Uql.jpg');
INSERT INTO movie_image_urls (movie_id, image_url) VALUES (1419406, 'https://image.tmdb.org/t/p/original/ijRF7DuzDoM52Azt1eC271ecbjn.jpg');
INSERT INTO movie_image_urls (movie_id, image_url) VALUES (1419406, 'https://image.tmdb.org/t/p/original/v04TvMLZeqPlwiYPgbFzyGrJPpt.jpg');
INSERT INTO movie_image_urls (movie_id, image_url) VALUES (1419406, 'https://image.tmdb.org/t/p/original/tn95fumbkVAgXjOuw9CQOg0aYQz.jpg');

INSERT INTO movies (id, title, release_year, duration_minutes, country, language, synopsis, poster_image_url, backdrop_image_url) VALUES (1290417, 'Thrash', 2026, 86, 'United States of America', 'English', 'When a Category 5 hurricane decimates a coastal town, the storm surge brings devastation, chaos and something far more frightening: hungry sharks.', 'https://image.tmdb.org/t/p/w500/adk8weka3O5648g3de4z3y4aE7G.jpg', 'https://image.tmdb.org/t/p/original/3ooXDVaz4xHKtwe4lkmF1gNopOC.jpg') ON CONFLICT (id) DO UPDATE SET title = EXCLUDED.title, release_year = EXCLUDED.release_year, duration_minutes = EXCLUDED.duration_minutes, country = EXCLUDED.country, language = EXCLUDED.language, synopsis = EXCLUDED.synopsis, poster_image_url = EXCLUDED.poster_image_url, backdrop_image_url = EXCLUDED.backdrop_image_url;
INSERT INTO movie_directors (movie_id, director) VALUES (1290417, 'Tommy Wirkola');
INSERT INTO movie_cast_members (movie_id, cast_member) VALUES (1290417, 'Phoebe Dynevor');
INSERT INTO movie_cast_members (movie_id, cast_member) VALUES (1290417, 'Whitney Peak');
INSERT INTO movie_cast_members (movie_id, cast_member) VALUES (1290417, 'Djimon Hounsou');
INSERT INTO movie_cast_members (movie_id, cast_member) VALUES (1290417, 'Matt Nable');
INSERT INTO movie_cast_members (movie_id, cast_member) VALUES (1290417, 'Andrew Lees');
INSERT INTO movie_genres (movie_id, genre) VALUES (1290417, 'Horror');
INSERT INTO movie_genres (movie_id, genre) VALUES (1290417, 'Thriller');
INSERT INTO movie_image_urls (movie_id, image_url) VALUES (1290417, 'https://image.tmdb.org/t/p/original/agDm96SPAwlAkiaHjCS05bPJfMQ.jpg');
INSERT INTO movie_image_urls (movie_id, image_url) VALUES (1290417, 'https://image.tmdb.org/t/p/original/bPqv6PSsqa2tgO1qb2Gq2iQ1VXf.jpg');
INSERT INTO movie_image_urls (movie_id, image_url) VALUES (1290417, 'https://image.tmdb.org/t/p/original/90hwnn3BJFP9H3WogBVZPF9iIn3.jpg');
INSERT INTO movie_image_urls (movie_id, image_url) VALUES (1290417, 'https://image.tmdb.org/t/p/original/haRKSeic0Pcm3zyy3CK3dLQp7Rh.jpg');

INSERT INTO movies (id, title, release_year, duration_minutes, country, language, synopsis, poster_image_url, backdrop_image_url) VALUES (1193501, 'Whistle', 2026, 100, 'Ireland', 'English', 'A misfit group of unwitting high school students stumble upon a cursed object, an ancient Aztec Death Whistle. They discover that blowing the whistle and the terrifying sound it emits will summon their future deaths to hunt them down.', 'https://image.tmdb.org/t/p/w500/eGxPyseSnEZBMJaopGfRUO9HSYx.jpg', 'https://image.tmdb.org/t/p/original/yJi6g0CnsqANLNuVaRX28tZxeHX.jpg') ON CONFLICT (id) DO UPDATE SET title = EXCLUDED.title, release_year = EXCLUDED.release_year, duration_minutes = EXCLUDED.duration_minutes, country = EXCLUDED.country, language = EXCLUDED.language, synopsis = EXCLUDED.synopsis, poster_image_url = EXCLUDED.poster_image_url, backdrop_image_url = EXCLUDED.backdrop_image_url;
INSERT INTO movie_directors (movie_id, director) VALUES (1193501, 'Corin Hardy');
INSERT INTO movie_cast_members (movie_id, cast_member) VALUES (1193501, 'Dafne Keen');
INSERT INTO movie_cast_members (movie_id, cast_member) VALUES (1193501, 'Sophie Nélisse');
INSERT INTO movie_cast_members (movie_id, cast_member) VALUES (1193501, 'Sky Yang');
INSERT INTO movie_cast_members (movie_id, cast_member) VALUES (1193501, 'Jhaleil Swaby');
INSERT INTO movie_cast_members (movie_id, cast_member) VALUES (1193501, 'Alissa Skovbye');
INSERT INTO movie_genres (movie_id, genre) VALUES (1193501, 'Horror');
INSERT INTO movie_genres (movie_id, genre) VALUES (1193501, 'Mystery');
INSERT INTO movie_image_urls (movie_id, image_url) VALUES (1193501, 'https://image.tmdb.org/t/p/original/aup7ORewztRcPiJbFKRlJpHwlVv.jpg');
INSERT INTO movie_image_urls (movie_id, image_url) VALUES (1193501, 'https://image.tmdb.org/t/p/original/finq0JnC6tIMkKczzyxLJjgWFfT.jpg');
INSERT INTO movie_image_urls (movie_id, image_url) VALUES (1193501, 'https://image.tmdb.org/t/p/original/jKAFENJfoqkFd35mb7JYAwjgztZ.jpg');
INSERT INTO movie_image_urls (movie_id, image_url) VALUES (1193501, 'https://image.tmdb.org/t/p/original/n4Vd7XfTsTaO7Mmc68WiktyLXQo.jpg');

INSERT INTO movies (id, title, release_year, duration_minutes, country, language, synopsis, poster_image_url, backdrop_image_url) VALUES (680493, 'Return to Silent Hill', 2026, 106, 'France', 'Polish', 'When James receives a mysterious letter from his lost love Mary, he is drawn to Silent Hill—a once-familiar town now consumed by darkness. As he searches for her, James faces monstrous creatures and unravels a terrifying truth that will push him to the edge of his sanity.', 'https://image.tmdb.org/t/p/w500/fqAGFN2K2kDL0EHxvJaXzaMUkkt.jpg', 'https://image.tmdb.org/t/p/original/v0NEB75SZjxY8GS3ho8WeEvjIT3.jpg') ON CONFLICT (id) DO UPDATE SET title = EXCLUDED.title, release_year = EXCLUDED.release_year, duration_minutes = EXCLUDED.duration_minutes, country = EXCLUDED.country, language = EXCLUDED.language, synopsis = EXCLUDED.synopsis, poster_image_url = EXCLUDED.poster_image_url, backdrop_image_url = EXCLUDED.backdrop_image_url;
INSERT INTO movie_directors (movie_id, director) VALUES (680493, 'Christophe Gans');
INSERT INTO movie_cast_members (movie_id, cast_member) VALUES (680493, 'Jeremy Irvine');
INSERT INTO movie_cast_members (movie_id, cast_member) VALUES (680493, 'Hannah Emily Anderson');
INSERT INTO movie_cast_members (movie_id, cast_member) VALUES (680493, 'Evie Templeton');
INSERT INTO movie_cast_members (movie_id, cast_member) VALUES (680493, 'Pearse Egan');
INSERT INTO movie_cast_members (movie_id, cast_member) VALUES (680493, 'Nicola Alexis');
INSERT INTO movie_genres (movie_id, genre) VALUES (680493, 'Mystery');
INSERT INTO movie_genres (movie_id, genre) VALUES (680493, 'Drama');
INSERT INTO movie_genres (movie_id, genre) VALUES (680493, 'Horror');
INSERT INTO movie_image_urls (movie_id, image_url) VALUES (680493, 'https://image.tmdb.org/t/p/original/nTbO6UF944b0VZrgypMK5rFYRSW.jpg');
INSERT INTO movie_image_urls (movie_id, image_url) VALUES (680493, 'https://image.tmdb.org/t/p/original/8pUye1LPtIL1Z0hKhgtiax0akI8.jpg');
INSERT INTO movie_image_urls (movie_id, image_url) VALUES (680493, 'https://image.tmdb.org/t/p/original/thX9LNAEEtCpjypCMUB5efItT7g.jpg');
INSERT INTO movie_image_urls (movie_id, image_url) VALUES (680493, 'https://image.tmdb.org/t/p/original/iYtdDPURUXebWX0sbSx3uLNfvPO.jpg');

INSERT INTO movies (id, title, release_year, duration_minutes, country, language, synopsis, poster_image_url, backdrop_image_url) VALUES (1325734, 'The Drama', 2026, 105, 'United States of America', 'English', 'A happily engaged couple is put to the test when an unexpected turn sends their wedding week off the rails.', 'https://image.tmdb.org/t/p/w500/rnIOUhzwJDfgQakx8EjoNyItKgs.jpg', 'https://image.tmdb.org/t/p/original/1oKLEA9JOhvaBwLpqjROisvWMy7.jpg') ON CONFLICT (id) DO UPDATE SET title = EXCLUDED.title, release_year = EXCLUDED.release_year, duration_minutes = EXCLUDED.duration_minutes, country = EXCLUDED.country, language = EXCLUDED.language, synopsis = EXCLUDED.synopsis, poster_image_url = EXCLUDED.poster_image_url, backdrop_image_url = EXCLUDED.backdrop_image_url;
INSERT INTO movie_directors (movie_id, director) VALUES (1325734, 'Kristoffer Borgli');
INSERT INTO movie_cast_members (movie_id, cast_member) VALUES (1325734, 'Zendaya');
INSERT INTO movie_cast_members (movie_id, cast_member) VALUES (1325734, 'Robert Pattinson');
INSERT INTO movie_cast_members (movie_id, cast_member) VALUES (1325734, 'Alana Haim');
INSERT INTO movie_cast_members (movie_id, cast_member) VALUES (1325734, 'Mamoudou Athie');
INSERT INTO movie_cast_members (movie_id, cast_member) VALUES (1325734, 'Hailey Benton Gates');
INSERT INTO movie_genres (movie_id, genre) VALUES (1325734, 'Romance');
INSERT INTO movie_genres (movie_id, genre) VALUES (1325734, 'Comedy');
INSERT INTO movie_genres (movie_id, genre) VALUES (1325734, 'Drama');
INSERT INTO movie_image_urls (movie_id, image_url) VALUES (1325734, 'https://image.tmdb.org/t/p/original/rw1WmxUvmbwRsbAX12m6toIg04j.jpg');
INSERT INTO movie_image_urls (movie_id, image_url) VALUES (1325734, 'https://image.tmdb.org/t/p/original/eEt1JlNsUxQaPBU4fV2iuAtLzqB.jpg');
INSERT INTO movie_image_urls (movie_id, image_url) VALUES (1325734, 'https://image.tmdb.org/t/p/original/yLjh1d3SlneSRVHz0ZrX1fuXSob.jpg');
INSERT INTO movie_image_urls (movie_id, image_url) VALUES (1325734, 'https://image.tmdb.org/t/p/original/gQxnJoswBzsENExzygVnFiemvK7.jpg');

INSERT INTO movies (id, title, release_year, duration_minutes, country, language, synopsis, poster_image_url, backdrop_image_url) VALUES (936075, 'Michael', 2026, 127, 'United Kingdom', 'English', 'Discover the story of Michael Jackson, one of the most influential artists the world has ever known, and his life beyond the music, tracing his journey from the discovery of his extraordinary talent as the lead of the Jackson Five, to the visionary artist whose creative ambition fueled a relentless pursuit to become the biggest entertainer in the world, highlighting both his life off-stage and some of the most iconic performances from his early solo career.', 'https://image.tmdb.org/t/p/w500/3Qud19bBUrrJAzy0Ilm8gRJlJXP.jpg', 'https://image.tmdb.org/t/p/original/xBT0oNq6rsTFv4SxG5uGRIEOrq6.jpg') ON CONFLICT (id) DO UPDATE SET title = EXCLUDED.title, release_year = EXCLUDED.release_year, duration_minutes = EXCLUDED.duration_minutes, country = EXCLUDED.country, language = EXCLUDED.language, synopsis = EXCLUDED.synopsis, poster_image_url = EXCLUDED.poster_image_url, backdrop_image_url = EXCLUDED.backdrop_image_url;
INSERT INTO movie_directors (movie_id, director) VALUES (936075, 'Antoine Fuqua');
INSERT INTO movie_cast_members (movie_id, cast_member) VALUES (936075, 'Jaafar Jackson');
INSERT INTO movie_cast_members (movie_id, cast_member) VALUES (936075, 'Colman Domingo');
INSERT INTO movie_cast_members (movie_id, cast_member) VALUES (936075, 'Nia Long');
INSERT INTO movie_cast_members (movie_id, cast_member) VALUES (936075, 'Kendrick Sampson');
INSERT INTO movie_cast_members (movie_id, cast_member) VALUES (936075, 'Miles Teller');
INSERT INTO movie_genres (movie_id, genre) VALUES (936075, 'Music');
INSERT INTO movie_genres (movie_id, genre) VALUES (936075, 'Drama');
INSERT INTO movie_genres (movie_id, genre) VALUES (936075, 'History');
INSERT INTO movie_image_urls (movie_id, image_url) VALUES (936075, 'https://image.tmdb.org/t/p/original/jATOTqAd18KEJzlJFWMpdWR49md.jpg');
INSERT INTO movie_image_urls (movie_id, image_url) VALUES (936075, 'https://image.tmdb.org/t/p/original/xh3v9v8RRbJgjcubewQ0wBjp8Qv.jpg');
INSERT INTO movie_image_urls (movie_id, image_url) VALUES (936075, 'https://image.tmdb.org/t/p/original/ufSwlnECLoUbBjPrFqEQcWBzHwc.jpg');
INSERT INTO movie_image_urls (movie_id, image_url) VALUES (936075, 'https://image.tmdb.org/t/p/original/aIkS5AVZQsXVAfXS8vYzhRz2gLY.jpg');

INSERT INTO movies (id, title, release_year, duration_minutes, country, language, synopsis, poster_image_url, backdrop_image_url) VALUES (1266127, 'Ready or Not: Here I Come', 2026, 108, 'United States of America', 'Mandarin', 'Moments after surviving an all-out attack from the Le Domas family, Grace discovers she’s reached the next level of the nightmarish game — and this time with her estranged sister Faith at her side. Grace has one chance to survive, keep her sister alive, and claim the High Seat of the Council that controls the world. Four rival families are hunting her for the throne, and whoever wins rules it all.', 'https://image.tmdb.org/t/p/w500/jRf89HVEtBZiSnOXXWDhZOfuTwW.jpg', 'https://image.tmdb.org/t/p/original/jSxeFrFCajefwka3TTRY4k8XVEX.jpg') ON CONFLICT (id) DO UPDATE SET title = EXCLUDED.title, release_year = EXCLUDED.release_year, duration_minutes = EXCLUDED.duration_minutes, country = EXCLUDED.country, language = EXCLUDED.language, synopsis = EXCLUDED.synopsis, poster_image_url = EXCLUDED.poster_image_url, backdrop_image_url = EXCLUDED.backdrop_image_url;
INSERT INTO movie_directors (movie_id, director) VALUES (1266127, 'Matt Bettinelli-Olpin');
INSERT INTO movie_directors (movie_id, director) VALUES (1266127, 'Tyler Gillett');
INSERT INTO movie_cast_members (movie_id, cast_member) VALUES (1266127, 'Samara Weaving');
INSERT INTO movie_cast_members (movie_id, cast_member) VALUES (1266127, 'Kathryn Newton');
INSERT INTO movie_cast_members (movie_id, cast_member) VALUES (1266127, 'Elijah Wood');
INSERT INTO movie_cast_members (movie_id, cast_member) VALUES (1266127, 'Sarah Michelle Gellar');
INSERT INTO movie_cast_members (movie_id, cast_member) VALUES (1266127, 'Shawn Hatosy');
INSERT INTO movie_genres (movie_id, genre) VALUES (1266127, 'Horror');
INSERT INTO movie_genres (movie_id, genre) VALUES (1266127, 'Comedy');
INSERT INTO movie_image_urls (movie_id, image_url) VALUES (1266127, 'https://image.tmdb.org/t/p/original/fpl1fBFvJkRJIzRePXqTMNlSfBx.jpg');
INSERT INTO movie_image_urls (movie_id, image_url) VALUES (1266127, 'https://image.tmdb.org/t/p/original/waUDWpsm3oCrzU9P4XnsBAh2cso.jpg');
INSERT INTO movie_image_urls (movie_id, image_url) VALUES (1266127, 'https://image.tmdb.org/t/p/original/34edT0SIrmUqH59J5OAQqYxp11D.jpg');
INSERT INTO movie_image_urls (movie_id, image_url) VALUES (1266127, 'https://image.tmdb.org/t/p/original/sJAzq4IvgohP9nVzijCH6lovX3e.jpg');

INSERT INTO movies (id, title, release_year, duration_minutes, country, language, synopsis, poster_image_url, backdrop_image_url) VALUES (1292695, 'They Will Kill You', 2026, 94, 'United States of America', 'English', 'A woman answers a help wanted ad to be a housekeeper in a mysterious New York City high-rise, unaware that she is entering a community that has seen a number of disappearances over the years and may be under the grip of a Satanic cult.', 'https://image.tmdb.org/t/p/w500/6oI4oQKTWMVUlr8Ivqydp28Ruu6.jpg', 'https://image.tmdb.org/t/p/original/qnTdOizsXBzYu3uIbfhHSfE29TE.jpg') ON CONFLICT (id) DO UPDATE SET title = EXCLUDED.title, release_year = EXCLUDED.release_year, duration_minutes = EXCLUDED.duration_minutes, country = EXCLUDED.country, language = EXCLUDED.language, synopsis = EXCLUDED.synopsis, poster_image_url = EXCLUDED.poster_image_url, backdrop_image_url = EXCLUDED.backdrop_image_url;
INSERT INTO movie_directors (movie_id, director) VALUES (1292695, 'Kirill Sokolov');
INSERT INTO movie_cast_members (movie_id, cast_member) VALUES (1292695, 'Zazie Beetz');
INSERT INTO movie_cast_members (movie_id, cast_member) VALUES (1292695, 'Patricia Arquette');
INSERT INTO movie_cast_members (movie_id, cast_member) VALUES (1292695, 'Myha''la');
INSERT INTO movie_cast_members (movie_id, cast_member) VALUES (1292695, 'Paterson Joseph');
INSERT INTO movie_cast_members (movie_id, cast_member) VALUES (1292695, 'Tom Felton');
INSERT INTO movie_genres (movie_id, genre) VALUES (1292695, 'Action');
INSERT INTO movie_genres (movie_id, genre) VALUES (1292695, 'Horror');
INSERT INTO movie_genres (movie_id, genre) VALUES (1292695, 'Comedy');
INSERT INTO movie_image_urls (movie_id, image_url) VALUES (1292695, 'https://image.tmdb.org/t/p/original/q05WV8DwEiyLbCgSVtg55RbUzou.jpg');
INSERT INTO movie_image_urls (movie_id, image_url) VALUES (1292695, 'https://image.tmdb.org/t/p/original/yDot2wbEHY08gkLDEpn34wZ6Aaa.jpg');
INSERT INTO movie_image_urls (movie_id, image_url) VALUES (1292695, 'https://image.tmdb.org/t/p/original/xnb15logFGJRniA7Ud3NILSPPhs.jpg');
INSERT INTO movie_image_urls (movie_id, image_url) VALUES (1292695, 'https://image.tmdb.org/t/p/original/p3HuMelSQeoYoR4xGjglgCwps8o.jpg');

INSERT INTO movies (id, title, release_year, duration_minutes, country, language, synopsis, poster_image_url, backdrop_image_url) VALUES (1119449, 'Good Luck, Have Fun, Don''t Die', 2026, 134, 'United States of America', 'English', 'A ''Man from the Future'' arrives at an LA diner where he must recruit the precise combination of disgruntled patrons to join him on a one-night quest to save the world from the terminal threat of a rogue artificial intelligence.', 'https://image.tmdb.org/t/p/w500/rWcfOdY7TU6lTdazWj0ebDZnAfO.jpg', 'https://image.tmdb.org/t/p/original/drRxbu2OHG0DEENptZ8wI5f0uEU.jpg') ON CONFLICT (id) DO UPDATE SET title = EXCLUDED.title, release_year = EXCLUDED.release_year, duration_minutes = EXCLUDED.duration_minutes, country = EXCLUDED.country, language = EXCLUDED.language, synopsis = EXCLUDED.synopsis, poster_image_url = EXCLUDED.poster_image_url, backdrop_image_url = EXCLUDED.backdrop_image_url;
INSERT INTO movie_directors (movie_id, director) VALUES (1119449, 'Gore Verbinski');
INSERT INTO movie_cast_members (movie_id, cast_member) VALUES (1119449, 'Sam Rockwell');
INSERT INTO movie_cast_members (movie_id, cast_member) VALUES (1119449, 'Juno Temple');
INSERT INTO movie_cast_members (movie_id, cast_member) VALUES (1119449, 'Haley Lu Richardson');
INSERT INTO movie_cast_members (movie_id, cast_member) VALUES (1119449, 'Michael Peña');
INSERT INTO movie_cast_members (movie_id, cast_member) VALUES (1119449, 'Zazie Beetz');
INSERT INTO movie_genres (movie_id, genre) VALUES (1119449, 'Science Fiction');
INSERT INTO movie_genres (movie_id, genre) VALUES (1119449, 'Action');
INSERT INTO movie_genres (movie_id, genre) VALUES (1119449, 'Comedy');
INSERT INTO movie_image_urls (movie_id, image_url) VALUES (1119449, 'https://image.tmdb.org/t/p/original/h19dIr3hcthIQumyF8SgTsz9g3E.jpg');
INSERT INTO movie_image_urls (movie_id, image_url) VALUES (1119449, 'https://image.tmdb.org/t/p/original/9MDokHeZAGCdULfdkBOwVmQtTOD.jpg');
INSERT INTO movie_image_urls (movie_id, image_url) VALUES (1119449, 'https://image.tmdb.org/t/p/original/h9mtiCCI4dv0EHPHHXslNrr8boq.jpg');
INSERT INTO movie_image_urls (movie_id, image_url) VALUES (1119449, 'https://image.tmdb.org/t/p/original/zED07zm2y1cGTjnyiPHSpzW6Tzn.jpg');

INSERT INTO movies (id, title, release_year, duration_minutes, country, language, synopsis, poster_image_url, backdrop_image_url) VALUES (550, 'Fight Club', 1999, 139, 'Germany', 'English', 'A ticking-time-bomb insomniac and a slippery soap salesman channel primal male aggression into a shocking new form of therapy. Their concept catches on, with underground "fight clubs" forming in every town, until an eccentric gets in the way and ignites an out-of-control spiral toward oblivion.', 'https://image.tmdb.org/t/p/w500/jSziioSwPVrOy9Yow3XhWIBDjq1.jpg', 'https://image.tmdb.org/t/p/original/c6OLXfKAk5BKeR6broC8pYiCquX.jpg') ON CONFLICT (id) DO UPDATE SET title = EXCLUDED.title, release_year = EXCLUDED.release_year, duration_minutes = EXCLUDED.duration_minutes, country = EXCLUDED.country, language = EXCLUDED.language, synopsis = EXCLUDED.synopsis, poster_image_url = EXCLUDED.poster_image_url, backdrop_image_url = EXCLUDED.backdrop_image_url;
INSERT INTO movie_directors (movie_id, director) VALUES (550, 'David Fincher');
INSERT INTO movie_cast_members (movie_id, cast_member) VALUES (550, 'Edward Norton');
INSERT INTO movie_cast_members (movie_id, cast_member) VALUES (550, 'Brad Pitt');
INSERT INTO movie_cast_members (movie_id, cast_member) VALUES (550, 'Helena Bonham Carter');
INSERT INTO movie_cast_members (movie_id, cast_member) VALUES (550, 'Meat Loaf');
INSERT INTO movie_cast_members (movie_id, cast_member) VALUES (550, 'Jared Leto');
INSERT INTO movie_genres (movie_id, genre) VALUES (550, 'Drama');
INSERT INTO movie_genres (movie_id, genre) VALUES (550, 'Thriller');
INSERT INTO movie_image_urls (movie_id, image_url) VALUES (550, 'https://image.tmdb.org/t/p/original/xRyINp9KfMLVjRiO5nCsoRDdvvF.jpg');
INSERT INTO movie_image_urls (movie_id, image_url) VALUES (550, 'https://image.tmdb.org/t/p/original/hZkgoQYus5vegHoetLkCJzb17zJ.jpg');
INSERT INTO movie_image_urls (movie_id, image_url) VALUES (550, 'https://image.tmdb.org/t/p/original/3nv2TEz2u178xPXzdKlZdUh5uOI.jpg');
INSERT INTO movie_image_urls (movie_id, image_url) VALUES (550, 'https://image.tmdb.org/t/p/original/rr7E0NoGKxvbkb89eR1GwfoYjpA.jpg');

INSERT INTO movies (id, title, release_year, duration_minutes, country, language, synopsis, poster_image_url, backdrop_image_url) VALUES (1305781, 'Blades of the Guardians: Wind Rises in the Desert', 2026, 126, 'China', 'Mandarin', 'Dao Ma, the "second most wanted fugitive," is entrusted by his benefactor, the chief of Mo family clan, to take on a mysterious escort mission-escorting the "most wanted fugitive" to Chang''an.', 'https://image.tmdb.org/t/p/w500/4QZwryGm8l7N5XdEjPchNPl0BV7.jpg', 'https://image.tmdb.org/t/p/original/cYyNJzwhaj7aC4uTlUctrfaERbf.jpg') ON CONFLICT (id) DO UPDATE SET title = EXCLUDED.title, release_year = EXCLUDED.release_year, duration_minutes = EXCLUDED.duration_minutes, country = EXCLUDED.country, language = EXCLUDED.language, synopsis = EXCLUDED.synopsis, poster_image_url = EXCLUDED.poster_image_url, backdrop_image_url = EXCLUDED.backdrop_image_url;
INSERT INTO movie_directors (movie_id, director) VALUES (1305781, 'Yuen Woo-Ping');
INSERT INTO movie_cast_members (movie_id, cast_member) VALUES (1305781, 'Wu Jing');
INSERT INTO movie_cast_members (movie_id, cast_member) VALUES (1305781, 'Nicholas Tse Ting-Fung');
INSERT INTO movie_cast_members (movie_id, cast_member) VALUES (1305781, 'Yu Shi');
INSERT INTO movie_cast_members (movie_id, cast_member) VALUES (1305781, 'Chen Lijun');
INSERT INTO movie_cast_members (movie_id, cast_member) VALUES (1305781, 'Sun Yizhou');
INSERT INTO movie_genres (movie_id, genre) VALUES (1305781, 'Action');
INSERT INTO movie_genres (movie_id, genre) VALUES (1305781, 'Drama');
INSERT INTO movie_genres (movie_id, genre) VALUES (1305781, 'History');
INSERT INTO movie_image_urls (movie_id, image_url) VALUES (1305781, 'https://image.tmdb.org/t/p/original/yC6MexRwOyp7PDWCGnDIpdnnzYj.jpg');
INSERT INTO movie_image_urls (movie_id, image_url) VALUES (1305781, 'https://image.tmdb.org/t/p/original/i5f2BsENnc4TTUfyyq1pnX4MKpL.jpg');
INSERT INTO movie_image_urls (movie_id, image_url) VALUES (1305781, 'https://image.tmdb.org/t/p/original/fbt1fMtsLlChWbPUZQfo0Nk8uut.jpg');
INSERT INTO movie_image_urls (movie_id, image_url) VALUES (1305781, 'https://image.tmdb.org/t/p/original/7rPTaWFzAaOrC4kJTKXRBBrB1Kv.jpg');

INSERT INTO movies (id, title, release_year, duration_minutes, country, language, synopsis, poster_image_url, backdrop_image_url) VALUES (1480382, 'The Voice of Hind Rajab', 2025, 89, 'France', 'English', 'January 29, 2024. Red Crescent volunteers receive an emergency call. A five-year old girl is trapped in a car under fire in Gaza, pleading for rescue. While trying to keep her on the line, they do everything they can to get an ambulance to her. Her name was Hind Rajab.', 'https://image.tmdb.org/t/p/w500/q7M8kQB46T11vmDMD6E239jsqTz.jpg', 'https://image.tmdb.org/t/p/original/rNu7OkOeZyylZcUqIA7DpclTjur.jpg') ON CONFLICT (id) DO UPDATE SET title = EXCLUDED.title, release_year = EXCLUDED.release_year, duration_minutes = EXCLUDED.duration_minutes, country = EXCLUDED.country, language = EXCLUDED.language, synopsis = EXCLUDED.synopsis, poster_image_url = EXCLUDED.poster_image_url, backdrop_image_url = EXCLUDED.backdrop_image_url;
INSERT INTO movie_directors (movie_id, director) VALUES (1480382, 'Kaouther Ben Hania');
INSERT INTO movie_cast_members (movie_id, cast_member) VALUES (1480382, 'Hind Rajab');
INSERT INTO movie_cast_members (movie_id, cast_member) VALUES (1480382, 'Motaz Malhees');
INSERT INTO movie_cast_members (movie_id, cast_member) VALUES (1480382, 'Saja Kilani');
INSERT INTO movie_cast_members (movie_id, cast_member) VALUES (1480382, 'Amer Hlehel');
INSERT INTO movie_cast_members (movie_id, cast_member) VALUES (1480382, 'Clara Khoury');
INSERT INTO movie_genres (movie_id, genre) VALUES (1480382, 'Drama');
INSERT INTO movie_genres (movie_id, genre) VALUES (1480382, 'History');
INSERT INTO movie_image_urls (movie_id, image_url) VALUES (1480382, 'https://image.tmdb.org/t/p/original/gkLC8mMcDCwskn0MVGslUGEadDj.jpg');
INSERT INTO movie_image_urls (movie_id, image_url) VALUES (1480382, 'https://image.tmdb.org/t/p/original/tythOQk2aXCKZUIu0bg0KIqyiLH.jpg');
INSERT INTO movie_image_urls (movie_id, image_url) VALUES (1480382, 'https://image.tmdb.org/t/p/original/pTgi0YC992aadhi8Ag8SaKuHMHr.jpg');
INSERT INTO movie_image_urls (movie_id, image_url) VALUES (1480382, 'https://image.tmdb.org/t/p/original/d6LFR7R8TY9EbqUJMFQjbkUtqQL.jpg');

INSERT INTO movies (id, title, release_year, duration_minutes, country, language, synopsis, poster_image_url, backdrop_image_url) VALUES (1304313, 'Lee Cronin''s The Mummy', 2026, 1, 'United States of America', 'Spanish', 'The young daughter of a journalist disappears into the desert without a trace—eight years later, the broken family is shocked when she is returned to them, as what should be a joyful reunion turns into a living nightmare.', 'https://image.tmdb.org/t/p/w500/lTQoEczVEnkuxHFEGgWYfJB98tL.jpg', 'https://image.tmdb.org/t/p/original/79KQBeQBR8aGbwhH3JJ3ZWzfPT6.jpg') ON CONFLICT (id) DO UPDATE SET title = EXCLUDED.title, release_year = EXCLUDED.release_year, duration_minutes = EXCLUDED.duration_minutes, country = EXCLUDED.country, language = EXCLUDED.language, synopsis = EXCLUDED.synopsis, poster_image_url = EXCLUDED.poster_image_url, backdrop_image_url = EXCLUDED.backdrop_image_url;
INSERT INTO movie_directors (movie_id, director) VALUES (1304313, 'Lee Cronin');
INSERT INTO movie_cast_members (movie_id, cast_member) VALUES (1304313, 'Jack Reynor');
INSERT INTO movie_cast_members (movie_id, cast_member) VALUES (1304313, 'Laia Costa');
INSERT INTO movie_cast_members (movie_id, cast_member) VALUES (1304313, 'May Calamawy');
INSERT INTO movie_cast_members (movie_id, cast_member) VALUES (1304313, 'Natalie Grace');
INSERT INTO movie_cast_members (movie_id, cast_member) VALUES (1304313, 'Veronica Falcón');
INSERT INTO movie_genres (movie_id, genre) VALUES (1304313, 'Horror');
INSERT INTO movie_genres (movie_id, genre) VALUES (1304313, 'Mystery');
INSERT INTO movie_image_urls (movie_id, image_url) VALUES (1304313, 'https://image.tmdb.org/t/p/original/wr8k3DsJvqlFeR3xE1xfIsasNUb.jpg');
INSERT INTO movie_image_urls (movie_id, image_url) VALUES (1304313, 'https://image.tmdb.org/t/p/original/glZi1TnYHf3y0SthGg941XwcBNA.jpg');
INSERT INTO movie_image_urls (movie_id, image_url) VALUES (1304313, 'https://image.tmdb.org/t/p/original/omGYnMNNoohPuD4xwKFbTNVcjDL.jpg');
INSERT INTO movie_image_urls (movie_id, image_url) VALUES (1304313, 'https://image.tmdb.org/t/p/original/gsyscEyJHLhnkx1WpEFUAMa2jdZ.jpg');

INSERT INTO movies (id, title, release_year, duration_minutes, country, language, synopsis, poster_image_url, backdrop_image_url) VALUES (1497970, 'Tom and Jerry: Forbidden Compass', 2025, 104, 'China', 'Mandarin', 'During a chase inside a museum, Tom and Jerry find a magical object and end up being transported through time. Lost in a distant era, they will need to work together to find a way back home.', 'https://image.tmdb.org/t/p/w500/albjgHkWubnva9WpfHDowmShAJ7.jpg', 'https://image.tmdb.org/t/p/original/daVBzTiyRs4a7vf4SnBoeqJtwRy.jpg') ON CONFLICT (id) DO UPDATE SET title = EXCLUDED.title, release_year = EXCLUDED.release_year, duration_minutes = EXCLUDED.duration_minutes, country = EXCLUDED.country, language = EXCLUDED.language, synopsis = EXCLUDED.synopsis, poster_image_url = EXCLUDED.poster_image_url, backdrop_image_url = EXCLUDED.backdrop_image_url;
INSERT INTO movie_directors (movie_id, director) VALUES (1497970, 'Zhang Gang');
INSERT INTO movie_cast_members (movie_id, cast_member) VALUES (1497970, 'Jiang Wen');
INSERT INTO movie_cast_members (movie_id, cast_member) VALUES (1497970, 'Shun Zi');
INSERT INTO movie_cast_members (movie_id, cast_member) VALUES (1497970, 'Lan Long');
INSERT INTO movie_cast_members (movie_id, cast_member) VALUES (1497970, 'Tu Xiongfei');
INSERT INTO movie_cast_members (movie_id, cast_member) VALUES (1497970, 'Li Baixin');
INSERT INTO movie_genres (movie_id, genre) VALUES (1497970, 'Animation');
INSERT INTO movie_genres (movie_id, genre) VALUES (1497970, 'Comedy');
INSERT INTO movie_genres (movie_id, genre) VALUES (1497970, 'Family');
INSERT INTO movie_genres (movie_id, genre) VALUES (1497970, 'Fantasy');
INSERT INTO movie_genres (movie_id, genre) VALUES (1497970, 'Adventure');
INSERT INTO movie_image_urls (movie_id, image_url) VALUES (1497970, 'https://image.tmdb.org/t/p/original/9qI2hBLrhwtynNF4P0DjE2edY9W.jpg');
INSERT INTO movie_image_urls (movie_id, image_url) VALUES (1497970, 'https://image.tmdb.org/t/p/original/1enGiHq3W9GgH3VxVAwTPKg7HAO.jpg');
INSERT INTO movie_image_urls (movie_id, image_url) VALUES (1497970, 'https://image.tmdb.org/t/p/original/9RmIdlQpa0DLej4h24EZRmH9LR0.jpg');
INSERT INTO movie_image_urls (movie_id, image_url) VALUES (1497970, 'https://image.tmdb.org/t/p/original/icOu1nxW8Tjasyo8R5vvfVvHb8u.jpg');

INSERT INTO movies (id, title, release_year, duration_minutes, country, language, synopsis, poster_image_url, backdrop_image_url) VALUES (1408208, 'Exit 8', 2025, 95, 'Japan', 'Japanese', 'A man trapped in an endless sterile subway passageway sets out to find Exit 8. The rules of his quest are simple: do not overlook anything out of the ordinary. If you discover an anomaly, turn back immediately. If you don’t, carry on. Then leave from Exit 8. But even a single oversight will send him back to the beginning. Will he ever reach his goal and escape this infinite corridor?', 'https://image.tmdb.org/t/p/w500/nQXYTvm6AY4WmtcPskroqC7Skh.jpg', 'https://image.tmdb.org/t/p/original/3cVrg7tzSf5AgEecYWDOSAzXAeX.jpg') ON CONFLICT (id) DO UPDATE SET title = EXCLUDED.title, release_year = EXCLUDED.release_year, duration_minutes = EXCLUDED.duration_minutes, country = EXCLUDED.country, language = EXCLUDED.language, synopsis = EXCLUDED.synopsis, poster_image_url = EXCLUDED.poster_image_url, backdrop_image_url = EXCLUDED.backdrop_image_url;
INSERT INTO movie_directors (movie_id, director) VALUES (1408208, 'Genki Kawamura');
INSERT INTO movie_cast_members (movie_id, cast_member) VALUES (1408208, 'Kazunari Ninomiya');
INSERT INTO movie_cast_members (movie_id, cast_member) VALUES (1408208, 'Yamato Kochi');
INSERT INTO movie_cast_members (movie_id, cast_member) VALUES (1408208, 'Nana Komatsu');
INSERT INTO movie_cast_members (movie_id, cast_member) VALUES (1408208, 'Naru Asanuma');
INSERT INTO movie_cast_members (movie_id, cast_member) VALUES (1408208, 'Kotone Hanase');
INSERT INTO movie_genres (movie_id, genre) VALUES (1408208, 'Horror');
INSERT INTO movie_genres (movie_id, genre) VALUES (1408208, 'Mystery');
INSERT INTO movie_image_urls (movie_id, image_url) VALUES (1408208, 'https://image.tmdb.org/t/p/original/ie827c44beNPNnxIOi8EM9mCI4A.jpg');
INSERT INTO movie_image_urls (movie_id, image_url) VALUES (1408208, 'https://image.tmdb.org/t/p/original/f5csnjqQj5qdqc0EZchon94hXZ6.jpg');
INSERT INTO movie_image_urls (movie_id, image_url) VALUES (1408208, 'https://image.tmdb.org/t/p/original/vv5Zlkpaj9p76NvFxtFp0UJEEFc.jpg');
INSERT INTO movie_image_urls (movie_id, image_url) VALUES (1408208, 'https://image.tmdb.org/t/p/original/mL0Sj58I0uKRy9S4xofxXoMDDd7.jpg');

INSERT INTO movies (id, title, release_year, duration_minutes, country, language, synopsis, poster_image_url, backdrop_image_url) VALUES (1314481, 'The Devil Wears Prada 2', 2026, 120, 'United States of America', 'English', 'Miranda Priestly navigates her career amid the decline of traditional magazine publishing. She faces off against Emily Charlton, her one-time assistant, now a high-powered executive for a luxury group, with advertising dollars that Priestly desperately needs.', 'https://image.tmdb.org/t/p/w500/p35IoKfBtJDNiWJMO8ZEtIMZSfW.jpg', 'https://image.tmdb.org/t/p/original/e5dglyzFNGvrcnddZxF4LJu5b4b.jpg') ON CONFLICT (id) DO UPDATE SET title = EXCLUDED.title, release_year = EXCLUDED.release_year, duration_minutes = EXCLUDED.duration_minutes, country = EXCLUDED.country, language = EXCLUDED.language, synopsis = EXCLUDED.synopsis, poster_image_url = EXCLUDED.poster_image_url, backdrop_image_url = EXCLUDED.backdrop_image_url;
INSERT INTO movie_directors (movie_id, director) VALUES (1314481, 'David Frankel');
INSERT INTO movie_cast_members (movie_id, cast_member) VALUES (1314481, 'Meryl Streep');
INSERT INTO movie_cast_members (movie_id, cast_member) VALUES (1314481, 'Anne Hathaway');
INSERT INTO movie_cast_members (movie_id, cast_member) VALUES (1314481, 'Emily Blunt');
INSERT INTO movie_cast_members (movie_id, cast_member) VALUES (1314481, 'Stanley Tucci');
INSERT INTO movie_cast_members (movie_id, cast_member) VALUES (1314481, 'Kenneth Branagh');
INSERT INTO movie_genres (movie_id, genre) VALUES (1314481, 'Drama');
INSERT INTO movie_genres (movie_id, genre) VALUES (1314481, 'Comedy');
INSERT INTO movie_image_urls (movie_id, image_url) VALUES (1314481, 'https://image.tmdb.org/t/p/original/y3fQa7pytlysovXzovpXc1OQlTW.jpg');
INSERT INTO movie_image_urls (movie_id, image_url) VALUES (1314481, 'https://image.tmdb.org/t/p/original/kWVRd8yhB4SGdjSqVI2c6DwHInS.jpg');
INSERT INTO movie_image_urls (movie_id, image_url) VALUES (1314481, 'https://image.tmdb.org/t/p/original/2cr7imTLVSSrzgL3bFKAMCMdgKw.jpg');
INSERT INTO movie_image_urls (movie_id, image_url) VALUES (1314481, 'https://image.tmdb.org/t/p/original/k4YdkROBt7uJ8tJFYMbgYIqHVqm.jpg');

INSERT INTO movies (id, title, release_year, duration_minutes, country, language, synopsis, poster_image_url, backdrop_image_url) VALUES (1406657, 'Scarlet', 2025, 112, 'Japan', 'Japanese', 'After failing to avenge her father''s murder, Princess Scarlet, wakes up in the "Land of the Dead." In this world filled with madness, if she does not achieve her revenge against her nemesis and reach the "No End Place," she will become "Void" and cease to exist. Can Scarlet find a way to live at the end of her endless journey?', 'https://image.tmdb.org/t/p/w500/2O2tOyS4kvO9GtFPHpWmbXvfRQv.jpg', 'https://image.tmdb.org/t/p/original/4ZZiOP4Imzv6ULF9QczvfQ1VdEO.jpg') ON CONFLICT (id) DO UPDATE SET title = EXCLUDED.title, release_year = EXCLUDED.release_year, duration_minutes = EXCLUDED.duration_minutes, country = EXCLUDED.country, language = EXCLUDED.language, synopsis = EXCLUDED.synopsis, poster_image_url = EXCLUDED.poster_image_url, backdrop_image_url = EXCLUDED.backdrop_image_url;
INSERT INTO movie_directors (movie_id, director) VALUES (1406657, 'Mamoru Hosoda');
INSERT INTO movie_cast_members (movie_id, cast_member) VALUES (1406657, 'Mana Ashida');
INSERT INTO movie_cast_members (movie_id, cast_member) VALUES (1406657, 'Masaki Okada');
INSERT INTO movie_cast_members (movie_id, cast_member) VALUES (1406657, 'Yutaka Matsushige');
INSERT INTO movie_cast_members (movie_id, cast_member) VALUES (1406657, 'Kotaro Yoshida');
INSERT INTO movie_cast_members (movie_id, cast_member) VALUES (1406657, 'Koji Yakusho');
INSERT INTO movie_genres (movie_id, genre) VALUES (1406657, 'Animation');
INSERT INTO movie_genres (movie_id, genre) VALUES (1406657, 'Action');
INSERT INTO movie_genres (movie_id, genre) VALUES (1406657, 'Drama');
INSERT INTO movie_genres (movie_id, genre) VALUES (1406657, 'Science Fiction');
INSERT INTO movie_image_urls (movie_id, image_url) VALUES (1406657, 'https://image.tmdb.org/t/p/original/1veW9CaejBZDHmWVmcgfYAUvirT.jpg');
INSERT INTO movie_image_urls (movie_id, image_url) VALUES (1406657, 'https://image.tmdb.org/t/p/original/OLAM411U5DQHJbRuzTLZ7r1tBm.jpg');
INSERT INTO movie_image_urls (movie_id, image_url) VALUES (1406657, 'https://image.tmdb.org/t/p/original/4WL6gsHcV8eYorbRENpZ97jR35c.jpg');
INSERT INTO movie_image_urls (movie_id, image_url) VALUES (1406657, 'https://image.tmdb.org/t/p/original/v6ahsPdNU0AVfgbQQU1xk8h6n6s.jpg');

INSERT INTO movies (id, title, release_year, duration_minutes, country, language, synopsis, poster_image_url, backdrop_image_url) VALUES (1418657, 'The Yeti', 2026, 93, 'United States of America', 'English', 'When an oil tycoon and a famous adventurer vanish into the harsh winter of remote northern Alaska, a hand-picked rescue team endeavors to bring them home. What they don’t know is that they are trespassing on The Yeti’s territory, and the elements are the least of their worries.', 'https://image.tmdb.org/t/p/w500/qW22SucWPODisKufindxiI5Frxm.jpg', 'https://image.tmdb.org/t/p/original/13iSfmlqlMBAAYVlfrxj84qrQPP.jpg') ON CONFLICT (id) DO UPDATE SET title = EXCLUDED.title, release_year = EXCLUDED.release_year, duration_minutes = EXCLUDED.duration_minutes, country = EXCLUDED.country, language = EXCLUDED.language, synopsis = EXCLUDED.synopsis, poster_image_url = EXCLUDED.poster_image_url, backdrop_image_url = EXCLUDED.backdrop_image_url;
INSERT INTO movie_directors (movie_id, director) VALUES (1418657, 'Gene Gallerano');
INSERT INTO movie_directors (movie_id, director) VALUES (1418657, 'William Pisciotta');
INSERT INTO movie_cast_members (movie_id, cast_member) VALUES (1418657, 'Jim Cummings');
INSERT INTO movie_cast_members (movie_id, cast_member) VALUES (1418657, 'Brittany Allen');
INSERT INTO movie_cast_members (movie_id, cast_member) VALUES (1418657, 'Eric Nelsen');
INSERT INTO movie_cast_members (movie_id, cast_member) VALUES (1418657, 'Corbin Bernsen');
INSERT INTO movie_cast_members (movie_id, cast_member) VALUES (1418657, 'William Sadler');
INSERT INTO movie_genres (movie_id, genre) VALUES (1418657, 'Horror');
INSERT INTO movie_genres (movie_id, genre) VALUES (1418657, 'Thriller');
INSERT INTO movie_image_urls (movie_id, image_url) VALUES (1418657, 'https://image.tmdb.org/t/p/original/A9fEDWzImtyhYOfANWCFj8yInY4.jpg');
INSERT INTO movie_image_urls (movie_id, image_url) VALUES (1418657, 'https://image.tmdb.org/t/p/original/3ogiULhKodl1ctRM7VkE2OQTlQj.jpg');
INSERT INTO movie_image_urls (movie_id, image_url) VALUES (1418657, 'https://image.tmdb.org/t/p/original/9naRfofg88ipSP6CUpQAzxGbkyt.jpg');
INSERT INTO movie_image_urls (movie_id, image_url) VALUES (1418657, 'https://image.tmdb.org/t/p/original/1ytf7rzkZ7RLlMnBdGggQ0ENe6z.jpg');

INSERT INTO movies (id, title, release_year, duration_minutes, country, language, synopsis, poster_image_url, backdrop_image_url) VALUES (37165, 'The Truman Show', 1998, 103, 'United States of America', 'English', 'In a picture-perfect seaside town, an insurance salesman begins to realize that his entire existence may be staged and observed by a vast unseen audience as part of a reality TV show.', 'https://image.tmdb.org/t/p/w500/vuza0WqY239yBXOadKlGwJsZJFE.jpg', 'https://image.tmdb.org/t/p/original/aCHn2TXYJfzPXQKA6r9mKPbMlUB.jpg') ON CONFLICT (id) DO UPDATE SET title = EXCLUDED.title, release_year = EXCLUDED.release_year, duration_minutes = EXCLUDED.duration_minutes, country = EXCLUDED.country, language = EXCLUDED.language, synopsis = EXCLUDED.synopsis, poster_image_url = EXCLUDED.poster_image_url, backdrop_image_url = EXCLUDED.backdrop_image_url;
INSERT INTO movie_directors (movie_id, director) VALUES (37165, 'Peter Weir');
INSERT INTO movie_cast_members (movie_id, cast_member) VALUES (37165, 'Jim Carrey');
INSERT INTO movie_cast_members (movie_id, cast_member) VALUES (37165, 'Laura Linney');
INSERT INTO movie_cast_members (movie_id, cast_member) VALUES (37165, 'Noah Emmerich');
INSERT INTO movie_cast_members (movie_id, cast_member) VALUES (37165, 'Natascha McElhone');
INSERT INTO movie_cast_members (movie_id, cast_member) VALUES (37165, 'Holland Taylor');
INSERT INTO movie_genres (movie_id, genre) VALUES (37165, 'Comedy');
INSERT INTO movie_genres (movie_id, genre) VALUES (37165, 'Drama');
INSERT INTO movie_image_urls (movie_id, image_url) VALUES (37165, 'https://image.tmdb.org/t/p/original/rmiG2uwcNoGFmBKMoa1pIcf514L.jpg');
INSERT INTO movie_image_urls (movie_id, image_url) VALUES (37165, 'https://image.tmdb.org/t/p/original/1xWHfZH4Fapu6Yrkv4oOk2rEUTx.jpg');
INSERT INTO movie_image_urls (movie_id, image_url) VALUES (37165, 'https://image.tmdb.org/t/p/original/rVOHeP2uU4jtCunXWAWE6Xn5xam.jpg');
INSERT INTO movie_image_urls (movie_id, image_url) VALUES (37165, 'https://image.tmdb.org/t/p/original/1szsl8P3zzvb9O4WJM7B3CLQ7r4.jpg');

INSERT INTO movies (id, title, release_year, duration_minutes, country, language, synopsis, poster_image_url, backdrop_image_url) VALUES (1317149, 'I Swear', 2025, 121, 'United Kingdom', 'English', 'Diagnosed with Tourette Syndrome at 15, John Davidson navigates his way against the odds through troubled teenage years and into adulthood, finding inspiration in the kindness of others to discover his true purpose in life.', 'https://image.tmdb.org/t/p/w500/vUwyhNWBKkSwK8ELvEeBRwV724h.jpg', 'https://image.tmdb.org/t/p/original/fe6kkxaxn0mCU2gl1vfU44IYWsy.jpg') ON CONFLICT (id) DO UPDATE SET title = EXCLUDED.title, release_year = EXCLUDED.release_year, duration_minutes = EXCLUDED.duration_minutes, country = EXCLUDED.country, language = EXCLUDED.language, synopsis = EXCLUDED.synopsis, poster_image_url = EXCLUDED.poster_image_url, backdrop_image_url = EXCLUDED.backdrop_image_url;
INSERT INTO movie_directors (movie_id, director) VALUES (1317149, 'Kirk Jones');
INSERT INTO movie_cast_members (movie_id, cast_member) VALUES (1317149, 'Robert Aramayo');
INSERT INTO movie_cast_members (movie_id, cast_member) VALUES (1317149, 'Maxine Peake');
INSERT INTO movie_cast_members (movie_id, cast_member) VALUES (1317149, 'Peter Mullan');
INSERT INTO movie_cast_members (movie_id, cast_member) VALUES (1317149, 'Shirley Henderson');
INSERT INTO movie_cast_members (movie_id, cast_member) VALUES (1317149, 'Scott Ellis Watson');
INSERT INTO movie_genres (movie_id, genre) VALUES (1317149, 'Drama');
INSERT INTO movie_genres (movie_id, genre) VALUES (1317149, 'History');
INSERT INTO movie_image_urls (movie_id, image_url) VALUES (1317149, 'https://image.tmdb.org/t/p/original/lfQz7AMn9kKpjLaQjs4nRuEFuRp.jpg');
INSERT INTO movie_image_urls (movie_id, image_url) VALUES (1317149, 'https://image.tmdb.org/t/p/original/8RDGeDnfsHNgm7PxKAMc443IahH.jpg');
INSERT INTO movie_image_urls (movie_id, image_url) VALUES (1317149, 'https://image.tmdb.org/t/p/original/xTINRp3krG76DzrCIIt2cCZVYte.jpg');
INSERT INTO movie_image_urls (movie_id, image_url) VALUES (1317149, 'https://image.tmdb.org/t/p/original/oNwKbQnpQyX0zHNg2VFn0trjP64.jpg');

INSERT INTO movies (id, title, release_year, duration_minutes, country, language, synopsis, poster_image_url, backdrop_image_url) VALUES (848116, 'Rocky Aur Rani Kii Prem Kahaani', 2023, 179, 'India', 'Bengali', 'Gym-freak brat Rocky falls in love with Rani, who comes from a well-educated Bengali family. Being from polar opposite worlds, the two decide to switch their families to adjust to each other''s cultures and backgrounds and to know if their marriage will survive. Rocky and Rani are trapped in a world where they are united by love but divided by families and the ultimate question is will they fit in?', 'https://image.tmdb.org/t/p/w500/vTQIqlxUkOuyf2UKhlM2OUaFGKz.jpg', 'https://image.tmdb.org/t/p/original/61RYedFgX1K07xgVIvdJzukSR4g.jpg') ON CONFLICT (id) DO UPDATE SET title = EXCLUDED.title, release_year = EXCLUDED.release_year, duration_minutes = EXCLUDED.duration_minutes, country = EXCLUDED.country, language = EXCLUDED.language, synopsis = EXCLUDED.synopsis, poster_image_url = EXCLUDED.poster_image_url, backdrop_image_url = EXCLUDED.backdrop_image_url;
INSERT INTO movie_directors (movie_id, director) VALUES (848116, 'Karan Johar');
INSERT INTO movie_cast_members (movie_id, cast_member) VALUES (848116, 'Alia Bhatt');
INSERT INTO movie_cast_members (movie_id, cast_member) VALUES (848116, 'Ranveer Singh');
INSERT INTO movie_cast_members (movie_id, cast_member) VALUES (848116, 'Jaya Bachchan');
INSERT INTO movie_cast_members (movie_id, cast_member) VALUES (848116, 'Shabana Azmi');
INSERT INTO movie_cast_members (movie_id, cast_member) VALUES (848116, 'Dharmendra');
INSERT INTO movie_genres (movie_id, genre) VALUES (848116, 'Comedy');
INSERT INTO movie_genres (movie_id, genre) VALUES (848116, 'Drama');
INSERT INTO movie_genres (movie_id, genre) VALUES (848116, 'Family');
INSERT INTO movie_genres (movie_id, genre) VALUES (848116, 'Romance');
INSERT INTO movie_image_urls (movie_id, image_url) VALUES (848116, 'https://image.tmdb.org/t/p/original/1718Bj4tKmMyohRIuN9FfYwzPh5.jpg');
INSERT INTO movie_image_urls (movie_id, image_url) VALUES (848116, 'https://image.tmdb.org/t/p/original/bynRHBHqxkWk0HU2sYXKtz9HYxF.jpg');
INSERT INTO movie_image_urls (movie_id, image_url) VALUES (848116, 'https://image.tmdb.org/t/p/original/k3565HjcSPKMm5lbeD5JvdeaQtO.jpg');
INSERT INTO movie_image_urls (movie_id, image_url) VALUES (848116, 'https://image.tmdb.org/t/p/original/o57a8PfXshPsCGmslqgcgdCRVx0.jpg');

INSERT INTO movies (id, title, release_year, duration_minutes, country, language, synopsis, poster_image_url, backdrop_image_url) VALUES (1084242, 'Zootopia 2', 2025, 108, 'United States of America', 'English', 'After cracking the biggest case in Zootopia''s history, rookie cops Judy Hopps and Nick Wilde find themselves on the twisting trail of a great mystery when Gary De''Snake arrives and turns the animal metropolis upside down. To crack the case, Judy and Nick must go undercover to unexpected new parts of town, where their growing partnership is tested like never before.', 'https://image.tmdb.org/t/p/w500/oJ7g2CifqpStmoYQyaLQgEU32qO.jpg', 'https://image.tmdb.org/t/p/original/lgotja3xMoJZbynwHfcQcJAEMWH.jpg') ON CONFLICT (id) DO UPDATE SET title = EXCLUDED.title, release_year = EXCLUDED.release_year, duration_minutes = EXCLUDED.duration_minutes, country = EXCLUDED.country, language = EXCLUDED.language, synopsis = EXCLUDED.synopsis, poster_image_url = EXCLUDED.poster_image_url, backdrop_image_url = EXCLUDED.backdrop_image_url;
INSERT INTO movie_directors (movie_id, director) VALUES (1084242, 'Jared Bush');
INSERT INTO movie_directors (movie_id, director) VALUES (1084242, 'Byron Howard');
INSERT INTO movie_cast_members (movie_id, cast_member) VALUES (1084242, 'Ginnifer Goodwin');
INSERT INTO movie_cast_members (movie_id, cast_member) VALUES (1084242, 'Jason Bateman');
INSERT INTO movie_cast_members (movie_id, cast_member) VALUES (1084242, 'Ke Huy Quan');
INSERT INTO movie_cast_members (movie_id, cast_member) VALUES (1084242, 'Fortune Feimster');
INSERT INTO movie_cast_members (movie_id, cast_member) VALUES (1084242, 'Andy Samberg');
INSERT INTO movie_genres (movie_id, genre) VALUES (1084242, 'Animation');
INSERT INTO movie_genres (movie_id, genre) VALUES (1084242, 'Family');
INSERT INTO movie_genres (movie_id, genre) VALUES (1084242, 'Mystery');
INSERT INTO movie_genres (movie_id, genre) VALUES (1084242, 'Adventure');
INSERT INTO movie_genres (movie_id, genre) VALUES (1084242, 'Comedy');
INSERT INTO movie_image_urls (movie_id, image_url) VALUES (1084242, 'https://image.tmdb.org/t/p/original/4I4KTPcFRvEQmQQ18Mx51rgxVMn.jpg');
INSERT INTO movie_image_urls (movie_id, image_url) VALUES (1084242, 'https://image.tmdb.org/t/p/original/5BeOSbwt6BR7q2Fax70lF4AIshD.jpg');
INSERT INTO movie_image_urls (movie_id, image_url) VALUES (1084242, 'https://image.tmdb.org/t/p/original/7nfpkR9XsQ1lBNCXSSHxGV7Dkxe.jpg');
INSERT INTO movie_image_urls (movie_id, image_url) VALUES (1084242, 'https://image.tmdb.org/t/p/original/zdva2LmrzZ0OdTI27ayzKPw0wkF.jpg');

INSERT INTO movies (id, title, release_year, duration_minutes, country, language, synopsis, poster_image_url, backdrop_image_url) VALUES (329505, 'Lola''s Secret', 1984, 88, 'Italy', 'Italian', 'Young man has his dreams come true when the sexy new maid seduces him. But she also has a secret that leads to trouble.', 'https://image.tmdb.org/t/p/w500/qaJ4iQngrLbyz9OgaQkJLppDN6m.jpg', 'https://image.tmdb.org/t/p/original/tId87yE7JnQsQsqOpnGXjz9PoEe.jpg') ON CONFLICT (id) DO UPDATE SET title = EXCLUDED.title, release_year = EXCLUDED.release_year, duration_minutes = EXCLUDED.duration_minutes, country = EXCLUDED.country, language = EXCLUDED.language, synopsis = EXCLUDED.synopsis, poster_image_url = EXCLUDED.poster_image_url, backdrop_image_url = EXCLUDED.backdrop_image_url;
INSERT INTO movie_directors (movie_id, director) VALUES (329505, 'Bruno Gaburro');
INSERT INTO movie_cast_members (movie_id, cast_member) VALUES (329505, 'Donatella Damiani');
INSERT INTO movie_cast_members (movie_id, cast_member) VALUES (329505, 'Scott Coffey');
INSERT INTO movie_cast_members (movie_id, cast_member) VALUES (329505, 'Gabriele Tinti');
INSERT INTO movie_cast_members (movie_id, cast_member) VALUES (329505, 'Peter Boom');
INSERT INTO movie_cast_members (movie_id, cast_member) VALUES (329505, 'Jacques Stany');
INSERT INTO movie_genres (movie_id, genre) VALUES (329505, 'Drama');
INSERT INTO movie_genres (movie_id, genre) VALUES (329505, 'Comedy');
INSERT INTO movie_genres (movie_id, genre) VALUES (329505, 'Horror');

INSERT INTO movies (id, title, release_year, duration_minutes, country, language, synopsis, poster_image_url, backdrop_image_url) VALUES (1368166, 'The Housemaid', 2025, 131, 'United States of America', 'English', 'Trying to escape her past, Millie Calloway accepts a job as a live-in housemaid for the wealthy Nina and Andrew Winchester. But what begins as a dream job quickly unravels into something far more dangerous—a sexy, seductive game of secrets, scandal, and power.', 'https://image.tmdb.org/t/p/w500/cWsBscZzwu5brg9YjNkGewRUvJX.jpg', 'https://image.tmdb.org/t/p/original/zTnAnYIn0Iv3cn0ZHlzLhou3ybm.jpg') ON CONFLICT (id) DO UPDATE SET title = EXCLUDED.title, release_year = EXCLUDED.release_year, duration_minutes = EXCLUDED.duration_minutes, country = EXCLUDED.country, language = EXCLUDED.language, synopsis = EXCLUDED.synopsis, poster_image_url = EXCLUDED.poster_image_url, backdrop_image_url = EXCLUDED.backdrop_image_url;
INSERT INTO movie_directors (movie_id, director) VALUES (1368166, 'Paul Feig');
INSERT INTO movie_cast_members (movie_id, cast_member) VALUES (1368166, 'Sydney Sweeney');
INSERT INTO movie_cast_members (movie_id, cast_member) VALUES (1368166, 'Amanda Seyfried');
INSERT INTO movie_cast_members (movie_id, cast_member) VALUES (1368166, 'Brandon Sklenar');
INSERT INTO movie_cast_members (movie_id, cast_member) VALUES (1368166, 'Michele Morrone');
INSERT INTO movie_cast_members (movie_id, cast_member) VALUES (1368166, 'Elizabeth Perkins');
INSERT INTO movie_genres (movie_id, genre) VALUES (1368166, 'Mystery');
INSERT INTO movie_genres (movie_id, genre) VALUES (1368166, 'Thriller');
INSERT INTO movie_image_urls (movie_id, image_url) VALUES (1368166, 'https://image.tmdb.org/t/p/original/sK3z0Naed3H1Wuh7a21YRVMxYqt.jpg');
INSERT INTO movie_image_urls (movie_id, image_url) VALUES (1368166, 'https://image.tmdb.org/t/p/original/tNONILTe9OJz574KZWaLze4v6RC.jpg');
INSERT INTO movie_image_urls (movie_id, image_url) VALUES (1368166, 'https://image.tmdb.org/t/p/original/5Q71GYwh2mOz5rr8tPTcvbeBWtN.jpg');
INSERT INTO movie_image_urls (movie_id, image_url) VALUES (1368166, 'https://image.tmdb.org/t/p/original/gEHDCtR9PNZvLG70sFBYJCFznRY.jpg');

INSERT INTO movies (id, title, release_year, duration_minutes, country, language, synopsis, poster_image_url, backdrop_image_url) VALUES (1316092, '"Wuthering Heights"', 2026, 136, 'United States of America', 'English', 'Tragedy strikes when Heathcliff falls in love with Catherine Earnshaw, a woman from a wealthy family in 18th-century England.', 'https://image.tmdb.org/t/p/w500/3YBce6dTh1D5oCMITXk2S5QhPt.jpg', 'https://image.tmdb.org/t/p/original/vSQSYd2zZTqc0zmHImwWEGGluMI.jpg') ON CONFLICT (id) DO UPDATE SET title = EXCLUDED.title, release_year = EXCLUDED.release_year, duration_minutes = EXCLUDED.duration_minutes, country = EXCLUDED.country, language = EXCLUDED.language, synopsis = EXCLUDED.synopsis, poster_image_url = EXCLUDED.poster_image_url, backdrop_image_url = EXCLUDED.backdrop_image_url;
INSERT INTO movie_directors (movie_id, director) VALUES (1316092, 'Emerald Fennell');
INSERT INTO movie_cast_members (movie_id, cast_member) VALUES (1316092, 'Margot Robbie');
INSERT INTO movie_cast_members (movie_id, cast_member) VALUES (1316092, 'Jacob Elordi');
INSERT INTO movie_cast_members (movie_id, cast_member) VALUES (1316092, 'Hong Chau');
INSERT INTO movie_cast_members (movie_id, cast_member) VALUES (1316092, 'Alison Oliver');
INSERT INTO movie_cast_members (movie_id, cast_member) VALUES (1316092, 'Shazad Latif');
INSERT INTO movie_genres (movie_id, genre) VALUES (1316092, 'Romance');
INSERT INTO movie_genres (movie_id, genre) VALUES (1316092, 'Drama');
INSERT INTO movie_image_urls (movie_id, image_url) VALUES (1316092, 'https://image.tmdb.org/t/p/original/q9HfulM3OCTCjTbR3X39HQrdMVp.jpg');
INSERT INTO movie_image_urls (movie_id, image_url) VALUES (1316092, 'https://image.tmdb.org/t/p/original/nHKscpZcAPkh97OsJJjyE5yaVE0.jpg');
INSERT INTO movie_image_urls (movie_id, image_url) VALUES (1316092, 'https://image.tmdb.org/t/p/original/qgNOnNvMeKbSbtUT8MwB0baobwG.jpg');
INSERT INTO movie_image_urls (movie_id, image_url) VALUES (1316092, 'https://image.tmdb.org/t/p/original/1EdZ2vFjuMkexguZ15QoFgHVSSd.jpg');

INSERT INTO movies (id, title, release_year, duration_minutes, country, language, synopsis, poster_image_url, backdrop_image_url) VALUES (1339876, 'Mardaani 3', 2026, 131, 'India', 'Hindi', 'Officer Shivani Shivaji Roy returns to hunt down those behind the disappearance of young girls, risking everything to bring them back alive.', 'https://image.tmdb.org/t/p/w500/dHxLBtHw4InwsVumnthupZYz6NM.jpg', 'https://image.tmdb.org/t/p/original/pfcyWSaPKGagqdunfBXQYCqZHxx.jpg') ON CONFLICT (id) DO UPDATE SET title = EXCLUDED.title, release_year = EXCLUDED.release_year, duration_minutes = EXCLUDED.duration_minutes, country = EXCLUDED.country, language = EXCLUDED.language, synopsis = EXCLUDED.synopsis, poster_image_url = EXCLUDED.poster_image_url, backdrop_image_url = EXCLUDED.backdrop_image_url;
INSERT INTO movie_directors (movie_id, director) VALUES (1339876, 'Abhiraj Minawala');
INSERT INTO movie_cast_members (movie_id, cast_member) VALUES (1339876, 'Rani Mukerji');
INSERT INTO movie_cast_members (movie_id, cast_member) VALUES (1339876, 'Mallika Prasad');
INSERT INTO movie_cast_members (movie_id, cast_member) VALUES (1339876, 'Janki Bodiwala');
INSERT INTO movie_cast_members (movie_id, cast_member) VALUES (1339876, 'Jisshu Sengupta');
INSERT INTO movie_cast_members (movie_id, cast_member) VALUES (1339876, 'Mikhail Yawalkar');
INSERT INTO movie_genres (movie_id, genre) VALUES (1339876, 'Action');
INSERT INTO movie_genres (movie_id, genre) VALUES (1339876, 'Crime');
INSERT INTO movie_genres (movie_id, genre) VALUES (1339876, 'Thriller');
INSERT INTO movie_image_urls (movie_id, image_url) VALUES (1339876, 'https://image.tmdb.org/t/p/original/5GNpl816u4QGswdIsGLJmKRJqHR.jpg');
INSERT INTO movie_image_urls (movie_id, image_url) VALUES (1339876, 'https://image.tmdb.org/t/p/original/iqqnhMLaS94Fw4rpAQB6jHx0y9E.jpg');
INSERT INTO movie_image_urls (movie_id, image_url) VALUES (1339876, 'https://image.tmdb.org/t/p/original/q0aIpg6hiM9PafhGUknEPDBA6bW.jpg');
INSERT INTO movie_image_urls (movie_id, image_url) VALUES (1339876, 'https://image.tmdb.org/t/p/original/zh3fV1Z4gm28p4jwaLTCukv8Uo6.jpg');

INSERT INTO movies (id, title, release_year, duration_minutes, country, language, synopsis, poster_image_url, backdrop_image_url) VALUES (1526650, 'Mudborn', 2025, 111, 'Taiwan', 'Mandarin', 'Hsu-Chuan, who works at a game company, accidentally brings home a broken clay doll from a haunted house while developing a new horror VR game. Unexpectedly, his pregnant wife, Mu-Hua, a cultural relic restorer, develops an obsession with the doll and relentlessly tries to repair it. As strange things begin to happen in the house, Mu-Hua''s condition deteriorates, and Hsu-Chuan, at his wits'' end, seeks help from a spiritual medium, Ah-Sheng. Meanwhile, the horrifying secret hidden behind the clay doll begins to surface.', 'https://image.tmdb.org/t/p/w500/ifYNeKwpyKUTtjkUExrqTc65L2p.jpg', 'https://image.tmdb.org/t/p/original/3okjpK0zn4LGkXXdfPS7WKzcyve.jpg') ON CONFLICT (id) DO UPDATE SET title = EXCLUDED.title, release_year = EXCLUDED.release_year, duration_minutes = EXCLUDED.duration_minutes, country = EXCLUDED.country, language = EXCLUDED.language, synopsis = EXCLUDED.synopsis, poster_image_url = EXCLUDED.poster_image_url, backdrop_image_url = EXCLUDED.backdrop_image_url;
INSERT INTO movie_directors (movie_id, director) VALUES (1526650, 'Shieh Meng-ju');
INSERT INTO movie_cast_members (movie_id, cast_member) VALUES (1526650, 'Tony Yang');
INSERT INTO movie_cast_members (movie_id, cast_member) VALUES (1526650, 'Cecilia Choi');
INSERT INTO movie_cast_members (movie_id, cast_member) VALUES (1526650, 'Derek Chang');
INSERT INTO movie_cast_members (movie_id, cast_member) VALUES (1526650, 'Tracy Chou');
INSERT INTO movie_cast_members (movie_id, cast_member) VALUES (1526650, 'Puff Kuo');
INSERT INTO movie_genres (movie_id, genre) VALUES (1526650, 'Horror');
INSERT INTO movie_genres (movie_id, genre) VALUES (1526650, 'Thriller');
INSERT INTO movie_image_urls (movie_id, image_url) VALUES (1526650, 'https://image.tmdb.org/t/p/original/2pHCO95Lgp0FTN0P4ZxJHDOzukV.jpg');
INSERT INTO movie_image_urls (movie_id, image_url) VALUES (1526650, 'https://image.tmdb.org/t/p/original/1t2LoFlrw6v8FjrNXIoCiwxsWlM.jpg');
INSERT INTO movie_image_urls (movie_id, image_url) VALUES (1526650, 'https://image.tmdb.org/t/p/original/ccpLCE9Q4othp2Pdms8FigAqFtu.jpg');
INSERT INTO movie_image_urls (movie_id, image_url) VALUES (1526650, 'https://image.tmdb.org/t/p/original/4UpJPQ5xlB2KvPSIZzgVvGUqTRu.jpg');

INSERT INTO movies (id, title, release_year, duration_minutes, country, language, synopsis, poster_image_url, backdrop_image_url) VALUES (1198994, 'Send Help', 2026, 113, 'United States of America', 'English', 'Two colleagues become stranded on a deserted island, the only survivors of a plane crash. On the island, they must overcome past grievances and work together to survive, but ultimately, it''s a battle of wills and wits to make it out alive.', 'https://image.tmdb.org/t/p/w500/mjkS2iAgWj3ik1DTjvI15nHZ7yl.jpg', 'https://image.tmdb.org/t/p/original/gCmfeKmEAZBP5gcXpiqb0gii9rS.jpg') ON CONFLICT (id) DO UPDATE SET title = EXCLUDED.title, release_year = EXCLUDED.release_year, duration_minutes = EXCLUDED.duration_minutes, country = EXCLUDED.country, language = EXCLUDED.language, synopsis = EXCLUDED.synopsis, poster_image_url = EXCLUDED.poster_image_url, backdrop_image_url = EXCLUDED.backdrop_image_url;
INSERT INTO movie_directors (movie_id, director) VALUES (1198994, 'Sam Raimi');
INSERT INTO movie_cast_members (movie_id, cast_member) VALUES (1198994, 'Rachel McAdams');
INSERT INTO movie_cast_members (movie_id, cast_member) VALUES (1198994, 'Dylan O''Brien');
INSERT INTO movie_cast_members (movie_id, cast_member) VALUES (1198994, 'Edyll Ismail');
INSERT INTO movie_cast_members (movie_id, cast_member) VALUES (1198994, 'Dennis Haysbert');
INSERT INTO movie_cast_members (movie_id, cast_member) VALUES (1198994, 'Xavier Samuel');
INSERT INTO movie_genres (movie_id, genre) VALUES (1198994, 'Horror');
INSERT INTO movie_genres (movie_id, genre) VALUES (1198994, 'Thriller');
INSERT INTO movie_genres (movie_id, genre) VALUES (1198994, 'Comedy');
INSERT INTO movie_image_urls (movie_id, image_url) VALUES (1198994, 'https://image.tmdb.org/t/p/original/bpp58yHuQmpt6xwggI63mVRw7po.jpg');
INSERT INTO movie_image_urls (movie_id, image_url) VALUES (1198994, 'https://image.tmdb.org/t/p/original/493MuzSs6iLyKM7aqsA30eODfsV.jpg');
INSERT INTO movie_image_urls (movie_id, image_url) VALUES (1198994, 'https://image.tmdb.org/t/p/original/hO2jx1H3XafR7Y8QbFgVH1sHTY9.jpg');
INSERT INTO movie_image_urls (movie_id, image_url) VALUES (1198994, 'https://image.tmdb.org/t/p/original/8zeiIiI71I93ZnSTkda3WfrLxki.jpg');

INSERT INTO movies (id, title, release_year, duration_minutes, country, language, synopsis, poster_image_url, backdrop_image_url) VALUES (1168190, 'The Wrecking Crew', 2026, 125, 'United States of America', 'Mandarin', 'Estranged half-brothers Jonny and James reunite after their father''s mysterious death. As they search for the truth, buried secrets reveal a conspiracy threatening to tear their family apart.', 'https://image.tmdb.org/t/p/w500/gbVwHl4YPSq6BcC92TQpe7qUTh6.jpg', 'https://image.tmdb.org/t/p/original/cz4vLJrmaV1zJlRYbxqtvLzeLWB.jpg') ON CONFLICT (id) DO UPDATE SET title = EXCLUDED.title, release_year = EXCLUDED.release_year, duration_minutes = EXCLUDED.duration_minutes, country = EXCLUDED.country, language = EXCLUDED.language, synopsis = EXCLUDED.synopsis, poster_image_url = EXCLUDED.poster_image_url, backdrop_image_url = EXCLUDED.backdrop_image_url;
INSERT INTO movie_directors (movie_id, director) VALUES (1168190, 'Ángel Manuel Soto');
INSERT INTO movie_cast_members (movie_id, cast_member) VALUES (1168190, 'Dave Bautista');
INSERT INTO movie_cast_members (movie_id, cast_member) VALUES (1168190, 'Jason Momoa');
INSERT INTO movie_cast_members (movie_id, cast_member) VALUES (1168190, 'Temuera Morrison');
INSERT INTO movie_cast_members (movie_id, cast_member) VALUES (1168190, 'Morena Baccarin');
INSERT INTO movie_cast_members (movie_id, cast_member) VALUES (1168190, 'Roimata Fox');
INSERT INTO movie_genres (movie_id, genre) VALUES (1168190, 'Action');
INSERT INTO movie_genres (movie_id, genre) VALUES (1168190, 'Comedy');
INSERT INTO movie_genres (movie_id, genre) VALUES (1168190, 'Crime');
INSERT INTO movie_genres (movie_id, genre) VALUES (1168190, 'Mystery');
INSERT INTO movie_image_urls (movie_id, image_url) VALUES (1168190, 'https://image.tmdb.org/t/p/original/37znDCku0ra6jCSOTQ1IEWnHCU.jpg');
INSERT INTO movie_image_urls (movie_id, image_url) VALUES (1168190, 'https://image.tmdb.org/t/p/original/ml3NM0hs4DDQxzetJUXxS5jtggA.jpg');
INSERT INTO movie_image_urls (movie_id, image_url) VALUES (1168190, 'https://image.tmdb.org/t/p/original/e4OnHU8HNAhdS6C4Ypk6NA26kPQ.jpg');
INSERT INTO movie_image_urls (movie_id, image_url) VALUES (1168190, 'https://image.tmdb.org/t/p/original/6A6otcFp19DObIqFi5a5ZItslec.jpg');

INSERT INTO movies (id, title, release_year, duration_minutes, country, language, synopsis, poster_image_url, backdrop_image_url) VALUES (1088434, 'Hellfire', 2026, 94, 'United States of America', 'English', 'A drifter with a mysterious past arrives in a small town and finds the residents in the grip of a ruthless crime boss and realizes he has to help them.', 'https://image.tmdb.org/t/p/w500/tQti9QTf13MfzNpXguijgNh7ojE.jpg', 'https://image.tmdb.org/t/p/original/1gLFGrxHqQebqLWpISmoFR6XWtJ.jpg') ON CONFLICT (id) DO UPDATE SET title = EXCLUDED.title, release_year = EXCLUDED.release_year, duration_minutes = EXCLUDED.duration_minutes, country = EXCLUDED.country, language = EXCLUDED.language, synopsis = EXCLUDED.synopsis, poster_image_url = EXCLUDED.poster_image_url, backdrop_image_url = EXCLUDED.backdrop_image_url;
INSERT INTO movie_directors (movie_id, director) VALUES (1088434, 'Isaac Florentine');
INSERT INTO movie_cast_members (movie_id, cast_member) VALUES (1088434, 'Stephen Lang');
INSERT INTO movie_cast_members (movie_id, cast_member) VALUES (1088434, 'Harvey Keitel');
INSERT INTO movie_cast_members (movie_id, cast_member) VALUES (1088434, 'Scottie Thompson');
INSERT INTO movie_cast_members (movie_id, cast_member) VALUES (1088434, 'Dolph Lundgren');
INSERT INTO movie_cast_members (movie_id, cast_member) VALUES (1088434, 'Chris Mullinax');
INSERT INTO movie_genres (movie_id, genre) VALUES (1088434, 'Action');
INSERT INTO movie_genres (movie_id, genre) VALUES (1088434, 'Thriller');
INSERT INTO movie_image_urls (movie_id, image_url) VALUES (1088434, 'https://image.tmdb.org/t/p/original/vFwXCxAfbfGHGKYLfVgujx2RmyH.jpg');
INSERT INTO movie_image_urls (movie_id, image_url) VALUES (1088434, 'https://image.tmdb.org/t/p/original/mOHGGCt6yMXjjykSEZhQXzLDCZM.jpg');
INSERT INTO movie_image_urls (movie_id, image_url) VALUES (1088434, 'https://image.tmdb.org/t/p/original/fyv3Cmsdq4pfiKU6M3azRATwBBU.jpg');
INSERT INTO movie_image_urls (movie_id, image_url) VALUES (1088434, 'https://image.tmdb.org/t/p/original/wckAgNoo2o2OAb2pNZuv08YJd29.jpg');

INSERT INTO movies (id, title, release_year, duration_minutes, country, language, synopsis, poster_image_url, backdrop_image_url) VALUES (350, 'The Devil Wears Prada', 2006, 109, 'United States of America', 'English', 'A young woman from the Midwest gets more than she bargained for when she moves to New York to become a writer and ends up as the assistant to the tyrannical, larger-than-life editor-in-chief of a major fashion magazine.', 'https://image.tmdb.org/t/p/w500/8912AsVuS7Sj915apArUFbv6F9L.jpg', 'https://image.tmdb.org/t/p/original/CpLAfXgSNeNRRbRzPrTuzKmIHO.jpg') ON CONFLICT (id) DO UPDATE SET title = EXCLUDED.title, release_year = EXCLUDED.release_year, duration_minutes = EXCLUDED.duration_minutes, country = EXCLUDED.country, language = EXCLUDED.language, synopsis = EXCLUDED.synopsis, poster_image_url = EXCLUDED.poster_image_url, backdrop_image_url = EXCLUDED.backdrop_image_url;
INSERT INTO movie_directors (movie_id, director) VALUES (350, 'David Frankel');
INSERT INTO movie_cast_members (movie_id, cast_member) VALUES (350, 'Meryl Streep');
INSERT INTO movie_cast_members (movie_id, cast_member) VALUES (350, 'Anne Hathaway');
INSERT INTO movie_cast_members (movie_id, cast_member) VALUES (350, 'Emily Blunt');
INSERT INTO movie_cast_members (movie_id, cast_member) VALUES (350, 'Stanley Tucci');
INSERT INTO movie_cast_members (movie_id, cast_member) VALUES (350, 'Simon Baker');
INSERT INTO movie_genres (movie_id, genre) VALUES (350, 'Drama');
INSERT INTO movie_genres (movie_id, genre) VALUES (350, 'Comedy');
INSERT INTO movie_image_urls (movie_id, image_url) VALUES (350, 'https://image.tmdb.org/t/p/original/3tWw50B1xXlCnJ9A7NX4nNzZF4j.jpg');
INSERT INTO movie_image_urls (movie_id, image_url) VALUES (350, 'https://image.tmdb.org/t/p/original/gkh6Nt8DtY1XT4gQsyFq9XAVJlJ.jpg');
INSERT INTO movie_image_urls (movie_id, image_url) VALUES (350, 'https://image.tmdb.org/t/p/original/kwLqkTWI1aqH1HfkJuy8ipbUDVK.jpg');
INSERT INTO movie_image_urls (movie_id, image_url) VALUES (350, 'https://image.tmdb.org/t/p/original/2q8sjQRG4HhS9DYG9NX7hi0TjUG.jpg');

INSERT INTO movies (id, title, release_year, duration_minutes, country, language, synopsis, poster_image_url, backdrop_image_url) VALUES (1297454, 'The Death That Awaits', 2025, 102, 'United States of America', 'English', 'A drifter searching for answers to a mystery from her past takes on a job looking after a sick teen who is undergoing a mysterious transformation her family will do anything to stop.', 'https://image.tmdb.org/t/p/w500/7hloUkIXB1Jc0xjSFlO4dcVfzdt.jpg', 'https://image.tmdb.org/t/p/original/impZCV9HiZ3bIrKK5bD1TKRsfVM.jpg') ON CONFLICT (id) DO UPDATE SET title = EXCLUDED.title, release_year = EXCLUDED.release_year, duration_minutes = EXCLUDED.duration_minutes, country = EXCLUDED.country, language = EXCLUDED.language, synopsis = EXCLUDED.synopsis, poster_image_url = EXCLUDED.poster_image_url, backdrop_image_url = EXCLUDED.backdrop_image_url;
INSERT INTO movie_directors (movie_id, director) VALUES (1297454, 'Richard J. Lee');
INSERT INTO movie_cast_members (movie_id, cast_member) VALUES (1297454, 'Katya Martín');
INSERT INTO movie_cast_members (movie_id, cast_member) VALUES (1297454, 'Megan Lawless');
INSERT INTO movie_cast_members (movie_id, cast_member) VALUES (1297454, 'Allison Paige');
INSERT INTO movie_cast_members (movie_id, cast_member) VALUES (1297454, 'Tim Gabriel');
INSERT INTO movie_cast_members (movie_id, cast_member) VALUES (1297454, 'Sharon Gardner');
INSERT INTO movie_genres (movie_id, genre) VALUES (1297454, 'Horror');
INSERT INTO movie_genres (movie_id, genre) VALUES (1297454, 'Thriller');
INSERT INTO movie_image_urls (movie_id, image_url) VALUES (1297454, 'https://image.tmdb.org/t/p/original/b4zY1w8ZoKgW0bOGUEqjUQVoLXp.jpg');
INSERT INTO movie_image_urls (movie_id, image_url) VALUES (1297454, 'https://image.tmdb.org/t/p/original/ilbAwtVXc9aABfMfEmMkGlFaDuE.jpg');

INSERT INTO movies (id, title, release_year, duration_minutes, country, language, synopsis, poster_image_url, backdrop_image_url) VALUES (1236153, 'Mercy', 2026, 99, 'United States of America', 'English', 'In the near future, a detective stands on trial accused of murdering his wife. He has ninety minutes to prove his innocence to the advanced AI Judge he once championed, before it determines his fate.', 'https://image.tmdb.org/t/p/w500/pyok1kZJCfyuFapYXzHcy7BLlQa.jpg', 'https://image.tmdb.org/t/p/original/po1niVuud0tX86xOFegO5omQ2wX.jpg') ON CONFLICT (id) DO UPDATE SET title = EXCLUDED.title, release_year = EXCLUDED.release_year, duration_minutes = EXCLUDED.duration_minutes, country = EXCLUDED.country, language = EXCLUDED.language, synopsis = EXCLUDED.synopsis, poster_image_url = EXCLUDED.poster_image_url, backdrop_image_url = EXCLUDED.backdrop_image_url;
INSERT INTO movie_directors (movie_id, director) VALUES (1236153, 'Timur Bekmambetov');
INSERT INTO movie_cast_members (movie_id, cast_member) VALUES (1236153, 'Chris Pratt');
INSERT INTO movie_cast_members (movie_id, cast_member) VALUES (1236153, 'Rebecca Ferguson');
INSERT INTO movie_cast_members (movie_id, cast_member) VALUES (1236153, 'Kali Reis');
INSERT INTO movie_cast_members (movie_id, cast_member) VALUES (1236153, 'Kylie Rogers');
INSERT INTO movie_cast_members (movie_id, cast_member) VALUES (1236153, 'Chris Sullivan');
INSERT INTO movie_genres (movie_id, genre) VALUES (1236153, 'Science Fiction');
INSERT INTO movie_genres (movie_id, genre) VALUES (1236153, 'Action');
INSERT INTO movie_genres (movie_id, genre) VALUES (1236153, 'Thriller');
INSERT INTO movie_genres (movie_id, genre) VALUES (1236153, 'Crime');
INSERT INTO movie_image_urls (movie_id, image_url) VALUES (1236153, 'https://image.tmdb.org/t/p/original/gIClklFGYBe0uiOoiP2vtocJbss.jpg');
INSERT INTO movie_image_urls (movie_id, image_url) VALUES (1236153, 'https://image.tmdb.org/t/p/original/7HKpc11uQfxnw0Y8tRUYn1fsKqE.jpg');
INSERT INTO movie_image_urls (movie_id, image_url) VALUES (1236153, 'https://image.tmdb.org/t/p/original/pB8JtF0uedGERBV4FcPaKU5gh8u.jpg');
INSERT INTO movie_image_urls (movie_id, image_url) VALUES (1236153, 'https://image.tmdb.org/t/p/original/u9ctkNq3jnBDHHsqVU1kgWrnERN.jpg');

INSERT INTO movies (id, title, release_year, duration_minutes, country, language, synopsis, poster_image_url, backdrop_image_url) VALUES (879945, 'The Unknown Man', 2021, 23, 'Belgium', 'Dutch', 'Louis, a Flemish writer, decides to isolate himself at the Côte d’Azur, hoping this place will bring him inspiration.', 'https://image.tmdb.org/t/p/w500/4TpBhdaSl5ALHbgeaYOLF8Q3haz.jpg', 'https://image.tmdb.org/t/p/original/7uXzE0ZBkbAeKylOz7cUQF4Yw75.jpg') ON CONFLICT (id) DO UPDATE SET title = EXCLUDED.title, release_year = EXCLUDED.release_year, duration_minutes = EXCLUDED.duration_minutes, country = EXCLUDED.country, language = EXCLUDED.language, synopsis = EXCLUDED.synopsis, poster_image_url = EXCLUDED.poster_image_url, backdrop_image_url = EXCLUDED.backdrop_image_url;
INSERT INTO movie_directors (movie_id, director) VALUES (879945, 'Anthony Schatteman');
INSERT INTO movie_cast_members (movie_id, cast_member) VALUES (879945, 'Geert Van Rampelberg');
INSERT INTO movie_cast_members (movie_id, cast_member) VALUES (879945, 'Samuel Suchod');
INSERT INTO movie_cast_members (movie_id, cast_member) VALUES (879945, 'Anna Sacuto');
INSERT INTO movie_cast_members (movie_id, cast_member) VALUES (879945, 'Cathy Ruiz');
INSERT INTO movie_genres (movie_id, genre) VALUES (879945, 'Drama');
INSERT INTO movie_image_urls (movie_id, image_url) VALUES (879945, 'https://image.tmdb.org/t/p/original/d8mdTQo3IoQyHWcjBLAr4mzT7DB.jpg');
INSERT INTO movie_image_urls (movie_id, image_url) VALUES (879945, 'https://image.tmdb.org/t/p/original/n9hSPUFOo46PfYYSVZ3LppvfbC2.jpg');
INSERT INTO movie_image_urls (movie_id, image_url) VALUES (879945, 'https://image.tmdb.org/t/p/original/4hfRbcIrdZtvx3zqpSn6RJ4Eu55.jpg');
INSERT INTO movie_image_urls (movie_id, image_url) VALUES (879945, 'https://image.tmdb.org/t/p/original/Au93Qv5keUtHDFBj2sJa8u3OmAu.jpg');

INSERT INTO movies (id, title, release_year, duration_minutes, country, language, synopsis, poster_image_url, backdrop_image_url) VALUES (637, 'Life Is Beautiful', 1997, 116, 'Italy', 'it', 'A touching story of an Italian book seller of Jewish ancestry who lives in his own little fairy tale. His creative and happy life would come to an abrupt halt when his entire family is deported to a concentration camp during World War II. While locked up he tries to convince his son that the whole thing is just a game.', 'https://image.tmdb.org/t/p/w500/mfnkSeeVOBVheuyn2lo4tfmOPQb.jpg', 'https://image.tmdb.org/t/p/original/6aNKD81RHR1DqUUa8kOZ1TBY1Lp.jpg') ON CONFLICT (id) DO UPDATE SET title = EXCLUDED.title, release_year = EXCLUDED.release_year, duration_minutes = EXCLUDED.duration_minutes, country = EXCLUDED.country, language = EXCLUDED.language, synopsis = EXCLUDED.synopsis, poster_image_url = EXCLUDED.poster_image_url, backdrop_image_url = EXCLUDED.backdrop_image_url;
INSERT INTO movie_directors (movie_id, director) VALUES (637, 'Roberto Benigni');
INSERT INTO movie_cast_members (movie_id, cast_member) VALUES (637, 'Roberto Benigni');
INSERT INTO movie_cast_members (movie_id, cast_member) VALUES (637, 'Nicoletta Braschi');
INSERT INTO movie_cast_members (movie_id, cast_member) VALUES (637, 'Giorgio Cantarini');
INSERT INTO movie_cast_members (movie_id, cast_member) VALUES (637, 'Giustino Durano');
INSERT INTO movie_cast_members (movie_id, cast_member) VALUES (637, 'Sergio Bini Bustric');
INSERT INTO movie_genres (movie_id, genre) VALUES (637, 'Comedy');
INSERT INTO movie_genres (movie_id, genre) VALUES (637, 'Drama');
INSERT INTO movie_image_urls (movie_id, image_url) VALUES (637, 'https://image.tmdb.org/t/p/original/gavyCu1UaTaTNPsVaGXT6pe5u24.jpg');
INSERT INTO movie_image_urls (movie_id, image_url) VALUES (637, 'https://image.tmdb.org/t/p/original/uF51dshysGir7YnWdfCNRPhirIv.jpg');
INSERT INTO movie_image_urls (movie_id, image_url) VALUES (637, 'https://image.tmdb.org/t/p/original/9MRHHlRdqpoi18cJdJH53tdQatw.jpg');
INSERT INTO movie_image_urls (movie_id, image_url) VALUES (637, 'https://image.tmdb.org/t/p/original/6JmcxU4Scb8ffjvj9vammMzc30z.jpg');

INSERT INTO movies (id, title, release_year, duration_minutes, country, language, synopsis, poster_image_url, backdrop_image_url) VALUES (14537, 'Harakiri', 1962, 135, 'Japan', 'Japanese', 'Down-on-his-luck veteran Tsugumo Hanshirō enters the courtyard of the prosperous House of Iyi. Unemployed, and with no family, he hopes to find a place to commit seppuku—and a worthy second to deliver the coup de grâce in his suicide ritual. The senior counselor for the Iyi clan questions the ronin’s resolve and integrity, suspecting Hanshirō of seeking charity rather than an honorable end. What follows is a pair of interlocking stories which lay bare the difference between honor and respect, and promises to examine the legendary foundations of the Samurai code.', 'https://image.tmdb.org/t/p/w500/3nPwMd3KviJWaHzG9fZCqlwWMas.jpg', 'https://image.tmdb.org/t/p/original/e3hG3uadtcP0pYdRa5ch4ysQW76.jpg') ON CONFLICT (id) DO UPDATE SET title = EXCLUDED.title, release_year = EXCLUDED.release_year, duration_minutes = EXCLUDED.duration_minutes, country = EXCLUDED.country, language = EXCLUDED.language, synopsis = EXCLUDED.synopsis, poster_image_url = EXCLUDED.poster_image_url, backdrop_image_url = EXCLUDED.backdrop_image_url;
INSERT INTO movie_directors (movie_id, director) VALUES (14537, 'Masaki Kobayashi');
INSERT INTO movie_cast_members (movie_id, cast_member) VALUES (14537, 'Tatsuya Nakadai');
INSERT INTO movie_cast_members (movie_id, cast_member) VALUES (14537, 'Akira Ishihama');
INSERT INTO movie_cast_members (movie_id, cast_member) VALUES (14537, 'Shima Iwashita');
INSERT INTO movie_cast_members (movie_id, cast_member) VALUES (14537, 'Tetsuro Tamba');
INSERT INTO movie_cast_members (movie_id, cast_member) VALUES (14537, 'Masao Mishima');
INSERT INTO movie_genres (movie_id, genre) VALUES (14537, 'Action');
INSERT INTO movie_genres (movie_id, genre) VALUES (14537, 'Drama');
INSERT INTO movie_genres (movie_id, genre) VALUES (14537, 'History');
INSERT INTO movie_image_urls (movie_id, image_url) VALUES (14537, 'https://image.tmdb.org/t/p/original/23XAzEpKuKUFLW2aWANbuNmqSvL.jpg');
INSERT INTO movie_image_urls (movie_id, image_url) VALUES (14537, 'https://image.tmdb.org/t/p/original/578m772cRRJ3a0xmkGNY5jZ8yz7.jpg');
INSERT INTO movie_image_urls (movie_id, image_url) VALUES (14537, 'https://image.tmdb.org/t/p/original/2tmaNfIDkld6yolcxiem8w8DiH1.jpg');
INSERT INTO movie_image_urls (movie_id, image_url) VALUES (14537, 'https://image.tmdb.org/t/p/original/ths5IQjtBxZ9iw3JKfCtm78E5wx.jpg');

INSERT INTO movies (id, title, release_year, duration_minutes, country, language, synopsis, poster_image_url, backdrop_image_url) VALUES (120, 'The Lord of the Rings: The Fellowship of the Ring', 2001, 179, 'New Zealand', 'English', 'Young hobbit Frodo Baggins, after inheriting a mysterious ring from his uncle Bilbo, must leave his home in order to keep it from falling into the hands of its evil creator. Along the way, a fellowship is formed to protect the ringbearer and make sure that the ring arrives at its final destination: Mt. Doom, the only place where it can be destroyed.', 'https://image.tmdb.org/t/p/w500/6oom5QYQ2yQTMJIbnvbkBL9cHo6.jpg', 'https://image.tmdb.org/t/p/original/oiwc338EoBgS4sEI2ixAny4KQKg.jpg') ON CONFLICT (id) DO UPDATE SET title = EXCLUDED.title, release_year = EXCLUDED.release_year, duration_minutes = EXCLUDED.duration_minutes, country = EXCLUDED.country, language = EXCLUDED.language, synopsis = EXCLUDED.synopsis, poster_image_url = EXCLUDED.poster_image_url, backdrop_image_url = EXCLUDED.backdrop_image_url;
INSERT INTO movie_directors (movie_id, director) VALUES (120, 'Peter Jackson');
INSERT INTO movie_cast_members (movie_id, cast_member) VALUES (120, 'Elijah Wood');
INSERT INTO movie_cast_members (movie_id, cast_member) VALUES (120, 'Ian McKellen');
INSERT INTO movie_cast_members (movie_id, cast_member) VALUES (120, 'Viggo Mortensen');
INSERT INTO movie_cast_members (movie_id, cast_member) VALUES (120, 'Sean Astin');
INSERT INTO movie_cast_members (movie_id, cast_member) VALUES (120, 'Ian Holm');
INSERT INTO movie_genres (movie_id, genre) VALUES (120, 'Adventure');
INSERT INTO movie_genres (movie_id, genre) VALUES (120, 'Fantasy');
INSERT INTO movie_genres (movie_id, genre) VALUES (120, 'Action');
INSERT INTO movie_image_urls (movie_id, image_url) VALUES (120, 'https://image.tmdb.org/t/p/original/a0lfia8tk8ifkrve0Tn8wkISUvs.jpg');
INSERT INTO movie_image_urls (movie_id, image_url) VALUES (120, 'https://image.tmdb.org/t/p/original/x2RS3uTcsJJ9IfjNPcgDmukoEcQ.jpg');
INSERT INTO movie_image_urls (movie_id, image_url) VALUES (120, 'https://image.tmdb.org/t/p/original/zzIdXP769uYxQq6rK9plfeoVdTo.jpg');
INSERT INTO movie_image_urls (movie_id, image_url) VALUES (120, 'https://image.tmdb.org/t/p/original/ua5EHfleb44L5hfHPs2BPqRAove.jpg');

INSERT INTO movies (id, title, release_year, duration_minutes, country, language, synopsis, poster_image_url, backdrop_image_url) VALUES (598, 'City of God', 2002, 129, 'Brazil', 'Portuguese', 'In the poverty-stricken favelas of Rio de Janeiro in the 1970s, two young men choose different paths. Rocket is a budding photographer who documents the increasing drug-related violence of his neighborhood, while José “Zé” Pequeno is an ambitious drug dealer diving into a dangerous life of crime.', 'https://image.tmdb.org/t/p/w500/k7eYdWvhYQyRQoU2TB2A2Xu2TfD.jpg', 'https://image.tmdb.org/t/p/original/uvitbjFU4JqvMwIkMWHp69bmUzG.jpg') ON CONFLICT (id) DO UPDATE SET title = EXCLUDED.title, release_year = EXCLUDED.release_year, duration_minutes = EXCLUDED.duration_minutes, country = EXCLUDED.country, language = EXCLUDED.language, synopsis = EXCLUDED.synopsis, poster_image_url = EXCLUDED.poster_image_url, backdrop_image_url = EXCLUDED.backdrop_image_url;
INSERT INTO movie_directors (movie_id, director) VALUES (598, 'Fernando Meirelles');
INSERT INTO movie_cast_members (movie_id, cast_member) VALUES (598, 'Alexandre Rodrigues');
INSERT INTO movie_cast_members (movie_id, cast_member) VALUES (598, 'Leandro Firmino');
INSERT INTO movie_cast_members (movie_id, cast_member) VALUES (598, 'Phellipe Haagensen');
INSERT INTO movie_cast_members (movie_id, cast_member) VALUES (598, 'Douglas Silva');
INSERT INTO movie_cast_members (movie_id, cast_member) VALUES (598, 'Jonathan Haagensen');
INSERT INTO movie_genres (movie_id, genre) VALUES (598, 'Drama');
INSERT INTO movie_genres (movie_id, genre) VALUES (598, 'Crime');
INSERT INTO movie_image_urls (movie_id, image_url) VALUES (598, 'https://image.tmdb.org/t/p/original/rr0vFvjbAU7zaLjSRtUAxavH2bv.jpg');
INSERT INTO movie_image_urls (movie_id, image_url) VALUES (598, 'https://image.tmdb.org/t/p/original/5p3aTxtUtZHCHwYsuycutmxIhND.jpg');
INSERT INTO movie_image_urls (movie_id, image_url) VALUES (598, 'https://image.tmdb.org/t/p/original/1F5p9C8ORjkkzK3FhccWVTYfeSM.jpg');
INSERT INTO movie_image_urls (movie_id, image_url) VALUES (598, 'https://image.tmdb.org/t/p/original/mJTyEOKEvJRVauiQN0O90dh2Z0W.jpg');

INSERT INTO movies (id, title, release_year, duration_minutes, country, language, synopsis, poster_image_url, backdrop_image_url) VALUES (11216, 'Cinema Paradiso', 1988, 124, 'Italy', 'Italian', 'A filmmaker recalls his childhood, when he fell in love with the movies at his village''s theater and formed a deep friendship with the theater''s projectionist.', 'https://image.tmdb.org/t/p/w500/gCI2AeMV4IHSewhJkzsur5MEp6R.jpg', 'https://image.tmdb.org/t/p/original/zoVeIgKzGJzpdG6Gwnr7iOYfIMU.jpg') ON CONFLICT (id) DO UPDATE SET title = EXCLUDED.title, release_year = EXCLUDED.release_year, duration_minutes = EXCLUDED.duration_minutes, country = EXCLUDED.country, language = EXCLUDED.language, synopsis = EXCLUDED.synopsis, poster_image_url = EXCLUDED.poster_image_url, backdrop_image_url = EXCLUDED.backdrop_image_url;
INSERT INTO movie_directors (movie_id, director) VALUES (11216, 'Giuseppe Tornatore');
INSERT INTO movie_cast_members (movie_id, cast_member) VALUES (11216, 'Philippe Noiret');
INSERT INTO movie_cast_members (movie_id, cast_member) VALUES (11216, 'Jacques Perrin');
INSERT INTO movie_cast_members (movie_id, cast_member) VALUES (11216, 'Marco Leonardi');
INSERT INTO movie_cast_members (movie_id, cast_member) VALUES (11216, 'Salvatore Cascio');
INSERT INTO movie_cast_members (movie_id, cast_member) VALUES (11216, 'Agnese Nano');
INSERT INTO movie_genres (movie_id, genre) VALUES (11216, 'Drama');
INSERT INTO movie_genres (movie_id, genre) VALUES (11216, 'Romance');
INSERT INTO movie_image_urls (movie_id, image_url) VALUES (11216, 'https://image.tmdb.org/t/p/original/LQbept4Ix8zlv1BtUhwSpOeImb.jpg');
INSERT INTO movie_image_urls (movie_id, image_url) VALUES (11216, 'https://image.tmdb.org/t/p/original/k3SBILYxHRgjORb5tbvA5dm2N4h.jpg');
INSERT INTO movie_image_urls (movie_id, image_url) VALUES (11216, 'https://image.tmdb.org/t/p/original/qvKlKCMQ07oXRU3pqeGFd0OkjAl.jpg');
INSERT INTO movie_image_urls (movie_id, image_url) VALUES (11216, 'https://image.tmdb.org/t/p/original/r1SNXvpfN1RPvHScucuDeVf7IsE.jpg');

INSERT INTO movies (id, title, release_year, duration_minutes, country, language, synopsis, poster_image_url, backdrop_image_url) VALUES (40096, 'A Dog''s Will', 2000, 104, 'Brazil', 'Latin', 'The lively João Grilo and the sly Chicó are poor guys living in the hinterland who cheat a bunch of people in a small town in Northeastern Brazil. When they die, they have to be judged by Christ, the Devil and the Virgin Mary before they are admitted to paradise.', 'https://image.tmdb.org/t/p/w500/z9Au9XtK0ARzkKGsZCzMkmKgMPf.jpg', 'https://image.tmdb.org/t/p/original/alQqTpmEkxSLgajfEYTsTH6nAKB.jpg') ON CONFLICT (id) DO UPDATE SET title = EXCLUDED.title, release_year = EXCLUDED.release_year, duration_minutes = EXCLUDED.duration_minutes, country = EXCLUDED.country, language = EXCLUDED.language, synopsis = EXCLUDED.synopsis, poster_image_url = EXCLUDED.poster_image_url, backdrop_image_url = EXCLUDED.backdrop_image_url;
INSERT INTO movie_directors (movie_id, director) VALUES (40096, 'Guel Arraes');
INSERT INTO movie_cast_members (movie_id, cast_member) VALUES (40096, 'Matheus Nachtergaele');
INSERT INTO movie_cast_members (movie_id, cast_member) VALUES (40096, 'Selton Mello');
INSERT INTO movie_cast_members (movie_id, cast_member) VALUES (40096, 'Fernanda Montenegro');
INSERT INTO movie_cast_members (movie_id, cast_member) VALUES (40096, 'Rogério Cardoso');
INSERT INTO movie_cast_members (movie_id, cast_member) VALUES (40096, 'Denise Fraga');
INSERT INTO movie_genres (movie_id, genre) VALUES (40096, 'Comedy');
INSERT INTO movie_genres (movie_id, genre) VALUES (40096, 'Drama');
INSERT INTO movie_genres (movie_id, genre) VALUES (40096, 'Fantasy');
INSERT INTO movie_genres (movie_id, genre) VALUES (40096, 'Romance');
INSERT INTO movie_image_urls (movie_id, image_url) VALUES (40096, 'https://image.tmdb.org/t/p/original/xw1gA0lm0AEhGLoR6sE8IYCQAV4.jpg');
INSERT INTO movie_image_urls (movie_id, image_url) VALUES (40096, 'https://image.tmdb.org/t/p/original/xf5LitErZM7DEDd3nz72D7mtRXR.jpg');

INSERT INTO movies (id, title, release_year, duration_minutes, country, language, synopsis, poster_image_url, backdrop_image_url) VALUES (539, 'Psycho', 1960, 109, 'United States of America', 'English', 'When larcenous real estate clerk Marion Crane goes on the lam with a wad of cash and hopes of starting a new life, she ends up at the notorious Bates Motel, where manager Norman Bates cares for his housebound mother.', 'https://image.tmdb.org/t/p/w500/yz4QVqPx3h1hD1DfqqQkCq3rmxW.jpg', 'https://image.tmdb.org/t/p/original/mufF1aYvwdpKerhq5R1YrVcbJLY.jpg') ON CONFLICT (id) DO UPDATE SET title = EXCLUDED.title, release_year = EXCLUDED.release_year, duration_minutes = EXCLUDED.duration_minutes, country = EXCLUDED.country, language = EXCLUDED.language, synopsis = EXCLUDED.synopsis, poster_image_url = EXCLUDED.poster_image_url, backdrop_image_url = EXCLUDED.backdrop_image_url;
INSERT INTO movie_directors (movie_id, director) VALUES (539, 'Alfred Hitchcock');
INSERT INTO movie_cast_members (movie_id, cast_member) VALUES (539, 'Anthony Perkins');
INSERT INTO movie_cast_members (movie_id, cast_member) VALUES (539, 'Janet Leigh');
INSERT INTO movie_cast_members (movie_id, cast_member) VALUES (539, 'Vera Miles');
INSERT INTO movie_cast_members (movie_id, cast_member) VALUES (539, 'John Gavin');
INSERT INTO movie_cast_members (movie_id, cast_member) VALUES (539, 'Martin Balsam');
INSERT INTO movie_genres (movie_id, genre) VALUES (539, 'Horror');
INSERT INTO movie_genres (movie_id, genre) VALUES (539, 'Thriller');
INSERT INTO movie_genres (movie_id, genre) VALUES (539, 'Mystery');
INSERT INTO movie_image_urls (movie_id, image_url) VALUES (539, 'https://image.tmdb.org/t/p/original/vzXQEAmXIEWAtPCgB81bAS6EJCy.jpg');
INSERT INTO movie_image_urls (movie_id, image_url) VALUES (539, 'https://image.tmdb.org/t/p/original/uif5fUshJrXyyDzfpzp1DLw3N0S.jpg');
INSERT INTO movie_image_urls (movie_id, image_url) VALUES (539, 'https://image.tmdb.org/t/p/original/kZGaVeXSkkvrpMYvD97sxHj291k.jpg');
INSERT INTO movie_image_urls (movie_id, image_url) VALUES (539, 'https://image.tmdb.org/t/p/original/k2ZDzJjZDtYZ3F4g7af4bb3eQ05.jpg');

INSERT INTO movies (id, title, release_year, duration_minutes, country, language, synopsis, poster_image_url, backdrop_image_url) VALUES (667257, 'Impossible Things', 2021, 88, 'Mexico', 'Spanish', 'After the death of her abusive husband, Matilde finds her new best friend in Miguel, her young, insecure, and disoriented neighbor.', 'https://image.tmdb.org/t/p/w500/t2Ew8NZ8Ci2kqmoecZUNQUFDJnQ.jpg', 'https://image.tmdb.org/t/p/original/bxSBOAD8AuMHYMdW3jso9npAkgt.jpg') ON CONFLICT (id) DO UPDATE SET title = EXCLUDED.title, release_year = EXCLUDED.release_year, duration_minutes = EXCLUDED.duration_minutes, country = EXCLUDED.country, language = EXCLUDED.language, synopsis = EXCLUDED.synopsis, poster_image_url = EXCLUDED.poster_image_url, backdrop_image_url = EXCLUDED.backdrop_image_url;
INSERT INTO movie_directors (movie_id, director) VALUES (667257, 'Ernesto Contreras');
INSERT INTO movie_cast_members (movie_id, cast_member) VALUES (667257, 'Nora Velázquez');
INSERT INTO movie_cast_members (movie_id, cast_member) VALUES (667257, 'Benny Emmanuel');
INSERT INTO movie_cast_members (movie_id, cast_member) VALUES (667257, 'Luisa Huertas');
INSERT INTO movie_cast_members (movie_id, cast_member) VALUES (667257, 'Salvador Garcini');
INSERT INTO movie_cast_members (movie_id, cast_member) VALUES (667257, 'Andrés Delgado');
INSERT INTO movie_genres (movie_id, genre) VALUES (667257, 'Family');
INSERT INTO movie_genres (movie_id, genre) VALUES (667257, 'Drama');
INSERT INTO movie_image_urls (movie_id, image_url) VALUES (667257, 'https://image.tmdb.org/t/p/original/ryr532va3rN7MADPAO2updA4Akz.jpg');
INSERT INTO movie_image_urls (movie_id, image_url) VALUES (667257, 'https://image.tmdb.org/t/p/original/l8XQNh84aaM5CQkrBfjoZXEHym0.jpg');

INSERT INTO movies (id, title, release_year, duration_minutes, country, language, synopsis, poster_image_url, backdrop_image_url) VALUES (121, 'The Lord of the Rings: The Two Towers', 2002, 179, 'New Zealand', 'English', 'Frodo Baggins and the other members of the Fellowship continue on their sacred quest to destroy the One Ring--but on separate paths. Their destinies lie at two towers--Orthanc Tower in Isengard, where the corrupt wizard Saruman awaits, and Sauron''s fortress at Barad-dur, deep within the dark lands of Mordor. Frodo and Sam are trekking to Mordor to destroy the One Ring of Power while Gimli, Legolas and Aragorn search for the orc-captured Merry and Pippin. All along, nefarious wizard Saruman awaits the Fellowship members at the Orthanc Tower in Isengard.', 'https://image.tmdb.org/t/p/w500/5VTN0pR8gcqV3EPUHHfMGnJYN9L.jpg', 'https://image.tmdb.org/t/p/original/kWYfW2Re0rUDE6IHhy4CRuKWeFr.jpg') ON CONFLICT (id) DO UPDATE SET title = EXCLUDED.title, release_year = EXCLUDED.release_year, duration_minutes = EXCLUDED.duration_minutes, country = EXCLUDED.country, language = EXCLUDED.language, synopsis = EXCLUDED.synopsis, poster_image_url = EXCLUDED.poster_image_url, backdrop_image_url = EXCLUDED.backdrop_image_url;
INSERT INTO movie_directors (movie_id, director) VALUES (121, 'Peter Jackson');
INSERT INTO movie_cast_members (movie_id, cast_member) VALUES (121, 'Elijah Wood');
INSERT INTO movie_cast_members (movie_id, cast_member) VALUES (121, 'Ian McKellen');
INSERT INTO movie_cast_members (movie_id, cast_member) VALUES (121, 'Viggo Mortensen');
INSERT INTO movie_cast_members (movie_id, cast_member) VALUES (121, 'Sean Astin');
INSERT INTO movie_cast_members (movie_id, cast_member) VALUES (121, 'Andy Serkis');
INSERT INTO movie_genres (movie_id, genre) VALUES (121, 'Adventure');
INSERT INTO movie_genres (movie_id, genre) VALUES (121, 'Fantasy');
INSERT INTO movie_genres (movie_id, genre) VALUES (121, 'Action');
INSERT INTO movie_image_urls (movie_id, image_url) VALUES (121, 'https://image.tmdb.org/t/p/original/mshaKLtPUxcDBhzau6qiObEblhL.jpg');
INSERT INTO movie_image_urls (movie_id, image_url) VALUES (121, 'https://image.tmdb.org/t/p/original/7ABgKch4hBX4qwCujRKM58fKsoG.jpg');
INSERT INTO movie_image_urls (movie_id, image_url) VALUES (121, 'https://image.tmdb.org/t/p/original/6G73mNyooWAEQTpckPSnFxFoNmc.jpg');
INSERT INTO movie_image_urls (movie_id, image_url) VALUES (121, 'https://image.tmdb.org/t/p/original/9BUvLUz1GhbNpcyQRyZm1HNqMq4.jpg');

INSERT INTO movies (id, title, release_year, duration_minutes, country, language, synopsis, poster_image_url, backdrop_image_url) VALUES (510, 'One Flew Over the Cuckoo''s Nest', 1975, 133, 'United States of America', 'English', 'A petty criminal fakes insanity to serve his sentence in a mental ward rather than prison. He soon finds himself as a leader to the other patients—and an enemy to the cruel, domineering nurse who runs the ward.', 'https://image.tmdb.org/t/p/w500/kjWsMh72V6d8KRLV4EOoSJLT1H7.jpg', 'https://image.tmdb.org/t/p/original/6Oa3zTiluBz2W8D2ou1MY16dUiF.jpg') ON CONFLICT (id) DO UPDATE SET title = EXCLUDED.title, release_year = EXCLUDED.release_year, duration_minutes = EXCLUDED.duration_minutes, country = EXCLUDED.country, language = EXCLUDED.language, synopsis = EXCLUDED.synopsis, poster_image_url = EXCLUDED.poster_image_url, backdrop_image_url = EXCLUDED.backdrop_image_url;
INSERT INTO movie_directors (movie_id, director) VALUES (510, 'Miloš Forman');
INSERT INTO movie_cast_members (movie_id, cast_member) VALUES (510, 'Jack Nicholson');
INSERT INTO movie_cast_members (movie_id, cast_member) VALUES (510, 'Brad Dourif');
INSERT INTO movie_cast_members (movie_id, cast_member) VALUES (510, 'Louise Fletcher');
INSERT INTO movie_cast_members (movie_id, cast_member) VALUES (510, 'Danny DeVito');
INSERT INTO movie_cast_members (movie_id, cast_member) VALUES (510, 'William Redfield');
INSERT INTO movie_genres (movie_id, genre) VALUES (510, 'Drama');
INSERT INTO movie_image_urls (movie_id, image_url) VALUES (510, 'https://image.tmdb.org/t/p/original/vMylmakO2K9cZexNUze8wa9muJp.jpg');
INSERT INTO movie_image_urls (movie_id, image_url) VALUES (510, 'https://image.tmdb.org/t/p/original/uA8eSNAUUUyfHNIrG4h0zHxzt9W.jpg');
INSERT INTO movie_image_urls (movie_id, image_url) VALUES (510, 'https://image.tmdb.org/t/p/original/qUq3QTr2KLvGIcN0GaaaYx9bbyH.jpg');
INSERT INTO movie_image_urls (movie_id, image_url) VALUES (510, 'https://image.tmdb.org/t/p/original/2j9oIcG4Pz38ESaUMTnmYhL6UM2.jpg');

INSERT INTO movies (id, title, release_year, duration_minutes, country, language, synopsis, poster_image_url, backdrop_image_url) VALUES (255709, 'Hope', 2013, 122, 'South Korea', 'Korean', 'After 8-year-old So-won narrowly survives a brutal sexual assault, her family labors to help her heal while coping with their own rage and grief.', 'https://image.tmdb.org/t/p/w500/x9yjkm9gIz5qI5fJMUTfBnWiB2o.jpg', 'https://image.tmdb.org/t/p/original/4Nx40jwpoTHPjCWNGoaZ6kaoGxa.jpg') ON CONFLICT (id) DO UPDATE SET title = EXCLUDED.title, release_year = EXCLUDED.release_year, duration_minutes = EXCLUDED.duration_minutes, country = EXCLUDED.country, language = EXCLUDED.language, synopsis = EXCLUDED.synopsis, poster_image_url = EXCLUDED.poster_image_url, backdrop_image_url = EXCLUDED.backdrop_image_url;
INSERT INTO movie_directors (movie_id, director) VALUES (255709, 'Lee Joon-ik');
INSERT INTO movie_cast_members (movie_id, cast_member) VALUES (255709, 'Sul Kyung-gu');
INSERT INTO movie_cast_members (movie_id, cast_member) VALUES (255709, 'Uhm Ji-won');
INSERT INTO movie_cast_members (movie_id, cast_member) VALUES (255709, 'Lee Re');
INSERT INTO movie_cast_members (movie_id, cast_member) VALUES (255709, 'Kim Sang-ho');
INSERT INTO movie_cast_members (movie_id, cast_member) VALUES (255709, 'Kim Hae-sook');
INSERT INTO movie_genres (movie_id, genre) VALUES (255709, 'Drama');
INSERT INTO movie_image_urls (movie_id, image_url) VALUES (255709, 'https://image.tmdb.org/t/p/original/cri20wZDTl1X5QpxlWCSJ4HSpTF.jpg');
INSERT INTO movie_image_urls (movie_id, image_url) VALUES (255709, 'https://image.tmdb.org/t/p/original/l5K9elugftlcyIHHm4nylvsn26X.jpg');
INSERT INTO movie_image_urls (movie_id, image_url) VALUES (255709, 'https://image.tmdb.org/t/p/original/btxIhBqEbxd1N8GSWlLCbRc0Lvu.jpg');
INSERT INTO movie_image_urls (movie_id, image_url) VALUES (255709, 'https://image.tmdb.org/t/p/original/3sjWWhySZ0w37ezrzcUqF8bqOXp.jpg');

INSERT INTO movies (id, title, release_year, duration_minutes, country, language, synopsis, poster_image_url, backdrop_image_url) VALUES (324857, 'Spider-Man: Into the Spider-Verse', 2018, 117, 'United States of America', 'English', 'Struggling to find his place in the world while juggling school and family, Brooklyn teenager Miles Morales is unexpectedly bitten by a radioactive spider and develops unfathomable powers just like the one and only Spider-Man. While wrestling with the implications of his new abilities, Miles discovers a super collider created by the madman Wilson "Kingpin" Fisk, causing others from across the Spider-Verse to be inadvertently transported to his dimension.', 'https://image.tmdb.org/t/p/w500/iiZZdoQBEYBv6id8su7ImL0oCbD.jpg', 'https://image.tmdb.org/t/p/original/8mnXR9rey5uQ08rZAvzojKWbDQS.jpg') ON CONFLICT (id) DO UPDATE SET title = EXCLUDED.title, release_year = EXCLUDED.release_year, duration_minutes = EXCLUDED.duration_minutes, country = EXCLUDED.country, language = EXCLUDED.language, synopsis = EXCLUDED.synopsis, poster_image_url = EXCLUDED.poster_image_url, backdrop_image_url = EXCLUDED.backdrop_image_url;
INSERT INTO movie_directors (movie_id, director) VALUES (324857, 'Bob Persichetti');
INSERT INTO movie_directors (movie_id, director) VALUES (324857, 'Peter Ramsey');
INSERT INTO movie_directors (movie_id, director) VALUES (324857, 'Rodney Rothman');
INSERT INTO movie_cast_members (movie_id, cast_member) VALUES (324857, 'Shameik Moore');
INSERT INTO movie_cast_members (movie_id, cast_member) VALUES (324857, 'Jake Johnson');
INSERT INTO movie_cast_members (movie_id, cast_member) VALUES (324857, 'Hailee Steinfeld');
INSERT INTO movie_cast_members (movie_id, cast_member) VALUES (324857, 'Mahershala Ali');
INSERT INTO movie_cast_members (movie_id, cast_member) VALUES (324857, 'Brian Tyree Henry');
INSERT INTO movie_genres (movie_id, genre) VALUES (324857, 'Animation');
INSERT INTO movie_genres (movie_id, genre) VALUES (324857, 'Action');
INSERT INTO movie_genres (movie_id, genre) VALUES (324857, 'Adventure');
INSERT INTO movie_genres (movie_id, genre) VALUES (324857, 'Science Fiction');
INSERT INTO movie_image_urls (movie_id, image_url) VALUES (324857, 'https://image.tmdb.org/t/p/original/b9YkKJcW3pPaXgMZu9uoT7v9yRB.jpg');
INSERT INTO movie_image_urls (movie_id, image_url) VALUES (324857, 'https://image.tmdb.org/t/p/original/qGQf2OHIkoh89K8XeKQzhxczf96.jpg');
INSERT INTO movie_image_urls (movie_id, image_url) VALUES (324857, 'https://image.tmdb.org/t/p/original/hlCq6Qh9GVtuNcGZF4mQYluaZix.jpg');
INSERT INTO movie_image_urls (movie_id, image_url) VALUES (324857, 'https://image.tmdb.org/t/p/original/kJq2u9aSji9gMXFrruIuACnX7nT.jpg');

INSERT INTO movies (id, title, release_year, duration_minutes, country, language, synopsis, poster_image_url, backdrop_image_url) VALUES (1891, 'The Empire Strikes Back', 1980, 124, 'United States of America', 'English', 'The epic saga continues as Luke Skywalker, in hopes of defeating the evil Galactic Empire, learns the ways of the Jedi from aging master Yoda. But Darth Vader is more determined than ever to capture Luke. Meanwhile, rebel leader Princess Leia, cocky Han Solo, Chewbacca, and droids C-3PO and R2-D2 are thrown into various stages of capture, betrayal and despair.', 'https://image.tmdb.org/t/p/w500/nNAeTmF4CtdSgMDplXTDPOpYzsX.jpg', 'https://image.tmdb.org/t/p/original/aJCtkxLLzkk1pECehVjKHA2lBgw.jpg') ON CONFLICT (id) DO UPDATE SET title = EXCLUDED.title, release_year = EXCLUDED.release_year, duration_minutes = EXCLUDED.duration_minutes, country = EXCLUDED.country, language = EXCLUDED.language, synopsis = EXCLUDED.synopsis, poster_image_url = EXCLUDED.poster_image_url, backdrop_image_url = EXCLUDED.backdrop_image_url;
INSERT INTO movie_directors (movie_id, director) VALUES (1891, 'Irvin Kershner');
INSERT INTO movie_cast_members (movie_id, cast_member) VALUES (1891, 'Mark Hamill');
INSERT INTO movie_cast_members (movie_id, cast_member) VALUES (1891, 'Harrison Ford');
INSERT INTO movie_cast_members (movie_id, cast_member) VALUES (1891, 'Carrie Fisher');
INSERT INTO movie_cast_members (movie_id, cast_member) VALUES (1891, 'Billy Dee Williams');
INSERT INTO movie_cast_members (movie_id, cast_member) VALUES (1891, 'Anthony Daniels');
INSERT INTO movie_genres (movie_id, genre) VALUES (1891, 'Adventure');
INSERT INTO movie_genres (movie_id, genre) VALUES (1891, 'Action');
INSERT INTO movie_genres (movie_id, genre) VALUES (1891, 'Science Fiction');
INSERT INTO movie_image_urls (movie_id, image_url) VALUES (1891, 'https://image.tmdb.org/t/p/original/ycBA7zK0v32oY4ohcK5dV3LjJbB.jpg');
INSERT INTO movie_image_urls (movie_id, image_url) VALUES (1891, 'https://image.tmdb.org/t/p/original/k9pshruhCpJAdH9RaGJO6jaWQ4X.jpg');
INSERT INTO movie_image_urls (movie_id, image_url) VALUES (1891, 'https://image.tmdb.org/t/p/original/b37U5gN6itEjaFcmaKhUOqG2Mkt.jpg');
INSERT INTO movie_image_urls (movie_id, image_url) VALUES (1891, 'https://image.tmdb.org/t/p/original/nJcAQO0zauDTp72SEMcneIDjA7c.jpg');

INSERT INTO movies (id, title, release_year, duration_minutes, country, language, synopsis, poster_image_url, backdrop_image_url) VALUES (696374, 'Gabriel''s Inferno', 2020, 122, 'United States of America', 'English', 'An intriguing and sinful exploration of seduction, forbidden love, and redemption, Gabriel''s Inferno is a captivating and wildly passionate tale of one man''s escape from his own personal hell as he tries to earn the impossible--forgiveness and love.', 'https://image.tmdb.org/t/p/w500/oyG9TL7FcRP4EZ9Vid6uKzwdndz.jpg', 'https://image.tmdb.org/t/p/original/nIkcTtuhmkl1GZO2LfZi7SwFz7F.jpg') ON CONFLICT (id) DO UPDATE SET title = EXCLUDED.title, release_year = EXCLUDED.release_year, duration_minutes = EXCLUDED.duration_minutes, country = EXCLUDED.country, language = EXCLUDED.language, synopsis = EXCLUDED.synopsis, poster_image_url = EXCLUDED.poster_image_url, backdrop_image_url = EXCLUDED.backdrop_image_url;
INSERT INTO movie_directors (movie_id, director) VALUES (696374, 'Tosca Musk');
INSERT INTO movie_cast_members (movie_id, cast_member) VALUES (696374, 'Melanie Zanetti');
INSERT INTO movie_cast_members (movie_id, cast_member) VALUES (696374, 'Giulio Berruti');
INSERT INTO movie_cast_members (movie_id, cast_member) VALUES (696374, 'Kurt McKinney');
INSERT INTO movie_cast_members (movie_id, cast_member) VALUES (696374, 'Agnes Albright');
INSERT INTO movie_cast_members (movie_id, cast_member) VALUES (696374, 'Margaux Brooke');
INSERT INTO movie_genres (movie_id, genre) VALUES (696374, 'Romance');
INSERT INTO movie_genres (movie_id, genre) VALUES (696374, 'Drama');
INSERT INTO movie_image_urls (movie_id, image_url) VALUES (696374, 'https://image.tmdb.org/t/p/original/w2uGvCpMtvRqZg6waC1hvLyZoJa.jpg');
INSERT INTO movie_image_urls (movie_id, image_url) VALUES (696374, 'https://image.tmdb.org/t/p/original/z6WgXrieVPb6I9JYUQkkg59gvlB.jpg');
INSERT INTO movie_image_urls (movie_id, image_url) VALUES (696374, 'https://image.tmdb.org/t/p/original/agU1XuUQfutVsAysQKrUsxijgsH.jpg');
INSERT INTO movie_image_urls (movie_id, image_url) VALUES (696374, 'https://image.tmdb.org/t/p/original/mPGEMTCxxyeZK6FhSbfMeCiaRXc.jpg');

INSERT INTO movies (id, title, release_year, duration_minutes, country, language, synopsis, poster_image_url, backdrop_image_url) VALUES (4935, 'Howl''s Moving Castle', 2004, 119, 'Japan', 'Japanese', 'Sophie, a young milliner, is turned into an elderly woman by a witch who enters her shop and curses her. She encounters a wizard named Howl and gets caught up in his resistance to fighting for the king.', 'https://image.tmdb.org/t/p/w500/13kOl2v0nD2OLbVSHnHk8GUFEhO.jpg', 'https://image.tmdb.org/t/p/original/nv5wwZou159v5OC61i4ElR7OqyY.jpg') ON CONFLICT (id) DO UPDATE SET title = EXCLUDED.title, release_year = EXCLUDED.release_year, duration_minutes = EXCLUDED.duration_minutes, country = EXCLUDED.country, language = EXCLUDED.language, synopsis = EXCLUDED.synopsis, poster_image_url = EXCLUDED.poster_image_url, backdrop_image_url = EXCLUDED.backdrop_image_url;
INSERT INTO movie_directors (movie_id, director) VALUES (4935, 'Hayao Miyazaki');
INSERT INTO movie_cast_members (movie_id, cast_member) VALUES (4935, 'Chieko Baisho');
INSERT INTO movie_cast_members (movie_id, cast_member) VALUES (4935, 'Takuya Kimura');
INSERT INTO movie_cast_members (movie_id, cast_member) VALUES (4935, 'Akihiro Miwa');
INSERT INTO movie_cast_members (movie_id, cast_member) VALUES (4935, 'Tatsuya Gashûin');
INSERT INTO movie_cast_members (movie_id, cast_member) VALUES (4935, 'Ryunosuke Kamiki');
INSERT INTO movie_genres (movie_id, genre) VALUES (4935, 'Fantasy');
INSERT INTO movie_genres (movie_id, genre) VALUES (4935, 'Animation');
INSERT INTO movie_genres (movie_id, genre) VALUES (4935, 'Adventure');
INSERT INTO movie_image_urls (movie_id, image_url) VALUES (4935, 'https://image.tmdb.org/t/p/original/iuFbU5jiNh8DAxLBGifZCvv3KmB.jpg');
INSERT INTO movie_image_urls (movie_id, image_url) VALUES (4935, 'https://image.tmdb.org/t/p/original/xqaN2WYQclQlqvKvsOcNgOx2vRn.jpg');
INSERT INTO movie_image_urls (movie_id, image_url) VALUES (4935, 'https://image.tmdb.org/t/p/original/vwBa7djy1oxfxUjc7YtVgGNsjrT.jpg');
INSERT INTO movie_image_urls (movie_id, image_url) VALUES (4935, 'https://image.tmdb.org/t/p/original/hjlvbMKhQm7N8tYynr8yQ8GBmqe.jpg');

INSERT INTO movies (id, title, release_year, duration_minutes, country, language, synopsis, poster_image_url, backdrop_image_url) VALUES (378064, 'A Silent Voice: The Movie', 2016, 129, 'Japan', 'Japanese', 'Shouya Ishida starts bullying the new girl in class, Shouko Nishimiya, because she is deaf. But as the teasing continues, the rest of the class starts to turn on Shouya for his lack of compassion. When they leave elementary school, Shouko and Shouya do not speak to each other again... until an older, wiser Shouya, tormented by his past behaviour, decides he must see Shouko once more. He wants to atone for his sins, but is it already too late...?', 'https://image.tmdb.org/t/p/w500/tuFaWiqX0TXoWu7DGNcmX3UW7sT.jpg', 'https://image.tmdb.org/t/p/original/5lAMQMWpXMsirvtLLvW7cJgEPkU.jpg') ON CONFLICT (id) DO UPDATE SET title = EXCLUDED.title, release_year = EXCLUDED.release_year, duration_minutes = EXCLUDED.duration_minutes, country = EXCLUDED.country, language = EXCLUDED.language, synopsis = EXCLUDED.synopsis, poster_image_url = EXCLUDED.poster_image_url, backdrop_image_url = EXCLUDED.backdrop_image_url;
INSERT INTO movie_directors (movie_id, director) VALUES (378064, 'Naoko Yamada');
INSERT INTO movie_cast_members (movie_id, cast_member) VALUES (378064, 'Miyu Irino');
INSERT INTO movie_cast_members (movie_id, cast_member) VALUES (378064, 'Saori Hayami');
INSERT INTO movie_cast_members (movie_id, cast_member) VALUES (378064, 'Aoi Yuuki');
INSERT INTO movie_cast_members (movie_id, cast_member) VALUES (378064, 'Kensho Ono');
INSERT INTO movie_cast_members (movie_id, cast_member) VALUES (378064, 'Yuki Kaneko');
INSERT INTO movie_genres (movie_id, genre) VALUES (378064, 'Animation');
INSERT INTO movie_genres (movie_id, genre) VALUES (378064, 'Drama');
INSERT INTO movie_genres (movie_id, genre) VALUES (378064, 'Romance');
INSERT INTO movie_image_urls (movie_id, image_url) VALUES (378064, 'https://image.tmdb.org/t/p/original/72PdW6mO0y6YfWpt7Fv6Th0nHyb.jpg');
INSERT INTO movie_image_urls (movie_id, image_url) VALUES (378064, 'https://image.tmdb.org/t/p/original/xf7fYjRy8H8QxOXVnqOqxtu4Jah.jpg');
INSERT INTO movie_image_urls (movie_id, image_url) VALUES (378064, 'https://image.tmdb.org/t/p/original/jL7sqTNzL8hghWcFcNLFEWAPd54.jpg');
INSERT INTO movie_image_urls (movie_id, image_url) VALUES (378064, 'https://image.tmdb.org/t/p/original/hv1XW3q6qXQ6kzPEYQpIBFuInMx.jpg');

INSERT INTO movies (id, title, release_year, duration_minutes, country, language, synopsis, poster_image_url, backdrop_image_url) VALUES (311, 'Once Upon a Time in America', 1984, 229, 'United States of America', 'English', 'A former Prohibition-era Jewish gangster returns to the Lower East Side of Manhattan over thirty years later, where he once again must confront the ghosts and regrets of his old life.', 'https://image.tmdb.org/t/p/w500/i0enkzsL5dPeneWnjl1fCWm6L7k.jpg', 'https://image.tmdb.org/t/p/original/xlDUjb0Q5Dv6jPQRF5VE4IMjIy.jpg') ON CONFLICT (id) DO UPDATE SET title = EXCLUDED.title, release_year = EXCLUDED.release_year, duration_minutes = EXCLUDED.duration_minutes, country = EXCLUDED.country, language = EXCLUDED.language, synopsis = EXCLUDED.synopsis, poster_image_url = EXCLUDED.poster_image_url, backdrop_image_url = EXCLUDED.backdrop_image_url;
INSERT INTO movie_directors (movie_id, director) VALUES (311, 'Sergio Leone');
INSERT INTO movie_cast_members (movie_id, cast_member) VALUES (311, 'Robert De Niro');
INSERT INTO movie_cast_members (movie_id, cast_member) VALUES (311, 'James Woods');
INSERT INTO movie_cast_members (movie_id, cast_member) VALUES (311, 'Elizabeth McGovern');
INSERT INTO movie_cast_members (movie_id, cast_member) VALUES (311, 'Treat Williams');
INSERT INTO movie_cast_members (movie_id, cast_member) VALUES (311, 'Tuesday Weld');
INSERT INTO movie_genres (movie_id, genre) VALUES (311, 'Drama');
INSERT INTO movie_genres (movie_id, genre) VALUES (311, 'Crime');
INSERT INTO movie_image_urls (movie_id, image_url) VALUES (311, 'https://image.tmdb.org/t/p/original/uPYa165sraN2c8gZBM9C47g3JoU.jpg');
INSERT INTO movie_image_urls (movie_id, image_url) VALUES (311, 'https://image.tmdb.org/t/p/original/gUdk0FMw38DSUqpnLLHCAWN60he.jpg');
INSERT INTO movie_image_urls (movie_id, image_url) VALUES (311, 'https://image.tmdb.org/t/p/original/wxoxxA9oINGVI4vJWYnDId6oRMv.jpg');
INSERT INTO movie_image_urls (movie_id, image_url) VALUES (311, 'https://image.tmdb.org/t/p/original/4xiEqaRV66SpGWga8OsYYqPISuL.jpg');

INSERT INTO movies (id, title, release_year, duration_minutes, country, language, synopsis, poster_image_url, backdrop_image_url) VALUES (807, 'Se7en', 1995, 127, 'United States of America', 'English', 'Two homicide detectives are on a desperate hunt for a serial killer whose crimes are based on the "seven deadly sins" in this dark and haunting film that takes viewers from the tortured remains of one victim to the next. The seasoned Det. Somerset researches each sin in an effort to get inside the killer''s mind, while his novice partner, Mills, scoffs at his efforts to unravel the case.', 'https://image.tmdb.org/t/p/w500/191nKfP0ehp3uIvWqgPbFmI4lv9.jpg', 'https://image.tmdb.org/t/p/original/i5H7zusQGsysGQ8i6P361Vnr0n2.jpg') ON CONFLICT (id) DO UPDATE SET title = EXCLUDED.title, release_year = EXCLUDED.release_year, duration_minutes = EXCLUDED.duration_minutes, country = EXCLUDED.country, language = EXCLUDED.language, synopsis = EXCLUDED.synopsis, poster_image_url = EXCLUDED.poster_image_url, backdrop_image_url = EXCLUDED.backdrop_image_url;
INSERT INTO movie_directors (movie_id, director) VALUES (807, 'David Fincher');
INSERT INTO movie_cast_members (movie_id, cast_member) VALUES (807, 'Morgan Freeman');
INSERT INTO movie_cast_members (movie_id, cast_member) VALUES (807, 'Brad Pitt');
INSERT INTO movie_cast_members (movie_id, cast_member) VALUES (807, 'Gwyneth Paltrow');
INSERT INTO movie_cast_members (movie_id, cast_member) VALUES (807, 'John Cassini');
INSERT INTO movie_cast_members (movie_id, cast_member) VALUES (807, 'Peter Crombie');
INSERT INTO movie_genres (movie_id, genre) VALUES (807, 'Crime');
INSERT INTO movie_genres (movie_id, genre) VALUES (807, 'Mystery');
INSERT INTO movie_genres (movie_id, genre) VALUES (807, 'Thriller');
INSERT INTO movie_image_urls (movie_id, image_url) VALUES (807, 'https://image.tmdb.org/t/p/original/iwgl8zlrrfvfWp9k9Paj8lvFEvS.jpg');
INSERT INTO movie_image_urls (movie_id, image_url) VALUES (807, 'https://image.tmdb.org/t/p/original/p1PLSI5Nw2krGxD7X4ulul1tDAk.jpg');
INSERT INTO movie_image_urls (movie_id, image_url) VALUES (807, 'https://image.tmdb.org/t/p/original/fopucwQz3d46dB9CQG4Q3YbN5Ff.jpg');
INSERT INTO movie_image_urls (movie_id, image_url) VALUES (807, 'https://image.tmdb.org/t/p/original/dYjZ27hDw2QFaEIfzbNGwW0IkV9.jpg');

INSERT INTO movies (id, title, release_year, duration_minutes, country, language, synopsis, poster_image_url, backdrop_image_url) VALUES (423, 'The Pianist', 2002, 150, 'France', 'Russian', 'The true story of pianist Władysław Szpilman''s experiences in Warsaw during the Nazi occupation. When the Jews of the city find themselves forced into a ghetto, Szpilman finds work playing in a café; and when his family is deported in 1942, he stays behind, works for a while as a laborer, and eventually goes into hiding in the ruins of the war-torn city.', 'https://image.tmdb.org/t/p/w500/2hFvxCCWrTmCYwfy7yum0GKRi3Y.jpg', 'https://image.tmdb.org/t/p/original/c0fB9xk7D1aVb3Bg2rk2SVJcGn.jpg') ON CONFLICT (id) DO UPDATE SET title = EXCLUDED.title, release_year = EXCLUDED.release_year, duration_minutes = EXCLUDED.duration_minutes, country = EXCLUDED.country, language = EXCLUDED.language, synopsis = EXCLUDED.synopsis, poster_image_url = EXCLUDED.poster_image_url, backdrop_image_url = EXCLUDED.backdrop_image_url;
INSERT INTO movie_directors (movie_id, director) VALUES (423, 'Roman Polanski');
INSERT INTO movie_cast_members (movie_id, cast_member) VALUES (423, 'Adrien Brody');
INSERT INTO movie_cast_members (movie_id, cast_member) VALUES (423, 'Thomas Kretschmann');
INSERT INTO movie_cast_members (movie_id, cast_member) VALUES (423, 'Frank Finlay');
INSERT INTO movie_cast_members (movie_id, cast_member) VALUES (423, 'Maureen Lipman');
INSERT INTO movie_cast_members (movie_id, cast_member) VALUES (423, 'Emilia Fox');
INSERT INTO movie_genres (movie_id, genre) VALUES (423, 'Drama');
INSERT INTO movie_genres (movie_id, genre) VALUES (423, 'War');
INSERT INTO movie_image_urls (movie_id, image_url) VALUES (423, 'https://image.tmdb.org/t/p/original/1XqIhsqnAozznGhxlGdI0GPcCro.jpg');
INSERT INTO movie_image_urls (movie_id, image_url) VALUES (423, 'https://image.tmdb.org/t/p/original/cqOmm81h5zVl182kzbr0xSKD6nF.jpg');
INSERT INTO movie_image_urls (movie_id, image_url) VALUES (423, 'https://image.tmdb.org/t/p/original/dVr11o9or7AS8AMPfwjSpEU83iU.jpg');
INSERT INTO movie_image_urls (movie_id, image_url) VALUES (423, 'https://image.tmdb.org/t/p/original/hchJ0PTREmXveasCBsT4SdPY3JF.jpg');

INSERT INTO movies (id, title, release_year, duration_minutes, country, language, synopsis, poster_image_url, backdrop_image_url) VALUES (1234731, 'Anaconda', 2025, 100, 'United States of America', 'English', 'A group of friends facing mid-life crises head to the rainforest with the intention of remaking their favorite movie from their youth, only to find themselves in a fight for their lives against natural disasters, giant snakes and violent criminals.', 'https://image.tmdb.org/t/p/w500/hBxN6dwrANN1ic3a4G9x6JZcR3C.jpg', 'https://image.tmdb.org/t/p/original/swxhEJsAWms6X1fDZ4HdbvYBSf9.jpg') ON CONFLICT (id) DO UPDATE SET title = EXCLUDED.title, release_year = EXCLUDED.release_year, duration_minutes = EXCLUDED.duration_minutes, country = EXCLUDED.country, language = EXCLUDED.language, synopsis = EXCLUDED.synopsis, poster_image_url = EXCLUDED.poster_image_url, backdrop_image_url = EXCLUDED.backdrop_image_url;
INSERT INTO movie_directors (movie_id, director) VALUES (1234731, 'Tom Gormican');
INSERT INTO movie_cast_members (movie_id, cast_member) VALUES (1234731, 'Jack Black');
INSERT INTO movie_cast_members (movie_id, cast_member) VALUES (1234731, 'Paul Rudd');
INSERT INTO movie_cast_members (movie_id, cast_member) VALUES (1234731, 'Steve Zahn');
INSERT INTO movie_cast_members (movie_id, cast_member) VALUES (1234731, 'Thandiwe Newton');
INSERT INTO movie_cast_members (movie_id, cast_member) VALUES (1234731, 'Daniela Melchior');
INSERT INTO movie_genres (movie_id, genre) VALUES (1234731, 'Adventure');
INSERT INTO movie_genres (movie_id, genre) VALUES (1234731, 'Comedy');
INSERT INTO movie_genres (movie_id, genre) VALUES (1234731, 'Horror');
INSERT INTO movie_image_urls (movie_id, image_url) VALUES (1234731, 'https://image.tmdb.org/t/p/original/h0bcxrUI9l46YjkgopGO9q71xZD.jpg');
INSERT INTO movie_image_urls (movie_id, image_url) VALUES (1234731, 'https://image.tmdb.org/t/p/original/y342NhmRhXNbxhxWQbYv65bvf4C.jpg');
INSERT INTO movie_image_urls (movie_id, image_url) VALUES (1234731, 'https://image.tmdb.org/t/p/original/yo41R39airbREp0PYfG30Ofxtgt.jpg');
INSERT INTO movie_image_urls (movie_id, image_url) VALUES (1234731, 'https://image.tmdb.org/t/p/original/wdFQ1wTDX3mYjv3TX6OLLfrLqS9.jpg');

INSERT INTO movies (id, title, release_year, duration_minutes, country, language, synopsis, poster_image_url, backdrop_image_url) VALUES (875828, 'Peaky Blinders: The Immortal Man', 2026, 112, 'United Kingdom', 'English', 'After his estranged son gets embroiled in a Nazi plot, self-exiled gangster Tommy Shelby must return to Birmingham to save his family — and his nation.', 'https://image.tmdb.org/t/p/w500/gRMalasZEzsZi4w2VFuYusfSfqf.jpg', 'https://image.tmdb.org/t/p/original/61BiigHOW0ReOZvV039UfeFM2gW.jpg') ON CONFLICT (id) DO UPDATE SET title = EXCLUDED.title, release_year = EXCLUDED.release_year, duration_minutes = EXCLUDED.duration_minutes, country = EXCLUDED.country, language = EXCLUDED.language, synopsis = EXCLUDED.synopsis, poster_image_url = EXCLUDED.poster_image_url, backdrop_image_url = EXCLUDED.backdrop_image_url;
INSERT INTO movie_directors (movie_id, director) VALUES (875828, 'Tom Harper');
INSERT INTO movie_cast_members (movie_id, cast_member) VALUES (875828, 'Cillian Murphy');
INSERT INTO movie_cast_members (movie_id, cast_member) VALUES (875828, 'Barry Keoghan');
INSERT INTO movie_cast_members (movie_id, cast_member) VALUES (875828, 'Rebecca Ferguson');
INSERT INTO movie_cast_members (movie_id, cast_member) VALUES (875828, 'Tim Roth');
INSERT INTO movie_cast_members (movie_id, cast_member) VALUES (875828, 'Stephen Graham');
INSERT INTO movie_genres (movie_id, genre) VALUES (875828, 'Crime');
INSERT INTO movie_genres (movie_id, genre) VALUES (875828, 'Drama');
INSERT INTO movie_image_urls (movie_id, image_url) VALUES (875828, 'https://image.tmdb.org/t/p/original/af8sU7ts4uwSBCkm6o1ZMidIV2R.jpg');
INSERT INTO movie_image_urls (movie_id, image_url) VALUES (875828, 'https://image.tmdb.org/t/p/original/uqKlpecXrKGe7O2nogNuJ8zAGZ9.jpg');
INSERT INTO movie_image_urls (movie_id, image_url) VALUES (875828, 'https://image.tmdb.org/t/p/original/6rE0N7PS1qEI5or9xLtGMakarAz.jpg');
INSERT INTO movie_image_urls (movie_id, image_url) VALUES (875828, 'https://image.tmdb.org/t/p/original/5eng6D3gtMBYzyHcQ4lyr2Krsgs.jpg');

INSERT INTO movies (id, title, release_year, duration_minutes, country, language, synopsis, poster_image_url, backdrop_image_url) VALUES (1653994, 'Shrounding the Heavens Movie：Fighting Against Wang Teng with Copper Coffin', 2026, 1, 'China', 'Mandarin', 'Synopsis unavailable.', 'https://image.tmdb.org/t/p/w500/298clyKoBbZPp4zgUiDSxhCO0wk.jpg', 'https://image.tmdb.org/t/p/original/shFeiPJ1MBFdkjiWWigvrOOxvMY.jpg') ON CONFLICT (id) DO UPDATE SET title = EXCLUDED.title, release_year = EXCLUDED.release_year, duration_minutes = EXCLUDED.duration_minutes, country = EXCLUDED.country, language = EXCLUDED.language, synopsis = EXCLUDED.synopsis, poster_image_url = EXCLUDED.poster_image_url, backdrop_image_url = EXCLUDED.backdrop_image_url;
INSERT INTO movie_directors (movie_id, director) VALUES (1653994, 'Unknown');
INSERT INTO movie_cast_members (movie_id, cast_member) VALUES (1653994, 'Xiang Xu');
INSERT INTO movie_cast_members (movie_id, cast_member) VALUES (1653994, 'Huang Xiangyu');
INSERT INTO movie_cast_members (movie_id, cast_member) VALUES (1653994, 'Li Chanfei');
INSERT INTO movie_genres (movie_id, genre) VALUES (1653994, 'Animation');
INSERT INTO movie_genres (movie_id, genre) VALUES (1653994, 'Action');
INSERT INTO movie_image_urls (movie_id, image_url) VALUES (1653994, 'https://image.tmdb.org/t/p/original/iMD7wYb1UE2GjGXDWAkfAtLTzFy.jpg');

INSERT INTO movies (id, title, release_year, duration_minutes, country, language, synopsis, poster_image_url, backdrop_image_url) VALUES (1493859, 'Pizza Movie', 2026, 97, 'United States of America', 'English', 'A shy college student and his reckless roommate set out on a simple mission to grab pizza, but after a strange dose of a mind-bending experimental drug, they''re thrust into a chaotic night of absurd encounters, wild hallucinations, and unexpected revelations that could change their lives forever.', 'https://image.tmdb.org/t/p/w500/2c2ib9pS3BTIoMnYHi4z6t9nxuA.jpg', 'https://image.tmdb.org/t/p/original/75UkXLlLedidOGo0VogF0A0NPfC.jpg') ON CONFLICT (id) DO UPDATE SET title = EXCLUDED.title, release_year = EXCLUDED.release_year, duration_minutes = EXCLUDED.duration_minutes, country = EXCLUDED.country, language = EXCLUDED.language, synopsis = EXCLUDED.synopsis, poster_image_url = EXCLUDED.poster_image_url, backdrop_image_url = EXCLUDED.backdrop_image_url;
INSERT INTO movie_directors (movie_id, director) VALUES (1493859, 'Nick Kocher');
INSERT INTO movie_directors (movie_id, director) VALUES (1493859, 'Brian McElhaney');
INSERT INTO movie_cast_members (movie_id, cast_member) VALUES (1493859, 'Gaten Matarazzo');
INSERT INTO movie_cast_members (movie_id, cast_member) VALUES (1493859, 'Sean Giambrone');
INSERT INTO movie_cast_members (movie_id, cast_member) VALUES (1493859, 'Lulu Wilson');
INSERT INTO movie_cast_members (movie_id, cast_member) VALUES (1493859, 'Jack Martin');
INSERT INTO movie_cast_members (movie_id, cast_member) VALUES (1493859, 'Peyton Elizabeth Lee');
INSERT INTO movie_genres (movie_id, genre) VALUES (1493859, 'Adventure');
INSERT INTO movie_genres (movie_id, genre) VALUES (1493859, 'Comedy');
INSERT INTO movie_genres (movie_id, genre) VALUES (1493859, 'Fantasy');
INSERT INTO movie_image_urls (movie_id, image_url) VALUES (1493859, 'https://image.tmdb.org/t/p/original/wynVCS7b2KsKABJBf6tbcP940k6.jpg');
INSERT INTO movie_image_urls (movie_id, image_url) VALUES (1493859, 'https://image.tmdb.org/t/p/original/zL7kHGLu8N0f8izqc7g0kX7G9E0.jpg');
INSERT INTO movie_image_urls (movie_id, image_url) VALUES (1493859, 'https://image.tmdb.org/t/p/original/dhoMQXDaYTtiQY3sECNCPkY3rad.jpg');
INSERT INTO movie_image_urls (movie_id, image_url) VALUES (1493859, 'https://image.tmdb.org/t/p/original/uSMsiIzB8ISwV4ICXmIBhps77cD.jpg');

INSERT INTO movies (id, title, release_year, duration_minutes, country, language, synopsis, poster_image_url, backdrop_image_url) VALUES (999136, 'Do Not Enter', 2026, 91, 'United States of America', 'English', 'A group of young explorers investigates an old abandoned hotel, only to encounter a strange supernatural being and a competing group looking for a legendary hidden treasure.', 'https://image.tmdb.org/t/p/w500/stM9N7eJmHKLmFR59JG4tLdN7Wk.jpg', 'https://image.tmdb.org/t/p/original/8zyQbsmMlXfLkcctjNz5YZZwpkw.jpg') ON CONFLICT (id) DO UPDATE SET title = EXCLUDED.title, release_year = EXCLUDED.release_year, duration_minutes = EXCLUDED.duration_minutes, country = EXCLUDED.country, language = EXCLUDED.language, synopsis = EXCLUDED.synopsis, poster_image_url = EXCLUDED.poster_image_url, backdrop_image_url = EXCLUDED.backdrop_image_url;
INSERT INTO movie_directors (movie_id, director) VALUES (999136, 'Marc Klasfeld');
INSERT INTO movie_cast_members (movie_id, cast_member) VALUES (999136, 'Francesca Reale');
INSERT INTO movie_cast_members (movie_id, cast_member) VALUES (999136, 'Nicholas Hamilton');
INSERT INTO movie_cast_members (movie_id, cast_member) VALUES (999136, 'Adeline Rudolph');
INSERT INTO movie_cast_members (movie_id, cast_member) VALUES (999136, 'Jake Manley');
INSERT INTO movie_cast_members (movie_id, cast_member) VALUES (999136, 'Shane Paul McGhie');
INSERT INTO movie_genres (movie_id, genre) VALUES (999136, 'Horror');
INSERT INTO movie_image_urls (movie_id, image_url) VALUES (999136, 'https://image.tmdb.org/t/p/original/jmxdDMCX0h54AbaXsk35cnO5kQj.jpg');
INSERT INTO movie_image_urls (movie_id, image_url) VALUES (999136, 'https://image.tmdb.org/t/p/original/1U12SjJjlfUpcutFLXpBNEmRHQB.jpg');
INSERT INTO movie_image_urls (movie_id, image_url) VALUES (999136, 'https://image.tmdb.org/t/p/original/ew3IcRMMeGO07pJY5iqmWHNlC8X.jpg');
INSERT INTO movie_image_urls (movie_id, image_url) VALUES (999136, 'https://image.tmdb.org/t/p/original/rGF6QYJZpCDKFBSMSdLWwPva7sw.jpg');

INSERT INTO movies (id, title, release_year, duration_minutes, country, language, synopsis, poster_image_url, backdrop_image_url) VALUES (1646787, 'Sundutan', 2026, 70, 'Philippines', 'Tagalog', 'A hole on the wall accidentally connects two women emotionally and physically. Forbidden love, greed, betrayal... what lies beyond the hole? And for how long can they keep covering it up?', 'https://image.tmdb.org/t/p/w500/2neZgVuY7prWIak5hhNKT53Hk0N.jpg', 'https://image.tmdb.org/t/p/original/zYm62AouAahA71AoOWHE5Qb0FYH.jpg') ON CONFLICT (id) DO UPDATE SET title = EXCLUDED.title, release_year = EXCLUDED.release_year, duration_minutes = EXCLUDED.duration_minutes, country = EXCLUDED.country, language = EXCLUDED.language, synopsis = EXCLUDED.synopsis, poster_image_url = EXCLUDED.poster_image_url, backdrop_image_url = EXCLUDED.backdrop_image_url;
INSERT INTO movie_directors (movie_id, director) VALUES (1646787, 'Rodante Pajemna Jr.');
INSERT INTO movie_cast_members (movie_id, cast_member) VALUES (1646787, 'Allison Ross');
INSERT INTO movie_cast_members (movie_id, cast_member) VALUES (1646787, 'Jade Esguerra');
INSERT INTO movie_cast_members (movie_id, cast_member) VALUES (1646787, 'Mark Dionisio');
INSERT INTO movie_cast_members (movie_id, cast_member) VALUES (1646787, 'Zia Zamora');
INSERT INTO movie_cast_members (movie_id, cast_member) VALUES (1646787, 'Primo Angeles');
INSERT INTO movie_genres (movie_id, genre) VALUES (1646787, 'Drama');
INSERT INTO movie_image_urls (movie_id, image_url) VALUES (1646787, 'https://image.tmdb.org/t/p/original/soCQNql05gLKgPAyVOuGtez06nL.jpg');

INSERT INTO movies (id, title, release_year, duration_minutes, country, language, synopsis, poster_image_url, backdrop_image_url) VALUES (1572073, 'The Deadly Little Mermaid', 2026, 80, 'United Kingdom', 'en', 'Some secrets are better left at the bottom of the ocean. Once she''s in your house, there is no escape. When a struggling artist pulls a beautiful, unconscious woman from the freezing coastal waters, he thinks he’s performed a miracle. But as she recovers within the walls of his secluded home, a series of unsettling events leads him to a terrifying realization: her presence is no coincidence. She is inextricably linked to the same watery grave that claimed his family years ago.', 'https://image.tmdb.org/t/p/w500/uye25uG7k8r3NNPLyPiKOiRnFRF.jpg', 'https://image.tmdb.org/t/p/original/yzIjyPtwvyjHelxqIRXGpiaucPG.jpg') ON CONFLICT (id) DO UPDATE SET title = EXCLUDED.title, release_year = EXCLUDED.release_year, duration_minutes = EXCLUDED.duration_minutes, country = EXCLUDED.country, language = EXCLUDED.language, synopsis = EXCLUDED.synopsis, poster_image_url = EXCLUDED.poster_image_url, backdrop_image_url = EXCLUDED.backdrop_image_url;
INSERT INTO movie_directors (movie_id, director) VALUES (1572073, 'Cameron Uzoka');
INSERT INTO movie_cast_members (movie_id, cast_member) VALUES (1572073, 'Elliott Eason');
INSERT INTO movie_cast_members (movie_id, cast_member) VALUES (1572073, 'Sophia Carroll');
INSERT INTO movie_cast_members (movie_id, cast_member) VALUES (1572073, 'Eleanor Mackenzie');
INSERT INTO movie_cast_members (movie_id, cast_member) VALUES (1572073, 'Anastasia Nikolaeva');
INSERT INTO movie_cast_members (movie_id, cast_member) VALUES (1572073, 'Maddy Baskerville');
INSERT INTO movie_genres (movie_id, genre) VALUES (1572073, 'Horror');

INSERT INTO movies (id, title, release_year, duration_minutes, country, language, synopsis, poster_image_url, backdrop_image_url) VALUES (1582770, 'Dhurandhar: The Revenge', 2026, 229, 'India', 'Hindi', 'As rival gangs, corrupt officials and a ruthless Major Iqbal close in, Hamza''s mission for his country spirals into a bloody personal war where the line between patriot and monster disappears in the streets of Lyari.', 'https://image.tmdb.org/t/p/w500/ov8vrRLZGoXHpYjSY9Vpv1tHJX7.jpg', 'https://image.tmdb.org/t/p/original/owQeDouUZ6wI6f1aTOYEFd511zn.jpg') ON CONFLICT (id) DO UPDATE SET title = EXCLUDED.title, release_year = EXCLUDED.release_year, duration_minutes = EXCLUDED.duration_minutes, country = EXCLUDED.country, language = EXCLUDED.language, synopsis = EXCLUDED.synopsis, poster_image_url = EXCLUDED.poster_image_url, backdrop_image_url = EXCLUDED.backdrop_image_url;
INSERT INTO movie_directors (movie_id, director) VALUES (1582770, 'Aditya Dhar');
INSERT INTO movie_cast_members (movie_id, cast_member) VALUES (1582770, 'Ranveer Singh');
INSERT INTO movie_cast_members (movie_id, cast_member) VALUES (1582770, 'Arjun Rampal');
INSERT INTO movie_cast_members (movie_id, cast_member) VALUES (1582770, 'R. Madhavan');
INSERT INTO movie_cast_members (movie_id, cast_member) VALUES (1582770, 'Sanjay Dutt');
INSERT INTO movie_cast_members (movie_id, cast_member) VALUES (1582770, 'Sara Arjun');
INSERT INTO movie_genres (movie_id, genre) VALUES (1582770, 'Action');
INSERT INTO movie_genres (movie_id, genre) VALUES (1582770, 'Crime');
INSERT INTO movie_genres (movie_id, genre) VALUES (1582770, 'Thriller');
INSERT INTO movie_image_urls (movie_id, image_url) VALUES (1582770, 'https://image.tmdb.org/t/p/original/lJzjeBNdx1jFgLIOXEbJsKvtCnn.jpg');
INSERT INTO movie_image_urls (movie_id, image_url) VALUES (1582770, 'https://image.tmdb.org/t/p/original/zG07SgEzTD5GhneXptT3eoZqBvB.jpg');
INSERT INTO movie_image_urls (movie_id, image_url) VALUES (1582770, 'https://image.tmdb.org/t/p/original/bz9THxuaYmZnoL1PwXpqCNRL344.jpg');
INSERT INTO movie_image_urls (movie_id, image_url) VALUES (1582770, 'https://image.tmdb.org/t/p/original/7xsH5TN2uDjQGqKQBjS4LYtvm03.jpg');

INSERT INTO movies (id, title, release_year, duration_minutes, country, language, synopsis, poster_image_url, backdrop_image_url) VALUES (1167307, 'David', 2025, 109, 'United States of America', 'English', 'From the songs of his mother’s heart to the whispers of a faithful God, David’s story begins in quiet devotion. When the giant Goliath rises to terrorize a nation, a young shepherd armed with only a sling, a few stones, and unshakable faith steps forward. Pursued by power and driven by purpose, his journey tests the limits of loyalty, love, and courage—culminating in a battle not just for a crown, but for the soul of a kingdom.', 'https://image.tmdb.org/t/p/w500/bESlrLOrsQ9gKzaGQGHXKOyIUtX.jpg', 'https://image.tmdb.org/t/p/original/oN4TQ1TxchynXlFiXFBL3NHLT54.jpg') ON CONFLICT (id) DO UPDATE SET title = EXCLUDED.title, release_year = EXCLUDED.release_year, duration_minutes = EXCLUDED.duration_minutes, country = EXCLUDED.country, language = EXCLUDED.language, synopsis = EXCLUDED.synopsis, poster_image_url = EXCLUDED.poster_image_url, backdrop_image_url = EXCLUDED.backdrop_image_url;
INSERT INTO movie_directors (movie_id, director) VALUES (1167307, 'Phil Cunningham');
INSERT INTO movie_directors (movie_id, director) VALUES (1167307, 'Brent Dawes');
INSERT INTO movie_cast_members (movie_id, cast_member) VALUES (1167307, 'Brandon Engman');
INSERT INTO movie_cast_members (movie_id, cast_member) VALUES (1167307, 'Brian Stivale');
INSERT INTO movie_cast_members (movie_id, cast_member) VALUES (1167307, 'Shahar Taboch');
INSERT INTO movie_cast_members (movie_id, cast_member) VALUES (1167307, 'Aaron Tavaler');
INSERT INTO movie_cast_members (movie_id, cast_member) VALUES (1167307, 'Hector');
INSERT INTO movie_genres (movie_id, genre) VALUES (1167307, 'Animation');
INSERT INTO movie_genres (movie_id, genre) VALUES (1167307, 'Family');
INSERT INTO movie_genres (movie_id, genre) VALUES (1167307, 'Drama');
INSERT INTO movie_genres (movie_id, genre) VALUES (1167307, 'Music');
INSERT INTO movie_image_urls (movie_id, image_url) VALUES (1167307, 'https://image.tmdb.org/t/p/original/d10VuEOMroY7ngQi2FUhJH72k0e.jpg');
INSERT INTO movie_image_urls (movie_id, image_url) VALUES (1167307, 'https://image.tmdb.org/t/p/original/e3lmJ6sI7aItMv3sXHnKZCeppCx.jpg');
INSERT INTO movie_image_urls (movie_id, image_url) VALUES (1167307, 'https://image.tmdb.org/t/p/original/kCENmqVsAjQtFdLDyIw14zlJWVc.jpg');
INSERT INTO movie_image_urls (movie_id, image_url) VALUES (1167307, 'https://image.tmdb.org/t/p/original/w0ABiy26wjgaScqYA66jlKYHkFM.jpg');

INSERT INTO movies (id, title, release_year, duration_minutes, country, language, synopsis, poster_image_url, backdrop_image_url) VALUES (467905, 'How to Make a Killing', 2026, 105, 'United Kingdom', 'English', 'Disowned at birth by his obscenely wealthy family, blue-collar Becket Redfellow will stop at nothing to reclaim his inheritance, no matter how many relatives stand in his way.', 'https://image.tmdb.org/t/p/w500/yQ7OP2HYxl9YmkWNMkuUA2YaF5.jpg', 'https://image.tmdb.org/t/p/original/bkUa5ZDqjQPx6rkxs0hM87vaWVa.jpg') ON CONFLICT (id) DO UPDATE SET title = EXCLUDED.title, release_year = EXCLUDED.release_year, duration_minutes = EXCLUDED.duration_minutes, country = EXCLUDED.country, language = EXCLUDED.language, synopsis = EXCLUDED.synopsis, poster_image_url = EXCLUDED.poster_image_url, backdrop_image_url = EXCLUDED.backdrop_image_url;
INSERT INTO movie_directors (movie_id, director) VALUES (467905, 'John Patton Ford');
INSERT INTO movie_cast_members (movie_id, cast_member) VALUES (467905, 'Glen Powell');
INSERT INTO movie_cast_members (movie_id, cast_member) VALUES (467905, 'Margaret Qualley');
INSERT INTO movie_cast_members (movie_id, cast_member) VALUES (467905, 'Jessica Henwick');
INSERT INTO movie_cast_members (movie_id, cast_member) VALUES (467905, 'Bill Camp');
INSERT INTO movie_cast_members (movie_id, cast_member) VALUES (467905, 'Zach Woods');
INSERT INTO movie_genres (movie_id, genre) VALUES (467905, 'Comedy');
INSERT INTO movie_genres (movie_id, genre) VALUES (467905, 'Thriller');
INSERT INTO movie_image_urls (movie_id, image_url) VALUES (467905, 'https://image.tmdb.org/t/p/original/4SKnHRIHv9SpsR1v45T7Los719O.jpg');
INSERT INTO movie_image_urls (movie_id, image_url) VALUES (467905, 'https://image.tmdb.org/t/p/original/aRR90kdGuJiEOqzhBZ5UML463CF.jpg');
INSERT INTO movie_image_urls (movie_id, image_url) VALUES (467905, 'https://image.tmdb.org/t/p/original/n2u71qKzc5t3LRwdKbDeJv4JSYj.jpg');
INSERT INTO movie_image_urls (movie_id, image_url) VALUES (467905, 'https://image.tmdb.org/t/p/original/2ehYIUJbQMOKXojAcy7wga7vKjw.jpg');

INSERT INTO movies (id, title, release_year, duration_minutes, country, language, synopsis, poster_image_url, backdrop_image_url) VALUES (991494, 'The SpongeBob Movie: Search for SquarePants', 2025, 88, 'United States of America', 'Arabic', 'Desperate to be a big guy, SpongeBob sets out to prove his bravery to Mr. Krabs by following The Flying Dutchman – a mysterious swashbuckling ghost pirate – on a seafaring adventure that takes him to the deepest depths of the deep sea, where no Sponge has gone before.', 'https://image.tmdb.org/t/p/w500/xJnOMMsFASxNiFnG7v3TNIQ3ife.jpg', 'https://image.tmdb.org/t/p/original/pMxO1beNNFYMDM7RcDyKW5Wheuz.jpg') ON CONFLICT (id) DO UPDATE SET title = EXCLUDED.title, release_year = EXCLUDED.release_year, duration_minutes = EXCLUDED.duration_minutes, country = EXCLUDED.country, language = EXCLUDED.language, synopsis = EXCLUDED.synopsis, poster_image_url = EXCLUDED.poster_image_url, backdrop_image_url = EXCLUDED.backdrop_image_url;
INSERT INTO movie_directors (movie_id, director) VALUES (991494, 'Derek Drymon');
INSERT INTO movie_cast_members (movie_id, cast_member) VALUES (991494, 'Tom Kenny');
INSERT INTO movie_cast_members (movie_id, cast_member) VALUES (991494, 'Clancy Brown');
INSERT INTO movie_cast_members (movie_id, cast_member) VALUES (991494, 'Rodger Bumpass');
INSERT INTO movie_cast_members (movie_id, cast_member) VALUES (991494, 'Bill Fagerbakke');
INSERT INTO movie_cast_members (movie_id, cast_member) VALUES (991494, 'Carolyn Lawrence');
INSERT INTO movie_genres (movie_id, genre) VALUES (991494, 'Animation');
INSERT INTO movie_genres (movie_id, genre) VALUES (991494, 'Family');
INSERT INTO movie_genres (movie_id, genre) VALUES (991494, 'Comedy');
INSERT INTO movie_genres (movie_id, genre) VALUES (991494, 'Adventure');
INSERT INTO movie_genres (movie_id, genre) VALUES (991494, 'Fantasy');
INSERT INTO movie_image_urls (movie_id, image_url) VALUES (991494, 'https://image.tmdb.org/t/p/original/kVSUUWiXoNwq2wVCZ4Mcqkniqvr.jpg');
INSERT INTO movie_image_urls (movie_id, image_url) VALUES (991494, 'https://image.tmdb.org/t/p/original/jzMhC6NB4KHqfSAgbW2BFslLuSh.jpg');
INSERT INTO movie_image_urls (movie_id, image_url) VALUES (991494, 'https://image.tmdb.org/t/p/original/gbjK8p5S1aLXWCwOoXqr9aWZvqG.jpg');
INSERT INTO movie_image_urls (movie_id, image_url) VALUES (991494, 'https://image.tmdb.org/t/p/original/lxYGEfbp8j8gvqY95mMHP89PFvs.jpg');

INSERT INTO movies (id, title, release_year, duration_minutes, country, language, synopsis, poster_image_url, backdrop_image_url) VALUES (1654429, 'Crush The Wicked', 2026, 1, 'China', 'Mandarin', 'A detective and a vengeful survivor hunt a fugitive serial killer who resurfaces to commit one last desperate crime.', 'https://image.tmdb.org/t/p/w500/o4Bq8KtU9hNdxPQOQFlgOC82HRp.jpg', 'https://image.tmdb.org/t/p/original/6yNo2KERx4BaKfvnoVe8WEXjW1W.jpg') ON CONFLICT (id) DO UPDATE SET title = EXCLUDED.title, release_year = EXCLUDED.release_year, duration_minutes = EXCLUDED.duration_minutes, country = EXCLUDED.country, language = EXCLUDED.language, synopsis = EXCLUDED.synopsis, poster_image_url = EXCLUDED.poster_image_url, backdrop_image_url = EXCLUDED.backdrop_image_url;
INSERT INTO movie_directors (movie_id, director) VALUES (1654429, 'Cheng Siyi');
INSERT INTO movie_cast_members (movie_id, cast_member) VALUES (1654429, 'Pan Binlong');
INSERT INTO movie_cast_members (movie_id, cast_member) VALUES (1654429, 'Bao Bei''er');
INSERT INTO movie_cast_members (movie_id, cast_member) VALUES (1654429, 'Zhao Runnan');
INSERT INTO movie_cast_members (movie_id, cast_member) VALUES (1654429, 'Clara Lee');
INSERT INTO movie_cast_members (movie_id, cast_member) VALUES (1654429, 'Zhou Dayong');
INSERT INTO movie_genres (movie_id, genre) VALUES (1654429, 'Action');
INSERT INTO movie_genres (movie_id, genre) VALUES (1654429, 'Crime');
INSERT INTO movie_image_urls (movie_id, image_url) VALUES (1654429, 'https://image.tmdb.org/t/p/original/zau2PpEc7ATGjy0MHIdlCUHe71r.jpg');

INSERT INTO movies (id, title, release_year, duration_minutes, country, language, synopsis, poster_image_url, backdrop_image_url) VALUES (1620551, 'Feel My Voice', 2026, 105, 'Italy', 'Italian', 'A teenager, the only hearing member of a deaf family, finds her voice and learns to believe in herself through her passion for singing.', 'https://image.tmdb.org/t/p/w500/4Tf0qTA73XLhBnfP6YgvqtLZBnt.jpg', 'https://image.tmdb.org/t/p/original/Ary1sG0AHn4V1DFrwV7g72Fomq0.jpg') ON CONFLICT (id) DO UPDATE SET title = EXCLUDED.title, release_year = EXCLUDED.release_year, duration_minutes = EXCLUDED.duration_minutes, country = EXCLUDED.country, language = EXCLUDED.language, synopsis = EXCLUDED.synopsis, poster_image_url = EXCLUDED.poster_image_url, backdrop_image_url = EXCLUDED.backdrop_image_url;
INSERT INTO movie_directors (movie_id, director) VALUES (1620551, 'Luca Ribuoli');
INSERT INTO movie_cast_members (movie_id, cast_member) VALUES (1620551, 'Sarah Toscano');
INSERT INTO movie_cast_members (movie_id, cast_member) VALUES (1620551, 'Serena Rossi');
INSERT INTO movie_cast_members (movie_id, cast_member) VALUES (1620551, 'Carola Insolera');
INSERT INTO movie_cast_members (movie_id, cast_member) VALUES (1620551, 'Emilio Insolera');
INSERT INTO movie_cast_members (movie_id, cast_member) VALUES (1620551, 'Antonio Iorillo');
INSERT INTO movie_genres (movie_id, genre) VALUES (1620551, 'Music');
INSERT INTO movie_genres (movie_id, genre) VALUES (1620551, 'Drama');
INSERT INTO movie_genres (movie_id, genre) VALUES (1620551, 'Comedy');
INSERT INTO movie_image_urls (movie_id, image_url) VALUES (1620551, 'https://image.tmdb.org/t/p/original/5rRTsNbddtzSqJABKLsktcmeFyz.jpg');
INSERT INTO movie_image_urls (movie_id, image_url) VALUES (1620551, 'https://image.tmdb.org/t/p/original/gApgb1BcxxZTaFd2nudgytaRUmw.jpg');
INSERT INTO movie_image_urls (movie_id, image_url) VALUES (1620551, 'https://image.tmdb.org/t/p/original/e3T0NaPyfj2N6MIGBnt35UWq6tP.jpg');
INSERT INTO movie_image_urls (movie_id, image_url) VALUES (1620551, 'https://image.tmdb.org/t/p/original/l0GdoE7JNifdDYaufbPL7U4K0T6.jpg');

INSERT INTO movies (id, title, release_year, duration_minutes, country, language, synopsis, poster_image_url, backdrop_image_url) VALUES (1246049, 'Dracula', 2025, 130, 'France', 'English', 'In late 15th-century Eastern Europe, Prince Vlad II’s bride is brutally murdered. As a result, he renounces God and damns Heaven itself. Cursed with eternal life, Vlad is reborn as Dracula, an immortal warlord who defies fate in a blood-soaked crusade to wrench his lost love back from death.', 'https://image.tmdb.org/t/p/w500/dYRqA50yd0nB3qBR7AtWEJJQ8q.jpg', 'https://image.tmdb.org/t/p/original/be5SIsRGMckO8tU9lrLcIik70Dy.jpg') ON CONFLICT (id) DO UPDATE SET title = EXCLUDED.title, release_year = EXCLUDED.release_year, duration_minutes = EXCLUDED.duration_minutes, country = EXCLUDED.country, language = EXCLUDED.language, synopsis = EXCLUDED.synopsis, poster_image_url = EXCLUDED.poster_image_url, backdrop_image_url = EXCLUDED.backdrop_image_url;
INSERT INTO movie_directors (movie_id, director) VALUES (1246049, 'Luc Besson');
INSERT INTO movie_cast_members (movie_id, cast_member) VALUES (1246049, 'Caleb Landry Jones');
INSERT INTO movie_cast_members (movie_id, cast_member) VALUES (1246049, 'Zoë Bleu Sidel');
INSERT INTO movie_cast_members (movie_id, cast_member) VALUES (1246049, 'Christoph Waltz');
INSERT INTO movie_cast_members (movie_id, cast_member) VALUES (1246049, 'Matilda De Angelis');
INSERT INTO movie_cast_members (movie_id, cast_member) VALUES (1246049, 'Ewens Abid');
INSERT INTO movie_genres (movie_id, genre) VALUES (1246049, 'Horror');
INSERT INTO movie_genres (movie_id, genre) VALUES (1246049, 'Fantasy');
INSERT INTO movie_genres (movie_id, genre) VALUES (1246049, 'Romance');
INSERT INTO movie_image_urls (movie_id, image_url) VALUES (1246049, 'https://image.tmdb.org/t/p/original/qLAMT52DRM3vzqYtcRJ4hBAOYgd.jpg');
INSERT INTO movie_image_urls (movie_id, image_url) VALUES (1246049, 'https://image.tmdb.org/t/p/original/8jYyd9mGx5O28FX2OvfcqZfs5tB.jpg');
INSERT INTO movie_image_urls (movie_id, image_url) VALUES (1246049, 'https://image.tmdb.org/t/p/original/xuZeLh64joncpaFIhF6trVIoIK8.jpg');
INSERT INTO movie_image_urls (movie_id, image_url) VALUES (1246049, 'https://image.tmdb.org/t/p/original/kgc9rMqeD4JrurCDZjWRvO26rW9.jpg');

INSERT INTO movies (id, title, release_year, duration_minutes, country, language, synopsis, poster_image_url, backdrop_image_url) VALUES (1658216, 'Stepdaddy', 2026, 70, 'Philippines', 'Tagalog', 'Emotions and intrigue run high in this titillating taboo family affair. Chloe and Nica are sisters who both find themselves in their own passionate love affairs with their stepdad Carl.', 'https://image.tmdb.org/t/p/w500/oZxNblisKuDzSUW5g18FERjyJs9.jpg', 'https://image.tmdb.org/t/p/original/nyW8YdrnSYtmTE9hgrpmGqkKw5b.jpg') ON CONFLICT (id) DO UPDATE SET title = EXCLUDED.title, release_year = EXCLUDED.release_year, duration_minutes = EXCLUDED.duration_minutes, country = EXCLUDED.country, language = EXCLUDED.language, synopsis = EXCLUDED.synopsis, poster_image_url = EXCLUDED.poster_image_url, backdrop_image_url = EXCLUDED.backdrop_image_url;
INSERT INTO movie_directors (movie_id, director) VALUES (1658216, 'Christopher Novabos');
INSERT INTO movie_cast_members (movie_id, cast_member) VALUES (1658216, 'Astrid Lee');
INSERT INTO movie_cast_members (movie_id, cast_member) VALUES (1658216, 'Christy Imperial');
INSERT INTO movie_cast_members (movie_id, cast_member) VALUES (1658216, 'Jamilla Obispo');
INSERT INTO movie_cast_members (movie_id, cast_member) VALUES (1658216, 'Marlon Marcia');
INSERT INTO movie_genres (movie_id, genre) VALUES (1658216, 'Drama');
INSERT INTO movie_image_urls (movie_id, image_url) VALUES (1658216, 'https://image.tmdb.org/t/p/original/lVqk63isbY9W85qiNMn0o4dP1kO.jpg');
INSERT INTO movie_image_urls (movie_id, image_url) VALUES (1658216, 'https://image.tmdb.org/t/p/original/atqufmPcuPiUypRuEfiruJArnZH.jpg');

INSERT INTO movies (id, title, release_year, duration_minutes, country, language, synopsis, poster_image_url, backdrop_image_url) VALUES (670, 'Oldboy', 2003, 120, 'South Korea', 'Korean', 'With no clue how he came to be imprisoned, drugged and tortured for 15 years, a desperate man seeks revenge on his captors.', 'https://image.tmdb.org/t/p/w500/pWDtjs568ZfOTMbURQBYuT4Qxka.jpg', 'https://image.tmdb.org/t/p/original/sdwjQEM869JFwMytTmvr6ggvaUl.jpg') ON CONFLICT (id) DO UPDATE SET title = EXCLUDED.title, release_year = EXCLUDED.release_year, duration_minutes = EXCLUDED.duration_minutes, country = EXCLUDED.country, language = EXCLUDED.language, synopsis = EXCLUDED.synopsis, poster_image_url = EXCLUDED.poster_image_url, backdrop_image_url = EXCLUDED.backdrop_image_url;
INSERT INTO movie_directors (movie_id, director) VALUES (670, 'Park Chan-wook');
INSERT INTO movie_cast_members (movie_id, cast_member) VALUES (670, 'Choi Min-sik');
INSERT INTO movie_cast_members (movie_id, cast_member) VALUES (670, 'Yoo Ji-tae');
INSERT INTO movie_cast_members (movie_id, cast_member) VALUES (670, 'Kang Hye-jung');
INSERT INTO movie_cast_members (movie_id, cast_member) VALUES (670, 'Kim Byeong-ok');
INSERT INTO movie_cast_members (movie_id, cast_member) VALUES (670, 'Ji Dae-han');
INSERT INTO movie_genres (movie_id, genre) VALUES (670, 'Drama');
INSERT INTO movie_genres (movie_id, genre) VALUES (670, 'Thriller');
INSERT INTO movie_genres (movie_id, genre) VALUES (670, 'Mystery');
INSERT INTO movie_genres (movie_id, genre) VALUES (670, 'Action');
INSERT INTO movie_image_urls (movie_id, image_url) VALUES (670, 'https://image.tmdb.org/t/p/original/tcbzsdWpdidbN7zbOymlRKfIHVg.jpg');
INSERT INTO movie_image_urls (movie_id, image_url) VALUES (670, 'https://image.tmdb.org/t/p/original/47rioCQJLDe6gT7NYdPf7IRy3Nu.jpg');
INSERT INTO movie_image_urls (movie_id, image_url) VALUES (670, 'https://image.tmdb.org/t/p/original/hKNGaQFzg4RxyMWIGGnYGW5b2Xh.jpg');
INSERT INTO movie_image_urls (movie_id, image_url) VALUES (670, 'https://image.tmdb.org/t/p/original/3Q6I3r7iBNsvbFzNiprb11LNoZG.jpg');

INSERT INTO movies (id, title, release_year, duration_minutes, country, language, synopsis, poster_image_url, backdrop_image_url) VALUES (696393, 'Cold Storage', 2026, 99, 'United Kingdom', 'English', 'When a mutating, highly contagious fungus escapes a sealed facility, two employees – joined by a grizzled bioterror operative – must survive the wildest night shift ever to save humanity from extinction.', 'https://image.tmdb.org/t/p/w500/pfqkETJ2A3zXZJuNcufZbAJNnKA.jpg', 'https://image.tmdb.org/t/p/original/puqQGxK9HYITUKhCdREg3XOLlZd.jpg') ON CONFLICT (id) DO UPDATE SET title = EXCLUDED.title, release_year = EXCLUDED.release_year, duration_minutes = EXCLUDED.duration_minutes, country = EXCLUDED.country, language = EXCLUDED.language, synopsis = EXCLUDED.synopsis, poster_image_url = EXCLUDED.poster_image_url, backdrop_image_url = EXCLUDED.backdrop_image_url;
INSERT INTO movie_directors (movie_id, director) VALUES (696393, 'Jonny Campbell');
INSERT INTO movie_cast_members (movie_id, cast_member) VALUES (696393, 'Joe Keery');
INSERT INTO movie_cast_members (movie_id, cast_member) VALUES (696393, 'Georgina Campbell');
INSERT INTO movie_cast_members (movie_id, cast_member) VALUES (696393, 'Liam Neeson');
INSERT INTO movie_cast_members (movie_id, cast_member) VALUES (696393, 'Lesley Manville');
INSERT INTO movie_cast_members (movie_id, cast_member) VALUES (696393, 'Sosie Bacon');
INSERT INTO movie_genres (movie_id, genre) VALUES (696393, 'Horror');
INSERT INTO movie_genres (movie_id, genre) VALUES (696393, 'Science Fiction');
INSERT INTO movie_genres (movie_id, genre) VALUES (696393, 'Comedy');
INSERT INTO movie_image_urls (movie_id, image_url) VALUES (696393, 'https://image.tmdb.org/t/p/original/dJKARKq2fLSpjNtvGTSkCQtzq7Y.jpg');
INSERT INTO movie_image_urls (movie_id, image_url) VALUES (696393, 'https://image.tmdb.org/t/p/original/c3SYkItGccj0xIYGSwANpSRYyqM.jpg');
INSERT INTO movie_image_urls (movie_id, image_url) VALUES (696393, 'https://image.tmdb.org/t/p/original/jtUHnlGbcq70uHLJ36ZnkF5MJdc.jpg');
INSERT INTO movie_image_urls (movie_id, image_url) VALUES (696393, 'https://image.tmdb.org/t/p/original/sxrd80ZKHbw0exA6nhALrIOphLF.jpg');

INSERT INTO movies (id, title, release_year, duration_minutes, country, language, synopsis, poster_image_url, backdrop_image_url) VALUES (1412598, 'Killer Whale', 2026, 89, 'Australia', 'English', 'Follows best friends Maddie and Trish as they find themselves trapped in a remote lagoon with the dangerous killer whale named Ceto.', 'https://image.tmdb.org/t/p/w500/xC6zdIoIHjhOIFmjNyGgtzhuhiF.jpg', 'https://image.tmdb.org/t/p/original/ykigHs1OIyqqV04zfFqIlSHp546.jpg') ON CONFLICT (id) DO UPDATE SET title = EXCLUDED.title, release_year = EXCLUDED.release_year, duration_minutes = EXCLUDED.duration_minutes, country = EXCLUDED.country, language = EXCLUDED.language, synopsis = EXCLUDED.synopsis, poster_image_url = EXCLUDED.poster_image_url, backdrop_image_url = EXCLUDED.backdrop_image_url;
INSERT INTO movie_directors (movie_id, director) VALUES (1412598, 'Jo-Anne Brechin');
INSERT INTO movie_cast_members (movie_id, cast_member) VALUES (1412598, 'Virginia Gardner');
INSERT INTO movie_cast_members (movie_id, cast_member) VALUES (1412598, 'Mel Jarnson');
INSERT INTO movie_cast_members (movie_id, cast_member) VALUES (1412598, 'Mitchell Hope');
INSERT INTO movie_cast_members (movie_id, cast_member) VALUES (1412598, 'Isaac Crawley');
INSERT INTO movie_cast_members (movie_id, cast_member) VALUES (1412598, 'Scott James George');
INSERT INTO movie_genres (movie_id, genre) VALUES (1412598, 'Thriller');
INSERT INTO movie_genres (movie_id, genre) VALUES (1412598, 'Horror');
INSERT INTO movie_genres (movie_id, genre) VALUES (1412598, 'Action');
INSERT INTO movie_genres (movie_id, genre) VALUES (1412598, 'Mystery');
INSERT INTO movie_genres (movie_id, genre) VALUES (1412598, 'Science Fiction');
INSERT INTO movie_image_urls (movie_id, image_url) VALUES (1412598, 'https://image.tmdb.org/t/p/original/pUmOpoc8HHOnNvrjTgFLZKyJUke.jpg');
INSERT INTO movie_image_urls (movie_id, image_url) VALUES (1412598, 'https://image.tmdb.org/t/p/original/wIPn7stYw0aGA8krJLzw1eBdUl.jpg');
INSERT INTO movie_image_urls (movie_id, image_url) VALUES (1412598, 'https://image.tmdb.org/t/p/original/5JKCMPhxOfK2np48zAznCQZRyBV.jpg');
INSERT INTO movie_image_urls (movie_id, image_url) VALUES (1412598, 'https://image.tmdb.org/t/p/original/4HWuNkBn0AUpyCtpAxi7weDbqir.jpg');

INSERT INTO movies (id, title, release_year, duration_minutes, country, language, synopsis, poster_image_url, backdrop_image_url) VALUES (1381027, 'Good Boy', 2026, 110, 'United Kingdom', 'English', 'Tommy, a volatile 19-year-old, revels in drugs, parties and violence. After getting separated from his friends on a drunken bender, he is abducted by a shadowy figure. He wakes to find himself imprisoned in the basement of a remote Yorkshire house, inhabited by a very strange family. But what unfolds is not what he could possibly expect.', 'https://image.tmdb.org/t/p/w500/x0wD4Qxe0wulV0bxarsQ05PqDNF.jpg', 'https://image.tmdb.org/t/p/original/ksqaGSybKVyzkRmLFBgefMSa45a.jpg') ON CONFLICT (id) DO UPDATE SET title = EXCLUDED.title, release_year = EXCLUDED.release_year, duration_minutes = EXCLUDED.duration_minutes, country = EXCLUDED.country, language = EXCLUDED.language, synopsis = EXCLUDED.synopsis, poster_image_url = EXCLUDED.poster_image_url, backdrop_image_url = EXCLUDED.backdrop_image_url;
INSERT INTO movie_directors (movie_id, director) VALUES (1381027, 'Jan Komasa');
INSERT INTO movie_cast_members (movie_id, cast_member) VALUES (1381027, 'Stephen Graham');
INSERT INTO movie_cast_members (movie_id, cast_member) VALUES (1381027, 'Andrea Riseborough');
INSERT INTO movie_cast_members (movie_id, cast_member) VALUES (1381027, 'Anson Boon');
INSERT INTO movie_cast_members (movie_id, cast_member) VALUES (1381027, 'Kit Rakusen');
INSERT INTO movie_cast_members (movie_id, cast_member) VALUES (1381027, 'Monika Frajczyk');
INSERT INTO movie_genres (movie_id, genre) VALUES (1381027, 'Thriller');
INSERT INTO movie_genres (movie_id, genre) VALUES (1381027, 'Drama');
INSERT INTO movie_genres (movie_id, genre) VALUES (1381027, 'Mystery');
INSERT INTO movie_image_urls (movie_id, image_url) VALUES (1381027, 'https://image.tmdb.org/t/p/original/6AYl4PU29o2WXUPZzAo56GVQs5r.jpg');
INSERT INTO movie_image_urls (movie_id, image_url) VALUES (1381027, 'https://image.tmdb.org/t/p/original/zeCuk7kwfhzRZMN2KoYTYODgpU3.jpg');
INSERT INTO movie_image_urls (movie_id, image_url) VALUES (1381027, 'https://image.tmdb.org/t/p/original/djU90jd2VEwJN4YvZJpO8Y6eRS1.jpg');
INSERT INTO movie_image_urls (movie_id, image_url) VALUES (1381027, 'https://image.tmdb.org/t/p/original/fNH1wXbgUZcwogS0TBE9lx0EXy2.jpg');

INSERT INTO movies (id, title, release_year, duration_minutes, country, language, synopsis, poster_image_url, backdrop_image_url) VALUES (1242332, 'Normal', 2026, 90, 'United States of America', 'English', 'Interim sheriff Ulysses, called to the snowbound town of Normal, MN, uncovers an international criminal conspiracy at the heart of the seemingly quaint whistle-stop when he comes to the aid of a bank-robbing couple caught up in a deadly mess.', 'https://image.tmdb.org/t/p/w500/dHP7nurzOYGHNcNK1O4naVzsGCv.jpg', 'https://image.tmdb.org/t/p/original/1nHaO4rTv1E6xVJYIMGP9nmLxE9.jpg') ON CONFLICT (id) DO UPDATE SET title = EXCLUDED.title, release_year = EXCLUDED.release_year, duration_minutes = EXCLUDED.duration_minutes, country = EXCLUDED.country, language = EXCLUDED.language, synopsis = EXCLUDED.synopsis, poster_image_url = EXCLUDED.poster_image_url, backdrop_image_url = EXCLUDED.backdrop_image_url;
INSERT INTO movie_directors (movie_id, director) VALUES (1242332, 'Ben Wheatley');
INSERT INTO movie_cast_members (movie_id, cast_member) VALUES (1242332, 'Bob Odenkirk');
INSERT INTO movie_cast_members (movie_id, cast_member) VALUES (1242332, 'Henry Winkler');
INSERT INTO movie_cast_members (movie_id, cast_member) VALUES (1242332, 'Lena Headey');
INSERT INTO movie_cast_members (movie_id, cast_member) VALUES (1242332, 'Ryan Allen');
INSERT INTO movie_cast_members (movie_id, cast_member) VALUES (1242332, 'Billy MacLellan');
INSERT INTO movie_genres (movie_id, genre) VALUES (1242332, 'Action');
INSERT INTO movie_genres (movie_id, genre) VALUES (1242332, 'Crime');
INSERT INTO movie_genres (movie_id, genre) VALUES (1242332, 'Thriller');
INSERT INTO movie_image_urls (movie_id, image_url) VALUES (1242332, 'https://image.tmdb.org/t/p/original/kHdFlyJEHZq2vJDGDW5crp3d9Jv.jpg');
INSERT INTO movie_image_urls (movie_id, image_url) VALUES (1242332, 'https://image.tmdb.org/t/p/original/pnDD5gSl0Hpau0OFFlJ5DYQDPmx.jpg');
INSERT INTO movie_image_urls (movie_id, image_url) VALUES (1242332, 'https://image.tmdb.org/t/p/original/86CJihTKtCJJZE3PqebNUTmWVfy.jpg');
INSERT INTO movie_image_urls (movie_id, image_url) VALUES (1242332, 'https://image.tmdb.org/t/p/original/rjtmnpUM4YjT8sG0WTQ5eFJl6yM.jpg');

INSERT INTO movies (id, title, release_year, duration_minutes, country, language, synopsis, poster_image_url, backdrop_image_url) VALUES (1307373, 'Wasteman', 2026, 90, 'United Kingdom', 'English', 'Taylor''s hopes for a fresh start post-parole are jeopardised by cellmate Dee''s arrival. As Dee takes Taylor under his wing, a vicious attack tests their bond, forcing Taylor to choose between protecting Dee and his own chances at freedom.', 'https://image.tmdb.org/t/p/w500/lKK9ImwpoTCwDZKgYpjIIJCnlf0.jpg', 'https://image.tmdb.org/t/p/original/qLp9td9ZfOe7G6wHhrepKtIH5Qe.jpg') ON CONFLICT (id) DO UPDATE SET title = EXCLUDED.title, release_year = EXCLUDED.release_year, duration_minutes = EXCLUDED.duration_minutes, country = EXCLUDED.country, language = EXCLUDED.language, synopsis = EXCLUDED.synopsis, poster_image_url = EXCLUDED.poster_image_url, backdrop_image_url = EXCLUDED.backdrop_image_url;
INSERT INTO movie_directors (movie_id, director) VALUES (1307373, 'Cal McMau');
INSERT INTO movie_cast_members (movie_id, cast_member) VALUES (1307373, 'David Jonsson');
INSERT INTO movie_cast_members (movie_id, cast_member) VALUES (1307373, 'Tom Blyth');
INSERT INTO movie_cast_members (movie_id, cast_member) VALUES (1307373, 'Alex Hassell');
INSERT INTO movie_cast_members (movie_id, cast_member) VALUES (1307373, 'Neil Linpow');
INSERT INTO movie_cast_members (movie_id, cast_member) VALUES (1307373, 'Paul Hilton');
INSERT INTO movie_genres (movie_id, genre) VALUES (1307373, 'Thriller');
INSERT INTO movie_genres (movie_id, genre) VALUES (1307373, 'Crime');
INSERT INTO movie_genres (movie_id, genre) VALUES (1307373, 'Drama');
INSERT INTO movie_image_urls (movie_id, image_url) VALUES (1307373, 'https://image.tmdb.org/t/p/original/agAx9nwG6BaPCg0MRWPXlTVPhpq.jpg');
INSERT INTO movie_image_urls (movie_id, image_url) VALUES (1307373, 'https://image.tmdb.org/t/p/original/ni5i2HMPdmHXGtXVuxcb1Lbk2zW.jpg');
INSERT INTO movie_image_urls (movie_id, image_url) VALUES (1307373, 'https://image.tmdb.org/t/p/original/zyl1P2NjuX2a5QebGfTwGZ9EmsW.jpg');
INSERT INTO movie_image_urls (movie_id, image_url) VALUES (1307373, 'https://image.tmdb.org/t/p/original/hQyZn7t4z3PeW161xKLj4u5lHa3.jpg');

INSERT INTO movies (id, title, release_year, duration_minutes, country, language, synopsis, poster_image_url, backdrop_image_url) VALUES (604079, 'The Long Walk', 2025, 108, 'United States of America', 'English', 'In a dystopian 1970s America, fifty teenage boys take part in a deadly annual walking contest, forced to maintain a minimum pace or be executed, until only one survivor remains.', 'https://image.tmdb.org/t/p/w500/wobVTa99eW0ht6c1rNNzLkazPtR.jpg', 'https://image.tmdb.org/t/p/original/2dlt9I2ga6hweywz9zsFUz1PVii.jpg') ON CONFLICT (id) DO UPDATE SET title = EXCLUDED.title, release_year = EXCLUDED.release_year, duration_minutes = EXCLUDED.duration_minutes, country = EXCLUDED.country, language = EXCLUDED.language, synopsis = EXCLUDED.synopsis, poster_image_url = EXCLUDED.poster_image_url, backdrop_image_url = EXCLUDED.backdrop_image_url;
INSERT INTO movie_directors (movie_id, director) VALUES (604079, 'Francis Lawrence');
INSERT INTO movie_cast_members (movie_id, cast_member) VALUES (604079, 'Cooper Hoffman');
INSERT INTO movie_cast_members (movie_id, cast_member) VALUES (604079, 'David Jonsson');
INSERT INTO movie_cast_members (movie_id, cast_member) VALUES (604079, 'Garrett Wareing');
INSERT INTO movie_cast_members (movie_id, cast_member) VALUES (604079, 'Tut Nyuot');
INSERT INTO movie_cast_members (movie_id, cast_member) VALUES (604079, 'Charlie Plummer');
INSERT INTO movie_genres (movie_id, genre) VALUES (604079, 'Science Fiction');
INSERT INTO movie_genres (movie_id, genre) VALUES (604079, 'Thriller');
INSERT INTO movie_genres (movie_id, genre) VALUES (604079, 'Horror');
INSERT INTO movie_image_urls (movie_id, image_url) VALUES (604079, 'https://image.tmdb.org/t/p/original/pcJft6lFWsJxutwpLHVYfmZRPQp.jpg');
INSERT INTO movie_image_urls (movie_id, image_url) VALUES (604079, 'https://image.tmdb.org/t/p/original/zf7BQY4k5RNFI1sD4n9EVLnEG8m.jpg');
INSERT INTO movie_image_urls (movie_id, image_url) VALUES (604079, 'https://image.tmdb.org/t/p/original/kCKJCoqJbzeK4ySQQwpwYz7fgLQ.jpg');
INSERT INTO movie_image_urls (movie_id, image_url) VALUES (604079, 'https://image.tmdb.org/t/p/original/jyghveaMeSnTMFKT2ZebfVymhET.jpg');

INSERT INTO movies (id, title, release_year, duration_minutes, country, language, synopsis, poster_image_url, backdrop_image_url) VALUES (16859, 'Kiki''s Delivery Service', 1989, 103, 'Japan', 'Japanese', 'A young witch, on her mandatory year of independent life, finds fitting into a new community difficult while she supports herself by running an air courier service.', 'https://image.tmdb.org/t/p/w500/Aufa4YdZIv4AXpR9rznwVA5SEfd.jpg', 'https://image.tmdb.org/t/p/original/h5pAEVma835u8xoE60kmLVopLct.jpg') ON CONFLICT (id) DO UPDATE SET title = EXCLUDED.title, release_year = EXCLUDED.release_year, duration_minutes = EXCLUDED.duration_minutes, country = EXCLUDED.country, language = EXCLUDED.language, synopsis = EXCLUDED.synopsis, poster_image_url = EXCLUDED.poster_image_url, backdrop_image_url = EXCLUDED.backdrop_image_url;
INSERT INTO movie_directors (movie_id, director) VALUES (16859, 'Hayao Miyazaki');
INSERT INTO movie_cast_members (movie_id, cast_member) VALUES (16859, 'Minami Takayama');
INSERT INTO movie_cast_members (movie_id, cast_member) VALUES (16859, 'Rei Sakuma');
INSERT INTO movie_cast_members (movie_id, cast_member) VALUES (16859, 'Kappei Yamaguchi');
INSERT INTO movie_cast_members (movie_id, cast_member) VALUES (16859, 'Keiko Toda');
INSERT INTO movie_cast_members (movie_id, cast_member) VALUES (16859, 'Mieko Nobusawa');
INSERT INTO movie_genres (movie_id, genre) VALUES (16859, 'Animation');
INSERT INTO movie_genres (movie_id, genre) VALUES (16859, 'Family');
INSERT INTO movie_genres (movie_id, genre) VALUES (16859, 'Fantasy');
INSERT INTO movie_genres (movie_id, genre) VALUES (16859, 'Drama');
INSERT INTO movie_image_urls (movie_id, image_url) VALUES (16859, 'https://image.tmdb.org/t/p/original/tNKmXqLtdWa50mvjjMkx4FxXyq2.jpg');
INSERT INTO movie_image_urls (movie_id, image_url) VALUES (16859, 'https://image.tmdb.org/t/p/original/8bbezmHxayJ74TEKt6l6QZYUOCi.jpg');
INSERT INTO movie_image_urls (movie_id, image_url) VALUES (16859, 'https://image.tmdb.org/t/p/original/aC4oNwvmdFaB1MX60Ww0Vc79cgd.jpg');
INSERT INTO movie_image_urls (movie_id, image_url) VALUES (16859, 'https://image.tmdb.org/t/p/original/2lp6WKRoDXANmi9yy63TCbpwSzr.jpg');

INSERT INTO movies (id, title, release_year, duration_minutes, country, language, synopsis, poster_image_url, backdrop_image_url) VALUES (931285, 'Mortal Kombat II', 2026, 116, 'United States of America', 'English', 'The fan favorite champions—now joined by Johnny Cage himself—are pitted against one another in the ultimate, no-holds barred, gory battle to defeat the dark rule of Shao Kahn that threatens the very existence of the Earthrealm and its defenders.', 'https://image.tmdb.org/t/p/w500/lIsMeDbwntNXSUVHmWMMRXEZOVc.jpg', 'https://image.tmdb.org/t/p/original/m6ciqp691frwE1nNeMgWFBr0AZf.jpg') ON CONFLICT (id) DO UPDATE SET title = EXCLUDED.title, release_year = EXCLUDED.release_year, duration_minutes = EXCLUDED.duration_minutes, country = EXCLUDED.country, language = EXCLUDED.language, synopsis = EXCLUDED.synopsis, poster_image_url = EXCLUDED.poster_image_url, backdrop_image_url = EXCLUDED.backdrop_image_url;
INSERT INTO movie_directors (movie_id, director) VALUES (931285, 'Simon McQuoid');
INSERT INTO movie_cast_members (movie_id, cast_member) VALUES (931285, 'Karl Urban');
INSERT INTO movie_cast_members (movie_id, cast_member) VALUES (931285, 'Adeline Rudolph');
INSERT INTO movie_cast_members (movie_id, cast_member) VALUES (931285, 'Jessica McNamee');
INSERT INTO movie_cast_members (movie_id, cast_member) VALUES (931285, 'Josh Lawson');
INSERT INTO movie_cast_members (movie_id, cast_member) VALUES (931285, 'Ludi Lin');
INSERT INTO movie_genres (movie_id, genre) VALUES (931285, 'Action');
INSERT INTO movie_genres (movie_id, genre) VALUES (931285, 'Fantasy');
INSERT INTO movie_genres (movie_id, genre) VALUES (931285, 'Adventure');
INSERT INTO movie_image_urls (movie_id, image_url) VALUES (931285, 'https://image.tmdb.org/t/p/original/nbETUdyH4qyZdv6vybKi1W7MOw.jpg');
INSERT INTO movie_image_urls (movie_id, image_url) VALUES (931285, 'https://image.tmdb.org/t/p/original/sdA65q3D2NjM0zsThoOxuoq7a5V.jpg');
INSERT INTO movie_image_urls (movie_id, image_url) VALUES (931285, 'https://image.tmdb.org/t/p/original/tAeiebNAyYC23FjUEkgyUm9SnEo.jpg');
INSERT INTO movie_image_urls (movie_id, image_url) VALUES (931285, 'https://image.tmdb.org/t/p/original/1u7uliaQfBhe07zWcFfAhU1rdPN.jpg');

INSERT INTO movies (id, title, release_year, duration_minutes, country, language, synopsis, poster_image_url, backdrop_image_url) VALUES (1033148, 'Die My Love', 2025, 119, 'United States of America', 'English', 'After inheriting a remote Montana house, Jackson moves there from New York with his partner Grace, and the couple soon welcome a child. As Jackson becomes increasingly absent and rural isolation sets in, Grace struggles with loneliness, creative frustration, and unresolved emotional wounds. What begins as an attempt at renewal gradually turns into an intense psychological descent, placing strain on their relationship and exposing the fragile balance between love, identity, and motherhood.', 'https://image.tmdb.org/t/p/w500/kajpShbFhOdpl6yCrLezMrr9tB4.jpg', 'https://image.tmdb.org/t/p/original/dEkFlZzj2cb5F7SShvqkL54E4lr.jpg') ON CONFLICT (id) DO UPDATE SET title = EXCLUDED.title, release_year = EXCLUDED.release_year, duration_minutes = EXCLUDED.duration_minutes, country = EXCLUDED.country, language = EXCLUDED.language, synopsis = EXCLUDED.synopsis, poster_image_url = EXCLUDED.poster_image_url, backdrop_image_url = EXCLUDED.backdrop_image_url;
INSERT INTO movie_directors (movie_id, director) VALUES (1033148, 'Lynne Ramsay');
INSERT INTO movie_cast_members (movie_id, cast_member) VALUES (1033148, 'Jennifer Lawrence');
INSERT INTO movie_cast_members (movie_id, cast_member) VALUES (1033148, 'Robert Pattinson');
INSERT INTO movie_cast_members (movie_id, cast_member) VALUES (1033148, 'Sissy Spacek');
INSERT INTO movie_cast_members (movie_id, cast_member) VALUES (1033148, 'LaKeith Stanfield');
INSERT INTO movie_cast_members (movie_id, cast_member) VALUES (1033148, 'Nick Nolte');
INSERT INTO movie_genres (movie_id, genre) VALUES (1033148, 'Drama');
INSERT INTO movie_image_urls (movie_id, image_url) VALUES (1033148, 'https://image.tmdb.org/t/p/original/zYCqHKTNeer6B5aJm5qJHlPnmU.jpg');
INSERT INTO movie_image_urls (movie_id, image_url) VALUES (1033148, 'https://image.tmdb.org/t/p/original/r4x0ZUfbLEQciyzfiPU8Avrbm81.jpg');
INSERT INTO movie_image_urls (movie_id, image_url) VALUES (1033148, 'https://image.tmdb.org/t/p/original/ngJH672tWJiGh7Zd82kphzeb78u.jpg');
INSERT INTO movie_image_urls (movie_id, image_url) VALUES (1033148, 'https://image.tmdb.org/t/p/original/qTX2H80kqY8E8nATqa4Mebx3TRV.jpg');

INSERT INTO movies (id, title, release_year, duration_minutes, country, language, synopsis, poster_image_url, backdrop_image_url) VALUES (1301421, 'The Sheep Detectives', 2026, 109, 'United States of America', 'English', 'George is a shepherd who reads detective novels to his beloved sheep every night, assuming they can''t possibly understand. But when a mysterious incident disrupts life on the farm, the sheep realize they must become the detectives. As they follow the clues and investigate human suspects, they prove that even sheep can be brilliant crime-solvers.', 'https://image.tmdb.org/t/p/w500/6QtL9rl3Zb4d8qW6EJ4qO5hSSfU.jpg', 'https://image.tmdb.org/t/p/original/t6O6XWelu27BD0OmIDCCufZZT6d.jpg') ON CONFLICT (id) DO UPDATE SET title = EXCLUDED.title, release_year = EXCLUDED.release_year, duration_minutes = EXCLUDED.duration_minutes, country = EXCLUDED.country, language = EXCLUDED.language, synopsis = EXCLUDED.synopsis, poster_image_url = EXCLUDED.poster_image_url, backdrop_image_url = EXCLUDED.backdrop_image_url;
INSERT INTO movie_directors (movie_id, director) VALUES (1301421, 'Kyle Balda');
INSERT INTO movie_cast_members (movie_id, cast_member) VALUES (1301421, 'Hugh Jackman');
INSERT INTO movie_cast_members (movie_id, cast_member) VALUES (1301421, 'Emma Thompson');
INSERT INTO movie_cast_members (movie_id, cast_member) VALUES (1301421, 'Nicholas Braun');
INSERT INTO movie_cast_members (movie_id, cast_member) VALUES (1301421, 'Nicholas Galitzine');
INSERT INTO movie_cast_members (movie_id, cast_member) VALUES (1301421, 'Molly Gordon');
INSERT INTO movie_genres (movie_id, genre) VALUES (1301421, 'Mystery');
INSERT INTO movie_genres (movie_id, genre) VALUES (1301421, 'Crime');
INSERT INTO movie_genres (movie_id, genre) VALUES (1301421, 'Comedy');
INSERT INTO movie_genres (movie_id, genre) VALUES (1301421, 'Family');
INSERT INTO movie_image_urls (movie_id, image_url) VALUES (1301421, 'https://image.tmdb.org/t/p/original/rGmHJzGyvHgKisPWhagGrqlJmYg.jpg');
INSERT INTO movie_image_urls (movie_id, image_url) VALUES (1301421, 'https://image.tmdb.org/t/p/original/eDjIxljQCqDdw8n7i3eNcV1BxUZ.jpg');
INSERT INTO movie_image_urls (movie_id, image_url) VALUES (1301421, 'https://image.tmdb.org/t/p/original/wNrPQ8NpO5SPEtGPLNyXJc5zQyI.jpg');
INSERT INTO movie_image_urls (movie_id, image_url) VALUES (1301421, 'https://image.tmdb.org/t/p/original/g6uEVedSBXsZ3QuXKP4WDCeSsOy.jpg');

INSERT INTO movies (id, title, release_year, duration_minutes, country, language, synopsis, poster_image_url, backdrop_image_url) VALUES (1124566, 'Sentimental Value', 2025, 133, 'Turkey', 'English', 'Sisters Nora and Agnes reunite with their estranged father, the charismatic Gustav, a once-renowned director who offers stage actress Nora a role in what he hopes will be his comeback film. When Nora turns it down, she soon discovers he has given her part to an eager young Hollywood star.', 'https://image.tmdb.org/t/p/w500/pz9NCWxxOk3o0W3v1Zkhawrwb4i.jpg', 'https://image.tmdb.org/t/p/original/oLgtpxK4aGZ7S8aiE3rDwahqkL2.jpg') ON CONFLICT (id) DO UPDATE SET title = EXCLUDED.title, release_year = EXCLUDED.release_year, duration_minutes = EXCLUDED.duration_minutes, country = EXCLUDED.country, language = EXCLUDED.language, synopsis = EXCLUDED.synopsis, poster_image_url = EXCLUDED.poster_image_url, backdrop_image_url = EXCLUDED.backdrop_image_url;
INSERT INTO movie_directors (movie_id, director) VALUES (1124566, 'Joachim Trier');
INSERT INTO movie_cast_members (movie_id, cast_member) VALUES (1124566, 'Renate Reinsve');
INSERT INTO movie_cast_members (movie_id, cast_member) VALUES (1124566, 'Stellan Skarsgård');
INSERT INTO movie_cast_members (movie_id, cast_member) VALUES (1124566, 'Inga Ibsdotter Lilleaas');
INSERT INTO movie_cast_members (movie_id, cast_member) VALUES (1124566, 'Elle Fanning');
INSERT INTO movie_cast_members (movie_id, cast_member) VALUES (1124566, 'Anders Danielsen Lie');
INSERT INTO movie_genres (movie_id, genre) VALUES (1124566, 'Drama');
INSERT INTO movie_image_urls (movie_id, image_url) VALUES (1124566, 'https://image.tmdb.org/t/p/original/vRoIogTQDO5yAmTmH5uGrlPfS0N.jpg');
INSERT INTO movie_image_urls (movie_id, image_url) VALUES (1124566, 'https://image.tmdb.org/t/p/original/w7s8q7sXbqao6Sp907kxSzUMpL1.jpg');
INSERT INTO movie_image_urls (movie_id, image_url) VALUES (1124566, 'https://image.tmdb.org/t/p/original/mDIMSMXFkOXUyQ2lnmeBu6kDUCH.jpg');
INSERT INTO movie_image_urls (movie_id, image_url) VALUES (1124566, 'https://image.tmdb.org/t/p/original/2K047H3KcAonAPyraPppxZUb46H.jpg');

INSERT INTO movies (id, title, release_year, duration_minutes, country, language, synopsis, poster_image_url, backdrop_image_url) VALUES (414419, 'Kill Bill: The Whole Bloody Affair', 2011, 253, 'United States of America', 'Cantonese', 'Quentin Tarantino''s complete cut combining Kill Bill: Vol. 1 and Vol. 2 follows The Bride, a former assassin who awakens from a four-year coma after being shot by her mentor and lover, Bill. She embarks on a vengeful quest to eliminate Bill and the Deadly Viper Assassination Squad who betrayed her.', 'https://image.tmdb.org/t/p/w500/nSOJfWJCdVFZQwXQA7RXn7FIIiY.jpg', 'https://image.tmdb.org/t/p/original/qe4Tp0hURXqiih5AV1kHimXIt3u.jpg') ON CONFLICT (id) DO UPDATE SET title = EXCLUDED.title, release_year = EXCLUDED.release_year, duration_minutes = EXCLUDED.duration_minutes, country = EXCLUDED.country, language = EXCLUDED.language, synopsis = EXCLUDED.synopsis, poster_image_url = EXCLUDED.poster_image_url, backdrop_image_url = EXCLUDED.backdrop_image_url;
INSERT INTO movie_directors (movie_id, director) VALUES (414419, 'Quentin Tarantino');
INSERT INTO movie_cast_members (movie_id, cast_member) VALUES (414419, 'Uma Thurman');
INSERT INTO movie_cast_members (movie_id, cast_member) VALUES (414419, 'Lucy Liu');
INSERT INTO movie_cast_members (movie_id, cast_member) VALUES (414419, 'Vivica A. Fox');
INSERT INTO movie_cast_members (movie_id, cast_member) VALUES (414419, 'Michael Madsen');
INSERT INTO movie_cast_members (movie_id, cast_member) VALUES (414419, 'Daryl Hannah');
INSERT INTO movie_genres (movie_id, genre) VALUES (414419, 'Action');
INSERT INTO movie_genres (movie_id, genre) VALUES (414419, 'Crime');
INSERT INTO movie_image_urls (movie_id, image_url) VALUES (414419, 'https://image.tmdb.org/t/p/original/q0VnxCgNbDVHSYbM41m81sWe050.jpg');
INSERT INTO movie_image_urls (movie_id, image_url) VALUES (414419, 'https://image.tmdb.org/t/p/original/4BOwSKPwtPDCkTKqlJHAZDS6X9g.jpg');
INSERT INTO movie_image_urls (movie_id, image_url) VALUES (414419, 'https://image.tmdb.org/t/p/original/4BmQ1ZjWsovCAMIPUevXBvkIatN.jpg');
INSERT INTO movie_image_urls (movie_id, image_url) VALUES (414419, 'https://image.tmdb.org/t/p/original/hd17MIjz5Ha8VClViCvnqKnheMS.jpg');

INSERT INTO movies (id, title, release_year, duration_minutes, country, language, synopsis, poster_image_url, backdrop_image_url) VALUES (141, 'Donnie Darko', 2001, 114, 'United States of America', 'English', 'After narrowly escaping a bizarre accident, a troubled teenager is plagued by visions of a large bunny rabbit that manipulates him to commit a series of crimes.', 'https://image.tmdb.org/t/p/w500/sv7D4vlfIH25lNjQYoXzoOFCYaz.jpg', 'https://image.tmdb.org/t/p/original/msCHK5Kh1YbdZ0zPJ2nzPUhhSN9.jpg') ON CONFLICT (id) DO UPDATE SET title = EXCLUDED.title, release_year = EXCLUDED.release_year, duration_minutes = EXCLUDED.duration_minutes, country = EXCLUDED.country, language = EXCLUDED.language, synopsis = EXCLUDED.synopsis, poster_image_url = EXCLUDED.poster_image_url, backdrop_image_url = EXCLUDED.backdrop_image_url;
INSERT INTO movie_directors (movie_id, director) VALUES (141, 'Richard Kelly');
INSERT INTO movie_cast_members (movie_id, cast_member) VALUES (141, 'Jake Gyllenhaal');
INSERT INTO movie_cast_members (movie_id, cast_member) VALUES (141, 'Jena Malone');
INSERT INTO movie_cast_members (movie_id, cast_member) VALUES (141, 'James Duval');
INSERT INTO movie_cast_members (movie_id, cast_member) VALUES (141, 'Drew Barrymore');
INSERT INTO movie_cast_members (movie_id, cast_member) VALUES (141, 'Beth Grant');
INSERT INTO movie_genres (movie_id, genre) VALUES (141, 'Fantasy');
INSERT INTO movie_genres (movie_id, genre) VALUES (141, 'Drama');
INSERT INTO movie_genres (movie_id, genre) VALUES (141, 'Mystery');
INSERT INTO movie_image_urls (movie_id, image_url) VALUES (141, 'https://image.tmdb.org/t/p/original/8eLXy49T36e0e1YhYvUQOCXNRhm.jpg');
INSERT INTO movie_image_urls (movie_id, image_url) VALUES (141, 'https://image.tmdb.org/t/p/original/npVlvuV5UkUGcnjErXJ9AiUfECR.jpg');
INSERT INTO movie_image_urls (movie_id, image_url) VALUES (141, 'https://image.tmdb.org/t/p/original/61Zr2kVRxmW4TQ3EVJkfJiOy9gJ.jpg');
INSERT INTO movie_image_urls (movie_id, image_url) VALUES (141, 'https://image.tmdb.org/t/p/original/wSttQ1H8iuphVljW89FmkaHS42h.jpg');

INSERT INTO movies (id, title, release_year, duration_minutes, country, language, synopsis, poster_image_url, backdrop_image_url) VALUES (878608, 'Resurrection', 2025, 159, 'China', 'Mandarin', 'In a future where humanity has surrendered its ability to dream in exchange for immortality, an outcast finds illusion, nightmarish visions, and beauty in an intoxicating world of his own making.', 'https://image.tmdb.org/t/p/w500/4asJAxshXzQriox6tnIoEnWN1nu.jpg', 'https://image.tmdb.org/t/p/original/sbmHT55N2aIwctQEY1pWOwRrxK0.jpg') ON CONFLICT (id) DO UPDATE SET title = EXCLUDED.title, release_year = EXCLUDED.release_year, duration_minutes = EXCLUDED.duration_minutes, country = EXCLUDED.country, language = EXCLUDED.language, synopsis = EXCLUDED.synopsis, poster_image_url = EXCLUDED.poster_image_url, backdrop_image_url = EXCLUDED.backdrop_image_url;
INSERT INTO movie_directors (movie_id, director) VALUES (878608, 'Bi Gan');
INSERT INTO movie_cast_members (movie_id, cast_member) VALUES (878608, 'Jackson Yee');
INSERT INTO movie_cast_members (movie_id, cast_member) VALUES (878608, 'Shu Qi');
INSERT INTO movie_cast_members (movie_id, cast_member) VALUES (878608, 'Mark Chao You-Ting');
INSERT INTO movie_cast_members (movie_id, cast_member) VALUES (878608, 'Li Gengxi');
INSERT INTO movie_cast_members (movie_id, cast_member) VALUES (878608, 'Huang Jue');
INSERT INTO movie_genres (movie_id, genre) VALUES (878608, 'Science Fiction');
INSERT INTO movie_genres (movie_id, genre) VALUES (878608, 'Drama');
INSERT INTO movie_image_urls (movie_id, image_url) VALUES (878608, 'https://image.tmdb.org/t/p/original/7hDB5eZ6FjsmfWHv0QyUyuC8CMa.jpg');
INSERT INTO movie_image_urls (movie_id, image_url) VALUES (878608, 'https://image.tmdb.org/t/p/original/jt2CY2fZeeGAMnc2iQgutBfudS.jpg');
INSERT INTO movie_image_urls (movie_id, image_url) VALUES (878608, 'https://image.tmdb.org/t/p/original/2JcKTEP0L6EXk88ITGVGU4uo7hm.jpg');
INSERT INTO movie_image_urls (movie_id, image_url) VALUES (878608, 'https://image.tmdb.org/t/p/original/gry8VX2ssomFFv0ogcmlv3ZGUWd.jpg');

INSERT INTO movies (id, title, release_year, duration_minutes, country, language, synopsis, poster_image_url, backdrop_image_url) VALUES (1450527, 'Forbidden Fruits', 2026, 104, 'United States of America', 'English', 'Free Eden employee Apple secretly runs a witchy femme cult in the basement of the mall store after hours – with fellow fruits Cherry and Fig. But, when new hire Pumpkin challenges their performative sisterhood, the women are forced to face their own poisons or succumb to a bloody fate.', 'https://image.tmdb.org/t/p/w500/t3hvrrrqvRoURz4y1A1aCys6WD9.jpg', 'https://image.tmdb.org/t/p/original/6xEdQND18WFuKeRNwfzMfKHoK5N.jpg') ON CONFLICT (id) DO UPDATE SET title = EXCLUDED.title, release_year = EXCLUDED.release_year, duration_minutes = EXCLUDED.duration_minutes, country = EXCLUDED.country, language = EXCLUDED.language, synopsis = EXCLUDED.synopsis, poster_image_url = EXCLUDED.poster_image_url, backdrop_image_url = EXCLUDED.backdrop_image_url;
INSERT INTO movie_directors (movie_id, director) VALUES (1450527, 'Meredith Alloway');
INSERT INTO movie_cast_members (movie_id, cast_member) VALUES (1450527, 'Lili Reinhart');
INSERT INTO movie_cast_members (movie_id, cast_member) VALUES (1450527, 'Lola Tung');
INSERT INTO movie_cast_members (movie_id, cast_member) VALUES (1450527, 'Victoria Pedretti');
INSERT INTO movie_cast_members (movie_id, cast_member) VALUES (1450527, 'Alexandra Shipp');
INSERT INTO movie_cast_members (movie_id, cast_member) VALUES (1450527, 'Emma Chamberlain');
INSERT INTO movie_genres (movie_id, genre) VALUES (1450527, 'Horror');
INSERT INTO movie_genres (movie_id, genre) VALUES (1450527, 'Comedy');
INSERT INTO movie_image_urls (movie_id, image_url) VALUES (1450527, 'https://image.tmdb.org/t/p/original/uIJzvhI9yzsOh7mFAXQQXf2I3Wp.jpg');
INSERT INTO movie_image_urls (movie_id, image_url) VALUES (1450527, 'https://image.tmdb.org/t/p/original/ucrlyDVzOm1sGc02vaL84uxsqyY.jpg');
INSERT INTO movie_image_urls (movie_id, image_url) VALUES (1450527, 'https://image.tmdb.org/t/p/original/ebgMLuhkkY7HXf3ceJKYvMHyRLE.jpg');
INSERT INTO movie_image_urls (movie_id, image_url) VALUES (1450527, 'https://image.tmdb.org/t/p/original/dxDuxLKIZKve8lIWYzLaV3ZFD5B.jpg');

INSERT INTO movies (id, title, release_year, duration_minutes, country, language, synopsis, poster_image_url, backdrop_image_url) VALUES (149, 'Akira', 1988, 124, 'Japan', 'Japanese', 'A secret military project endangers Neo-Tokyo when it turns a biker gang member into a rampaging psychic psychopath that only two teenagers and a group of psychics can stop.', 'https://image.tmdb.org/t/p/w500/neZ0ykEsPqxamsX6o5QNUFILQrz.jpg', 'https://image.tmdb.org/t/p/original/fK40VGYIm7hmKrLJ26fgPQU0qRG.jpg') ON CONFLICT (id) DO UPDATE SET title = EXCLUDED.title, release_year = EXCLUDED.release_year, duration_minutes = EXCLUDED.duration_minutes, country = EXCLUDED.country, language = EXCLUDED.language, synopsis = EXCLUDED.synopsis, poster_image_url = EXCLUDED.poster_image_url, backdrop_image_url = EXCLUDED.backdrop_image_url;
INSERT INTO movie_directors (movie_id, director) VALUES (149, 'Katsuhiro Otomo');
INSERT INTO movie_cast_members (movie_id, cast_member) VALUES (149, 'Mitsuo Iwata');
INSERT INTO movie_cast_members (movie_id, cast_member) VALUES (149, 'Nozomu Sasaki');
INSERT INTO movie_cast_members (movie_id, cast_member) VALUES (149, 'Mami Koyama');
INSERT INTO movie_cast_members (movie_id, cast_member) VALUES (149, 'Taro Ishida');
INSERT INTO movie_cast_members (movie_id, cast_member) VALUES (149, 'Mizuho Suzuki');
INSERT INTO movie_genres (movie_id, genre) VALUES (149, 'Animation');
INSERT INTO movie_genres (movie_id, genre) VALUES (149, 'Science Fiction');
INSERT INTO movie_genres (movie_id, genre) VALUES (149, 'Action');
INSERT INTO movie_image_urls (movie_id, image_url) VALUES (149, 'https://image.tmdb.org/t/p/original/jkwVCMIkN3j284EPIDIGnskTd69.jpg');
INSERT INTO movie_image_urls (movie_id, image_url) VALUES (149, 'https://image.tmdb.org/t/p/original/pHtVkUvKiG7CEemZkUiqPzjpMri.jpg');
INSERT INTO movie_image_urls (movie_id, image_url) VALUES (149, 'https://image.tmdb.org/t/p/original/cYlqYcJjwRKdvixzSryntq97yuq.jpg');
INSERT INTO movie_image_urls (movie_id, image_url) VALUES (149, 'https://image.tmdb.org/t/p/original/jmlM5sa8vrBWHSBubqAithX6Fx5.jpg');

INSERT INTO movies (id, title, release_year, duration_minutes, country, language, synopsis, poster_image_url, backdrop_image_url) VALUES (1144107, 'The Legend of Hei 2', 2025, 119, 'China', 'Mandarin', 'When an attack shatters the fragile peace between the spirit world and humanity, Hei teams up with Luye, the last disciple of his Shifu Wuxian, to expose a conspiracy that threatens both realms - and the bond they''ve sworn to protect.', 'https://image.tmdb.org/t/p/w500/ewZaW4gXqqllOelUpS98T49z6Gl.jpg', 'https://image.tmdb.org/t/p/original/rrUsh0jODStzpJcDbDvLB1Tl901.jpg') ON CONFLICT (id) DO UPDATE SET title = EXCLUDED.title, release_year = EXCLUDED.release_year, duration_minutes = EXCLUDED.duration_minutes, country = EXCLUDED.country, language = EXCLUDED.language, synopsis = EXCLUDED.synopsis, poster_image_url = EXCLUDED.poster_image_url, backdrop_image_url = EXCLUDED.backdrop_image_url;
INSERT INTO movie_directors (movie_id, director) VALUES (1144107, 'Gu Jie');
INSERT INTO movie_directors (movie_id, director) VALUES (1144107, 'MTJJ');
INSERT INTO movie_cast_members (movie_id, cast_member) VALUES (1144107, 'Shan Xin');
INSERT INTO movie_cast_members (movie_id, cast_member) VALUES (1144107, 'Liu Mingyue');
INSERT INTO movie_cast_members (movie_id, cast_member) VALUES (1144107, 'Zhu Jing');
INSERT INTO movie_cast_members (movie_id, cast_member) VALUES (1144107, 'Luan Lisheng');
INSERT INTO movie_cast_members (movie_id, cast_member) VALUES (1144107, 'Fu Chen Yang');
INSERT INTO movie_genres (movie_id, genre) VALUES (1144107, 'Animation');
INSERT INTO movie_genres (movie_id, genre) VALUES (1144107, 'Fantasy');
INSERT INTO movie_genres (movie_id, genre) VALUES (1144107, 'Action');
INSERT INTO movie_image_urls (movie_id, image_url) VALUES (1144107, 'https://image.tmdb.org/t/p/original/uJEZaEM2hY3MG50CgZ3z9jeTwmp.jpg');
INSERT INTO movie_image_urls (movie_id, image_url) VALUES (1144107, 'https://image.tmdb.org/t/p/original/qxcM8r2CoKz7HliFGMbUoGYVx7F.jpg');
INSERT INTO movie_image_urls (movie_id, image_url) VALUES (1144107, 'https://image.tmdb.org/t/p/original/pYNsS3hNu2EWM5VVyAllY6Fw7g7.jpg');
INSERT INTO movie_image_urls (movie_id, image_url) VALUES (1144107, 'https://image.tmdb.org/t/p/original/86IFp84vAfnxKgH5xsxWhtypbsL.jpg');

INSERT INTO movies (id, title, release_year, duration_minutes, country, language, synopsis, poster_image_url, backdrop_image_url) VALUES (1010755, 'The Strangers: Chapter 3', 2026, 92, 'United Kingdom', 'English', 'Tethered by a frightening conclusion, Maya and the Strangers are locked on an unavoidable, unforgiving collision course — a showdown that proves they’re far from strangers now.', 'https://image.tmdb.org/t/p/w500/yPHwX78mcwJw3I6YOJ9qh2wQBFr.jpg', 'https://image.tmdb.org/t/p/original/fPfDB0IHOqvmKIzFP9CA51OOS1N.jpg') ON CONFLICT (id) DO UPDATE SET title = EXCLUDED.title, release_year = EXCLUDED.release_year, duration_minutes = EXCLUDED.duration_minutes, country = EXCLUDED.country, language = EXCLUDED.language, synopsis = EXCLUDED.synopsis, poster_image_url = EXCLUDED.poster_image_url, backdrop_image_url = EXCLUDED.backdrop_image_url;
INSERT INTO movie_directors (movie_id, director) VALUES (1010755, 'Renny Harlin');
INSERT INTO movie_cast_members (movie_id, cast_member) VALUES (1010755, 'Madelaine Petsch');
INSERT INTO movie_cast_members (movie_id, cast_member) VALUES (1010755, 'Richard Brake');
INSERT INTO movie_cast_members (movie_id, cast_member) VALUES (1010755, 'Ema Horvath');
INSERT INTO movie_cast_members (movie_id, cast_member) VALUES (1010755, 'Gabriel Basso');
INSERT INTO movie_cast_members (movie_id, cast_member) VALUES (1010755, 'Pedro Leandro');
INSERT INTO movie_genres (movie_id, genre) VALUES (1010755, 'Horror');
INSERT INTO movie_genres (movie_id, genre) VALUES (1010755, 'Thriller');
INSERT INTO movie_image_urls (movie_id, image_url) VALUES (1010755, 'https://image.tmdb.org/t/p/original/yVNQWm7a5KWiwT4faNR58f0JBwK.jpg');
INSERT INTO movie_image_urls (movie_id, image_url) VALUES (1010755, 'https://image.tmdb.org/t/p/original/eicpgNNwt440DhlGG0FmsA6LUe4.jpg');
INSERT INTO movie_image_urls (movie_id, image_url) VALUES (1010755, 'https://image.tmdb.org/t/p/original/12xUZcWw0k4KumVoDQcpVZJd5qD.jpg');
INSERT INTO movie_image_urls (movie_id, image_url) VALUES (1010755, 'https://image.tmdb.org/t/p/original/oDY7O82816abfFJq0PgrEoAFQvG.jpg');

INSERT INTO movies (id, title, release_year, duration_minutes, country, language, synopsis, poster_image_url, backdrop_image_url) VALUES (18239, 'The Twilight Saga: New Moon', 2009, 131, 'United States of America', 'English', 'Forks, Washington resident Bella Swan is reeling from the departure of her vampire love, Edward Cullen, and finds comfort in her friendship with Jacob Black, a werewolf. But before she knows it, she''s thrust into a centuries-old conflict, and her desire to be with Edward at any cost leads her to take greater and greater risks.', 'https://image.tmdb.org/t/p/w500/k2qTooPlHffgNABNWxeJdGMglPK.jpg', 'https://image.tmdb.org/t/p/original/dF2c20sRDgySZLaLS2OUerL07sz.jpg') ON CONFLICT (id) DO UPDATE SET title = EXCLUDED.title, release_year = EXCLUDED.release_year, duration_minutes = EXCLUDED.duration_minutes, country = EXCLUDED.country, language = EXCLUDED.language, synopsis = EXCLUDED.synopsis, poster_image_url = EXCLUDED.poster_image_url, backdrop_image_url = EXCLUDED.backdrop_image_url;
INSERT INTO movie_directors (movie_id, director) VALUES (18239, 'Chris Weitz');
INSERT INTO movie_cast_members (movie_id, cast_member) VALUES (18239, 'Kristen Stewart');
INSERT INTO movie_cast_members (movie_id, cast_member) VALUES (18239, 'Robert Pattinson');
INSERT INTO movie_cast_members (movie_id, cast_member) VALUES (18239, 'Taylor Lautner');
INSERT INTO movie_cast_members (movie_id, cast_member) VALUES (18239, 'Dakota Fanning');
INSERT INTO movie_cast_members (movie_id, cast_member) VALUES (18239, 'Michael Sheen');
INSERT INTO movie_genres (movie_id, genre) VALUES (18239, 'Adventure');
INSERT INTO movie_genres (movie_id, genre) VALUES (18239, 'Fantasy');
INSERT INTO movie_genres (movie_id, genre) VALUES (18239, 'Drama');
INSERT INTO movie_genres (movie_id, genre) VALUES (18239, 'Romance');
INSERT INTO movie_image_urls (movie_id, image_url) VALUES (18239, 'https://image.tmdb.org/t/p/original/1E7kqUJghDRSgYkxDXAyoaVqQ96.jpg');
INSERT INTO movie_image_urls (movie_id, image_url) VALUES (18239, 'https://image.tmdb.org/t/p/original/jAZjGc9fRXMB4v2ZNej9RB7kyCW.jpg');
INSERT INTO movie_image_urls (movie_id, image_url) VALUES (18239, 'https://image.tmdb.org/t/p/original/o95hPvS1h21RqqH3tm2f1lc5yBD.jpg');
INSERT INTO movie_image_urls (movie_id, image_url) VALUES (18239, 'https://image.tmdb.org/t/p/original/fzVQ7CmSqJr4EK85yi4ZNkDnuE9.jpg');

INSERT INTO movies (id, title, release_year, duration_minutes, country, language, synopsis, poster_image_url, backdrop_image_url) VALUES (755898, 'War of the Worlds', 2025, 91, 'United States of America', 'English', 'Will Radford is a top analyst for Homeland Security who tracks potential threats through a mass surveillance program, until one day an attack by an unknown entity leads him to question whether the government is hiding something from him... and from the rest of the world.', 'https://image.tmdb.org/t/p/w500/yvirUYrva23IudARHn3mMGVxWqM.jpg', 'https://image.tmdb.org/t/p/original/iZLqwEwUViJdSkGVjePGhxYzbDb.jpg') ON CONFLICT (id) DO UPDATE SET title = EXCLUDED.title, release_year = EXCLUDED.release_year, duration_minutes = EXCLUDED.duration_minutes, country = EXCLUDED.country, language = EXCLUDED.language, synopsis = EXCLUDED.synopsis, poster_image_url = EXCLUDED.poster_image_url, backdrop_image_url = EXCLUDED.backdrop_image_url;
INSERT INTO movie_directors (movie_id, director) VALUES (755898, 'Rich Lee');
INSERT INTO movie_cast_members (movie_id, cast_member) VALUES (755898, 'Ice Cube');
INSERT INTO movie_cast_members (movie_id, cast_member) VALUES (755898, 'Eva Longoria');
INSERT INTO movie_cast_members (movie_id, cast_member) VALUES (755898, 'Clark Gregg');
INSERT INTO movie_cast_members (movie_id, cast_member) VALUES (755898, 'Iman Benson');
INSERT INTO movie_cast_members (movie_id, cast_member) VALUES (755898, 'Henry Hunter Hall');
INSERT INTO movie_genres (movie_id, genre) VALUES (755898, 'Science Fiction');
INSERT INTO movie_genres (movie_id, genre) VALUES (755898, 'Thriller');
INSERT INTO movie_image_urls (movie_id, image_url) VALUES (755898, 'https://image.tmdb.org/t/p/original/f2T5LlY8EPvmgtBVvOra8H2GvlQ.jpg');
INSERT INTO movie_image_urls (movie_id, image_url) VALUES (755898, 'https://image.tmdb.org/t/p/original/kqHypb4MdEBUFiphf49bK99T4cn.jpg');
INSERT INTO movie_image_urls (movie_id, image_url) VALUES (755898, 'https://image.tmdb.org/t/p/original/l2D8XPcANYIM7DJ4e9XYymzZovT.jpg');
INSERT INTO movie_image_urls (movie_id, image_url) VALUES (755898, 'https://image.tmdb.org/t/p/original/ceaS9zOX4GJPzZeUgsnjRy9JKck.jpg');

INSERT INTO movies (id, title, release_year, duration_minutes, country, language, synopsis, poster_image_url, backdrop_image_url) VALUES (634649, 'Spider-Man: No Way Home', 2021, 148, 'United States of America', 'English', 'Peter Parker is unmasked and no longer able to separate his normal life from the high-stakes of being a super-hero. When he asks for help from Doctor Strange the stakes become even more dangerous, forcing him to discover what it truly means to be Spider-Man.', 'https://image.tmdb.org/t/p/w500/1g0dhYtq4irTY1GPXvft6k4YLjm.jpg', 'https://image.tmdb.org/t/p/original/zD5v1E4joAzFvmAEytt7fM3ivyT.jpg') ON CONFLICT (id) DO UPDATE SET title = EXCLUDED.title, release_year = EXCLUDED.release_year, duration_minutes = EXCLUDED.duration_minutes, country = EXCLUDED.country, language = EXCLUDED.language, synopsis = EXCLUDED.synopsis, poster_image_url = EXCLUDED.poster_image_url, backdrop_image_url = EXCLUDED.backdrop_image_url;
INSERT INTO movie_directors (movie_id, director) VALUES (634649, 'Jon Watts');
INSERT INTO movie_cast_members (movie_id, cast_member) VALUES (634649, 'Tom Holland');
INSERT INTO movie_cast_members (movie_id, cast_member) VALUES (634649, 'Zendaya');
INSERT INTO movie_cast_members (movie_id, cast_member) VALUES (634649, 'Benedict Cumberbatch');
INSERT INTO movie_cast_members (movie_id, cast_member) VALUES (634649, 'Jacob Batalon');
INSERT INTO movie_cast_members (movie_id, cast_member) VALUES (634649, 'Jon Favreau');
INSERT INTO movie_genres (movie_id, genre) VALUES (634649, 'Action');
INSERT INTO movie_genres (movie_id, genre) VALUES (634649, 'Adventure');
INSERT INTO movie_genres (movie_id, genre) VALUES (634649, 'Science Fiction');
INSERT INTO movie_image_urls (movie_id, image_url) VALUES (634649, 'https://image.tmdb.org/t/p/original/tyQo080tijexyUHBvWPwQt26bZa.jpg');
INSERT INTO movie_image_urls (movie_id, image_url) VALUES (634649, 'https://image.tmdb.org/t/p/original/iQFcwSGbZXMkeyKrxbPnwnRo5fl.jpg');
INSERT INTO movie_image_urls (movie_id, image_url) VALUES (634649, 'https://image.tmdb.org/t/p/original/utxfKMtH91Q5uPvFMFDLnxohXHV.jpg');
INSERT INTO movie_image_urls (movie_id, image_url) VALUES (634649, 'https://image.tmdb.org/t/p/original/nqUThBjou0TAWXu93Q4SNFpgqai.jpg');

INSERT INTO movies (id, title, release_year, duration_minutes, country, language, synopsis, poster_image_url, backdrop_image_url) VALUES (1276038, 'A Desert', 2025, 103, 'United States of America', 'English', 'A photographer’s road trip takes a dark turn when he befriends a reckless couple, plunging him into a nightmarish neo-noir spiral of unpredictable horror.', 'https://image.tmdb.org/t/p/w500/vd194U3uHmxs5rZBV2QU7HNDdEf.jpg', 'https://image.tmdb.org/t/p/original/jtMzyOnIly9aciwV3z5TcczVstI.jpg') ON CONFLICT (id) DO UPDATE SET title = EXCLUDED.title, release_year = EXCLUDED.release_year, duration_minutes = EXCLUDED.duration_minutes, country = EXCLUDED.country, language = EXCLUDED.language, synopsis = EXCLUDED.synopsis, poster_image_url = EXCLUDED.poster_image_url, backdrop_image_url = EXCLUDED.backdrop_image_url;
INSERT INTO movie_directors (movie_id, director) VALUES (1276038, 'Joshua Erkman');
INSERT INTO movie_cast_members (movie_id, cast_member) VALUES (1276038, 'David Yow');
INSERT INTO movie_cast_members (movie_id, cast_member) VALUES (1276038, 'Kai Lennox');
INSERT INTO movie_cast_members (movie_id, cast_member) VALUES (1276038, 'Sarah Lind');
INSERT INTO movie_cast_members (movie_id, cast_member) VALUES (1276038, 'Zachary Ray Sherman');
INSERT INTO movie_cast_members (movie_id, cast_member) VALUES (1276038, 'Ashley B. Smith');
INSERT INTO movie_genres (movie_id, genre) VALUES (1276038, 'Horror');
INSERT INTO movie_genres (movie_id, genre) VALUES (1276038, 'Thriller');
INSERT INTO movie_image_urls (movie_id, image_url) VALUES (1276038, 'https://image.tmdb.org/t/p/original/svthVAjgSu3FIBFUgF51R0dRljC.jpg');
INSERT INTO movie_image_urls (movie_id, image_url) VALUES (1276038, 'https://image.tmdb.org/t/p/original/wu7qYANMcYq8TD1kWpsFuHQgOh5.jpg');
INSERT INTO movie_image_urls (movie_id, image_url) VALUES (1276038, 'https://image.tmdb.org/t/p/original/sgckaAG6Xbdjs1Af9XyJXaZK7Bm.jpg');
INSERT INTO movie_image_urls (movie_id, image_url) VALUES (1276038, 'https://image.tmdb.org/t/p/original/6vWTDZTvInorG0VhQe62mtdEDTQ.jpg');

INSERT INTO movies (id, title, release_year, duration_minutes, country, language, synopsis, poster_image_url, backdrop_image_url) VALUES (1242898, 'Predator: Badlands', 2025, 107, 'United States of America', 'English', 'Cast out from his clan, a young Predator finds an unlikely ally in a damaged android and embarks on a treacherous journey in search of the ultimate adversary.', 'https://image.tmdb.org/t/p/w500/erTRAi241eYF4K8KoGGOI8kFPox.jpg', 'https://image.tmdb.org/t/p/original/82lM4GJ9uuNvNDOEpxFy77uv4Ak.jpg') ON CONFLICT (id) DO UPDATE SET title = EXCLUDED.title, release_year = EXCLUDED.release_year, duration_minutes = EXCLUDED.duration_minutes, country = EXCLUDED.country, language = EXCLUDED.language, synopsis = EXCLUDED.synopsis, poster_image_url = EXCLUDED.poster_image_url, backdrop_image_url = EXCLUDED.backdrop_image_url;
INSERT INTO movie_directors (movie_id, director) VALUES (1242898, 'Dan Trachtenberg');
INSERT INTO movie_cast_members (movie_id, cast_member) VALUES (1242898, 'Elle Fanning');
INSERT INTO movie_cast_members (movie_id, cast_member) VALUES (1242898, 'Dimitrius Schuster-Koloamatangi');
INSERT INTO movie_cast_members (movie_id, cast_member) VALUES (1242898, 'Ravi Narayan');
INSERT INTO movie_cast_members (movie_id, cast_member) VALUES (1242898, 'Michael Homick');
INSERT INTO movie_cast_members (movie_id, cast_member) VALUES (1242898, 'Stefan Grube');
INSERT INTO movie_genres (movie_id, genre) VALUES (1242898, 'Action');
INSERT INTO movie_genres (movie_id, genre) VALUES (1242898, 'Science Fiction');
INSERT INTO movie_genres (movie_id, genre) VALUES (1242898, 'Adventure');
INSERT INTO movie_image_urls (movie_id, image_url) VALUES (1242898, 'https://image.tmdb.org/t/p/original/gaKFXcB5J1gz0QqYj8bWIfrPc04.jpg');
INSERT INTO movie_image_urls (movie_id, image_url) VALUES (1242898, 'https://image.tmdb.org/t/p/original/ebyxeBh56QNXxSJgTnmz7fXAlwk.jpg');
INSERT INTO movie_image_urls (movie_id, image_url) VALUES (1242898, 'https://image.tmdb.org/t/p/original/rYzjPdCB64h6UfiWiMDJ6kVRgNg.jpg');
INSERT INTO movie_image_urls (movie_id, image_url) VALUES (1242898, 'https://image.tmdb.org/t/p/original/e0Z7TWHJrd7vk4kKS9HoxmHaake.jpg');

INSERT INTO movies (id, title, release_year, duration_minutes, country, language, synopsis, poster_image_url, backdrop_image_url) VALUES (52741, 'Side Out', 1990, 104, 'United States of America', 'English', 'A law student comes to California for the summer and ends up playing professional volleyball.', 'https://image.tmdb.org/t/p/w500/jAuywGtaKhXOjpkIM2gzHT0FSXG.jpg', 'https://image.tmdb.org/t/p/original/63b6FaOiswnr611he4bqX38qix9.jpg') ON CONFLICT (id) DO UPDATE SET title = EXCLUDED.title, release_year = EXCLUDED.release_year, duration_minutes = EXCLUDED.duration_minutes, country = EXCLUDED.country, language = EXCLUDED.language, synopsis = EXCLUDED.synopsis, poster_image_url = EXCLUDED.poster_image_url, backdrop_image_url = EXCLUDED.backdrop_image_url;
INSERT INTO movie_directors (movie_id, director) VALUES (52741, 'Peter Israelson');
INSERT INTO movie_cast_members (movie_id, cast_member) VALUES (52741, 'C. Thomas Howell');
INSERT INTO movie_cast_members (movie_id, cast_member) VALUES (52741, 'Peter Horton');
INSERT INTO movie_cast_members (movie_id, cast_member) VALUES (52741, 'Courtney Thorne-Smith');
INSERT INTO movie_cast_members (movie_id, cast_member) VALUES (52741, 'Harley Jane Kozak');
INSERT INTO movie_cast_members (movie_id, cast_member) VALUES (52741, 'Christopher Rydell');
INSERT INTO movie_genres (movie_id, genre) VALUES (52741, 'Comedy');
INSERT INTO movie_genres (movie_id, genre) VALUES (52741, 'Drama');
INSERT INTO movie_genres (movie_id, genre) VALUES (52741, 'Romance');
INSERT INTO movie_image_urls (movie_id, image_url) VALUES (52741, 'https://image.tmdb.org/t/p/original/oNTT2ioIJxuO0dvTT8XuqZaMxKQ.jpg');
INSERT INTO movie_image_urls (movie_id, image_url) VALUES (52741, 'https://image.tmdb.org/t/p/original/5YGZeeSfsSeisgc803U1uZPooKB.jpg');
INSERT INTO movie_image_urls (movie_id, image_url) VALUES (52741, 'https://image.tmdb.org/t/p/original/fFt0HByXE0V7Gx0POmkeXK3TAar.jpg');
INSERT INTO movie_image_urls (movie_id, image_url) VALUES (52741, 'https://image.tmdb.org/t/p/original/lRyU9ScC8M0ko3QlwNfYE1Qx9u5.jpg');

INSERT INTO movies (id, title, release_year, duration_minutes, country, language, synopsis, poster_image_url, backdrop_image_url) VALUES (1610418, 'The House on Haunted Grounds', 2026, 69, NULL, 'English', 'They walked into a haunted house with a history of possession and murder. The victims never came out, but the footage did.', 'https://image.tmdb.org/t/p/w500/750RNSHr25GQcCr2Ws8iSGrHJA9.jpg', 'https://image.tmdb.org/t/p/original/r9aYDDP7tHpwCvQbOxcfhZFBT63.jpg') ON CONFLICT (id) DO UPDATE SET title = EXCLUDED.title, release_year = EXCLUDED.release_year, duration_minutes = EXCLUDED.duration_minutes, country = EXCLUDED.country, language = EXCLUDED.language, synopsis = EXCLUDED.synopsis, poster_image_url = EXCLUDED.poster_image_url, backdrop_image_url = EXCLUDED.backdrop_image_url;
INSERT INTO movie_directors (movie_id, director) VALUES (1610418, 'Brendan Rudnicki');
INSERT INTO movie_cast_members (movie_id, cast_member) VALUES (1610418, 'Logan Wallace');
INSERT INTO movie_cast_members (movie_id, cast_member) VALUES (1610418, 'Andrew Thomas');
INSERT INTO movie_cast_members (movie_id, cast_member) VALUES (1610418, 'Stuart Maxheimer');
INSERT INTO movie_cast_members (movie_id, cast_member) VALUES (1610418, 'Cashmere Moniqué');
INSERT INTO movie_cast_members (movie_id, cast_member) VALUES (1610418, 'Dylan DeVane');
INSERT INTO movie_genres (movie_id, genre) VALUES (1610418, 'Horror');
INSERT INTO movie_image_urls (movie_id, image_url) VALUES (1610418, 'https://image.tmdb.org/t/p/original/p3xHaC6dQ6TEVTA6pVF49Y2VYvg.jpg');

INSERT INTO movies (id, title, release_year, duration_minutes, country, language, synopsis, poster_image_url, backdrop_image_url) VALUES (1539104, 'JUJUTSU KAISEN: Execution', 2025, 88, 'Japan', 'Japanese', 'A veil abruptly descends over the busy Shibuya area amid the bustling Halloween crowds, trapping countless civilians inside. Satoru Gojo, the strongest jujutsu sorcerer, steps into the chaos. But lying in wait are curse users and spirits scheming to seal him away. Yuji Itadori, accompanied by his classmates and other top-tier jujutsu sorcerers, enters the fray in an unprecedented clash of curses — the Shibuya Incident. In the aftermath, ten colonies across Japan are transformed into dens of curses in a plan orchestrated by Noritoshi Kamo. As the deadly Culling Game starts, Special Grade sorcerer Yuta Okkotsu is assigned to carry out Yuji''s execution for his perceived crimes. A compilation movie of Shibuya Incident including the first two episodes of the Culling Games arc.', 'https://image.tmdb.org/t/p/w500/v0s3dx6am0RzfsuK3KdEy8ZoCDs.jpg', 'https://image.tmdb.org/t/p/original/gtKglOSEq3d4MgQE4VsrT1sRkd0.jpg') ON CONFLICT (id) DO UPDATE SET title = EXCLUDED.title, release_year = EXCLUDED.release_year, duration_minutes = EXCLUDED.duration_minutes, country = EXCLUDED.country, language = EXCLUDED.language, synopsis = EXCLUDED.synopsis, poster_image_url = EXCLUDED.poster_image_url, backdrop_image_url = EXCLUDED.backdrop_image_url;
INSERT INTO movie_directors (movie_id, director) VALUES (1539104, 'Shota Goshozono');
INSERT INTO movie_cast_members (movie_id, cast_member) VALUES (1539104, 'Junya Enoki');
INSERT INTO movie_cast_members (movie_id, cast_member) VALUES (1539104, 'Megumi Ogata');
INSERT INTO movie_cast_members (movie_id, cast_member) VALUES (1539104, 'Koji Yusa');
INSERT INTO movie_cast_members (movie_id, cast_member) VALUES (1539104, 'Daisuke Namikawa');
INSERT INTO movie_cast_members (movie_id, cast_member) VALUES (1539104, 'Yuma Uchida');
INSERT INTO movie_genres (movie_id, genre) VALUES (1539104, 'Animation');
INSERT INTO movie_genres (movie_id, genre) VALUES (1539104, 'Action');
INSERT INTO movie_genres (movie_id, genre) VALUES (1539104, 'Fantasy');
INSERT INTO movie_image_urls (movie_id, image_url) VALUES (1539104, 'https://image.tmdb.org/t/p/original/eMBYlgFTHfZaTz96eJxlkeMsKo9.jpg');
INSERT INTO movie_image_urls (movie_id, image_url) VALUES (1539104, 'https://image.tmdb.org/t/p/original/9hK3rxEwCAX4DrLvOOBggJzkjHk.jpg');
INSERT INTO movie_image_urls (movie_id, image_url) VALUES (1539104, 'https://image.tmdb.org/t/p/original/mbse8MVEJVEohq3qHSdRxywZm2P.jpg');
INSERT INTO movie_image_urls (movie_id, image_url) VALUES (1539104, 'https://image.tmdb.org/t/p/original/n72SP7mF6VMYB00mtSBWB2XAw4r.jpg');

INSERT INTO movies (id, title, release_year, duration_minutes, country, language, synopsis, poster_image_url, backdrop_image_url) VALUES (181808, 'Star Wars: The Last Jedi', 2017, 152, 'United States of America', 'English', 'Rey develops her newly discovered abilities with the guidance of Luke Skywalker, who is unsettled by the strength of her powers. Meanwhile, the Resistance prepares to do battle with the First Order.', 'https://image.tmdb.org/t/p/w500/kOVEVeg59E0wsnXmF9nrh6OmWII.jpg', 'https://image.tmdb.org/t/p/original/bIUaCtWaRgd78SnoHJDI8TNf7Sd.jpg') ON CONFLICT (id) DO UPDATE SET title = EXCLUDED.title, release_year = EXCLUDED.release_year, duration_minutes = EXCLUDED.duration_minutes, country = EXCLUDED.country, language = EXCLUDED.language, synopsis = EXCLUDED.synopsis, poster_image_url = EXCLUDED.poster_image_url, backdrop_image_url = EXCLUDED.backdrop_image_url;
INSERT INTO movie_directors (movie_id, director) VALUES (181808, 'Rian Johnson');
INSERT INTO movie_cast_members (movie_id, cast_member) VALUES (181808, 'Mark Hamill');
INSERT INTO movie_cast_members (movie_id, cast_member) VALUES (181808, 'Carrie Fisher');
INSERT INTO movie_cast_members (movie_id, cast_member) VALUES (181808, 'Adam Driver');
INSERT INTO movie_cast_members (movie_id, cast_member) VALUES (181808, 'Daisy Ridley');
INSERT INTO movie_cast_members (movie_id, cast_member) VALUES (181808, 'John Boyega');
INSERT INTO movie_genres (movie_id, genre) VALUES (181808, 'Adventure');
INSERT INTO movie_genres (movie_id, genre) VALUES (181808, 'Action');
INSERT INTO movie_genres (movie_id, genre) VALUES (181808, 'Science Fiction');
INSERT INTO movie_image_urls (movie_id, image_url) VALUES (181808, 'https://image.tmdb.org/t/p/original/5Iw7zQTHVRBOYpA0V6z0yypOPZh.jpg');
INSERT INTO movie_image_urls (movie_id, image_url) VALUES (181808, 'https://image.tmdb.org/t/p/original/exN8YLhT7x9mEW6NoiUB6ZepCc0.jpg');
INSERT INTO movie_image_urls (movie_id, image_url) VALUES (181808, 'https://image.tmdb.org/t/p/original/iIipibbu97mZLOK1GeCRmZ9TQvU.jpg');
INSERT INTO movie_image_urls (movie_id, image_url) VALUES (181808, 'https://image.tmdb.org/t/p/original/dYDhc4bFN3y1l3djJJZ0m64PlF.jpg');

INSERT INTO movies (id, title, release_year, duration_minutes, country, language, synopsis, poster_image_url, backdrop_image_url) VALUES (1381216, 'Lake Jesup: Bonecrusher''s Revenge', 2024, 87, 'United States of America', 'English', 'In 2003, Lake Jesup became the stage for a real-life horror story, as a monstrous alligator escaped from captivity and began a reign of terror. As the body count rose, a desperate hunt ensued to stop the creature.', 'https://image.tmdb.org/t/p/w500/1Z1TgGXS1MD4DDfIkBNloM43vvj.jpg', 'https://image.tmdb.org/t/p/original/3Vq8otoGevbhcZAKY2devVbPs6L.jpg') ON CONFLICT (id) DO UPDATE SET title = EXCLUDED.title, release_year = EXCLUDED.release_year, duration_minutes = EXCLUDED.duration_minutes, country = EXCLUDED.country, language = EXCLUDED.language, synopsis = EXCLUDED.synopsis, poster_image_url = EXCLUDED.poster_image_url, backdrop_image_url = EXCLUDED.backdrop_image_url;
INSERT INTO movie_directors (movie_id, director) VALUES (1381216, 'Michael Houston King');
INSERT INTO movie_cast_members (movie_id, cast_member) VALUES (1381216, 'Derek Russo');
INSERT INTO movie_cast_members (movie_id, cast_member) VALUES (1381216, 'Jeff Benninghofen');
INSERT INTO movie_cast_members (movie_id, cast_member) VALUES (1381216, 'Michael Houston King');
INSERT INTO movie_cast_members (movie_id, cast_member) VALUES (1381216, 'Essex O''Brien');
INSERT INTO movie_cast_members (movie_id, cast_member) VALUES (1381216, 'Sarah Voigt');
INSERT INTO movie_genres (movie_id, genre) VALUES (1381216, 'Horror');
INSERT INTO movie_genres (movie_id, genre) VALUES (1381216, 'Comedy');
INSERT INTO movie_genres (movie_id, genre) VALUES (1381216, 'Adventure');
INSERT INTO movie_image_urls (movie_id, image_url) VALUES (1381216, 'https://image.tmdb.org/t/p/original/11ntwVAan2lanM38vDEDzz4XVgk.jpg');
INSERT INTO movie_image_urls (movie_id, image_url) VALUES (1381216, 'https://image.tmdb.org/t/p/original/9b1tpKrzS2YIIB4z5fCqFwu4dED.jpg');
INSERT INTO movie_image_urls (movie_id, image_url) VALUES (1381216, 'https://image.tmdb.org/t/p/original/9Qlpc3fieIcGPlALEWhBNUNftB6.jpg');
INSERT INTO movie_image_urls (movie_id, image_url) VALUES (1381216, 'https://image.tmdb.org/t/p/original/atnvih5XtjZPxbsrCjTDZoKBmSm.jpg');

INSERT INTO movies (id, title, release_year, duration_minutes, country, language, synopsis, poster_image_url, backdrop_image_url) VALUES (58008, 'Night Nurse', 1979, 96, 'Italy', 'Italian', 'A dentist invites a elderly patient to stay at his home to recover, unaware that he is a jewel thief. He plans to steal a valuable diamond but then runs into a beautiful nurse who, aside from constantly stripping nude, has plans of her own.', 'https://image.tmdb.org/t/p/w500/tzhBAhN35YjobVG3Ubm3ERnzhBL.jpg', 'https://image.tmdb.org/t/p/original/5TO9LeUAdilHgq50veWqBpDejaU.jpg') ON CONFLICT (id) DO UPDATE SET title = EXCLUDED.title, release_year = EXCLUDED.release_year, duration_minutes = EXCLUDED.duration_minutes, country = EXCLUDED.country, language = EXCLUDED.language, synopsis = EXCLUDED.synopsis, poster_image_url = EXCLUDED.poster_image_url, backdrop_image_url = EXCLUDED.backdrop_image_url;
INSERT INTO movie_directors (movie_id, director) VALUES (58008, 'Mariano Laurenti');
INSERT INTO movie_cast_members (movie_id, cast_member) VALUES (58008, 'Gloria Guida');
INSERT INTO movie_cast_members (movie_id, cast_member) VALUES (58008, 'Lino Banfi');
INSERT INTO movie_cast_members (movie_id, cast_member) VALUES (58008, 'Alvaro Vitali');
INSERT INTO movie_cast_members (movie_id, cast_member) VALUES (58008, 'Leo Colonna');
INSERT INTO movie_cast_members (movie_id, cast_member) VALUES (58008, 'Mario Carotenuto');
INSERT INTO movie_genres (movie_id, genre) VALUES (58008, 'Comedy');
INSERT INTO movie_image_urls (movie_id, image_url) VALUES (58008, 'https://image.tmdb.org/t/p/original/AmWbJimhbBLqPKHDHMSVbImMdQS.jpg');

INSERT INTO movies (id, title, release_year, duration_minutes, country, language, synopsis, poster_image_url, backdrop_image_url) VALUES (244786, 'Whiplash', 2014, 107, 'United States of America', 'English', 'Under the direction of a ruthless instructor, a talented young drummer begins to pursue perfection at any cost, even his humanity.', 'https://image.tmdb.org/t/p/w500/7fn624j5lj3xTme2SgiLCeuedmO.jpg', 'https://image.tmdb.org/t/p/original/wbQa0EnWUyRzQ5d1pHLNRlmsCUP.jpg') ON CONFLICT (id) DO UPDATE SET title = EXCLUDED.title, release_year = EXCLUDED.release_year, duration_minutes = EXCLUDED.duration_minutes, country = EXCLUDED.country, language = EXCLUDED.language, synopsis = EXCLUDED.synopsis, poster_image_url = EXCLUDED.poster_image_url, backdrop_image_url = EXCLUDED.backdrop_image_url;
INSERT INTO movie_directors (movie_id, director) VALUES (244786, 'Damien Chazelle');
INSERT INTO movie_cast_members (movie_id, cast_member) VALUES (244786, 'Miles Teller');
INSERT INTO movie_cast_members (movie_id, cast_member) VALUES (244786, 'J.K. Simmons');
INSERT INTO movie_cast_members (movie_id, cast_member) VALUES (244786, 'Paul Reiser');
INSERT INTO movie_cast_members (movie_id, cast_member) VALUES (244786, 'Melissa Benoist');
INSERT INTO movie_cast_members (movie_id, cast_member) VALUES (244786, 'Austin Stowell');
INSERT INTO movie_genres (movie_id, genre) VALUES (244786, 'Drama');
INSERT INTO movie_genres (movie_id, genre) VALUES (244786, 'Music');
INSERT INTO movie_genres (movie_id, genre) VALUES (244786, 'Thriller');
INSERT INTO movie_image_urls (movie_id, image_url) VALUES (244786, 'https://image.tmdb.org/t/p/original/1kuYEvLkX2nTkbfzN6X0w0xQFQU.jpg');
INSERT INTO movie_image_urls (movie_id, image_url) VALUES (244786, 'https://image.tmdb.org/t/p/original/fRGxZuo7jJUWQsVg9PREb98Aclp.jpg');
INSERT INTO movie_image_urls (movie_id, image_url) VALUES (244786, 'https://image.tmdb.org/t/p/original/bF8eIIIJJoMZf2mFibAejqEGQcX.jpg');
INSERT INTO movie_image_urls (movie_id, image_url) VALUES (244786, 'https://image.tmdb.org/t/p/original/lHTxDYso04WyDo5x4Vzxgi9EHJN.jpg');

INSERT INTO movies (id, title, release_year, duration_minutes, country, language, synopsis, poster_image_url, backdrop_image_url) VALUES (770156, 'Lucy Shimmers and the Prince of Peace', 2020, 87, 'United States of America', 'English', 'Second chances start when a hardened criminal crosses paths with a precocious little girl who is helped by an angel to change hearts during the holiday season.', 'https://image.tmdb.org/t/p/w500/yfnJ5qIYx7q33fY4jqv9Pu95RSg.jpg', 'https://image.tmdb.org/t/p/original/7jS69IM8bK7ooOWGFmM9G6JcenO.jpg') ON CONFLICT (id) DO UPDATE SET title = EXCLUDED.title, release_year = EXCLUDED.release_year, duration_minutes = EXCLUDED.duration_minutes, country = EXCLUDED.country, language = EXCLUDED.language, synopsis = EXCLUDED.synopsis, poster_image_url = EXCLUDED.poster_image_url, backdrop_image_url = EXCLUDED.backdrop_image_url;
INSERT INTO movie_directors (movie_id, director) VALUES (770156, 'Rob Diamond');
INSERT INTO movie_cast_members (movie_id, cast_member) VALUES (770156, 'Scarlett Diamond');
INSERT INTO movie_cast_members (movie_id, cast_member) VALUES (770156, 'Vincent Vargas');
INSERT INTO movie_cast_members (movie_id, cast_member) VALUES (770156, 'Adam Hightower');
INSERT INTO movie_cast_members (movie_id, cast_member) VALUES (770156, 'Shawn Stevens');
INSERT INTO movie_cast_members (movie_id, cast_member) VALUES (770156, 'Florencia Contreras Stevens');
INSERT INTO movie_genres (movie_id, genre) VALUES (770156, 'Drama');
INSERT INTO movie_genres (movie_id, genre) VALUES (770156, 'Family');
INSERT INTO movie_image_urls (movie_id, image_url) VALUES (770156, 'https://image.tmdb.org/t/p/original/7KR1nKGaYqPuFBnqP7XBIX0DZlR.jpg');
INSERT INTO movie_image_urls (movie_id, image_url) VALUES (770156, 'https://image.tmdb.org/t/p/original/mzvWcgXh0i7ronYBOXrsvUvVuet.jpg');
INSERT INTO movie_image_urls (movie_id, image_url) VALUES (770156, 'https://image.tmdb.org/t/p/original/hbIiM99onjYeSHJLAwi1M3JJM22.jpg');
INSERT INTO movie_image_urls (movie_id, image_url) VALUES (770156, 'https://image.tmdb.org/t/p/original/61Fh76yWZ2Mkg2SeFDBy7Fmc8tg.jpg');

INSERT INTO movies (id, title, release_year, duration_minutes, country, language, synopsis, poster_image_url, backdrop_image_url) VALUES (27205, 'Inception', 2010, 148, 'United Kingdom', 'English', 'Cobb, a skilled thief who commits corporate espionage by infiltrating the subconscious of his targets is offered a chance to regain his old life as payment for a task considered to be impossible: "inception", the implantation of another person''s idea into a target''s subconscious.', 'https://image.tmdb.org/t/p/w500/xlaY2zyzMfkhk0HSC5VUwzoZPU1.jpg', 'https://image.tmdb.org/t/p/original/8ZTVqvKDQ8emSGUEMjsS4yHAwrp.jpg') ON CONFLICT (id) DO UPDATE SET title = EXCLUDED.title, release_year = EXCLUDED.release_year, duration_minutes = EXCLUDED.duration_minutes, country = EXCLUDED.country, language = EXCLUDED.language, synopsis = EXCLUDED.synopsis, poster_image_url = EXCLUDED.poster_image_url, backdrop_image_url = EXCLUDED.backdrop_image_url;
INSERT INTO movie_directors (movie_id, director) VALUES (27205, 'Christopher Nolan');
INSERT INTO movie_cast_members (movie_id, cast_member) VALUES (27205, 'Leonardo DiCaprio');
INSERT INTO movie_cast_members (movie_id, cast_member) VALUES (27205, 'Joseph Gordon-Levitt');
INSERT INTO movie_cast_members (movie_id, cast_member) VALUES (27205, 'Ken Watanabe');
INSERT INTO movie_cast_members (movie_id, cast_member) VALUES (27205, 'Tom Hardy');
INSERT INTO movie_cast_members (movie_id, cast_member) VALUES (27205, 'Elliot Page');
INSERT INTO movie_genres (movie_id, genre) VALUES (27205, 'Action');
INSERT INTO movie_genres (movie_id, genre) VALUES (27205, 'Science Fiction');
INSERT INTO movie_genres (movie_id, genre) VALUES (27205, 'Adventure');
INSERT INTO movie_image_urls (movie_id, image_url) VALUES (27205, 'https://image.tmdb.org/t/p/original/ii8QGacT3MXESqBckQlyrATY0lT.jpg');
INSERT INTO movie_image_urls (movie_id, image_url) VALUES (27205, 'https://image.tmdb.org/t/p/original/s3TBrRGB1iav7gFOCNx3H31MoES.jpg');
INSERT INTO movie_image_urls (movie_id, image_url) VALUES (27205, 'https://image.tmdb.org/t/p/original/gqby0RhyehP3uRrzmdyUZ0CgPPe.jpg');
INSERT INTO movie_image_urls (movie_id, image_url) VALUES (27205, 'https://image.tmdb.org/t/p/original/28kKbSUvUz6P5RE1AuMJMO7IMfK.jpg');

INSERT INTO movies (id, title, release_year, duration_minutes, country, language, synopsis, poster_image_url, backdrop_image_url) VALUES (724089, 'Gabriel''s Inferno: Part II', 2020, 106, NULL, 'English', 'Professor Gabriel Emerson finally learns the truth about Julia Mitchell''s identity, but his realization comes a moment too late. Julia is done waiting for the well-respected Dante specialist to remember her and wants nothing more to do with him. Can Gabriel win back her heart before she finds love in another''s arms?', 'https://image.tmdb.org/t/p/w500/x5o8cLZfEXMoZczTYWLrUo1P7UJ.jpg', 'https://image.tmdb.org/t/p/original/jtAI6OJIWLWiRItNSZoWjrsUtmi.jpg') ON CONFLICT (id) DO UPDATE SET title = EXCLUDED.title, release_year = EXCLUDED.release_year, duration_minutes = EXCLUDED.duration_minutes, country = EXCLUDED.country, language = EXCLUDED.language, synopsis = EXCLUDED.synopsis, poster_image_url = EXCLUDED.poster_image_url, backdrop_image_url = EXCLUDED.backdrop_image_url;
INSERT INTO movie_directors (movie_id, director) VALUES (724089, 'Tosca Musk');
INSERT INTO movie_cast_members (movie_id, cast_member) VALUES (724089, 'Melanie Zanetti');
INSERT INTO movie_cast_members (movie_id, cast_member) VALUES (724089, 'Giulio Berruti');
INSERT INTO movie_cast_members (movie_id, cast_member) VALUES (724089, 'James Andrew Fraser');
INSERT INTO movie_cast_members (movie_id, cast_member) VALUES (724089, 'Margaux Brooke');
INSERT INTO movie_cast_members (movie_id, cast_member) VALUES (724089, 'Agnes Albright');
INSERT INTO movie_genres (movie_id, genre) VALUES (724089, 'Romance');
INSERT INTO movie_genres (movie_id, genre) VALUES (724089, 'Drama');
INSERT INTO movie_image_urls (movie_id, image_url) VALUES (724089, 'https://image.tmdb.org/t/p/original/h0qh7VBTXb8DMLzqyB0Z6E8UKNq.jpg');
INSERT INTO movie_image_urls (movie_id, image_url) VALUES (724089, 'https://image.tmdb.org/t/p/original/fwZss2RwO6pSVXd9DyAs2U7BynF.jpg');
INSERT INTO movie_image_urls (movie_id, image_url) VALUES (724089, 'https://image.tmdb.org/t/p/original/3mdMOZx2tfeikbQZeLt8uYwwv1G.jpg');

INSERT INTO movies (id, title, release_year, duration_minutes, country, language, synopsis, poster_image_url, backdrop_image_url) VALUES (761053, 'Gabriel''s Inferno: Part III', 2020, 102, 'United States of America', 'English', 'The final part of the film adaption of the erotic romance novel Gabriel''s Inferno written by an anonymous Canadian author under the pen name Sylvain Reynard.', 'https://image.tmdb.org/t/p/w500/fYtHxTxlhzD4QWfEbrC1rypysSD.jpg', 'https://image.tmdb.org/t/p/original/cY9X3gHcu4zK9vAy3s77xyorm0d.jpg') ON CONFLICT (id) DO UPDATE SET title = EXCLUDED.title, release_year = EXCLUDED.release_year, duration_minutes = EXCLUDED.duration_minutes, country = EXCLUDED.country, language = EXCLUDED.language, synopsis = EXCLUDED.synopsis, poster_image_url = EXCLUDED.poster_image_url, backdrop_image_url = EXCLUDED.backdrop_image_url;
INSERT INTO movie_directors (movie_id, director) VALUES (761053, 'Tosca Musk');
INSERT INTO movie_cast_members (movie_id, cast_member) VALUES (761053, 'Melanie Zanetti');
INSERT INTO movie_cast_members (movie_id, cast_member) VALUES (761053, 'Giulio Berruti');
INSERT INTO movie_cast_members (movie_id, cast_member) VALUES (761053, 'Rhett Wellington Ramirez');
INSERT INTO movie_cast_members (movie_id, cast_member) VALUES (761053, 'James Andrew Fraser');
INSERT INTO movie_cast_members (movie_id, cast_member) VALUES (761053, 'Margaux Brooke');
INSERT INTO movie_genres (movie_id, genre) VALUES (761053, 'Romance');
INSERT INTO movie_genres (movie_id, genre) VALUES (761053, 'Drama');

INSERT INTO movies (id, title, release_year, duration_minutes, country, language, synopsis, poster_image_url, backdrop_image_url) VALUES (12493, 'High and Low', 1963, 142, 'Japan', 'Japanese', 'A Yokohama shoe executive faces a wrenching choice when kidnappers mistakenly seize his chauffeur’s son but demand the ransom anyway.', 'https://image.tmdb.org/t/p/w500/tgNjemQPG96uIezpiUiXFcer5ga.jpg', 'https://image.tmdb.org/t/p/original/A62quSOB8otoZvGiLvMVZ9G4BiO.jpg') ON CONFLICT (id) DO UPDATE SET title = EXCLUDED.title, release_year = EXCLUDED.release_year, duration_minutes = EXCLUDED.duration_minutes, country = EXCLUDED.country, language = EXCLUDED.language, synopsis = EXCLUDED.synopsis, poster_image_url = EXCLUDED.poster_image_url, backdrop_image_url = EXCLUDED.backdrop_image_url;
INSERT INTO movie_directors (movie_id, director) VALUES (12493, 'Akira Kurosawa');
INSERT INTO movie_cast_members (movie_id, cast_member) VALUES (12493, 'Toshirō Mifune');
INSERT INTO movie_cast_members (movie_id, cast_member) VALUES (12493, 'Tatsuya Nakadai');
INSERT INTO movie_cast_members (movie_id, cast_member) VALUES (12493, 'Kyōko Kagawa');
INSERT INTO movie_cast_members (movie_id, cast_member) VALUES (12493, 'Tatsuya Mihashi');
INSERT INTO movie_cast_members (movie_id, cast_member) VALUES (12493, 'Isao Kimura');
INSERT INTO movie_genres (movie_id, genre) VALUES (12493, 'Drama');
INSERT INTO movie_genres (movie_id, genre) VALUES (12493, 'Crime');
INSERT INTO movie_genres (movie_id, genre) VALUES (12493, 'Thriller');
INSERT INTO movie_image_urls (movie_id, image_url) VALUES (12493, 'https://image.tmdb.org/t/p/original/61ADMkTwlAsD6PVbVOgnJJ19kYr.jpg');
INSERT INTO movie_image_urls (movie_id, image_url) VALUES (12493, 'https://image.tmdb.org/t/p/original/2nXhcIi3zzBB71hRcG8rTkWlixf.jpg');
INSERT INTO movie_image_urls (movie_id, image_url) VALUES (12493, 'https://image.tmdb.org/t/p/original/adkWjKeklbfVIw9y2KKPSCwZl9N.jpg');
INSERT INTO movie_image_urls (movie_id, image_url) VALUES (12493, 'https://image.tmdb.org/t/p/original/gSCT6oP2Sbm71naW28Lh7afcMgY.jpg');

INSERT INTO movies (id, title, release_year, duration_minutes, country, language, synopsis, poster_image_url, backdrop_image_url) VALUES (274, 'The Silence of the Lambs', 1991, 119, 'United States of America', 'English', 'Clarice Starling is a top student at the FBI''s training academy. Jack Crawford wants Clarice to interview Dr. Hannibal Lecter, a brilliant psychiatrist who is also a violent psychopath, serving life behind bars for various acts of murder and cannibalism. Crawford believes that Lecter may have insight into a case and that Starling, as an attractive young woman, may be just the bait to draw him out.', 'https://image.tmdb.org/t/p/w500/uS9m8OBk1A8eM9I042bx8XXpqAq.jpg', 'https://image.tmdb.org/t/p/original/aYcnDyLMnpKce1FOYUpZrXtgUye.jpg') ON CONFLICT (id) DO UPDATE SET title = EXCLUDED.title, release_year = EXCLUDED.release_year, duration_minutes = EXCLUDED.duration_minutes, country = EXCLUDED.country, language = EXCLUDED.language, synopsis = EXCLUDED.synopsis, poster_image_url = EXCLUDED.poster_image_url, backdrop_image_url = EXCLUDED.backdrop_image_url;
INSERT INTO movie_directors (movie_id, director) VALUES (274, 'Jonathan Demme');
INSERT INTO movie_cast_members (movie_id, cast_member) VALUES (274, 'Jodie Foster');
INSERT INTO movie_cast_members (movie_id, cast_member) VALUES (274, 'Anthony Hopkins');
INSERT INTO movie_cast_members (movie_id, cast_member) VALUES (274, 'Scott Glenn');
INSERT INTO movie_cast_members (movie_id, cast_member) VALUES (274, 'Ted Levine');
INSERT INTO movie_cast_members (movie_id, cast_member) VALUES (274, 'Anthony Heald');
INSERT INTO movie_genres (movie_id, genre) VALUES (274, 'Crime');
INSERT INTO movie_genres (movie_id, genre) VALUES (274, 'Thriller');
INSERT INTO movie_genres (movie_id, genre) VALUES (274, 'Drama');
INSERT INTO movie_image_urls (movie_id, image_url) VALUES (274, 'https://image.tmdb.org/t/p/original/lDJx0ZKbfYbGoe8mwWmVKSQr0ub.jpg');
INSERT INTO movie_image_urls (movie_id, image_url) VALUES (274, 'https://image.tmdb.org/t/p/original/5EqT0WyG7yYs8v7GdoS4R9P75Gz.jpg');
INSERT INTO movie_image_urls (movie_id, image_url) VALUES (274, 'https://image.tmdb.org/t/p/original/pI9B4wppGflpsOD2T6rxgC5Clmz.jpg');
INSERT INTO movie_image_urls (movie_id, image_url) VALUES (274, 'https://image.tmdb.org/t/p/original/dO3q2FUDSi5qwi9eKMF2FWm5lSQ.jpg');

INSERT INTO movies (id, title, release_year, duration_minutes, country, language, synopsis, poster_image_url, backdrop_image_url) VALUES (567, 'Rear Window', 1954, 112, 'United States of America', 'English', 'A wheelchair-bound photographer spies on his neighbors from his apartment window and becomes convinced one of them has committed murder.', 'https://image.tmdb.org/t/p/w500/ILVF0eJxHMddjxeQhswFtpMtqx.jpg', 'https://image.tmdb.org/t/p/original/zGs5tZOlvc9cprdcU6kDOVNpujf.jpg') ON CONFLICT (id) DO UPDATE SET title = EXCLUDED.title, release_year = EXCLUDED.release_year, duration_minutes = EXCLUDED.duration_minutes, country = EXCLUDED.country, language = EXCLUDED.language, synopsis = EXCLUDED.synopsis, poster_image_url = EXCLUDED.poster_image_url, backdrop_image_url = EXCLUDED.backdrop_image_url;
INSERT INTO movie_directors (movie_id, director) VALUES (567, 'Alfred Hitchcock');
INSERT INTO movie_cast_members (movie_id, cast_member) VALUES (567, 'James Stewart');
INSERT INTO movie_cast_members (movie_id, cast_member) VALUES (567, 'Grace Kelly');
INSERT INTO movie_cast_members (movie_id, cast_member) VALUES (567, 'Wendell Corey');
INSERT INTO movie_cast_members (movie_id, cast_member) VALUES (567, 'Thelma Ritter');
INSERT INTO movie_cast_members (movie_id, cast_member) VALUES (567, 'Raymond Burr');
INSERT INTO movie_genres (movie_id, genre) VALUES (567, 'Thriller');
INSERT INTO movie_genres (movie_id, genre) VALUES (567, 'Mystery');
INSERT INTO movie_image_urls (movie_id, image_url) VALUES (567, 'https://image.tmdb.org/t/p/original/zZvtZZXRnZ4Tdcs0QEWaZZcIWy8.jpg');
INSERT INTO movie_image_urls (movie_id, image_url) VALUES (567, 'https://image.tmdb.org/t/p/original/qt01wUC460FCWfogDqe3UO00T3g.jpg');
INSERT INTO movie_image_urls (movie_id, image_url) VALUES (567, 'https://image.tmdb.org/t/p/original/v3B24MubkiqRtap07XQxtxvUPBQ.jpg');
INSERT INTO movie_image_urls (movie_id, image_url) VALUES (567, 'https://image.tmdb.org/t/p/original/9BndDSB3hWDWhQGQdXXhxFkRFaB.jpg');

INSERT INTO movies (id, title, release_year, duration_minutes, country, language, synopsis, poster_image_url, backdrop_image_url) VALUES (569094, 'Spider-Man: Across the Spider-Verse', 2023, 140, 'United States of America', 'English', 'After reuniting with Gwen Stacy, Brooklyn’s full-time, friendly neighborhood Spider-Man is catapulted across the Multiverse, where he encounters the Spider Society, a team of Spider-People charged with protecting the Multiverse''s very existence. But when the heroes clash on how to handle a new threat, Miles finds himself pitted against the other Spiders and must set out on his own to save those he loves most.', 'https://image.tmdb.org/t/p/w500/8Vt6mWEReuy4Of61Lnj5Xj704m8.jpg', 'https://image.tmdb.org/t/p/original/9xfDWXAUbFXQK585JvByT5pEAhe.jpg') ON CONFLICT (id) DO UPDATE SET title = EXCLUDED.title, release_year = EXCLUDED.release_year, duration_minutes = EXCLUDED.duration_minutes, country = EXCLUDED.country, language = EXCLUDED.language, synopsis = EXCLUDED.synopsis, poster_image_url = EXCLUDED.poster_image_url, backdrop_image_url = EXCLUDED.backdrop_image_url;
INSERT INTO movie_directors (movie_id, director) VALUES (569094, 'Justin K. Thompson');
INSERT INTO movie_directors (movie_id, director) VALUES (569094, 'Kemp Powers');
INSERT INTO movie_directors (movie_id, director) VALUES (569094, 'Joaquim Dos Santos');
INSERT INTO movie_cast_members (movie_id, cast_member) VALUES (569094, 'Shameik Moore');
INSERT INTO movie_cast_members (movie_id, cast_member) VALUES (569094, 'Hailee Steinfeld');
INSERT INTO movie_cast_members (movie_id, cast_member) VALUES (569094, 'Brian Tyree Henry');
INSERT INTO movie_cast_members (movie_id, cast_member) VALUES (569094, 'Luna Lauren Vélez');
INSERT INTO movie_cast_members (movie_id, cast_member) VALUES (569094, 'Jake Johnson');
INSERT INTO movie_genres (movie_id, genre) VALUES (569094, 'Animation');
INSERT INTO movie_genres (movie_id, genre) VALUES (569094, 'Action');
INSERT INTO movie_genres (movie_id, genre) VALUES (569094, 'Adventure');
INSERT INTO movie_genres (movie_id, genre) VALUES (569094, 'Science Fiction');
INSERT INTO movie_image_urls (movie_id, image_url) VALUES (569094, 'https://image.tmdb.org/t/p/original/kVd3a9YeLGkoeR50jGEXM6EqseS.jpg');
INSERT INTO movie_image_urls (movie_id, image_url) VALUES (569094, 'https://image.tmdb.org/t/p/original/nGxUxi3PfXDRm7Vg95VBNgNM8yc.jpg');
INSERT INTO movie_image_urls (movie_id, image_url) VALUES (569094, 'https://image.tmdb.org/t/p/original/jbthbh0KzaUWFPYvkfmXAamjI8j.jpg');
INSERT INTO movie_image_urls (movie_id, image_url) VALUES (569094, 'https://image.tmdb.org/t/p/original/4HodYYKEIsGOdinkGi2Ucz6X9i0.jpg');

INSERT INTO movies (id, title, release_year, duration_minutes, country, language, synopsis, poster_image_url, backdrop_image_url) VALUES (73, 'American History X', 1998, 119, 'United States of America', 'English', 'Derek Vineyard is paroled after serving 3 years in prison for killing two African-American men. Through his brother, Danny Vineyard''s narration, we learn that before going to prison, Derek was a skinhead and the leader of a violent white supremacist gang that committed acts of racial crime throughout L.A. and his actions greatly influenced Danny. Reformed and fresh out of prison, Derek severs contact with the gang and becomes determined to keep Danny from going down the same violent path as he did.', 'https://image.tmdb.org/t/p/w500/x2drgoXYZ8484lqyDj7L1CEVR4T.jpg', 'https://image.tmdb.org/t/p/original/6qHI1IYj7QlLSCwHRzkL62X175s.jpg') ON CONFLICT (id) DO UPDATE SET title = EXCLUDED.title, release_year = EXCLUDED.release_year, duration_minutes = EXCLUDED.duration_minutes, country = EXCLUDED.country, language = EXCLUDED.language, synopsis = EXCLUDED.synopsis, poster_image_url = EXCLUDED.poster_image_url, backdrop_image_url = EXCLUDED.backdrop_image_url;
INSERT INTO movie_directors (movie_id, director) VALUES (73, 'Tony Kaye');
INSERT INTO movie_cast_members (movie_id, cast_member) VALUES (73, 'Edward Norton');
INSERT INTO movie_cast_members (movie_id, cast_member) VALUES (73, 'Edward Furlong');
INSERT INTO movie_cast_members (movie_id, cast_member) VALUES (73, 'Beverly D''Angelo');
INSERT INTO movie_cast_members (movie_id, cast_member) VALUES (73, 'Jennifer Lien');
INSERT INTO movie_cast_members (movie_id, cast_member) VALUES (73, 'Ethan Suplee');
INSERT INTO movie_genres (movie_id, genre) VALUES (73, 'Drama');
INSERT INTO movie_image_urls (movie_id, image_url) VALUES (73, 'https://image.tmdb.org/t/p/original/9LSsSPbP715XT9B7acIZzantPyX.jpg');
INSERT INTO movie_image_urls (movie_id, image_url) VALUES (73, 'https://image.tmdb.org/t/p/original/o4Thn9ooTZAZOYrlbWgVB20weSf.jpg');
INSERT INTO movie_image_urls (movie_id, image_url) VALUES (73, 'https://image.tmdb.org/t/p/original/jdGo3zbNSGFX9poWnp5Mv33q9mU.jpg');
INSERT INTO movie_image_urls (movie_id, image_url) VALUES (73, 'https://image.tmdb.org/t/p/original/sy0frYiEBZxKPTLzKaFPUgb7GRC.jpg');

INSERT INTO movies (id, title, release_year, duration_minutes, country, language, synopsis, poster_image_url, backdrop_image_url) VALUES (1218925, 'Chainsaw Man - The Movie: Reze Arc', 2025, 99, 'Japan', 'Japanese', 'In a brutal war between devils, hunters, and secret enemies, a mysterious girl named Reze has stepped into Denji''s world, and he faces his deadliest battle yet, fueled by love in a world where survival knows no rules.', 'https://image.tmdb.org/t/p/w500/pHyxb2RV5wLlboAwm9ZJ9qTVEDw.jpg', 'https://image.tmdb.org/t/p/original/kfXgo2rMF1A19celCwLyQ4Xwpf8.jpg') ON CONFLICT (id) DO UPDATE SET title = EXCLUDED.title, release_year = EXCLUDED.release_year, duration_minutes = EXCLUDED.duration_minutes, country = EXCLUDED.country, language = EXCLUDED.language, synopsis = EXCLUDED.synopsis, poster_image_url = EXCLUDED.poster_image_url, backdrop_image_url = EXCLUDED.backdrop_image_url;
INSERT INTO movie_directors (movie_id, director) VALUES (1218925, 'Tatsuya Yoshihara');
INSERT INTO movie_cast_members (movie_id, cast_member) VALUES (1218925, 'Kikunosuke Toya');
INSERT INTO movie_cast_members (movie_id, cast_member) VALUES (1218925, 'Reina Ueda');
INSERT INTO movie_cast_members (movie_id, cast_member) VALUES (1218925, 'Tomori Kusunoki');
INSERT INTO movie_cast_members (movie_id, cast_member) VALUES (1218925, 'Shogo Sakata');
INSERT INTO movie_cast_members (movie_id, cast_member) VALUES (1218925, 'Maaya Uchida');
INSERT INTO movie_genres (movie_id, genre) VALUES (1218925, 'Animation');
INSERT INTO movie_genres (movie_id, genre) VALUES (1218925, 'Action');
INSERT INTO movie_genres (movie_id, genre) VALUES (1218925, 'Romance');
INSERT INTO movie_genres (movie_id, genre) VALUES (1218925, 'Fantasy');
INSERT INTO movie_image_urls (movie_id, image_url) VALUES (1218925, 'https://image.tmdb.org/t/p/original/rI4waA7VlRAynrYUUpiPScsdPm8.jpg');
INSERT INTO movie_image_urls (movie_id, image_url) VALUES (1218925, 'https://image.tmdb.org/t/p/original/7BnTZKp5lVdaA7dlCG6y8TAiL7f.jpg');
INSERT INTO movie_image_urls (movie_id, image_url) VALUES (1218925, 'https://image.tmdb.org/t/p/original/mplZTqxwomZrEV5XRMUgAALwLzU.jpg');
INSERT INTO movie_image_urls (movie_id, image_url) VALUES (1218925, 'https://image.tmdb.org/t/p/original/36B8DfGZcp2Pwsdbnzqpk4w7pbc.jpg');

INSERT INTO movies (id, title, release_year, duration_minutes, country, language, synopsis, poster_image_url, backdrop_image_url) VALUES (128, 'Princess Mononoke', 1997, 134, 'Japan', 'Japanese', 'Ashitaka, a prince of the disappearing Emishi people, is cursed by a demonized boar god and must journey to the west to find a cure. Along the way, he encounters San, a young human woman fighting to protect the forest, and Lady Eboshi, who is trying to destroy it. Ashitaka must find a way to bring balance to this conflict.', 'https://image.tmdb.org/t/p/w500/cMYCDADoLKLbB83g4WnJegaZimC.jpg', 'https://image.tmdb.org/t/p/original/gl0jzn4BupSbL2qMVeqrjKkF9Js.jpg') ON CONFLICT (id) DO UPDATE SET title = EXCLUDED.title, release_year = EXCLUDED.release_year, duration_minutes = EXCLUDED.duration_minutes, country = EXCLUDED.country, language = EXCLUDED.language, synopsis = EXCLUDED.synopsis, poster_image_url = EXCLUDED.poster_image_url, backdrop_image_url = EXCLUDED.backdrop_image_url;
INSERT INTO movie_directors (movie_id, director) VALUES (128, 'Hayao Miyazaki');
INSERT INTO movie_cast_members (movie_id, cast_member) VALUES (128, 'Yoji Matsuda');
INSERT INTO movie_cast_members (movie_id, cast_member) VALUES (128, 'Yuriko Ishida');
INSERT INTO movie_cast_members (movie_id, cast_member) VALUES (128, 'Yuko Tanaka');
INSERT INTO movie_cast_members (movie_id, cast_member) VALUES (128, 'Kaoru Kobayashi');
INSERT INTO movie_cast_members (movie_id, cast_member) VALUES (128, 'Masahiko Nishimura');
INSERT INTO movie_genres (movie_id, genre) VALUES (128, 'Adventure');
INSERT INTO movie_genres (movie_id, genre) VALUES (128, 'Fantasy');
INSERT INTO movie_genres (movie_id, genre) VALUES (128, 'Animation');
INSERT INTO movie_image_urls (movie_id, image_url) VALUES (128, 'https://image.tmdb.org/t/p/original/sXV0NVLtyEsOdaEXnMcRGwUhIi0.jpg');
INSERT INTO movie_image_urls (movie_id, image_url) VALUES (128, 'https://image.tmdb.org/t/p/original/mpNd0rTVrp6vHJ9Je7wSa3zC8JS.jpg');
INSERT INTO movie_image_urls (movie_id, image_url) VALUES (128, 'https://image.tmdb.org/t/p/original/rvH6a5B4thdjTldmf81DKds2e9u.jpg');
INSERT INTO movie_image_urls (movie_id, image_url) VALUES (128, 'https://image.tmdb.org/t/p/original/zmOiaTwOJOoXv1CnWCMPyZue1OF.jpg');

INSERT INTO movies (id, title, release_year, duration_minutes, country, language, synopsis, poster_image_url, backdrop_image_url) VALUES (105, 'Back to the Future', 1985, 116, 'United States of America', 'English', 'Eighties teenager Marty McFly is accidentally sent back in time to 1955, inadvertently disrupting his parents'' first meeting and attracting his mother''s romantic interest. Marty must repair the damage to history by rekindling his parents'' romance and - with the help of his eccentric inventor friend Doc Brown - return to 1985.', 'https://image.tmdb.org/t/p/w500/vN5B5WgYscRGcQpVhHl6p9DDTP0.jpg', 'https://image.tmdb.org/t/p/original/5bzPWQ2dFUl2aZKkp7ILJVVkRed.jpg') ON CONFLICT (id) DO UPDATE SET title = EXCLUDED.title, release_year = EXCLUDED.release_year, duration_minutes = EXCLUDED.duration_minutes, country = EXCLUDED.country, language = EXCLUDED.language, synopsis = EXCLUDED.synopsis, poster_image_url = EXCLUDED.poster_image_url, backdrop_image_url = EXCLUDED.backdrop_image_url;
INSERT INTO movie_directors (movie_id, director) VALUES (105, 'Robert Zemeckis');
INSERT INTO movie_cast_members (movie_id, cast_member) VALUES (105, 'Michael J. Fox');
INSERT INTO movie_cast_members (movie_id, cast_member) VALUES (105, 'Christopher Lloyd');
INSERT INTO movie_cast_members (movie_id, cast_member) VALUES (105, 'Crispin Glover');
INSERT INTO movie_cast_members (movie_id, cast_member) VALUES (105, 'Lea Thompson');
INSERT INTO movie_cast_members (movie_id, cast_member) VALUES (105, 'Claudia Wells');
INSERT INTO movie_genres (movie_id, genre) VALUES (105, 'Adventure');
INSERT INTO movie_genres (movie_id, genre) VALUES (105, 'Comedy');
INSERT INTO movie_genres (movie_id, genre) VALUES (105, 'Science Fiction');
INSERT INTO movie_image_urls (movie_id, image_url) VALUES (105, 'https://image.tmdb.org/t/p/original/pZCLGHynFPOv8dve6u9waxknLth.jpg');
INSERT INTO movie_image_urls (movie_id, image_url) VALUES (105, 'https://image.tmdb.org/t/p/original/qskzmLTbarKnXDbo2HRj4NJ3vcW.jpg');
INSERT INTO movie_image_urls (movie_id, image_url) VALUES (105, 'https://image.tmdb.org/t/p/original/hxSB02ksqnkXY4hPGAXqgO2fL01.jpg');
INSERT INTO movie_image_urls (movie_id, image_url) VALUES (105, 'https://image.tmdb.org/t/p/original/yz8QL8WFD8yj0LA5zIlNOgcHvZK.jpg');

INSERT INTO movies (id, title, release_year, duration_minutes, country, language, synopsis, poster_image_url, backdrop_image_url) VALUES (1058694, 'Radical', 2023, 125, 'Mexico', 'Spanish', 'In a Mexican border town plagued by neglect, corruption, and violence, a frustrated teacher tries an unorthodox new method to break through his students’ apathy and unlock their curiosity, their potential... and perhaps even their genius.', 'https://image.tmdb.org/t/p/w500/lOAJYpX608aT0ApIv63ZTnol27Y.jpg', 'https://image.tmdb.org/t/p/original/gutU32BiBxJvJdzLv5RWC9hQhNh.jpg') ON CONFLICT (id) DO UPDATE SET title = EXCLUDED.title, release_year = EXCLUDED.release_year, duration_minutes = EXCLUDED.duration_minutes, country = EXCLUDED.country, language = EXCLUDED.language, synopsis = EXCLUDED.synopsis, poster_image_url = EXCLUDED.poster_image_url, backdrop_image_url = EXCLUDED.backdrop_image_url;
INSERT INTO movie_directors (movie_id, director) VALUES (1058694, 'Christopher Zalla');
INSERT INTO movie_cast_members (movie_id, cast_member) VALUES (1058694, 'Eugenio Derbez');
INSERT INTO movie_cast_members (movie_id, cast_member) VALUES (1058694, 'Daniel Haddad');
INSERT INTO movie_cast_members (movie_id, cast_member) VALUES (1058694, 'Jennifer Trejo');
INSERT INTO movie_cast_members (movie_id, cast_member) VALUES (1058694, 'Mia Fernanda Solis');
INSERT INTO movie_cast_members (movie_id, cast_member) VALUES (1058694, 'Danilo Guardiola Escobar');
INSERT INTO movie_genres (movie_id, genre) VALUES (1058694, 'Drama');
INSERT INTO movie_image_urls (movie_id, image_url) VALUES (1058694, 'https://image.tmdb.org/t/p/original/iar2PK8ht2ghc3vX0tjw2rYKAMr.jpg');
INSERT INTO movie_image_urls (movie_id, image_url) VALUES (1058694, 'https://image.tmdb.org/t/p/original/v4nTyU8HRsr70fjFChcxEXcyEOB.jpg');
INSERT INTO movie_image_urls (movie_id, image_url) VALUES (1058694, 'https://image.tmdb.org/t/p/original/p9DKeXp6FPJtAQ1k13Z4zPWrCbN.jpg');
INSERT INTO movie_image_urls (movie_id, image_url) VALUES (1058694, 'https://image.tmdb.org/t/p/original/5ocJeIZuHtE6Eqky3D9hoA5DCXE.jpg');

INSERT INTO movies (id, title, release_year, duration_minutes, country, language, synopsis, poster_image_url, backdrop_image_url) VALUES (820067, 'The Quintessential Quintuplets Movie', 2022, 136, 'Japan', 'Japanese', 'When five lovely young girls who hate studying hire part-time tutor Futaro, he guides not only their education but also their hearts. Time spent has brought them all closer, with feelings growing within the girls and Futaro. As they finish their third year of high school and their last school festival approaches, they set their sights on what’s next. Is there a future with one of them and Futaro?', 'https://image.tmdb.org/t/p/w500/sg7klpt1xwK1IJirBI9EHaqQwJ5.jpg', 'https://image.tmdb.org/t/p/original/gcgKSyE2iqwfKWMDZ8TJPxeIu0P.jpg') ON CONFLICT (id) DO UPDATE SET title = EXCLUDED.title, release_year = EXCLUDED.release_year, duration_minutes = EXCLUDED.duration_minutes, country = EXCLUDED.country, language = EXCLUDED.language, synopsis = EXCLUDED.synopsis, poster_image_url = EXCLUDED.poster_image_url, backdrop_image_url = EXCLUDED.backdrop_image_url;
INSERT INTO movie_directors (movie_id, director) VALUES (820067, 'Masato Jimbo');
INSERT INTO movie_cast_members (movie_id, cast_member) VALUES (820067, 'Yoshitsugu Matsuoka');
INSERT INTO movie_cast_members (movie_id, cast_member) VALUES (820067, 'Kana Hanazawa');
INSERT INTO movie_cast_members (movie_id, cast_member) VALUES (820067, 'Ayana Taketatsu');
INSERT INTO movie_cast_members (movie_id, cast_member) VALUES (820067, 'Miku Ito');
INSERT INTO movie_cast_members (movie_id, cast_member) VALUES (820067, 'Ayane Sakura');
INSERT INTO movie_genres (movie_id, genre) VALUES (820067, 'Animation');
INSERT INTO movie_genres (movie_id, genre) VALUES (820067, 'Comedy');
INSERT INTO movie_genres (movie_id, genre) VALUES (820067, 'Romance');
INSERT INTO movie_image_urls (movie_id, image_url) VALUES (820067, 'https://image.tmdb.org/t/p/original/jBIMZ0AlUYuFNsKbd4L6FojWMoy.jpg');
INSERT INTO movie_image_urls (movie_id, image_url) VALUES (820067, 'https://image.tmdb.org/t/p/original/fZlflYI7weoSrqUSqXn2qHQfIKI.jpg');
INSERT INTO movie_image_urls (movie_id, image_url) VALUES (820067, 'https://image.tmdb.org/t/p/original/8sNagbMpbTDAu76Cjd53xMsbDNs.jpg');
INSERT INTO movie_image_urls (movie_id, image_url) VALUES (820067, 'https://image.tmdb.org/t/p/original/2Cu1DUFlXYcXsgYB865WtFFRJoU.jpg');

INSERT INTO movies (id, title, release_year, duration_minutes, country, language, synopsis, poster_image_url, backdrop_image_url) VALUES (3782, 'Ikiru', 1952, 143, 'Japan', 'Japanese', 'Kanji Watanabe is a middle-aged man who has worked in the same monotonous bureaucratic position for decades. Learning he has cancer, he starts to look for the meaning of his life.', 'https://image.tmdb.org/t/p/w500/dgNTS4EQDDVfkzJI5msKuHu2Ei3.jpg', 'https://image.tmdb.org/t/p/original/stiGp1XzkLSYdUUEWTyQOZRkr49.jpg') ON CONFLICT (id) DO UPDATE SET title = EXCLUDED.title, release_year = EXCLUDED.release_year, duration_minutes = EXCLUDED.duration_minutes, country = EXCLUDED.country, language = EXCLUDED.language, synopsis = EXCLUDED.synopsis, poster_image_url = EXCLUDED.poster_image_url, backdrop_image_url = EXCLUDED.backdrop_image_url;
INSERT INTO movie_directors (movie_id, director) VALUES (3782, 'Akira Kurosawa');
INSERT INTO movie_cast_members (movie_id, cast_member) VALUES (3782, 'Takashi Shimura');
INSERT INTO movie_cast_members (movie_id, cast_member) VALUES (3782, 'Haruo Tanaka');
INSERT INTO movie_cast_members (movie_id, cast_member) VALUES (3782, 'Nobuo Kaneko');
INSERT INTO movie_cast_members (movie_id, cast_member) VALUES (3782, 'Bokuzen Hidari');
INSERT INTO movie_cast_members (movie_id, cast_member) VALUES (3782, 'Miki Odagiri');
INSERT INTO movie_genres (movie_id, genre) VALUES (3782, 'Drama');
INSERT INTO movie_image_urls (movie_id, image_url) VALUES (3782, 'https://image.tmdb.org/t/p/original/etBTVOjd8F52ziIPSkgzIfaN5Dm.jpg');
INSERT INTO movie_image_urls (movie_id, image_url) VALUES (3782, 'https://image.tmdb.org/t/p/original/uVrGrexIohuROx7V5ZGR1SH0UBV.jpg');
INSERT INTO movie_image_urls (movie_id, image_url) VALUES (3782, 'https://image.tmdb.org/t/p/original/yn6DvHSEXE8Ao3QaNlELpqeSOqx.jpg');
INSERT INTO movie_image_urls (movie_id, image_url) VALUES (3782, 'https://image.tmdb.org/t/p/original/twnDNZofnemp2Ulg8cioSXS08vH.jpg');

INSERT INTO movies (id, title, release_year, duration_minutes, country, language, synopsis, poster_image_url, backdrop_image_url) VALUES (1184918, 'The Wild Robot', 2024, 102, 'United States of America', 'English', 'After a shipwreck, an intelligent robot called Roz is stranded on an uninhabited island. To survive the harsh environment, Roz bonds with the island''s animals and cares for an orphaned baby goose.', 'https://image.tmdb.org/t/p/w500/eG9lz41mJqsI4J6ubMtVqD26q2J.jpg', 'https://image.tmdb.org/t/p/original/mQZJoIhTEkNhCYAqcHrQqhENLdu.jpg') ON CONFLICT (id) DO UPDATE SET title = EXCLUDED.title, release_year = EXCLUDED.release_year, duration_minutes = EXCLUDED.duration_minutes, country = EXCLUDED.country, language = EXCLUDED.language, synopsis = EXCLUDED.synopsis, poster_image_url = EXCLUDED.poster_image_url, backdrop_image_url = EXCLUDED.backdrop_image_url;
INSERT INTO movie_directors (movie_id, director) VALUES (1184918, 'Chris Sanders');
INSERT INTO movie_cast_members (movie_id, cast_member) VALUES (1184918, 'Lupita Nyong''o');
INSERT INTO movie_cast_members (movie_id, cast_member) VALUES (1184918, 'Pedro Pascal');
INSERT INTO movie_cast_members (movie_id, cast_member) VALUES (1184918, 'Kit Connor');
INSERT INTO movie_cast_members (movie_id, cast_member) VALUES (1184918, 'Bill Nighy');
INSERT INTO movie_cast_members (movie_id, cast_member) VALUES (1184918, 'Stephanie Hsu');
INSERT INTO movie_genres (movie_id, genre) VALUES (1184918, 'Family');
INSERT INTO movie_genres (movie_id, genre) VALUES (1184918, 'Animation');
INSERT INTO movie_genres (movie_id, genre) VALUES (1184918, 'Science Fiction');
INSERT INTO movie_genres (movie_id, genre) VALUES (1184918, 'Adventure');
INSERT INTO movie_image_urls (movie_id, image_url) VALUES (1184918, 'https://image.tmdb.org/t/p/original/1pmXyN3sKeYoUhu5VBZiDU4BX21.jpg');
INSERT INTO movie_image_urls (movie_id, image_url) VALUES (1184918, 'https://image.tmdb.org/t/p/original/62zw627mH74rng9zc4tFfaR54KW.jpg');
INSERT INTO movie_image_urls (movie_id, image_url) VALUES (1184918, 'https://image.tmdb.org/t/p/original/9mJ9dxCGpudxyBtlC0M9Y4pTyXN.jpg');
INSERT INTO movie_image_urls (movie_id, image_url) VALUES (1184918, 'https://image.tmdb.org/t/p/original/eK8HiCLv4zo6iZ0NbjZnmD9LZkd.jpg');

INSERT INTO movies (id, title, release_year, duration_minutes, country, language, synopsis, poster_image_url, backdrop_image_url) VALUES (372754, 'Dou kyu sei – Classmates', 2016, 61, 'Japan', 'Japanese', 'Rihito Sajo, an honor student with a perfect score on the entrance exam and Hikaru Kusakabe, in a band and popular among girls, would have never crossed paths. Until one day they started talking at the practice for their school’s upcoming chorus festival. After school, the two meet regularly, as Hikaru helps Rihito to improve his singing skills. While they listen to each other’s voice and harmonize, their hearts start to beat together.', 'https://image.tmdb.org/t/p/w500/cIfRCA5wEvj9tApca4UDUagQEiM.jpg', 'https://image.tmdb.org/t/p/original/tLmyP7akYmxLwyfTEt2qyj2sOR3.jpg') ON CONFLICT (id) DO UPDATE SET title = EXCLUDED.title, release_year = EXCLUDED.release_year, duration_minutes = EXCLUDED.duration_minutes, country = EXCLUDED.country, language = EXCLUDED.language, synopsis = EXCLUDED.synopsis, poster_image_url = EXCLUDED.poster_image_url, backdrop_image_url = EXCLUDED.backdrop_image_url;
INSERT INTO movie_directors (movie_id, director) VALUES (372754, 'Shoko Nakamura');
INSERT INTO movie_cast_members (movie_id, cast_member) VALUES (372754, 'Kenji Nojima');
INSERT INTO movie_cast_members (movie_id, cast_member) VALUES (372754, 'Hiroshi Kamiya');
INSERT INTO movie_cast_members (movie_id, cast_member) VALUES (372754, 'Hideo Ishikawa');
INSERT INTO movie_cast_members (movie_id, cast_member) VALUES (372754, 'Yurino');
INSERT INTO movie_genres (movie_id, genre) VALUES (372754, 'Romance');
INSERT INTO movie_genres (movie_id, genre) VALUES (372754, 'Animation');
INSERT INTO movie_image_urls (movie_id, image_url) VALUES (372754, 'https://image.tmdb.org/t/p/original/3RMLbSEXOn1CzLoNT7xFeLfdxhq.jpg');
INSERT INTO movie_image_urls (movie_id, image_url) VALUES (372754, 'https://image.tmdb.org/t/p/original/y5O1i2GInV7nQnF3sgcXHif0uaQ.jpg');
INSERT INTO movie_image_urls (movie_id, image_url) VALUES (372754, 'https://image.tmdb.org/t/p/original/hurrBS5nOYBxTOb8OLqA4LDc3ez.jpg');
INSERT INTO movie_image_urls (movie_id, image_url) VALUES (372754, 'https://image.tmdb.org/t/p/original/bBv3oj8Kz1JgF5AWagdODMxrHCR.jpg');

INSERT INTO movies (id, title, release_year, duration_minutes, country, language, synopsis, poster_image_url, backdrop_image_url) VALUES (533514, 'Violet Evergarden: The Movie', 2020, 140, 'Japan', 'Japanese', 'As the world moves on from the war and technological advances bring changes to her life, Violet still hopes to see her lost commanding officer again.', 'https://image.tmdb.org/t/p/w500/bajajkoErDst0JxdFyBkABiF9rW.jpg', 'https://image.tmdb.org/t/p/original/wGwSWDG3LIQxchg2M8HV7bDqYKU.jpg') ON CONFLICT (id) DO UPDATE SET title = EXCLUDED.title, release_year = EXCLUDED.release_year, duration_minutes = EXCLUDED.duration_minutes, country = EXCLUDED.country, language = EXCLUDED.language, synopsis = EXCLUDED.synopsis, poster_image_url = EXCLUDED.poster_image_url, backdrop_image_url = EXCLUDED.backdrop_image_url;
INSERT INTO movie_directors (movie_id, director) VALUES (533514, 'Taichi Ishidate');
INSERT INTO movie_cast_members (movie_id, cast_member) VALUES (533514, 'Yui Ishikawa');
INSERT INTO movie_cast_members (movie_id, cast_member) VALUES (533514, 'Daisuke Namikawa');
INSERT INTO movie_cast_members (movie_id, cast_member) VALUES (533514, 'Takehito Koyasu');
INSERT INTO movie_cast_members (movie_id, cast_member) VALUES (533514, 'Hidenobu Kiuchi');
INSERT INTO movie_cast_members (movie_id, cast_member) VALUES (533514, 'Haruka Tomatsu');
INSERT INTO movie_genres (movie_id, genre) VALUES (533514, 'Animation');
INSERT INTO movie_genres (movie_id, genre) VALUES (533514, 'Drama');
INSERT INTO movie_genres (movie_id, genre) VALUES (533514, 'Fantasy');
INSERT INTO movie_genres (movie_id, genre) VALUES (533514, 'Romance');
INSERT INTO movie_image_urls (movie_id, image_url) VALUES (533514, 'https://image.tmdb.org/t/p/original/aLqtWLA6NQHBwQHvHDq5z4EKUm0.jpg');
INSERT INTO movie_image_urls (movie_id, image_url) VALUES (533514, 'https://image.tmdb.org/t/p/original/k7BkRpEoY0HxmFBE0kDHksyUUdY.jpg');
INSERT INTO movie_image_urls (movie_id, image_url) VALUES (533514, 'https://image.tmdb.org/t/p/original/lp6SmwyNRspEYkkLXFEVuNlCw77.jpg');
INSERT INTO movie_image_urls (movie_id, image_url) VALUES (533514, 'https://image.tmdb.org/t/p/original/uxLPHh2NLEWoIInABsqREoQ845i.jpg');

INSERT INTO movies (id, title, release_year, duration_minutes, country, language, synopsis, poster_image_url, backdrop_image_url) VALUES (10494, 'Perfect Blue', 1998, 82, 'Japan', 'Japanese', 'Rising pop star Mima quits singing to pursue a career as an actress. After she takes up a role on a popular detective show, her handlers and collaborators begin turning up murdered. Harboring feelings of guilt and haunted by visions of her former self, Mima''s reality and fantasy meld into a frenzied paranoia.', 'https://image.tmdb.org/t/p/w500/6WTiOCfDPP8XV4jqfloiVWf7KHq.jpg', 'https://image.tmdb.org/t/p/original/mHG7dpLb0ZScSY3LpP443IHRmjy.jpg') ON CONFLICT (id) DO UPDATE SET title = EXCLUDED.title, release_year = EXCLUDED.release_year, duration_minutes = EXCLUDED.duration_minutes, country = EXCLUDED.country, language = EXCLUDED.language, synopsis = EXCLUDED.synopsis, poster_image_url = EXCLUDED.poster_image_url, backdrop_image_url = EXCLUDED.backdrop_image_url;
INSERT INTO movie_directors (movie_id, director) VALUES (10494, 'Satoshi Kon');
INSERT INTO movie_cast_members (movie_id, cast_member) VALUES (10494, 'Junko Iwao');
INSERT INTO movie_cast_members (movie_id, cast_member) VALUES (10494, 'Rica Matsumoto');
INSERT INTO movie_cast_members (movie_id, cast_member) VALUES (10494, 'Shiho Niiyama');
INSERT INTO movie_cast_members (movie_id, cast_member) VALUES (10494, 'Masaaki Okura');
INSERT INTO movie_cast_members (movie_id, cast_member) VALUES (10494, 'Shinpachi Tsuji');
INSERT INTO movie_genres (movie_id, genre) VALUES (10494, 'Animation');
INSERT INTO movie_genres (movie_id, genre) VALUES (10494, 'Thriller');
INSERT INTO movie_image_urls (movie_id, image_url) VALUES (10494, 'https://image.tmdb.org/t/p/original/1YRtgjLb5xxUb2rsNRnr54Oc0B2.jpg');
INSERT INTO movie_image_urls (movie_id, image_url) VALUES (10494, 'https://image.tmdb.org/t/p/original/A1Larywbw79kZQqkvCEiPHJqdLN.jpg');
INSERT INTO movie_image_urls (movie_id, image_url) VALUES (10494, 'https://image.tmdb.org/t/p/original/dVanL4a1kx0mXeZSOhVWSiJ27Pa.jpg');
INSERT INTO movie_image_urls (movie_id, image_url) VALUES (10494, 'https://image.tmdb.org/t/p/original/ns4vN9p3Z0inYlhh4q9vYXUw3zp.jpg');

INSERT INTO movies (id, title, release_year, duration_minutes, country, language, synopsis, poster_image_url, backdrop_image_url) VALUES (1314786, 'Agent Zeta', 2026, 133, 'Spain', 'Spanish', 'Four Spanish ex-intelligence officers are assassinated simultaneously worldwide. The CNI discovers all participated in the covert "Operation Ciénaga" decades ago in Colombia. Zeta, the CNI''s best operative, must hunt and protect the sole survivor, facing his deadliest global mission yet. Top Colombian agent Alfa will join Zeta, seemingly knowing more about "Ciénaga"''s secrets than him.', 'https://image.tmdb.org/t/p/w500/1cKLG9KMoCjsgFB8Nw1EuglteVi.jpg', 'https://image.tmdb.org/t/p/original/ptcyGmBonW6mDQmrPhXbt6Rjrlp.jpg') ON CONFLICT (id) DO UPDATE SET title = EXCLUDED.title, release_year = EXCLUDED.release_year, duration_minutes = EXCLUDED.duration_minutes, country = EXCLUDED.country, language = EXCLUDED.language, synopsis = EXCLUDED.synopsis, poster_image_url = EXCLUDED.poster_image_url, backdrop_image_url = EXCLUDED.backdrop_image_url;
INSERT INTO movie_directors (movie_id, director) VALUES (1314786, 'Dani de la Torre');
INSERT INTO movie_cast_members (movie_id, cast_member) VALUES (1314786, 'Mario Casas');
INSERT INTO movie_cast_members (movie_id, cast_member) VALUES (1314786, 'Mariela Garriga');
INSERT INTO movie_cast_members (movie_id, cast_member) VALUES (1314786, 'Luis Zahera');
INSERT INTO movie_cast_members (movie_id, cast_member) VALUES (1314786, 'Nora Navas');
INSERT INTO movie_cast_members (movie_id, cast_member) VALUES (1314786, 'Christian Tappán');
INSERT INTO movie_genres (movie_id, genre) VALUES (1314786, 'Drama');
INSERT INTO movie_genres (movie_id, genre) VALUES (1314786, 'Thriller');
INSERT INTO movie_image_urls (movie_id, image_url) VALUES (1314786, 'https://image.tmdb.org/t/p/original/jtO2Mm5X22QmJZH8YyUMmG0ZXOV.jpg');
INSERT INTO movie_image_urls (movie_id, image_url) VALUES (1314786, 'https://image.tmdb.org/t/p/original/nsuqPeZcXiGTu7ezxuJpy7M6NEk.jpg');
INSERT INTO movie_image_urls (movie_id, image_url) VALUES (1314786, 'https://image.tmdb.org/t/p/original/cmP55W8EqqIE41Ck9D7uWRpzLwS.jpg');
INSERT INTO movie_image_urls (movie_id, image_url) VALUES (1314786, 'https://image.tmdb.org/t/p/original/hs8JJKFLU8uyQtPC2T0y3KfEtvP.jpg');

INSERT INTO movies (id, title, release_year, duration_minutes, country, language, synopsis, poster_image_url, backdrop_image_url) VALUES (1066313, 'The Draft!', 2026, 84, 'Indonesia', 'Indonesian', '5 student. An old villa. Old well. Forbidden room. Dark secret of the past. A seemingly omnipotent evil. Survival is the key. Let the battle of wits begins...', 'https://image.tmdb.org/t/p/w500/6WEqtp38s1iW5VrcH78rOIi8a2Z.jpg', 'https://image.tmdb.org/t/p/original/6bVzP9lyoSTevfblZuIUOOye895.jpg') ON CONFLICT (id) DO UPDATE SET title = EXCLUDED.title, release_year = EXCLUDED.release_year, duration_minutes = EXCLUDED.duration_minutes, country = EXCLUDED.country, language = EXCLUDED.language, synopsis = EXCLUDED.synopsis, poster_image_url = EXCLUDED.poster_image_url, backdrop_image_url = EXCLUDED.backdrop_image_url;
INSERT INTO movie_directors (movie_id, director) VALUES (1066313, 'Yusron Fuadi');
INSERT INTO movie_cast_members (movie_id, cast_member) VALUES (1066313, 'Anastasia Herzigova');
INSERT INTO movie_cast_members (movie_id, cast_member) VALUES (1066313, 'Winner Wijaya');
INSERT INTO movie_cast_members (movie_id, cast_member) VALUES (1066313, 'Putri Anggie');
INSERT INTO movie_cast_members (movie_id, cast_member) VALUES (1066313, 'Adhin Abdul Hakim');
INSERT INTO movie_cast_members (movie_id, cast_member) VALUES (1066313, 'Ernanta Kusuma');
INSERT INTO movie_genres (movie_id, genre) VALUES (1066313, 'Science Fiction');
INSERT INTO movie_genres (movie_id, genre) VALUES (1066313, 'Horror');
INSERT INTO movie_image_urls (movie_id, image_url) VALUES (1066313, 'https://image.tmdb.org/t/p/original/rVKuzN2QDDGMRoTMefh1JRi0SDn.jpg');
INSERT INTO movie_image_urls (movie_id, image_url) VALUES (1066313, 'https://image.tmdb.org/t/p/original/bsFcmvNqHS8qtwN1v61MOF8TQnS.jpg');
INSERT INTO movie_image_urls (movie_id, image_url) VALUES (1066313, 'https://image.tmdb.org/t/p/original/8t4RV8nunwEDXLuQ6D1a1FcaGOt.jpg');
INSERT INTO movie_image_urls (movie_id, image_url) VALUES (1066313, 'https://image.tmdb.org/t/p/original/uLdifF1RPYH4l12x0ZhCaQwMXdw.jpg');

INSERT INTO movies (id, title, release_year, duration_minutes, country, language, synopsis, poster_image_url, backdrop_image_url) VALUES (50619, 'The Twilight Saga: Breaking Dawn - Part 1', 2011, 117, 'United States of America', 'English', 'Bella Swan and Edward Cullen''s honeymoon phase is abruptly disrupted by betrayals and unforeseen tragedies that endanger their world.', 'https://image.tmdb.org/t/p/w500/qs8LsHKYlVRmJbFUiSUhhRAygwj.jpg', 'https://image.tmdb.org/t/p/original/hBwDYiOPwXHuwiYGP82ekFNSeBr.jpg') ON CONFLICT (id) DO UPDATE SET title = EXCLUDED.title, release_year = EXCLUDED.release_year, duration_minutes = EXCLUDED.duration_minutes, country = EXCLUDED.country, language = EXCLUDED.language, synopsis = EXCLUDED.synopsis, poster_image_url = EXCLUDED.poster_image_url, backdrop_image_url = EXCLUDED.backdrop_image_url;
INSERT INTO movie_directors (movie_id, director) VALUES (50619, 'Bill Condon');
INSERT INTO movie_cast_members (movie_id, cast_member) VALUES (50619, 'Kristen Stewart');
INSERT INTO movie_cast_members (movie_id, cast_member) VALUES (50619, 'Robert Pattinson');
INSERT INTO movie_cast_members (movie_id, cast_member) VALUES (50619, 'Taylor Lautner');
INSERT INTO movie_cast_members (movie_id, cast_member) VALUES (50619, 'Billy Burke');
INSERT INTO movie_cast_members (movie_id, cast_member) VALUES (50619, 'Peter Facinelli');
INSERT INTO movie_genres (movie_id, genre) VALUES (50619, 'Adventure');
INSERT INTO movie_genres (movie_id, genre) VALUES (50619, 'Fantasy');
INSERT INTO movie_genres (movie_id, genre) VALUES (50619, 'Romance');
INSERT INTO movie_image_urls (movie_id, image_url) VALUES (50619, 'https://image.tmdb.org/t/p/original/iPqoeXEfByDN399PQQ42IJHV2kN.jpg');
INSERT INTO movie_image_urls (movie_id, image_url) VALUES (50619, 'https://image.tmdb.org/t/p/original/y0hfRBNTVJJer7CmEXxpm3auUlC.jpg');
INSERT INTO movie_image_urls (movie_id, image_url) VALUES (50619, 'https://image.tmdb.org/t/p/original/6Awt8LLvjnpcrBuxn6VQebwKyPS.jpg');
INSERT INTO movie_image_urls (movie_id, image_url) VALUES (50619, 'https://image.tmdb.org/t/p/original/exH0qO1tzG2a6LHeyzaWI2gZvfi.jpg');

INSERT INTO movies (id, title, release_year, duration_minutes, country, language, synopsis, poster_image_url, backdrop_image_url) VALUES (1630433, 'The Red Line', 2026, 135, 'Thailand', 'Thai', 'Three women fall prey to a ruthless phone scam. To settle the score, they''ll take on the criminal network that stole their money — and their dignity.', 'https://image.tmdb.org/t/p/w500/q3ROA6OqVA9rWSsC2DzdkPQvxWW.jpg', 'https://image.tmdb.org/t/p/original/qbbx3NDw6FrtQSrKdxn9n72xJzO.jpg') ON CONFLICT (id) DO UPDATE SET title = EXCLUDED.title, release_year = EXCLUDED.release_year, duration_minutes = EXCLUDED.duration_minutes, country = EXCLUDED.country, language = EXCLUDED.language, synopsis = EXCLUDED.synopsis, poster_image_url = EXCLUDED.poster_image_url, backdrop_image_url = EXCLUDED.backdrop_image_url;
INSERT INTO movie_directors (movie_id, director) VALUES (1630433, 'Sitisiri Mongkolsiri');
INSERT INTO movie_cast_members (movie_id, cast_member) VALUES (1630433, 'Nittha Jirayungyurn');
INSERT INTO movie_cast_members (movie_id, cast_member) VALUES (1630433, 'Esther Supreeleela');
INSERT INTO movie_cast_members (movie_id, cast_member) VALUES (1630433, 'Chutima Maholakul');
INSERT INTO movie_cast_members (movie_id, cast_member) VALUES (1630433, 'Todsapol Maisuk');
INSERT INTO movie_cast_members (movie_id, cast_member) VALUES (1630433, 'Tonhon Tantivejakul');
INSERT INTO movie_genres (movie_id, genre) VALUES (1630433, 'Thriller');
INSERT INTO movie_genres (movie_id, genre) VALUES (1630433, 'Crime');
INSERT INTO movie_genres (movie_id, genre) VALUES (1630433, 'Drama');
INSERT INTO movie_image_urls (movie_id, image_url) VALUES (1630433, 'https://image.tmdb.org/t/p/original/d4eqYl1xygu7NYxFdlMFU8GKjfD.jpg');
INSERT INTO movie_image_urls (movie_id, image_url) VALUES (1630433, 'https://image.tmdb.org/t/p/original/ge70HyppA4CMPBtCGC8JXkQnmSR.jpg');
INSERT INTO movie_image_urls (movie_id, image_url) VALUES (1630433, 'https://image.tmdb.org/t/p/original/htyTgsQBKOMl22FM1pX05vKSvwb.jpg');
INSERT INTO movie_image_urls (movie_id, image_url) VALUES (1630433, 'https://image.tmdb.org/t/p/original/o4xzHWNxFdK0jWQEvmQe98MQ3Z8.jpg');

INSERT INTO movies (id, title, release_year, duration_minutes, country, language, synopsis, poster_image_url, backdrop_image_url) VALUES (1631917, '18th Rose', 2026, 131, 'Philippines', 'English', 'A spirited teen dreaming of the perfect debut makes a deal with a lonely newcomer, but unexpected feelings and revelations may shatter their plans.', 'https://image.tmdb.org/t/p/w500/6pUwaXT6tdA6sek8o6SdFYudJDj.jpg', 'https://image.tmdb.org/t/p/original/7RaAal20Vim8lh4pOErJ5nuLeTo.jpg') ON CONFLICT (id) DO UPDATE SET title = EXCLUDED.title, release_year = EXCLUDED.release_year, duration_minutes = EXCLUDED.duration_minutes, country = EXCLUDED.country, language = EXCLUDED.language, synopsis = EXCLUDED.synopsis, poster_image_url = EXCLUDED.poster_image_url, backdrop_image_url = EXCLUDED.backdrop_image_url;
INSERT INTO movie_directors (movie_id, director) VALUES (1631917, 'Dolly Dulu');
INSERT INTO movie_cast_members (movie_id, cast_member) VALUES (1631917, 'Xyriel Manabat');
INSERT INTO movie_cast_members (movie_id, cast_member) VALUES (1631917, 'Kyle Echarri');
INSERT INTO movie_cast_members (movie_id, cast_member) VALUES (1631917, 'Yayo Aguila');
INSERT INTO movie_cast_members (movie_id, cast_member) VALUES (1631917, 'Cris Villanueva');
INSERT INTO movie_cast_members (movie_id, cast_member) VALUES (1631917, 'Nikki Valdez');
INSERT INTO movie_genres (movie_id, genre) VALUES (1631917, 'Drama');
INSERT INTO movie_genres (movie_id, genre) VALUES (1631917, 'Romance');
INSERT INTO movie_image_urls (movie_id, image_url) VALUES (1631917, 'https://image.tmdb.org/t/p/original/21YKck5bSRcvRIXlVg6ZaV0k0sj.jpg');

INSERT INTO movies (id, title, release_year, duration_minutes, country, language, synopsis, poster_image_url, backdrop_image_url) VALUES (1635276, 'Eat Pray Bark', 2026, 91, 'Germany', 'German', 'In this tumultuous comedy, five eccentric dog owners seek help in dealing with their four-legged friends. Their last hope: an intensive course with the charismatic and legendary dog trainer Nodon in the Tyrolean mountains.', 'https://image.tmdb.org/t/p/w500/kZ0ntedjG2X6hZ7upzupeUe2g5n.jpg', 'https://image.tmdb.org/t/p/original/7weSO3kEzMpMgdmte4AasS0tbeV.jpg') ON CONFLICT (id) DO UPDATE SET title = EXCLUDED.title, release_year = EXCLUDED.release_year, duration_minutes = EXCLUDED.duration_minutes, country = EXCLUDED.country, language = EXCLUDED.language, synopsis = EXCLUDED.synopsis, poster_image_url = EXCLUDED.poster_image_url, backdrop_image_url = EXCLUDED.backdrop_image_url;
INSERT INTO movie_directors (movie_id, director) VALUES (1635276, 'Marco Petry');
INSERT INTO movie_cast_members (movie_id, cast_member) VALUES (1635276, 'Alexandra Maria Lara');
INSERT INTO movie_cast_members (movie_id, cast_member) VALUES (1635276, 'Rúrik Gíslason');
INSERT INTO movie_cast_members (movie_id, cast_member) VALUES (1635276, 'Devid Striesow');
INSERT INTO movie_cast_members (movie_id, cast_member) VALUES (1635276, 'Anna Herrmann');
INSERT INTO movie_cast_members (movie_id, cast_member) VALUES (1635276, 'Doğa Gürer');
INSERT INTO movie_genres (movie_id, genre) VALUES (1635276, 'Comedy');

INSERT INTO movies (id, title, release_year, duration_minutes, country, language, synopsis, poster_image_url, backdrop_image_url) VALUES (1650558, 'Abot Langit', 2026, 70, 'Philippines', 'Tagalog', 'The relationship of a couple is tested when the girl’s first official flight pairs her with a confident senior pilot, jealousy and power dynamics surface in the training ground. The girl is now torn between her present relationship and new temptation she can’t resist.', 'https://image.tmdb.org/t/p/w500/5lVYe4aSimWdxJINKwq9s68TZ2G.jpg', 'https://image.tmdb.org/t/p/original/d3hiSKKyIjvB3Lv577vHh0TxbFM.jpg') ON CONFLICT (id) DO UPDATE SET title = EXCLUDED.title, release_year = EXCLUDED.release_year, duration_minutes = EXCLUDED.duration_minutes, country = EXCLUDED.country, language = EXCLUDED.language, synopsis = EXCLUDED.synopsis, poster_image_url = EXCLUDED.poster_image_url, backdrop_image_url = EXCLUDED.backdrop_image_url;
INSERT INTO movie_directors (movie_id, director) VALUES (1650558, 'Topel Lee');
INSERT INTO movie_cast_members (movie_id, cast_member) VALUES (1650558, 'Aliya Raymundo');
INSERT INTO movie_cast_members (movie_id, cast_member) VALUES (1650558, 'JC Tan');
INSERT INTO movie_cast_members (movie_id, cast_member) VALUES (1650558, 'Jio Yoshida');
INSERT INTO movie_cast_members (movie_id, cast_member) VALUES (1650558, 'Zel Fernandez');
INSERT INTO movie_cast_members (movie_id, cast_member) VALUES (1650558, 'Jetleline Esquivel');
INSERT INTO movie_genres (movie_id, genre) VALUES (1650558, 'Romance');
INSERT INTO movie_image_urls (movie_id, image_url) VALUES (1650558, 'https://image.tmdb.org/t/p/original/vDkoIClHsO0ETI7Q7IZLH9VzvcF.jpg');

INSERT INTO movies (id, title, release_year, duration_minutes, country, language, synopsis, poster_image_url, backdrop_image_url) VALUES (1110034, 'Kraken', 2026, 94, 'Norway', 'English', 'Marine biologist Johanne is doing research on a fish farm in Vangsnes, a rural community located by the fjord, when she encounters several strange occurrences. Along with the brutal deaths of two local teenagers, all signs point to the deep fjord; can there be more to the depths than the eye can see? At the bottom of the deepest fjord rests a mythical monster as large as a mountain, with a myriad of arms ready to crush and devour anything they can grab.', 'https://image.tmdb.org/t/p/w500/jVsflOu9WpMqUJ3WwVX2mITi86S.jpg', 'https://image.tmdb.org/t/p/original/xcBlMEvzuaHoWANKYn5PGvcW4OC.jpg') ON CONFLICT (id) DO UPDATE SET title = EXCLUDED.title, release_year = EXCLUDED.release_year, duration_minutes = EXCLUDED.duration_minutes, country = EXCLUDED.country, language = EXCLUDED.language, synopsis = EXCLUDED.synopsis, poster_image_url = EXCLUDED.poster_image_url, backdrop_image_url = EXCLUDED.backdrop_image_url;
INSERT INTO movie_directors (movie_id, director) VALUES (1110034, 'Pål Øie');
INSERT INTO movie_cast_members (movie_id, cast_member) VALUES (1110034, 'Sara Khorami');
INSERT INTO movie_cast_members (movie_id, cast_member) VALUES (1110034, 'Mikkel Bratt Silset');
INSERT INTO movie_cast_members (movie_id, cast_member) VALUES (1110034, 'Ingvild Holthe Bygdnes');
INSERT INTO movie_cast_members (movie_id, cast_member) VALUES (1110034, 'Øyvind Brandtzæg');
INSERT INTO movie_cast_members (movie_id, cast_member) VALUES (1110034, 'Jenny Evensen');
INSERT INTO movie_genres (movie_id, genre) VALUES (1110034, 'Horror');
INSERT INTO movie_genres (movie_id, genre) VALUES (1110034, 'Action');
INSERT INTO movie_genres (movie_id, genre) VALUES (1110034, 'Thriller');
INSERT INTO movie_image_urls (movie_id, image_url) VALUES (1110034, 'https://image.tmdb.org/t/p/original/oV472EbPedkc5QzqolGc7sCgCnn.jpg');
INSERT INTO movie_image_urls (movie_id, image_url) VALUES (1110034, 'https://image.tmdb.org/t/p/original/kHlYYmtUBqq8qRbcacxODsjFBNR.jpg');
INSERT INTO movie_image_urls (movie_id, image_url) VALUES (1110034, 'https://image.tmdb.org/t/p/original/ppxbtXahLRiIliz3TxGnzKOf0Fx.jpg');

INSERT INTO movies (id, title, release_year, duration_minutes, country, language, synopsis, poster_image_url, backdrop_image_url) VALUES (1317288, 'Marty Supreme', 2025, 150, 'United States of America', 'English', 'Marty Mauser, a young man with a dream no one respects, goes to hell and back in pursuit of greatness.', 'https://image.tmdb.org/t/p/w500/lYWEXbQgRTR4ZQleSXAgRbxAjvq.jpg', 'https://image.tmdb.org/t/p/original/3iMoYSbI72Nwsvi7uSpqReLJVa6.jpg') ON CONFLICT (id) DO UPDATE SET title = EXCLUDED.title, release_year = EXCLUDED.release_year, duration_minutes = EXCLUDED.duration_minutes, country = EXCLUDED.country, language = EXCLUDED.language, synopsis = EXCLUDED.synopsis, poster_image_url = EXCLUDED.poster_image_url, backdrop_image_url = EXCLUDED.backdrop_image_url;
INSERT INTO movie_directors (movie_id, director) VALUES (1317288, 'Josh Safdie');
INSERT INTO movie_cast_members (movie_id, cast_member) VALUES (1317288, 'Timothée Chalamet');
INSERT INTO movie_cast_members (movie_id, cast_member) VALUES (1317288, 'Gwyneth Paltrow');
INSERT INTO movie_cast_members (movie_id, cast_member) VALUES (1317288, 'Odessa A''zion');
INSERT INTO movie_cast_members (movie_id, cast_member) VALUES (1317288, 'Kevin O''Leary');
INSERT INTO movie_cast_members (movie_id, cast_member) VALUES (1317288, 'Tyler, The Creator');
INSERT INTO movie_genres (movie_id, genre) VALUES (1317288, 'Drama');
INSERT INTO movie_genres (movie_id, genre) VALUES (1317288, 'Thriller');
INSERT INTO movie_image_urls (movie_id, image_url) VALUES (1317288, 'https://image.tmdb.org/t/p/original/qKWDHofjMHPSEOTLaixkC9ZmjTT.jpg');
INSERT INTO movie_image_urls (movie_id, image_url) VALUES (1317288, 'https://image.tmdb.org/t/p/original/6h7w8R4BA7vubEmEEW5vYEjuoz6.jpg');
INSERT INTO movie_image_urls (movie_id, image_url) VALUES (1317288, 'https://image.tmdb.org/t/p/original/bHtlDAORBQiYKCJMwDP9WBgcQHM.jpg');
INSERT INTO movie_image_urls (movie_id, image_url) VALUES (1317288, 'https://image.tmdb.org/t/p/original/jBOhqsbzEL7Ks3NWy98iI7YDzBh.jpg');

INSERT INTO movies (id, title, release_year, duration_minutes, country, language, synopsis, poster_image_url, backdrop_image_url) VALUES (665, 'Ben-Hur', 1959, 212, 'United States of America', 'English', 'In ancient Judea, a Jewish aristocrat opposing Roman occupation of his homeland reunites with his childhood friend, now a Roman commander — setting in motion a saga of betrayal, adventure, tragedy, revenge, and faith.', 'https://image.tmdb.org/t/p/w500/m4WQ1dBIrEIHZNCoAjdpxwSKWyH.jpg', 'https://image.tmdb.org/t/p/original/sU3gFo7Gn67zjtKXIvzJ4omcUbH.jpg') ON CONFLICT (id) DO UPDATE SET title = EXCLUDED.title, release_year = EXCLUDED.release_year, duration_minutes = EXCLUDED.duration_minutes, country = EXCLUDED.country, language = EXCLUDED.language, synopsis = EXCLUDED.synopsis, poster_image_url = EXCLUDED.poster_image_url, backdrop_image_url = EXCLUDED.backdrop_image_url;
INSERT INTO movie_directors (movie_id, director) VALUES (665, 'William Wyler');
INSERT INTO movie_cast_members (movie_id, cast_member) VALUES (665, 'Charlton Heston');
INSERT INTO movie_cast_members (movie_id, cast_member) VALUES (665, 'Stephen Boyd');
INSERT INTO movie_cast_members (movie_id, cast_member) VALUES (665, 'Hugh Griffith');
INSERT INTO movie_cast_members (movie_id, cast_member) VALUES (665, 'Jack Hawkins');
INSERT INTO movie_cast_members (movie_id, cast_member) VALUES (665, 'Haya Harareet');
INSERT INTO movie_genres (movie_id, genre) VALUES (665, 'History');
INSERT INTO movie_genres (movie_id, genre) VALUES (665, 'Drama');
INSERT INTO movie_genres (movie_id, genre) VALUES (665, 'Adventure');
INSERT INTO movie_image_urls (movie_id, image_url) VALUES (665, 'https://image.tmdb.org/t/p/original/xO2Nzx2mKwfZiLczcmDFQwMk4n5.jpg');
INSERT INTO movie_image_urls (movie_id, image_url) VALUES (665, 'https://image.tmdb.org/t/p/original/87AEFDcH0VxNDxOQyUmG4gpoSeh.jpg');
INSERT INTO movie_image_urls (movie_id, image_url) VALUES (665, 'https://image.tmdb.org/t/p/original/rynOgEDl5pph2DIJ6k7LjIBYlzK.jpg');
INSERT INTO movie_image_urls (movie_id, image_url) VALUES (665, 'https://image.tmdb.org/t/p/original/sXDSz7XXHwbgah76IYKnnFaTRFA.jpg');

INSERT INTO movies (id, title, release_year, duration_minutes, country, language, synopsis, poster_image_url, backdrop_image_url) VALUES (14836, 'Coraline', 2009, 100, 'United States of America', 'English', 'Wandering her rambling old house in her boring new town, 11-year-old Coraline discovers a hidden door to a strangely idealized version of her life. In order to stay in the fantasy, she must make a frighteningly real sacrifice.', 'https://image.tmdb.org/t/p/w500/4jeFXQYytChdZYE9JYO7Un87IlW.jpg', 'https://image.tmdb.org/t/p/original/hofnlIyF6bePkgQOpcuRWLvzf15.jpg') ON CONFLICT (id) DO UPDATE SET title = EXCLUDED.title, release_year = EXCLUDED.release_year, duration_minutes = EXCLUDED.duration_minutes, country = EXCLUDED.country, language = EXCLUDED.language, synopsis = EXCLUDED.synopsis, poster_image_url = EXCLUDED.poster_image_url, backdrop_image_url = EXCLUDED.backdrop_image_url;
INSERT INTO movie_directors (movie_id, director) VALUES (14836, 'Henry Selick');
INSERT INTO movie_cast_members (movie_id, cast_member) VALUES (14836, 'Dakota Fanning');
INSERT INTO movie_cast_members (movie_id, cast_member) VALUES (14836, 'Teri Hatcher');
INSERT INTO movie_cast_members (movie_id, cast_member) VALUES (14836, 'Jennifer Saunders');
INSERT INTO movie_cast_members (movie_id, cast_member) VALUES (14836, 'Dawn French');
INSERT INTO movie_cast_members (movie_id, cast_member) VALUES (14836, 'Keith David');
INSERT INTO movie_genres (movie_id, genre) VALUES (14836, 'Animation');
INSERT INTO movie_genres (movie_id, genre) VALUES (14836, 'Family');
INSERT INTO movie_genres (movie_id, genre) VALUES (14836, 'Fantasy');
INSERT INTO movie_image_urls (movie_id, image_url) VALUES (14836, 'https://image.tmdb.org/t/p/original/8GHxjXlI5rqyTBuVNekGTPjG5T6.jpg');
INSERT INTO movie_image_urls (movie_id, image_url) VALUES (14836, 'https://image.tmdb.org/t/p/original/91BAmpop4AJ5Pf7E0zuQiHdSV4Q.jpg');
INSERT INTO movie_image_urls (movie_id, image_url) VALUES (14836, 'https://image.tmdb.org/t/p/original/rRpAZOPY3XxMJY65AJ396IWyjU4.jpg');
INSERT INTO movie_image_urls (movie_id, image_url) VALUES (14836, 'https://image.tmdb.org/t/p/original/rExCWJXzGYIZduVikBzhBEMPMLM.jpg');

INSERT INTO movies (id, title, release_year, duration_minutes, country, language, synopsis, poster_image_url, backdrop_image_url) VALUES (1487320, 'The Giant Falls', 2026, 100, 'Argentina', 'Spanish', 'Follows Boris, a charismatic tour guide who unexpectedly reunites with his estranged father Julián. Their tense and emotional encounters explore past wounds and the possibility of forgiveness.', 'https://image.tmdb.org/t/p/w500/lARMzlnHtusEnY8LrTmNID92CJo.jpg', 'https://image.tmdb.org/t/p/original/2VMkpRFGCupBmAJlZiDzlAjxYL1.jpg') ON CONFLICT (id) DO UPDATE SET title = EXCLUDED.title, release_year = EXCLUDED.release_year, duration_minutes = EXCLUDED.duration_minutes, country = EXCLUDED.country, language = EXCLUDED.language, synopsis = EXCLUDED.synopsis, poster_image_url = EXCLUDED.poster_image_url, backdrop_image_url = EXCLUDED.backdrop_image_url;
INSERT INTO movie_directors (movie_id, director) VALUES (1487320, 'Marcos Carnevale');
INSERT INTO movie_cast_members (movie_id, cast_member) VALUES (1487320, 'Oscar Martínez');
INSERT INTO movie_cast_members (movie_id, cast_member) VALUES (1487320, 'Matías Mayer');
INSERT INTO movie_cast_members (movie_id, cast_member) VALUES (1487320, 'Inés Estévez');
INSERT INTO movie_cast_members (movie_id, cast_member) VALUES (1487320, 'Luis Luque');
INSERT INTO movie_cast_members (movie_id, cast_member) VALUES (1487320, 'Silvia Kutika');
INSERT INTO movie_genres (movie_id, genre) VALUES (1487320, 'Drama');
INSERT INTO movie_image_urls (movie_id, image_url) VALUES (1487320, 'https://image.tmdb.org/t/p/original/eDRKNHgykw5XIW7rBw8J24aPBhy.jpg');
INSERT INTO movie_image_urls (movie_id, image_url) VALUES (1487320, 'https://image.tmdb.org/t/p/original/wFaW4VwcS1zqnCxMgY1kjHdppea.jpg');

INSERT INTO movies (id, title, release_year, duration_minutes, country, language, synopsis, poster_image_url, backdrop_image_url) VALUES (1658214, 'Scorpio Nights 4', 2026, 1, 'Philippines', 'Tagalog', 'A countryside boy rents a room from a couple and discovers a hole exposing their secrets. His voyeurism leads into tangled affairs with two women, unraveling a twisted game of lust and betrayal.', 'https://image.tmdb.org/t/p/w500/lhgGvrHkwu9mtNeAhzaG828boH4.jpg', 'https://image.tmdb.org/t/p/original/sYQwMTzlb8uSyaE7e3cfpfYOshu.jpg') ON CONFLICT (id) DO UPDATE SET title = EXCLUDED.title, release_year = EXCLUDED.release_year, duration_minutes = EXCLUDED.duration_minutes, country = EXCLUDED.country, language = EXCLUDED.language, synopsis = EXCLUDED.synopsis, poster_image_url = EXCLUDED.poster_image_url, backdrop_image_url = EXCLUDED.backdrop_image_url;
INSERT INTO movie_directors (movie_id, director) VALUES (1658214, 'Bobby Bonifacio');
INSERT INTO movie_cast_members (movie_id, cast_member) VALUES (1658214, 'Apphle Celso');
INSERT INTO movie_cast_members (movie_id, cast_member) VALUES (1658214, 'Sahara Bernales');
INSERT INTO movie_cast_members (movie_id, cast_member) VALUES (1658214, 'Albie Casiño');
INSERT INTO movie_cast_members (movie_id, cast_member) VALUES (1658214, 'Marco Mora');
INSERT INTO movie_cast_members (movie_id, cast_member) VALUES (1658214, 'Rolando Toralba');
INSERT INTO movie_genres (movie_id, genre) VALUES (1658214, 'Drama');
INSERT INTO movie_image_urls (movie_id, image_url) VALUES (1658214, 'https://image.tmdb.org/t/p/original/mz4c0LhP4MCb5IWtKmCL5ka5BSA.jpg');
INSERT INTO movie_image_urls (movie_id, image_url) VALUES (1658214, 'https://image.tmdb.org/t/p/original/5R4JizgcOCjwFjhZgNuYx4cn5ub.jpg');

INSERT INTO movies (id, title, release_year, duration_minutes, country, language, synopsis, poster_image_url, backdrop_image_url) VALUES (1445363, 'EPiC: Elvis Presley in Concert', 2026, 98, 'United States of America', 'English', 'Long-lost footage from Elvis Presley''s legendary Las Vegas residency in the 1970s woven together with rare 16mm footage from Elvis on Tour, and 8mm from the Graceland archive, plus recordings of Elvis telling "his side of the story" rediscovered during Baz Luhrmann''s research for his 2022 film, Elvis.', 'https://image.tmdb.org/t/p/w500/2K2NH5dforjT9kLcUC0eeBpdZkC.jpg', 'https://image.tmdb.org/t/p/original/ttOBvac1oW0OCCfFzZlXh3NeKyl.jpg') ON CONFLICT (id) DO UPDATE SET title = EXCLUDED.title, release_year = EXCLUDED.release_year, duration_minutes = EXCLUDED.duration_minutes, country = EXCLUDED.country, language = EXCLUDED.language, synopsis = EXCLUDED.synopsis, poster_image_url = EXCLUDED.poster_image_url, backdrop_image_url = EXCLUDED.backdrop_image_url;
INSERT INTO movie_directors (movie_id, director) VALUES (1445363, 'Baz Luhrmann');
INSERT INTO movie_cast_members (movie_id, cast_member) VALUES (1445363, 'Elvis Presley');
INSERT INTO movie_cast_members (movie_id, cast_member) VALUES (1445363, 'James Burton');
INSERT INTO movie_cast_members (movie_id, cast_member) VALUES (1445363, 'John Wilkinson');
INSERT INTO movie_cast_members (movie_id, cast_member) VALUES (1445363, 'Charlie Hodge');
INSERT INTO movie_cast_members (movie_id, cast_member) VALUES (1445363, 'Jerry Scheff');
INSERT INTO movie_genres (movie_id, genre) VALUES (1445363, 'Music');
INSERT INTO movie_genres (movie_id, genre) VALUES (1445363, 'Documentary');
INSERT INTO movie_image_urls (movie_id, image_url) VALUES (1445363, 'https://image.tmdb.org/t/p/original/iuOqrEM1kj8pVMRVxAhIdihBm1T.jpg');
INSERT INTO movie_image_urls (movie_id, image_url) VALUES (1445363, 'https://image.tmdb.org/t/p/original/8x3xDTjVS2hlMmpZeMJEnqFbGDH.jpg');
INSERT INTO movie_image_urls (movie_id, image_url) VALUES (1445363, 'https://image.tmdb.org/t/p/original/1dj8V6B8ptIHah7YZXHl3PEKO4h.jpg');
INSERT INTO movie_image_urls (movie_id, image_url) VALUES (1445363, 'https://image.tmdb.org/t/p/original/ufqXXOYhLv0ydzOIo05EPlDhzRR.jpg');

INSERT INTO movies (id, title, release_year, duration_minutes, country, language, synopsis, poster_image_url, backdrop_image_url) VALUES (14574, 'The Boy in the Striped Pyjamas', 2008, 94, 'United Kingdom', 'German', 'When his family moves from their home in Berlin to a strange new house in Poland, young Bruno befriends Shmuel, a boy who lives on the other side of the fence where everyone seems to be wearing striped pajamas. Unaware of Shmuel''s fate as a Jewish prisoner or the role his own Nazi father plays in his imprisonment, Bruno embarks on a dangerous journey inside the camp''s walls.', 'https://image.tmdb.org/t/p/w500/2C8QCXdMlojTxZjfBlINr4FWcb6.jpg', 'https://image.tmdb.org/t/p/original/A63giQFJP4ABqNk4sLzegVeqVdl.jpg') ON CONFLICT (id) DO UPDATE SET title = EXCLUDED.title, release_year = EXCLUDED.release_year, duration_minutes = EXCLUDED.duration_minutes, country = EXCLUDED.country, language = EXCLUDED.language, synopsis = EXCLUDED.synopsis, poster_image_url = EXCLUDED.poster_image_url, backdrop_image_url = EXCLUDED.backdrop_image_url;
INSERT INTO movie_directors (movie_id, director) VALUES (14574, 'Mark Herman');
INSERT INTO movie_cast_members (movie_id, cast_member) VALUES (14574, 'Asa Butterfield');
INSERT INTO movie_cast_members (movie_id, cast_member) VALUES (14574, 'Vera Farmiga');
INSERT INTO movie_cast_members (movie_id, cast_member) VALUES (14574, 'David Thewlis');
INSERT INTO movie_cast_members (movie_id, cast_member) VALUES (14574, 'Jack Scanlon');
INSERT INTO movie_cast_members (movie_id, cast_member) VALUES (14574, 'Amber Beattie');
INSERT INTO movie_genres (movie_id, genre) VALUES (14574, 'Drama');
INSERT INTO movie_genres (movie_id, genre) VALUES (14574, 'War');
INSERT INTO movie_genres (movie_id, genre) VALUES (14574, 'History');
INSERT INTO movie_image_urls (movie_id, image_url) VALUES (14574, 'https://image.tmdb.org/t/p/original/fZBmxa6gF7r9t7ZgKHGVkbeEx4l.jpg');
INSERT INTO movie_image_urls (movie_id, image_url) VALUES (14574, 'https://image.tmdb.org/t/p/original/6aRuABAdhuuDypLGscM7HoEWHx4.jpg');
INSERT INTO movie_image_urls (movie_id, image_url) VALUES (14574, 'https://image.tmdb.org/t/p/original/fcDdXbrg2N4j9t9DOptpxcWuIXL.jpg');
INSERT INTO movie_image_urls (movie_id, image_url) VALUES (14574, 'https://image.tmdb.org/t/p/original/c4IzKd1lSiYhlfYwdReT1WeHrC1.jpg');

INSERT INTO movies (id, title, release_year, duration_minutes, country, language, synopsis, poster_image_url, backdrop_image_url) VALUES (842924, 'The Life of Chuck', 2025, 111, 'United States of America', 'English', 'In this extraordinary story of an ordinary man, Charles ''Chuck'' Krantz experiences the wonder of love, the heartbreak of loss, and the multitudes contained in all of us.', 'https://image.tmdb.org/t/p/w500/oumprkO9bThExP8NwxBIBnvBu2v.jpg', 'https://image.tmdb.org/t/p/original/1SgD8XMa6dDSBKbPU4TDe2cmfGK.jpg') ON CONFLICT (id) DO UPDATE SET title = EXCLUDED.title, release_year = EXCLUDED.release_year, duration_minutes = EXCLUDED.duration_minutes, country = EXCLUDED.country, language = EXCLUDED.language, synopsis = EXCLUDED.synopsis, poster_image_url = EXCLUDED.poster_image_url, backdrop_image_url = EXCLUDED.backdrop_image_url;
INSERT INTO movie_directors (movie_id, director) VALUES (842924, 'Mike Flanagan');
INSERT INTO movie_cast_members (movie_id, cast_member) VALUES (842924, 'Tom Hiddleston');
INSERT INTO movie_cast_members (movie_id, cast_member) VALUES (842924, 'Benjamin Pajak');
INSERT INTO movie_cast_members (movie_id, cast_member) VALUES (842924, 'Nick Offerman');
INSERT INTO movie_cast_members (movie_id, cast_member) VALUES (842924, 'Chiwetel Ejiofor');
INSERT INTO movie_cast_members (movie_id, cast_member) VALUES (842924, 'Karen Gillan');
INSERT INTO movie_genres (movie_id, genre) VALUES (842924, 'Fantasy');
INSERT INTO movie_genres (movie_id, genre) VALUES (842924, 'Drama');
INSERT INTO movie_image_urls (movie_id, image_url) VALUES (842924, 'https://image.tmdb.org/t/p/original/51jDSREvaYRGjXBKd7jSSoOhFgc.jpg');
INSERT INTO movie_image_urls (movie_id, image_url) VALUES (842924, 'https://image.tmdb.org/t/p/original/6e2yeFZgtD7RKpUYEOjj5v7oAUz.jpg');
INSERT INTO movie_image_urls (movie_id, image_url) VALUES (842924, 'https://image.tmdb.org/t/p/original/lecBUG6Hsw7pYjTNAPBUgouDfjW.jpg');
INSERT INTO movie_image_urls (movie_id, image_url) VALUES (842924, 'https://image.tmdb.org/t/p/original/5HxPGmqXG5l8G4HXvjPv5kokoBk.jpg');

INSERT INTO movies (id, title, release_year, duration_minutes, country, language, synopsis, poster_image_url, backdrop_image_url) VALUES (1194963, 'Noise', 2025, 95, 'South Korea', 'Korean', 'Ju-young is a young woman with a hearing impediment who decides to investigate her sister''s inexplicable disappearance, last seen in her apartment. Feeling more and more cornered, Ju-young begins to hear strange sounds and sense an evil presence in the apartment.', 'https://image.tmdb.org/t/p/w500/uU3NXe7QqjJNxVpYPdz8dscFWlj.jpg', 'https://image.tmdb.org/t/p/original/pPwRqyXCV3U2Y5Zw9AaD07XFlW0.jpg') ON CONFLICT (id) DO UPDATE SET title = EXCLUDED.title, release_year = EXCLUDED.release_year, duration_minutes = EXCLUDED.duration_minutes, country = EXCLUDED.country, language = EXCLUDED.language, synopsis = EXCLUDED.synopsis, poster_image_url = EXCLUDED.poster_image_url, backdrop_image_url = EXCLUDED.backdrop_image_url;
INSERT INTO movie_directors (movie_id, director) VALUES (1194963, 'Kim Soo-jin');
INSERT INTO movie_cast_members (movie_id, cast_member) VALUES (1194963, 'Lee Sun-bin');
INSERT INTO movie_cast_members (movie_id, cast_member) VALUES (1194963, 'Kim Min-seok');
INSERT INTO movie_cast_members (movie_id, cast_member) VALUES (1194963, 'Jeon Ik-ryoung');
INSERT INTO movie_cast_members (movie_id, cast_member) VALUES (1194963, 'Ryu Kyung-soo');
INSERT INTO movie_cast_members (movie_id, cast_member) VALUES (1194963, 'Han Su-ah');
INSERT INTO movie_genres (movie_id, genre) VALUES (1194963, 'Horror');
INSERT INTO movie_genres (movie_id, genre) VALUES (1194963, 'Thriller');
INSERT INTO movie_image_urls (movie_id, image_url) VALUES (1194963, 'https://image.tmdb.org/t/p/original/zeMMVjOFwXPfRIW6HzaEr0UQlRY.jpg');
INSERT INTO movie_image_urls (movie_id, image_url) VALUES (1194963, 'https://image.tmdb.org/t/p/original/cLDZ7wEQn6zc4UFaDPHFjWlD9px.jpg');
INSERT INTO movie_image_urls (movie_id, image_url) VALUES (1194963, 'https://image.tmdb.org/t/p/original/txUBJZ9Jk9C1ynnia4nSyHEMive.jpg');
INSERT INTO movie_image_urls (movie_id, image_url) VALUES (1194963, 'https://image.tmdb.org/t/p/original/oC2CXLsk14d6TwcA5KDRgooTbNA.jpg');

INSERT INTO movies (id, title, release_year, duration_minutes, country, language, synopsis, poster_image_url, backdrop_image_url) VALUES (1242937, 'The Dreadful', 2026, 94, 'United States of America', 'English', 'In medieval England, Anne and her domineering mother-in-law Morwen struggle to survive on the outskirts of society. But when a man from Anne''s past returns from war, a curse begins to take shape through a mysterious knight and threatens to destroy them all.', 'https://image.tmdb.org/t/p/w500/nhhJkYau8nQMFgauvOudDjwj9vA.jpg', 'https://image.tmdb.org/t/p/original/fAF3VGFBpItWNROmiGob60n0y5.jpg') ON CONFLICT (id) DO UPDATE SET title = EXCLUDED.title, release_year = EXCLUDED.release_year, duration_minutes = EXCLUDED.duration_minutes, country = EXCLUDED.country, language = EXCLUDED.language, synopsis = EXCLUDED.synopsis, poster_image_url = EXCLUDED.poster_image_url, backdrop_image_url = EXCLUDED.backdrop_image_url;
INSERT INTO movie_directors (movie_id, director) VALUES (1242937, 'Natasha Kermani');
INSERT INTO movie_cast_members (movie_id, cast_member) VALUES (1242937, 'Sophie Turner');
INSERT INTO movie_cast_members (movie_id, cast_member) VALUES (1242937, 'Kit Harington');
INSERT INTO movie_cast_members (movie_id, cast_member) VALUES (1242937, 'Marcia Gay Harden');
INSERT INTO movie_cast_members (movie_id, cast_member) VALUES (1242937, 'Laurence O''Fuarain');
INSERT INTO movie_cast_members (movie_id, cast_member) VALUES (1242937, 'Jonathan Howard');
INSERT INTO movie_genres (movie_id, genre) VALUES (1242937, 'Horror');
INSERT INTO movie_image_urls (movie_id, image_url) VALUES (1242937, 'https://image.tmdb.org/t/p/original/rVpSM7w7UoLXJE8CWniDIIkuCNW.jpg');
INSERT INTO movie_image_urls (movie_id, image_url) VALUES (1242937, 'https://image.tmdb.org/t/p/original/q2kesPffs3sF52z6fcWxPeJ2aAb.jpg');
INSERT INTO movie_image_urls (movie_id, image_url) VALUES (1242937, 'https://image.tmdb.org/t/p/original/sAX69Rd4XeuR1RhvPXYDog69HpP.jpg');
INSERT INTO movie_image_urls (movie_id, image_url) VALUES (1242937, 'https://image.tmdb.org/t/p/original/ecAAigLl6ZwBiV4YVoMIpUqpzhI.jpg');

INSERT INTO movies (id, title, release_year, duration_minutes, country, language, synopsis, poster_image_url, backdrop_image_url) VALUES (762, 'Monty Python and the Holy Grail', 1975, 91, 'United Kingdom', 'French', 'King Arthur, accompanied by his squire, recruits his Knights of the Round Table, including Sir Bedevere the Wise, Sir Lancelot the Brave, Sir Robin the Not-Quite-So-Brave-As-Sir-Lancelot and Sir Galahad the Pure. On the way, Arthur battles the Black Knight who, despite having had all his limbs chopped off, insists he can still fight. They reach Camelot, but Arthur decides not to enter, as "it is a silly place".', 'https://image.tmdb.org/t/p/w500/h3rksLHevpCbHfSoaUXm85nt2CH.jpg', 'https://image.tmdb.org/t/p/original/f3EfYaQCLIVKURufYN5DFk8hAKm.jpg') ON CONFLICT (id) DO UPDATE SET title = EXCLUDED.title, release_year = EXCLUDED.release_year, duration_minutes = EXCLUDED.duration_minutes, country = EXCLUDED.country, language = EXCLUDED.language, synopsis = EXCLUDED.synopsis, poster_image_url = EXCLUDED.poster_image_url, backdrop_image_url = EXCLUDED.backdrop_image_url;
INSERT INTO movie_directors (movie_id, director) VALUES (762, 'Terry Gilliam');
INSERT INTO movie_directors (movie_id, director) VALUES (762, 'Terry Jones');
INSERT INTO movie_cast_members (movie_id, cast_member) VALUES (762, 'Graham Chapman');
INSERT INTO movie_cast_members (movie_id, cast_member) VALUES (762, 'John Cleese');
INSERT INTO movie_cast_members (movie_id, cast_member) VALUES (762, 'Eric Idle');
INSERT INTO movie_cast_members (movie_id, cast_member) VALUES (762, 'Terry Gilliam');
INSERT INTO movie_cast_members (movie_id, cast_member) VALUES (762, 'Terry Jones');
INSERT INTO movie_genres (movie_id, genre) VALUES (762, 'Adventure');
INSERT INTO movie_genres (movie_id, genre) VALUES (762, 'Comedy');
INSERT INTO movie_genres (movie_id, genre) VALUES (762, 'Fantasy');
INSERT INTO movie_image_urls (movie_id, image_url) VALUES (762, 'https://image.tmdb.org/t/p/original/1KgXxv6tHXOnakqYvMPvFwYKWiw.jpg');
INSERT INTO movie_image_urls (movie_id, image_url) VALUES (762, 'https://image.tmdb.org/t/p/original/5de0BbvrvLjBgrg4kWBlOAwr3Wv.jpg');
INSERT INTO movie_image_urls (movie_id, image_url) VALUES (762, 'https://image.tmdb.org/t/p/original/mh3tAC6VaemDhF2ye3hDw1WjpqR.jpg');
INSERT INTO movie_image_urls (movie_id, image_url) VALUES (762, 'https://image.tmdb.org/t/p/original/5Wd44xIsNJWTXNJZf9bHoVR8Vn8.jpg');

INSERT INTO movies (id, title, release_year, duration_minutes, country, language, synopsis, poster_image_url, backdrop_image_url) VALUES (1290432, 'A Private Life', 2025, 108, 'France', 'English', 'When renowned psychiatrist Lilian Steiner learns of the sudden death of a patient, she suspects murder. She mounts a private investigation, enlisting an odd assortment of quirky characters.', 'https://image.tmdb.org/t/p/w500/grozteYTaspY4xaJRt3nw4zMtTs.jpg', 'https://image.tmdb.org/t/p/original/3fZ5HvkrjaS34sZERshWm9koXdF.jpg') ON CONFLICT (id) DO UPDATE SET title = EXCLUDED.title, release_year = EXCLUDED.release_year, duration_minutes = EXCLUDED.duration_minutes, country = EXCLUDED.country, language = EXCLUDED.language, synopsis = EXCLUDED.synopsis, poster_image_url = EXCLUDED.poster_image_url, backdrop_image_url = EXCLUDED.backdrop_image_url;
INSERT INTO movie_directors (movie_id, director) VALUES (1290432, 'Rebecca Zlotowski');
INSERT INTO movie_cast_members (movie_id, cast_member) VALUES (1290432, 'Jodie Foster');
INSERT INTO movie_cast_members (movie_id, cast_member) VALUES (1290432, 'Daniel Auteuil');
INSERT INTO movie_cast_members (movie_id, cast_member) VALUES (1290432, 'Virginie Efira');
INSERT INTO movie_cast_members (movie_id, cast_member) VALUES (1290432, 'Mathieu Amalric');
INSERT INTO movie_cast_members (movie_id, cast_member) VALUES (1290432, 'Vincent Lacoste');
INSERT INTO movie_genres (movie_id, genre) VALUES (1290432, 'Drama');
INSERT INTO movie_genres (movie_id, genre) VALUES (1290432, 'Mystery');
INSERT INTO movie_genres (movie_id, genre) VALUES (1290432, 'Crime');
INSERT INTO movie_image_urls (movie_id, image_url) VALUES (1290432, 'https://image.tmdb.org/t/p/original/uApLc1aWuzPW6g0J6jWdmHyewHM.jpg');
INSERT INTO movie_image_urls (movie_id, image_url) VALUES (1290432, 'https://image.tmdb.org/t/p/original/4218cv3nH0RrrfMdwaTnenguqOQ.jpg');
INSERT INTO movie_image_urls (movie_id, image_url) VALUES (1290432, 'https://image.tmdb.org/t/p/original/4xJYB7gtQdIY5gmsNELfdMgV1PF.jpg');
INSERT INTO movie_image_urls (movie_id, image_url) VALUES (1290432, 'https://image.tmdb.org/t/p/original/6vCc1WMCf26A17VwvsaQjs5Qpd4.jpg');

INSERT INTO movies (id, title, release_year, duration_minutes, country, language, synopsis, poster_image_url, backdrop_image_url) VALUES (1154538, 'Nirvanna the Band the Show the Movie', 2026, 100, 'Canada', 'English', 'When their plan to book a show at the Rivoli goes horribly wrong, Matt and Jay accidentally travel back to the year 2008.', 'https://image.tmdb.org/t/p/w500/sm5TGX8WbnCd9Uo26cLyTxVwA1n.jpg', 'https://image.tmdb.org/t/p/original/cQtR06YrlSbg9w7vTFFFc3A6mgv.jpg') ON CONFLICT (id) DO UPDATE SET title = EXCLUDED.title, release_year = EXCLUDED.release_year, duration_minutes = EXCLUDED.duration_minutes, country = EXCLUDED.country, language = EXCLUDED.language, synopsis = EXCLUDED.synopsis, poster_image_url = EXCLUDED.poster_image_url, backdrop_image_url = EXCLUDED.backdrop_image_url;
INSERT INTO movie_directors (movie_id, director) VALUES (1154538, 'Matt Johnson');
INSERT INTO movie_cast_members (movie_id, cast_member) VALUES (1154538, 'Matt Johnson');
INSERT INTO movie_cast_members (movie_id, cast_member) VALUES (1154538, 'Jay McCarrol');
INSERT INTO movie_cast_members (movie_id, cast_member) VALUES (1154538, 'Ben Petrie');
INSERT INTO movie_cast_members (movie_id, cast_member) VALUES (1154538, 'Ethan Eng');
INSERT INTO movie_cast_members (movie_id, cast_member) VALUES (1154538, 'Michael Scott');
INSERT INTO movie_genres (movie_id, genre) VALUES (1154538, 'Comedy');
INSERT INTO movie_genres (movie_id, genre) VALUES (1154538, 'Science Fiction');
INSERT INTO movie_genres (movie_id, genre) VALUES (1154538, 'Adventure');
INSERT INTO movie_image_urls (movie_id, image_url) VALUES (1154538, 'https://image.tmdb.org/t/p/original/9MrXAGC5NButRqOTd2HgzE7cHVf.jpg');
INSERT INTO movie_image_urls (movie_id, image_url) VALUES (1154538, 'https://image.tmdb.org/t/p/original/mc8IY5TgebSfG9lnatX8dTeJ8qZ.jpg');
INSERT INTO movie_image_urls (movie_id, image_url) VALUES (1154538, 'https://image.tmdb.org/t/p/original/hs4QXgPuKJ4PPwYBWNTod61RKiA.jpg');
INSERT INTO movie_image_urls (movie_id, image_url) VALUES (1154538, 'https://image.tmdb.org/t/p/original/c7dLkDVwvMo68GJmIk7W0omKJ7x.jpg');

INSERT INTO movies (id, title, release_year, duration_minutes, country, language, synopsis, poster_image_url, backdrop_image_url) VALUES (55721, 'Bridesmaids', 2011, 125, 'United States of America', 'English', 'Annie''s life is a mess. But when she finds out her lifetime best friend is engaged, she simply must serve as Lillian''s maid of honor. Though lovelorn and broke, Annie bluffs her way through the expensive and bizarre rituals. With one chance to get it perfect, she’ll show Lillian and her bridesmaids just how far you’ll go for someone you love.', 'https://image.tmdb.org/t/p/w500/gJtA7hYsBMQ7EM3sPBMUdBfU7a0.jpg', 'https://image.tmdb.org/t/p/original/nffFQ64Jr9EombwzB1oHXBYLXkT.jpg') ON CONFLICT (id) DO UPDATE SET title = EXCLUDED.title, release_year = EXCLUDED.release_year, duration_minutes = EXCLUDED.duration_minutes, country = EXCLUDED.country, language = EXCLUDED.language, synopsis = EXCLUDED.synopsis, poster_image_url = EXCLUDED.poster_image_url, backdrop_image_url = EXCLUDED.backdrop_image_url;
INSERT INTO movie_directors (movie_id, director) VALUES (55721, 'Paul Feig');
INSERT INTO movie_cast_members (movie_id, cast_member) VALUES (55721, 'Kristen Wiig');
INSERT INTO movie_cast_members (movie_id, cast_member) VALUES (55721, 'Maya Rudolph');
INSERT INTO movie_cast_members (movie_id, cast_member) VALUES (55721, 'Rose Byrne');
INSERT INTO movie_cast_members (movie_id, cast_member) VALUES (55721, 'Chris O''Dowd');
INSERT INTO movie_cast_members (movie_id, cast_member) VALUES (55721, 'Melissa McCarthy');
INSERT INTO movie_genres (movie_id, genre) VALUES (55721, 'Comedy');
INSERT INTO movie_genres (movie_id, genre) VALUES (55721, 'Romance');
INSERT INTO movie_image_urls (movie_id, image_url) VALUES (55721, 'https://image.tmdb.org/t/p/original/zPw06puUdMKFHiX1Fa6hsZzoRCG.jpg');
INSERT INTO movie_image_urls (movie_id, image_url) VALUES (55721, 'https://image.tmdb.org/t/p/original/2BWQ39dgfVdwXZtSFCG1HbBNOeX.jpg');
INSERT INTO movie_image_urls (movie_id, image_url) VALUES (55721, 'https://image.tmdb.org/t/p/original/bihJ03JDWJaWJDC1ZvjtDGN1bLL.jpg');
INSERT INTO movie_image_urls (movie_id, image_url) VALUES (55721, 'https://image.tmdb.org/t/p/original/vaFkcq8RFXKPYKRMlSPHliEQWRF.jpg');

INSERT INTO movies (id, title, release_year, duration_minutes, country, language, synopsis, poster_image_url, backdrop_image_url) VALUES (1450257, 'Clika', 2026, 79, 'United States of America', 'English', 'Aspiring small-town musician Chito is determined to make it big. When a clip of him performing one of his songs goes viral, he seizes the opportunity and pushes to carve out a place for himself in the new wave of Mexican-American music... and ultimately gets caught in a game more dangerous than anticipated.', 'https://image.tmdb.org/t/p/w500/82Vh8PSzWtBi0CLWrnJdRhGYxEr.jpg', 'https://image.tmdb.org/t/p/original/juj498fB0FRZHRKrirHL61gMqUs.jpg') ON CONFLICT (id) DO UPDATE SET title = EXCLUDED.title, release_year = EXCLUDED.release_year, duration_minutes = EXCLUDED.duration_minutes, country = EXCLUDED.country, language = EXCLUDED.language, synopsis = EXCLUDED.synopsis, poster_image_url = EXCLUDED.poster_image_url, backdrop_image_url = EXCLUDED.backdrop_image_url;
INSERT INTO movie_directors (movie_id, director) VALUES (1450257, 'Michael Greene');
INSERT INTO movie_cast_members (movie_id, cast_member) VALUES (1450257, 'Jay Dee');
INSERT INTO movie_cast_members (movie_id, cast_member) VALUES (1450257, 'Cristian E. Gutierrez');
INSERT INTO movie_cast_members (movie_id, cast_member) VALUES (1450257, 'Daniel ''DoKnows'' Lopez');
INSERT INTO movie_cast_members (movie_id, cast_member) VALUES (1450257, 'Laura Lopez');
INSERT INTO movie_cast_members (movie_id, cast_member) VALUES (1450257, 'Nana Ponceleon');
INSERT INTO movie_genres (movie_id, genre) VALUES (1450257, 'Music');
INSERT INTO movie_genres (movie_id, genre) VALUES (1450257, 'Drama');
INSERT INTO movie_image_urls (movie_id, image_url) VALUES (1450257, 'https://image.tmdb.org/t/p/original/yHZpvJEzeBKMPZfNN6OFfMQ9Jf0.jpg');
INSERT INTO movie_image_urls (movie_id, image_url) VALUES (1450257, 'https://image.tmdb.org/t/p/original/z5FJsyqOjqBN2Es8LlyXPUf1kpw.jpg');
INSERT INTO movie_image_urls (movie_id, image_url) VALUES (1450257, 'https://image.tmdb.org/t/p/original/jn6ZTAoLscmINmR7YC50Cc7WRC8.jpg');

INSERT INTO movies (id, title, release_year, duration_minutes, country, language, synopsis, poster_image_url, backdrop_image_url) VALUES (1151272, 'Sirāt', 2025, 115, 'Spain', 'Arabic', 'A man and his son arrive at a rave lost in the mountains of Morocco. They are looking for Marina, their daughter and sister, who disappeared months ago at another rave. Driven by fate, they decide to follow a group of ravers in search of one last party, in hopes Marina will be there.', 'https://image.tmdb.org/t/p/w500/bzBtsLi17rK4G6kDvOXfUZfAhca.jpg', 'https://image.tmdb.org/t/p/original/kOUV5WbisWMg56d8eB45ZHEVxYq.jpg') ON CONFLICT (id) DO UPDATE SET title = EXCLUDED.title, release_year = EXCLUDED.release_year, duration_minutes = EXCLUDED.duration_minutes, country = EXCLUDED.country, language = EXCLUDED.language, synopsis = EXCLUDED.synopsis, poster_image_url = EXCLUDED.poster_image_url, backdrop_image_url = EXCLUDED.backdrop_image_url;
INSERT INTO movie_directors (movie_id, director) VALUES (1151272, 'Oliver Laxe');
INSERT INTO movie_cast_members (movie_id, cast_member) VALUES (1151272, 'Sergi López');
INSERT INTO movie_cast_members (movie_id, cast_member) VALUES (1151272, 'Bruno Núñez');
INSERT INTO movie_cast_members (movie_id, cast_member) VALUES (1151272, 'Stefania Gadda');
INSERT INTO movie_cast_members (movie_id, cast_member) VALUES (1151272, 'Joshua Liam Henderson');
INSERT INTO movie_cast_members (movie_id, cast_member) VALUES (1151272, 'Richard Bellamy');
INSERT INTO movie_genres (movie_id, genre) VALUES (1151272, 'Drama');
INSERT INTO movie_genres (movie_id, genre) VALUES (1151272, 'Thriller');
INSERT INTO movie_image_urls (movie_id, image_url) VALUES (1151272, 'https://image.tmdb.org/t/p/original/PgM0fv218r4X6IO1yWENCUwUF.jpg');
INSERT INTO movie_image_urls (movie_id, image_url) VALUES (1151272, 'https://image.tmdb.org/t/p/original/30tLUyLuOiOQZYFPPUVzSFoGeVX.jpg');
INSERT INTO movie_image_urls (movie_id, image_url) VALUES (1151272, 'https://image.tmdb.org/t/p/original/uyUjsxGg1ogHDwbdlKSKZLcxPXf.jpg');
INSERT INTO movie_image_urls (movie_id, image_url) VALUES (1151272, 'https://image.tmdb.org/t/p/original/c6LXcv9D70NpftZX1j0Z3umXhoK.jpg');

INSERT INTO movies (id, title, release_year, duration_minutes, country, language, synopsis, poster_image_url, backdrop_image_url) VALUES (1456349, 'It Was Just an Accident', 2025, 103, 'Iran', 'Azerbaijani', 'An unassuming mechanic is reminded of his time in an Iranian prison when he encounters a man he suspects to be his sadistic jailhouse captor.', 'https://image.tmdb.org/t/p/w500/eNYGj2DG3n8OrVPTfYunpPW9uas.jpg', 'https://image.tmdb.org/t/p/original/zhoMwQofjgVec5Sin05hWECJtVQ.jpg') ON CONFLICT (id) DO UPDATE SET title = EXCLUDED.title, release_year = EXCLUDED.release_year, duration_minutes = EXCLUDED.duration_minutes, country = EXCLUDED.country, language = EXCLUDED.language, synopsis = EXCLUDED.synopsis, poster_image_url = EXCLUDED.poster_image_url, backdrop_image_url = EXCLUDED.backdrop_image_url;
INSERT INTO movie_directors (movie_id, director) VALUES (1456349, 'Jafar Panahi');
INSERT INTO movie_cast_members (movie_id, cast_member) VALUES (1456349, 'Vahid Mobasseri');
INSERT INTO movie_cast_members (movie_id, cast_member) VALUES (1456349, 'Mariam Afshari');
INSERT INTO movie_cast_members (movie_id, cast_member) VALUES (1456349, 'Ebrahim Azizi');
INSERT INTO movie_cast_members (movie_id, cast_member) VALUES (1456349, 'Hadis Pakbaten');
INSERT INTO movie_cast_members (movie_id, cast_member) VALUES (1456349, 'Majid Panahi');
INSERT INTO movie_genres (movie_id, genre) VALUES (1456349, 'Drama');
INSERT INTO movie_genres (movie_id, genre) VALUES (1456349, 'Thriller');
INSERT INTO movie_genres (movie_id, genre) VALUES (1456349, 'Crime');
INSERT INTO movie_genres (movie_id, genre) VALUES (1456349, 'Mystery');
INSERT INTO movie_image_urls (movie_id, image_url) VALUES (1456349, 'https://image.tmdb.org/t/p/original/8vsNZLJBom3gePGpwyAKy9eWpaZ.jpg');
INSERT INTO movie_image_urls (movie_id, image_url) VALUES (1456349, 'https://image.tmdb.org/t/p/original/7ZraEgcfECrdyC6DXrnKhmdUsrO.jpg');
INSERT INTO movie_image_urls (movie_id, image_url) VALUES (1456349, 'https://image.tmdb.org/t/p/original/xbD4brQDBMPhh3Xv459m4XmVJG.jpg');
INSERT INTO movie_image_urls (movie_id, image_url) VALUES (1456349, 'https://image.tmdb.org/t/p/original/7erv1L5XKtnA6b5PJjQxgJACvjR.jpg');

INSERT INTO movies (id, title, release_year, duration_minutes, country, language, synopsis, poster_image_url, backdrop_image_url) VALUES (37797, 'Whisper of the Heart', 1995, 111, 'Japan', 'Japanese', 'Shizuku lives a simple life, dominated by her love for stories and writing. One day she notices that all the library books she has have been previously checked out by the same person: "Seiji Amasawa."', 'https://image.tmdb.org/t/p/w500/5FROLD8zpWFs9ja7aYho1uOMJHg.jpg', 'https://image.tmdb.org/t/p/original/rphor0XQcYO4CQoQ6auaQm3UPap.jpg') ON CONFLICT (id) DO UPDATE SET title = EXCLUDED.title, release_year = EXCLUDED.release_year, duration_minutes = EXCLUDED.duration_minutes, country = EXCLUDED.country, language = EXCLUDED.language, synopsis = EXCLUDED.synopsis, poster_image_url = EXCLUDED.poster_image_url, backdrop_image_url = EXCLUDED.backdrop_image_url;
INSERT INTO movie_directors (movie_id, director) VALUES (37797, 'Yoshifumi Kondo');
INSERT INTO movie_cast_members (movie_id, cast_member) VALUES (37797, 'Yoko Honna');
INSERT INTO movie_cast_members (movie_id, cast_member) VALUES (37797, 'Issey Takahashi');
INSERT INTO movie_cast_members (movie_id, cast_member) VALUES (37797, 'Takashi Tachibana');
INSERT INTO movie_cast_members (movie_id, cast_member) VALUES (37797, 'Shigeru Muroi');
INSERT INTO movie_cast_members (movie_id, cast_member) VALUES (37797, 'Minami Takayama');
INSERT INTO movie_genres (movie_id, genre) VALUES (37797, 'Animation');
INSERT INTO movie_genres (movie_id, genre) VALUES (37797, 'Drama');
INSERT INTO movie_genres (movie_id, genre) VALUES (37797, 'Family');
INSERT INTO movie_image_urls (movie_id, image_url) VALUES (37797, 'https://image.tmdb.org/t/p/original/gq7DxEWheTmULhMekam9ihsiQyo.jpg');
INSERT INTO movie_image_urls (movie_id, image_url) VALUES (37797, 'https://image.tmdb.org/t/p/original/rPXC27aU3XYf9gTFcK3xxuk51hq.jpg');
INSERT INTO movie_image_urls (movie_id, image_url) VALUES (37797, 'https://image.tmdb.org/t/p/original/8ZMo7vDdmi4KPXDJ07duOo22NSm.jpg');
INSERT INTO movie_image_urls (movie_id, image_url) VALUES (37797, 'https://image.tmdb.org/t/p/original/4VTq6HLm0LtaLaFHBuOfPUwbPFj.jpg');

INSERT INTO movies (id, title, release_year, duration_minutes, country, language, synopsis, poster_image_url, backdrop_image_url) VALUES (876792, 'That Time I Got Reincarnated as a Slime the Movie: Scarlet Bond', 2022, 108, 'Japan', 'Japanese', 'A long-running conspiracy is swirling over a mysterious power wielded by the Queen in Raja, a small country west of Tempest. When a slime who evolved into a Demon Lord named Rimuru Tempest crosses paths with Hiiro, a survivor of the Ogre race, an incredible adventure packed with new characters begins. The power of bonds will be put to the test!', 'https://image.tmdb.org/t/p/w500/xITip9n9uMAUA0TU6niMXU2tbh0.jpg', 'https://image.tmdb.org/t/p/original/g03h9TULzJZOoXA34Abp5LE7lvt.jpg') ON CONFLICT (id) DO UPDATE SET title = EXCLUDED.title, release_year = EXCLUDED.release_year, duration_minutes = EXCLUDED.duration_minutes, country = EXCLUDED.country, language = EXCLUDED.language, synopsis = EXCLUDED.synopsis, poster_image_url = EXCLUDED.poster_image_url, backdrop_image_url = EXCLUDED.backdrop_image_url;
INSERT INTO movie_directors (movie_id, director) VALUES (876792, 'Yasuhito Kikuchi');
INSERT INTO movie_cast_members (movie_id, cast_member) VALUES (876792, 'Miho Okasaki');
INSERT INTO movie_cast_members (movie_id, cast_member) VALUES (876792, 'Makoto Furukawa');
INSERT INTO movie_cast_members (movie_id, cast_member) VALUES (876792, 'Megumi Toyoguchi');
INSERT INTO movie_cast_members (movie_id, cast_member) VALUES (876792, 'Tomoaki Maeno');
INSERT INTO movie_cast_members (movie_id, cast_member) VALUES (876792, 'Sayaka Senbongi');
INSERT INTO movie_genres (movie_id, genre) VALUES (876792, 'Animation');
INSERT INTO movie_genres (movie_id, genre) VALUES (876792, 'Fantasy');
INSERT INTO movie_genres (movie_id, genre) VALUES (876792, 'Adventure');
INSERT INTO movie_image_urls (movie_id, image_url) VALUES (876792, 'https://image.tmdb.org/t/p/original/82exONIYtW8BzuMHmYsgfbVDCpz.jpg');
INSERT INTO movie_image_urls (movie_id, image_url) VALUES (876792, 'https://image.tmdb.org/t/p/original/qAatLCuRhvLyNJbH5IGmxLyU3tx.jpg');
INSERT INTO movie_image_urls (movie_id, image_url) VALUES (876792, 'https://image.tmdb.org/t/p/original/1Sl7GKUomUjMSbkJH7PT4E8FzHV.jpg');
INSERT INTO movie_image_urls (movie_id, image_url) VALUES (876792, 'https://image.tmdb.org/t/p/original/7yyHONwdGsSb3dWLHPYFhOaRgi4.jpg');

INSERT INTO movies (id, title, release_year, duration_minutes, country, language, synopsis, poster_image_url, backdrop_image_url) VALUES (1159206, 'Father Mother Sister Brother', 2025, 110, 'United States of America', 'French', 'Estranged siblings reunite after years apart, forced to confront unresolved tensions and reevaluate their strained relationships with their emotionally distant parents.', 'https://image.tmdb.org/t/p/w500/96O3Ol3f2veMxAxYqsML8rOumB9.jpg', 'https://image.tmdb.org/t/p/original/n36zycrAqHn2uzx65IeAdnsZcMj.jpg') ON CONFLICT (id) DO UPDATE SET title = EXCLUDED.title, release_year = EXCLUDED.release_year, duration_minutes = EXCLUDED.duration_minutes, country = EXCLUDED.country, language = EXCLUDED.language, synopsis = EXCLUDED.synopsis, poster_image_url = EXCLUDED.poster_image_url, backdrop_image_url = EXCLUDED.backdrop_image_url;
INSERT INTO movie_directors (movie_id, director) VALUES (1159206, 'Jim Jarmusch');
INSERT INTO movie_cast_members (movie_id, cast_member) VALUES (1159206, 'Tom Waits');
INSERT INTO movie_cast_members (movie_id, cast_member) VALUES (1159206, 'Adam Driver');
INSERT INTO movie_cast_members (movie_id, cast_member) VALUES (1159206, 'Mayim Bialik');
INSERT INTO movie_cast_members (movie_id, cast_member) VALUES (1159206, 'Charlotte Rampling');
INSERT INTO movie_cast_members (movie_id, cast_member) VALUES (1159206, 'Cate Blanchett');
INSERT INTO movie_genres (movie_id, genre) VALUES (1159206, 'Comedy');
INSERT INTO movie_genres (movie_id, genre) VALUES (1159206, 'Drama');
INSERT INTO movie_image_urls (movie_id, image_url) VALUES (1159206, 'https://image.tmdb.org/t/p/original/wk7lwJ9akE7IX7yh3E30ZA2ojrW.jpg');
INSERT INTO movie_image_urls (movie_id, image_url) VALUES (1159206, 'https://image.tmdb.org/t/p/original/xxFH8OgUVw5LyJmqBaXeV97mfri.jpg');
INSERT INTO movie_image_urls (movie_id, image_url) VALUES (1159206, 'https://image.tmdb.org/t/p/original/qrjQaC7UvxDmoOMF0ugmjgT00vo.jpg');
INSERT INTO movie_image_urls (movie_id, image_url) VALUES (1159206, 'https://image.tmdb.org/t/p/original/mJYFjxuwXKsxyd9QglVvHDzEU88.jpg');

INSERT INTO movies (id, title, release_year, duration_minutes, country, language, synopsis, poster_image_url, backdrop_image_url) VALUES (1510583, 'Rakkhosh', 2026, 141, 'Bangladesh', 'Bengali', 'The story about a man pushed to his limits by love and greed, who eventually embraces his darker side to seek justice or revenge in a world filled with "monsters."', 'https://image.tmdb.org/t/p/w500/a2fCCiq14zbk7VGyUAgZvqIMxr6.jpg', 'https://image.tmdb.org/t/p/original/bwaxhNVSi0lGvsg9C5jlHipNr0C.jpg') ON CONFLICT (id) DO UPDATE SET title = EXCLUDED.title, release_year = EXCLUDED.release_year, duration_minutes = EXCLUDED.duration_minutes, country = EXCLUDED.country, language = EXCLUDED.language, synopsis = EXCLUDED.synopsis, poster_image_url = EXCLUDED.poster_image_url, backdrop_image_url = EXCLUDED.backdrop_image_url;
INSERT INTO movie_directors (movie_id, director) VALUES (1510583, 'Mehedi Hasan Hridoy');
INSERT INTO movie_cast_members (movie_id, cast_member) VALUES (1510583, 'Siam Ahmed');
INSERT INTO movie_cast_members (movie_id, cast_member) VALUES (1510583, 'Susmita Chatterjee');
INSERT INTO movie_cast_members (movie_id, cast_member) VALUES (1510583, 'Shataf Figar');
INSERT INTO movie_cast_members (movie_id, cast_member) VALUES (1510583, 'Ali Raj');
INSERT INTO movie_cast_members (movie_id, cast_member) VALUES (1510583, 'Samm Bhattacharyya');
INSERT INTO movie_genres (movie_id, genre) VALUES (1510583, 'Action');
INSERT INTO movie_genres (movie_id, genre) VALUES (1510583, 'Romance');
INSERT INTO movie_image_urls (movie_id, image_url) VALUES (1510583, 'https://image.tmdb.org/t/p/original/kpa8z6hMK0VQL7zt1H5XElIIEtc.jpg');
INSERT INTO movie_image_urls (movie_id, image_url) VALUES (1510583, 'https://image.tmdb.org/t/p/original/g6yeKA8rV79XJP0Mn1Xjngom29C.jpg');

INSERT INTO movies (id, title, release_year, duration_minutes, country, language, synopsis, poster_image_url, backdrop_image_url) VALUES (842675, 'The Wandering Earth II', 2023, 174, 'China', 'Russian', 'Humans built huge engines on the surface of the earth to find a new home. But the road to the universe is perilous. In order to save earth, young people once again have to step forward to start a race against time for life and death.', 'https://image.tmdb.org/t/p/w500/jAZzFYS36UFT0SKhKVmEY7qShal.jpg', 'https://image.tmdb.org/t/p/original/94cS0mzODEoNIXFT7nhPcI8V4IJ.jpg') ON CONFLICT (id) DO UPDATE SET title = EXCLUDED.title, release_year = EXCLUDED.release_year, duration_minutes = EXCLUDED.duration_minutes, country = EXCLUDED.country, language = EXCLUDED.language, synopsis = EXCLUDED.synopsis, poster_image_url = EXCLUDED.poster_image_url, backdrop_image_url = EXCLUDED.backdrop_image_url;
INSERT INTO movie_directors (movie_id, director) VALUES (842675, 'Frant Gwo');
INSERT INTO movie_cast_members (movie_id, cast_member) VALUES (842675, 'Wu Jing');
INSERT INTO movie_cast_members (movie_id, cast_member) VALUES (842675, 'Andy Lau');
INSERT INTO movie_cast_members (movie_id, cast_member) VALUES (842675, 'Li Xuejian');
INSERT INTO movie_cast_members (movie_id, cast_member) VALUES (842675, 'Sha Yi');
INSERT INTO movie_cast_members (movie_id, cast_member) VALUES (842675, 'Ning Li');
INSERT INTO movie_genres (movie_id, genre) VALUES (842675, 'Science Fiction');
INSERT INTO movie_genres (movie_id, genre) VALUES (842675, 'Action');
INSERT INTO movie_genres (movie_id, genre) VALUES (842675, 'Adventure');
INSERT INTO movie_image_urls (movie_id, image_url) VALUES (842675, 'https://image.tmdb.org/t/p/original/9GgeXbEixKluAsgCcIGa39x0zf4.jpg');
INSERT INTO movie_image_urls (movie_id, image_url) VALUES (842675, 'https://image.tmdb.org/t/p/original/5K6xdbxk528a27Om9VV4KTQMhsG.jpg');
INSERT INTO movie_image_urls (movie_id, image_url) VALUES (842675, 'https://image.tmdb.org/t/p/original/zW7iBFaQ4DjWd1axI4SObVzzmYD.jpg');
INSERT INTO movie_image_urls (movie_id, image_url) VALUES (842675, 'https://image.tmdb.org/t/p/original/kyMaxntqecVyEaxhTLXT0R9YiMX.jpg');

INSERT INTO movies (id, title, release_year, duration_minutes, country, language, synopsis, poster_image_url, backdrop_image_url) VALUES (685274, 'Mobile Suit Gundam Hathaway', 2021, 96, 'Japan', 'Japanese', 'Twelve years after Char''s rebellion, Hathaway Noa leads an insurgency against Earth Federation, but meeting an enemy officer and a mysterious woman alters his fate.', 'https://image.tmdb.org/t/p/w500/6gw8onh4FKsruBA7Oouv01EFxzn.jpg', 'https://image.tmdb.org/t/p/original/mI0Qo7VtgW5siCtQQqNPXIk0Ar6.jpg') ON CONFLICT (id) DO UPDATE SET title = EXCLUDED.title, release_year = EXCLUDED.release_year, duration_minutes = EXCLUDED.duration_minutes, country = EXCLUDED.country, language = EXCLUDED.language, synopsis = EXCLUDED.synopsis, poster_image_url = EXCLUDED.poster_image_url, backdrop_image_url = EXCLUDED.backdrop_image_url;
INSERT INTO movie_directors (movie_id, director) VALUES (685274, 'Shukou Murase');
INSERT INTO movie_cast_members (movie_id, cast_member) VALUES (685274, 'Kensho Ono');
INSERT INTO movie_cast_members (movie_id, cast_member) VALUES (685274, 'Reina Ueda');
INSERT INTO movie_cast_members (movie_id, cast_member) VALUES (685274, 'Junichi Suwabe');
INSERT INTO movie_cast_members (movie_id, cast_member) VALUES (685274, 'Soma Saito');
INSERT INTO movie_cast_members (movie_id, cast_member) VALUES (685274, 'Atsumi Tanezaki');
INSERT INTO movie_genres (movie_id, genre) VALUES (685274, 'Animation');
INSERT INTO movie_genres (movie_id, genre) VALUES (685274, 'Action');
INSERT INTO movie_genres (movie_id, genre) VALUES (685274, 'Drama');
INSERT INTO movie_genres (movie_id, genre) VALUES (685274, 'Science Fiction');
INSERT INTO movie_image_urls (movie_id, image_url) VALUES (685274, 'https://image.tmdb.org/t/p/original/lkQ3p3zLVY9mfLPEJ1mdIbfSLmk.jpg');
INSERT INTO movie_image_urls (movie_id, image_url) VALUES (685274, 'https://image.tmdb.org/t/p/original/mbXD6I420ml3jXx8BHae8s5XRH0.jpg');
INSERT INTO movie_image_urls (movie_id, image_url) VALUES (685274, 'https://image.tmdb.org/t/p/original/gdIwS42ATtPgisA3Ctj2modEtYz.jpg');
INSERT INTO movie_image_urls (movie_id, image_url) VALUES (685274, 'https://image.tmdb.org/t/p/original/eXsoJy6DIVCJvYmcNWnG5K36huU.jpg');

INSERT INTO movies (id, title, release_year, duration_minutes, country, language, synopsis, poster_image_url, backdrop_image_url) VALUES (1287141, 'Pillion', 2025, 107, 'United Kingdom', 'English', 'Colin, a timid gay man, is swept off his feet when Ray, an enigmatic and impossibly handsome biker, takes him on as his submissive in a crazy and erotic BDSM-focused relationship.', 'https://image.tmdb.org/t/p/w500/7Pd6ChSQjSXy4snJiorSdzg2cG3.jpg', 'https://image.tmdb.org/t/p/original/rBYrtkAy9YtRuFpX1g6JbcjRT8h.jpg') ON CONFLICT (id) DO UPDATE SET title = EXCLUDED.title, release_year = EXCLUDED.release_year, duration_minutes = EXCLUDED.duration_minutes, country = EXCLUDED.country, language = EXCLUDED.language, synopsis = EXCLUDED.synopsis, poster_image_url = EXCLUDED.poster_image_url, backdrop_image_url = EXCLUDED.backdrop_image_url;
INSERT INTO movie_directors (movie_id, director) VALUES (1287141, 'Harry Lighton');
INSERT INTO movie_cast_members (movie_id, cast_member) VALUES (1287141, 'Harry Melling');
INSERT INTO movie_cast_members (movie_id, cast_member) VALUES (1287141, 'Alexander Skarsgård');
INSERT INTO movie_cast_members (movie_id, cast_member) VALUES (1287141, 'Lesley Sharp');
INSERT INTO movie_cast_members (movie_id, cast_member) VALUES (1287141, 'Douglas Hodge');
INSERT INTO movie_cast_members (movie_id, cast_member) VALUES (1287141, 'Jake Shears');
INSERT INTO movie_genres (movie_id, genre) VALUES (1287141, 'Romance');
INSERT INTO movie_genres (movie_id, genre) VALUES (1287141, 'Drama');
INSERT INTO movie_genres (movie_id, genre) VALUES (1287141, 'Comedy');
INSERT INTO movie_image_urls (movie_id, image_url) VALUES (1287141, 'https://image.tmdb.org/t/p/original/85nQrjQlIYaj7veZuhiO3MdZgY0.jpg');
INSERT INTO movie_image_urls (movie_id, image_url) VALUES (1287141, 'https://image.tmdb.org/t/p/original/vqC6OjfU73Hn1ZOA7Is9gfnNaof.jpg');
INSERT INTO movie_image_urls (movie_id, image_url) VALUES (1287141, 'https://image.tmdb.org/t/p/original/uJQVn75jdJXnA9InYqXPF3aSnkd.jpg');
INSERT INTO movie_image_urls (movie_id, image_url) VALUES (1287141, 'https://image.tmdb.org/t/p/original/woIWDJsR7YzYdJ6INravdeTiLW0.jpg');

INSERT INTO movies (id, title, release_year, duration_minutes, country, language, synopsis, poster_image_url, backdrop_image_url) VALUES (1371185, 'Song Sung Blue', 2025, 133, 'United States of America', 'English', 'Based on a true story, two down-on-their-luck musicians form a joyous Neil Diamond tribute band, proving it''s never too late to find love and follow your dreams.', 'https://image.tmdb.org/t/p/w500/kQzDdxI0F5z16qo2vzDoqdVMl4O.jpg', 'https://image.tmdb.org/t/p/original/wLauNnJYmvVLN0MiOv0tjdiPs0J.jpg') ON CONFLICT (id) DO UPDATE SET title = EXCLUDED.title, release_year = EXCLUDED.release_year, duration_minutes = EXCLUDED.duration_minutes, country = EXCLUDED.country, language = EXCLUDED.language, synopsis = EXCLUDED.synopsis, poster_image_url = EXCLUDED.poster_image_url, backdrop_image_url = EXCLUDED.backdrop_image_url;
INSERT INTO movie_directors (movie_id, director) VALUES (1371185, 'Craig Brewer');
INSERT INTO movie_cast_members (movie_id, cast_member) VALUES (1371185, 'Hugh Jackman');
INSERT INTO movie_cast_members (movie_id, cast_member) VALUES (1371185, 'Kate Hudson');
INSERT INTO movie_cast_members (movie_id, cast_member) VALUES (1371185, 'Michael Imperioli');
INSERT INTO movie_cast_members (movie_id, cast_member) VALUES (1371185, 'Fisher Stevens');
INSERT INTO movie_cast_members (movie_id, cast_member) VALUES (1371185, 'Jim Belushi');
INSERT INTO movie_genres (movie_id, genre) VALUES (1371185, 'Music');
INSERT INTO movie_genres (movie_id, genre) VALUES (1371185, 'Romance');
INSERT INTO movie_genres (movie_id, genre) VALUES (1371185, 'Drama');
INSERT INTO movie_image_urls (movie_id, image_url) VALUES (1371185, 'https://image.tmdb.org/t/p/original/zNwSFx7lwlDO75wQe8ibc8NJ59w.jpg');
INSERT INTO movie_image_urls (movie_id, image_url) VALUES (1371185, 'https://image.tmdb.org/t/p/original/mnEx3lTjjQYHMj55ZnZHQZVUlZ.jpg');
INSERT INTO movie_image_urls (movie_id, image_url) VALUES (1371185, 'https://image.tmdb.org/t/p/original/a6QAauAiQd1ddFi4MzlbEv3Cha9.jpg');
INSERT INTO movie_image_urls (movie_id, image_url) VALUES (1371185, 'https://image.tmdb.org/t/p/original/rWv8HTCH8CpJxiQ7JQHBl9POErI.jpg');

INSERT INTO movies (id, title, release_year, duration_minutes, country, language, synopsis, poster_image_url, backdrop_image_url) VALUES (405746, 'Door', 1988, 94, 'Japan', 'Japanese', 'Yasuko, a housewife, lives in an urban high-rise apartment with her husband Satoru and her son Takuto. Annoyed by spam calls and door-to-door salesmen, Yasuko slams the door on a salesman’s hand when he tries to squeeze a flyer through the apartment''s chained front door. He leaves, but the next day, her nightmare starts.', 'https://image.tmdb.org/t/p/w500/uNTZ9vp32AYd6kcAcm63jVg6u44.jpg', 'https://image.tmdb.org/t/p/original/oRzXPixvyO3zHbAXatpOwbM6u1S.jpg') ON CONFLICT (id) DO UPDATE SET title = EXCLUDED.title, release_year = EXCLUDED.release_year, duration_minutes = EXCLUDED.duration_minutes, country = EXCLUDED.country, language = EXCLUDED.language, synopsis = EXCLUDED.synopsis, poster_image_url = EXCLUDED.poster_image_url, backdrop_image_url = EXCLUDED.backdrop_image_url;
INSERT INTO movie_directors (movie_id, director) VALUES (405746, 'Banmei Takahashi');
INSERT INTO movie_cast_members (movie_id, cast_member) VALUES (405746, 'Keiko Takahashi');
INSERT INTO movie_cast_members (movie_id, cast_member) VALUES (405746, 'Daijiro Tsutsumi');
INSERT INTO movie_cast_members (movie_id, cast_member) VALUES (405746, 'Shirō Shimomoto');
INSERT INTO movie_cast_members (movie_id, cast_member) VALUES (405746, 'Takuto Yonezu');
INSERT INTO movie_cast_members (movie_id, cast_member) VALUES (405746, 'Masao Ishida');
INSERT INTO movie_genres (movie_id, genre) VALUES (405746, 'Horror');
INSERT INTO movie_genres (movie_id, genre) VALUES (405746, 'Mystery');
INSERT INTO movie_genres (movie_id, genre) VALUES (405746, 'Thriller');
INSERT INTO movie_image_urls (movie_id, image_url) VALUES (405746, 'https://image.tmdb.org/t/p/original/quhpmlOQghr92LI3GHXOZOl5SnG.jpg');
INSERT INTO movie_image_urls (movie_id, image_url) VALUES (405746, 'https://image.tmdb.org/t/p/original/3SrxfpmXfsjibeFQK562gGQDCRx.jpg');
INSERT INTO movie_image_urls (movie_id, image_url) VALUES (405746, 'https://image.tmdb.org/t/p/original/lfenlVrMWzI0qnh29bHrVYpsRuP.jpg');

INSERT INTO movies (id, title, release_year, duration_minutes, country, language, synopsis, poster_image_url, backdrop_image_url) VALUES (7451, 'xXx', 2002, 124, 'United States of America', 'Czech', 'Xander Cage is your standard adrenaline junkie with no fear and a lousy attitude. When the US Government "recruits" him to go on a mission, he''s not exactly thrilled. His mission: to gather information on an organization that may just be planning the destruction of the world, led by the nihilistic Yorgi.', 'https://image.tmdb.org/t/p/w500/xeEw3eLeSFmJgXZzmF2Efww0q3s.jpg', 'https://image.tmdb.org/t/p/original/2OHa6ukEq3Hce7Pc2kvu8wkmMFY.jpg') ON CONFLICT (id) DO UPDATE SET title = EXCLUDED.title, release_year = EXCLUDED.release_year, duration_minutes = EXCLUDED.duration_minutes, country = EXCLUDED.country, language = EXCLUDED.language, synopsis = EXCLUDED.synopsis, poster_image_url = EXCLUDED.poster_image_url, backdrop_image_url = EXCLUDED.backdrop_image_url;
INSERT INTO movie_directors (movie_id, director) VALUES (7451, 'Rob Cohen');
INSERT INTO movie_cast_members (movie_id, cast_member) VALUES (7451, 'Vin Diesel');
INSERT INTO movie_cast_members (movie_id, cast_member) VALUES (7451, 'Asia Argento');
INSERT INTO movie_cast_members (movie_id, cast_member) VALUES (7451, 'Marton Csokas');
INSERT INTO movie_cast_members (movie_id, cast_member) VALUES (7451, 'Samuel L. Jackson');
INSERT INTO movie_cast_members (movie_id, cast_member) VALUES (7451, 'Michael Roof');
INSERT INTO movie_genres (movie_id, genre) VALUES (7451, 'Action');
INSERT INTO movie_genres (movie_id, genre) VALUES (7451, 'Adventure');
INSERT INTO movie_genres (movie_id, genre) VALUES (7451, 'Thriller');
INSERT INTO movie_genres (movie_id, genre) VALUES (7451, 'Crime');
INSERT INTO movie_genres (movie_id, genre) VALUES (7451, 'Drama');
INSERT INTO movie_image_urls (movie_id, image_url) VALUES (7451, 'https://image.tmdb.org/t/p/original/qwK9soQmmJ7kRdjLZVXblw3g7AQ.jpg');
INSERT INTO movie_image_urls (movie_id, image_url) VALUES (7451, 'https://image.tmdb.org/t/p/original/4QXRStvIJHsHLUf6hr7aweMX7em.jpg');
INSERT INTO movie_image_urls (movie_id, image_url) VALUES (7451, 'https://image.tmdb.org/t/p/original/qqhrFZ5KbUNRE6OTsXNvOaDQmi2.jpg');
INSERT INTO movie_image_urls (movie_id, image_url) VALUES (7451, 'https://image.tmdb.org/t/p/original/alops4VVk7U4PKjexiHKAKigR4f.jpg');

INSERT INTO movies (id, title, release_year, duration_minutes, country, language, synopsis, poster_image_url, backdrop_image_url) VALUES (24428, 'The Avengers', 2012, 143, 'United States of America', 'English', 'When an unexpected enemy emerges and threatens global safety and security, Nick Fury, director of the international peacekeeping agency known as S.H.I.E.L.D., finds himself in need of a team to pull the world back from the brink of disaster. Spanning the globe, a daring recruitment effort begins!', 'https://image.tmdb.org/t/p/w500/RYMX2wcKCBAr24UyPD7xwmjaTn.jpg', 'https://image.tmdb.org/t/p/original/9BBTo63ANSmhC4e6r62OJFuK2GL.jpg') ON CONFLICT (id) DO UPDATE SET title = EXCLUDED.title, release_year = EXCLUDED.release_year, duration_minutes = EXCLUDED.duration_minutes, country = EXCLUDED.country, language = EXCLUDED.language, synopsis = EXCLUDED.synopsis, poster_image_url = EXCLUDED.poster_image_url, backdrop_image_url = EXCLUDED.backdrop_image_url;
INSERT INTO movie_directors (movie_id, director) VALUES (24428, 'Joss Whedon');
INSERT INTO movie_cast_members (movie_id, cast_member) VALUES (24428, 'Robert Downey Jr.');
INSERT INTO movie_cast_members (movie_id, cast_member) VALUES (24428, 'Chris Evans');
INSERT INTO movie_cast_members (movie_id, cast_member) VALUES (24428, 'Mark Ruffalo');
INSERT INTO movie_cast_members (movie_id, cast_member) VALUES (24428, 'Chris Hemsworth');
INSERT INTO movie_cast_members (movie_id, cast_member) VALUES (24428, 'Scarlett Johansson');
INSERT INTO movie_genres (movie_id, genre) VALUES (24428, 'Science Fiction');
INSERT INTO movie_genres (movie_id, genre) VALUES (24428, 'Action');
INSERT INTO movie_genres (movie_id, genre) VALUES (24428, 'Adventure');
INSERT INTO movie_image_urls (movie_id, image_url) VALUES (24428, 'https://image.tmdb.org/t/p/original/pGFQCp12a8andfPlpnmXz44IIvY.jpg');
INSERT INTO movie_image_urls (movie_id, image_url) VALUES (24428, 'https://image.tmdb.org/t/p/original/nNmJRkg8wWnRmzQDe2FwKbPIsJV.jpg');
INSERT INTO movie_image_urls (movie_id, image_url) VALUES (24428, 'https://image.tmdb.org/t/p/original/gHLs7Fy3DzLmLsD4lmfqL55KGcl.jpg');
INSERT INTO movie_image_urls (movie_id, image_url) VALUES (24428, 'https://image.tmdb.org/t/p/original/huOmAVZBfXPMIRwjFmyGzZLojHR.jpg');

INSERT INTO movies (id, title, release_year, duration_minutes, country, language, synopsis, poster_image_url, backdrop_image_url) VALUES (1272837, '28 Years Later: The Bone Temple', 2026, 109, 'United Kingdom', 'English', 'Dr. Kelson finds himself in a shocking new relationship - with consequences that could change the world as they know it - and Spike''s encounter with Jimmy Crystal becomes a nightmare he can''t escape.', 'https://image.tmdb.org/t/p/w500/kK1BGkG3KAvWB0WMV1DfOx9yTMZ.jpg', 'https://image.tmdb.org/t/p/original/hHDNOlATHhre4eZ7aYz5cdyJLik.jpg') ON CONFLICT (id) DO UPDATE SET title = EXCLUDED.title, release_year = EXCLUDED.release_year, duration_minutes = EXCLUDED.duration_minutes, country = EXCLUDED.country, language = EXCLUDED.language, synopsis = EXCLUDED.synopsis, poster_image_url = EXCLUDED.poster_image_url, backdrop_image_url = EXCLUDED.backdrop_image_url;
INSERT INTO movie_directors (movie_id, director) VALUES (1272837, 'Nia DaCosta');
INSERT INTO movie_cast_members (movie_id, cast_member) VALUES (1272837, 'Ralph Fiennes');
INSERT INTO movie_cast_members (movie_id, cast_member) VALUES (1272837, 'Jack O''Connell');
INSERT INTO movie_cast_members (movie_id, cast_member) VALUES (1272837, 'Alfie Williams');
INSERT INTO movie_cast_members (movie_id, cast_member) VALUES (1272837, 'Erin Kellyman');
INSERT INTO movie_cast_members (movie_id, cast_member) VALUES (1272837, 'Chi Lewis-Parry');
INSERT INTO movie_genres (movie_id, genre) VALUES (1272837, 'Horror');
INSERT INTO movie_genres (movie_id, genre) VALUES (1272837, 'Thriller');
INSERT INTO movie_genres (movie_id, genre) VALUES (1272837, 'Science Fiction');
INSERT INTO movie_image_urls (movie_id, image_url) VALUES (1272837, 'https://image.tmdb.org/t/p/original/ryynYdXgP2vLZKH3154bLkNp1kx.jpg');
INSERT INTO movie_image_urls (movie_id, image_url) VALUES (1272837, 'https://image.tmdb.org/t/p/original/dT1p0K1szMAUBuE2bibouDQdNb8.jpg');
INSERT INTO movie_image_urls (movie_id, image_url) VALUES (1272837, 'https://image.tmdb.org/t/p/original/cwX1koqx0UsN0naDGxKFMs3raUZ.jpg');
INSERT INTO movie_image_urls (movie_id, image_url) VALUES (1272837, 'https://image.tmdb.org/t/p/original/sVy9ti5AnS3aNvpkAKr8umUB9NU.jpg');

INSERT INTO movies (id, title, release_year, duration_minutes, country, language, synopsis, poster_image_url, backdrop_image_url) VALUES (1634301, 'Vanaveera', 2026, 1, NULL, 'Telugu', 'A descendant of the Vanara clan is pushed into conflict when a modern-day Ravana seizes his only bike for an election rally. What starts as a petty injustice soon erupts into a fierce fight for self-respect and dignity.', 'https://image.tmdb.org/t/p/w500/oBYExKI8E3bTzQjPkofhpV2EJon.jpg', 'https://image.tmdb.org/t/p/original/lmns2jlRmATs8OGWKcCkgrbHLM4.jpg') ON CONFLICT (id) DO UPDATE SET title = EXCLUDED.title, release_year = EXCLUDED.release_year, duration_minutes = EXCLUDED.duration_minutes, country = EXCLUDED.country, language = EXCLUDED.language, synopsis = EXCLUDED.synopsis, poster_image_url = EXCLUDED.poster_image_url, backdrop_image_url = EXCLUDED.backdrop_image_url;
INSERT INTO movie_directors (movie_id, director) VALUES (1634301, 'Unknown');
INSERT INTO movie_cast_members (movie_id, cast_member) VALUES (1634301, 'Chammak Chandra');
INSERT INTO movie_cast_members (movie_id, cast_member) VALUES (1634301, 'Simran Choudhary');
INSERT INTO movie_cast_members (movie_id, cast_member) VALUES (1634301, 'Nandu Vijay Krishna');
INSERT INTO movie_genres (movie_id, genre) VALUES (1634301, 'Action');
INSERT INTO movie_genres (movie_id, genre) VALUES (1634301, 'Drama');

INSERT INTO movies (id, title, release_year, duration_minutes, country, language, synopsis, poster_image_url, backdrop_image_url) VALUES (1387382, 'Hunting Season', 2025, 93, 'United States of America', 'English', 'When a reclusive survivalist and his daughter rescue a mysterious, wounded woman from a river, they become entangled in a deadly web of violence and revenge, forcing them to confront a brutal criminal to survive.', 'https://image.tmdb.org/t/p/w500/cbryTyaWdqrKpQCw6K7zm2jrB5v.jpg', 'https://image.tmdb.org/t/p/original/eJ0HooOOD1uzI39CfOQNWIiWKlJ.jpg') ON CONFLICT (id) DO UPDATE SET title = EXCLUDED.title, release_year = EXCLUDED.release_year, duration_minutes = EXCLUDED.duration_minutes, country = EXCLUDED.country, language = EXCLUDED.language, synopsis = EXCLUDED.synopsis, poster_image_url = EXCLUDED.poster_image_url, backdrop_image_url = EXCLUDED.backdrop_image_url;
INSERT INTO movie_directors (movie_id, director) VALUES (1387382, 'Raja Collins');
INSERT INTO movie_cast_members (movie_id, cast_member) VALUES (1387382, 'Mel Gibson');
INSERT INTO movie_cast_members (movie_id, cast_member) VALUES (1387382, 'Shelley Hennig');
INSERT INTO movie_cast_members (movie_id, cast_member) VALUES (1387382, 'Jordi Mollà');
INSERT INTO movie_cast_members (movie_id, cast_member) VALUES (1387382, 'Sofia Hublitz');
INSERT INTO movie_cast_members (movie_id, cast_member) VALUES (1387382, 'A.J. Buckley');
INSERT INTO movie_genres (movie_id, genre) VALUES (1387382, 'Action');
INSERT INTO movie_genres (movie_id, genre) VALUES (1387382, 'Drama');
INSERT INTO movie_genres (movie_id, genre) VALUES (1387382, 'Thriller');
INSERT INTO movie_image_urls (movie_id, image_url) VALUES (1387382, 'https://image.tmdb.org/t/p/original/d2W3lGoC4Zu4XCgInwqulpMlyAR.jpg');
INSERT INTO movie_image_urls (movie_id, image_url) VALUES (1387382, 'https://image.tmdb.org/t/p/original/wNamNv018mUVvxuhxkubSuHI81.jpg');
INSERT INTO movie_image_urls (movie_id, image_url) VALUES (1387382, 'https://image.tmdb.org/t/p/original/7voqBT0jgHeJlWa8TPrfl1kaRmK.jpg');
INSERT INTO movie_image_urls (movie_id, image_url) VALUES (1387382, 'https://image.tmdb.org/t/p/original/jNWTzvdYpvWBr7Ita4YRPtAeMT0.jpg');

INSERT INTO movies (id, title, release_year, duration_minutes, country, language, synopsis, poster_image_url, backdrop_image_url) VALUES (1235877, 'Jana Nayagan', 0, 183, 'India', 'Tamil', 'A clash of ideologies. One stands for the people, the other feeds on control. Their paths collided once before. Years later, a child’s silent fear ignites the past, drawing a former police officer into a battle far bigger than personal revenge.', 'https://image.tmdb.org/t/p/w500/jt8pfSIdi47YpFMMWVRr8w5u2S0.jpg', 'https://image.tmdb.org/t/p/original/v3lNH2gCojWYXVuXcT9FZLBxcSq.jpg') ON CONFLICT (id) DO UPDATE SET title = EXCLUDED.title, release_year = EXCLUDED.release_year, duration_minutes = EXCLUDED.duration_minutes, country = EXCLUDED.country, language = EXCLUDED.language, synopsis = EXCLUDED.synopsis, poster_image_url = EXCLUDED.poster_image_url, backdrop_image_url = EXCLUDED.backdrop_image_url;
INSERT INTO movie_directors (movie_id, director) VALUES (1235877, 'H. Vinoth');
INSERT INTO movie_cast_members (movie_id, cast_member) VALUES (1235877, 'Vijay');
INSERT INTO movie_cast_members (movie_id, cast_member) VALUES (1235877, 'Mamitha Baiju');
INSERT INTO movie_cast_members (movie_id, cast_member) VALUES (1235877, 'Bobby Deol');
INSERT INTO movie_cast_members (movie_id, cast_member) VALUES (1235877, 'Pooja Hegde');
INSERT INTO movie_cast_members (movie_id, cast_member) VALUES (1235877, 'Priyamani');
INSERT INTO movie_genres (movie_id, genre) VALUES (1235877, 'Action');
INSERT INTO movie_genres (movie_id, genre) VALUES (1235877, 'Drama');
INSERT INTO movie_genres (movie_id, genre) VALUES (1235877, 'Science Fiction');
INSERT INTO movie_image_urls (movie_id, image_url) VALUES (1235877, 'https://image.tmdb.org/t/p/original/m44Qrfv0Dqqo3zswdGv2yrYbx5Y.jpg');
INSERT INTO movie_image_urls (movie_id, image_url) VALUES (1235877, 'https://image.tmdb.org/t/p/original/1aH8xWF7ECpE0sAPrQQ1lCWaII5.jpg');
INSERT INTO movie_image_urls (movie_id, image_url) VALUES (1235877, 'https://image.tmdb.org/t/p/original/c0DSu8x8n1JQOLEniq6O4TCHE2i.jpg');
INSERT INTO movie_image_urls (movie_id, image_url) VALUES (1235877, 'https://image.tmdb.org/t/p/original/9Szl1wTUSBGSeLl41QuaSkcDYEV.jpg');

INSERT INTO movies (id, title, release_year, duration_minutes, country, language, synopsis, poster_image_url, backdrop_image_url) VALUES (98477, 'The Eagle', 1925, 73, 'United States of America', 'No Language', 'Vladimir Dubrouvsky, a lieutenant in the Russian army, catches the eye of Czarina Catherine II. He spurns her advances and flees, and she puts out a warrant for his arrest, dead or alive. Vladimir learns that his father''s lands have been taken by the evil Kyrilla Troekouroff, and his father dies. He dons a black mask, and becomes the outlaw The Black Eagle. He enters the Troekouroff household disguised as a French instructor for Kyrilla''s daughter Mascha. He is after vengeance, but instead falls in love with Mascha.', 'https://image.tmdb.org/t/p/w500/dwF5S5Vbk2gZC3MPNxn9O5eBJSa.jpg', 'https://image.tmdb.org/t/p/original/rxmIzefXWrEhscIXRNDuMhwFL1.jpg') ON CONFLICT (id) DO UPDATE SET title = EXCLUDED.title, release_year = EXCLUDED.release_year, duration_minutes = EXCLUDED.duration_minutes, country = EXCLUDED.country, language = EXCLUDED.language, synopsis = EXCLUDED.synopsis, poster_image_url = EXCLUDED.poster_image_url, backdrop_image_url = EXCLUDED.backdrop_image_url;
INSERT INTO movie_directors (movie_id, director) VALUES (98477, 'Clarence Brown');
INSERT INTO movie_cast_members (movie_id, cast_member) VALUES (98477, 'Rudolph Valentino');
INSERT INTO movie_cast_members (movie_id, cast_member) VALUES (98477, 'Vilma Banky');
INSERT INTO movie_cast_members (movie_id, cast_member) VALUES (98477, 'Louise Dresser');
INSERT INTO movie_cast_members (movie_id, cast_member) VALUES (98477, 'Albert Conti');
INSERT INTO movie_cast_members (movie_id, cast_member) VALUES (98477, 'James A. Marcus');
INSERT INTO movie_genres (movie_id, genre) VALUES (98477, 'Adventure');
INSERT INTO movie_genres (movie_id, genre) VALUES (98477, 'Romance');
INSERT INTO movie_genres (movie_id, genre) VALUES (98477, 'Comedy');
INSERT INTO movie_image_urls (movie_id, image_url) VALUES (98477, 'https://image.tmdb.org/t/p/original/9rTwWkxz8ZFcuWwed17g72ch7ee.jpg');
INSERT INTO movie_image_urls (movie_id, image_url) VALUES (98477, 'https://image.tmdb.org/t/p/original/wrxtIbBGf10KWYQ5vPtIHLBTX9C.jpg');

INSERT INTO movies (id, title, release_year, duration_minutes, country, language, synopsis, poster_image_url, backdrop_image_url) VALUES (28975, 'Taffin', 1988, 96, 'Ireland', 'English', 'When a small Irish town is terrorized by a corrupt business syndicate, a lone hero wages an all out war.', 'https://image.tmdb.org/t/p/w500/niIHSyg2Wgj3v4POepjtlMaWUtw.jpg', 'https://image.tmdb.org/t/p/original/bgzHRy8QPLammnR4psTDzh4gfmR.jpg') ON CONFLICT (id) DO UPDATE SET title = EXCLUDED.title, release_year = EXCLUDED.release_year, duration_minutes = EXCLUDED.duration_minutes, country = EXCLUDED.country, language = EXCLUDED.language, synopsis = EXCLUDED.synopsis, poster_image_url = EXCLUDED.poster_image_url, backdrop_image_url = EXCLUDED.backdrop_image_url;
INSERT INTO movie_directors (movie_id, director) VALUES (28975, 'Francis Megahy');
INSERT INTO movie_cast_members (movie_id, cast_member) VALUES (28975, 'Pierce Brosnan');
INSERT INTO movie_cast_members (movie_id, cast_member) VALUES (28975, 'Ray McAnally');
INSERT INTO movie_cast_members (movie_id, cast_member) VALUES (28975, 'Alison Doody');
INSERT INTO movie_cast_members (movie_id, cast_member) VALUES (28975, 'Jeremy Child');
INSERT INTO movie_cast_members (movie_id, cast_member) VALUES (28975, 'Dearbhla Molloy');
INSERT INTO movie_genres (movie_id, genre) VALUES (28975, 'Action');
INSERT INTO movie_genres (movie_id, genre) VALUES (28975, 'Thriller');
INSERT INTO movie_image_urls (movie_id, image_url) VALUES (28975, 'https://image.tmdb.org/t/p/original/oK116MqUoru7WDlbjPzKpRMf2Dp.jpg');
INSERT INTO movie_image_urls (movie_id, image_url) VALUES (28975, 'https://image.tmdb.org/t/p/original/q7Oly6ohRxOi3GC9UDbOiHbKC9g.jpg');
INSERT INTO movie_image_urls (movie_id, image_url) VALUES (28975, 'https://image.tmdb.org/t/p/original/ePWgPuAOYa2L4PCzNRhI7MFH7xr.jpg');
INSERT INTO movie_image_urls (movie_id, image_url) VALUES (28975, 'https://image.tmdb.org/t/p/original/yZtAIBdPBvJfFwkp18t9HFB8yuB.jpg');

INSERT INTO movies (id, title, release_year, duration_minutes, country, language, synopsis, poster_image_url, backdrop_image_url) VALUES (425274, 'Now You See Me: Now You Don''t', 2025, 113, 'United States of America', 'English', 'The original Four Horsemen reunite with a new generation of illusionists to take on powerful diamond heiress Veronika Vanderberg, who leads a criminal empire built on money laundering and trafficking. The new and old magicians must overcome their differences to work together on their most ambitious heist yet.', 'https://image.tmdb.org/t/p/w500/oD3Eey4e4Z259XLm3eD3WGcoJAh.jpg', 'https://image.tmdb.org/t/p/original/ufqytAlziHq5pljKByGJ8IKhtEZ.jpg') ON CONFLICT (id) DO UPDATE SET title = EXCLUDED.title, release_year = EXCLUDED.release_year, duration_minutes = EXCLUDED.duration_minutes, country = EXCLUDED.country, language = EXCLUDED.language, synopsis = EXCLUDED.synopsis, poster_image_url = EXCLUDED.poster_image_url, backdrop_image_url = EXCLUDED.backdrop_image_url;
INSERT INTO movie_directors (movie_id, director) VALUES (425274, 'Ruben Fleischer');
INSERT INTO movie_cast_members (movie_id, cast_member) VALUES (425274, 'Jesse Eisenberg');
INSERT INTO movie_cast_members (movie_id, cast_member) VALUES (425274, 'Dominic Sessa');
INSERT INTO movie_cast_members (movie_id, cast_member) VALUES (425274, 'Ariana Greenblatt');
INSERT INTO movie_cast_members (movie_id, cast_member) VALUES (425274, 'Justice Smith');
INSERT INTO movie_cast_members (movie_id, cast_member) VALUES (425274, 'Rosamund Pike');
INSERT INTO movie_genres (movie_id, genre) VALUES (425274, 'Crime');
INSERT INTO movie_genres (movie_id, genre) VALUES (425274, 'Thriller');
INSERT INTO movie_image_urls (movie_id, image_url) VALUES (425274, 'https://image.tmdb.org/t/p/original/dHSz0tSFuO2CsXJ1CApSauP9Ncl.jpg');
INSERT INTO movie_image_urls (movie_id, image_url) VALUES (425274, 'https://image.tmdb.org/t/p/original/hfwzCPUjsCeEKmo9ch5uFmrjRbx.jpg');
INSERT INTO movie_image_urls (movie_id, image_url) VALUES (425274, 'https://image.tmdb.org/t/p/original/9LzXmDMINrBqrNE5gdBCCKy6RFF.jpg');
INSERT INTO movie_image_urls (movie_id, image_url) VALUES (425274, 'https://image.tmdb.org/t/p/original/rnzWD0FB0yaGThese1AQYPoxnaW.jpg');

INSERT INTO movies (id, title, release_year, duration_minutes, country, language, synopsis, poster_image_url, backdrop_image_url) VALUES (1306368, 'The Rip', 2026, 113, 'United States of America', 'English', 'Trust frays when a team of Miami cops discovers millions in cash inside a run-down stash house, calling everyone — and everything — into question.', 'https://image.tmdb.org/t/p/w500/eZo31Dhl5BQ6GfbMNf3oU0tUvPZ.jpg', 'https://image.tmdb.org/t/p/original/3F2EXWF1thX0BdrVaKvnm6mAhqh.jpg') ON CONFLICT (id) DO UPDATE SET title = EXCLUDED.title, release_year = EXCLUDED.release_year, duration_minutes = EXCLUDED.duration_minutes, country = EXCLUDED.country, language = EXCLUDED.language, synopsis = EXCLUDED.synopsis, poster_image_url = EXCLUDED.poster_image_url, backdrop_image_url = EXCLUDED.backdrop_image_url;
INSERT INTO movie_directors (movie_id, director) VALUES (1306368, 'Joe Carnahan');
INSERT INTO movie_cast_members (movie_id, cast_member) VALUES (1306368, 'Matt Damon');
INSERT INTO movie_cast_members (movie_id, cast_member) VALUES (1306368, 'Ben Affleck');
INSERT INTO movie_cast_members (movie_id, cast_member) VALUES (1306368, 'Teyana Taylor');
INSERT INTO movie_cast_members (movie_id, cast_member) VALUES (1306368, 'Steven Yeun');
INSERT INTO movie_cast_members (movie_id, cast_member) VALUES (1306368, 'Catalina Sandino Moreno');
INSERT INTO movie_genres (movie_id, genre) VALUES (1306368, 'Action');
INSERT INTO movie_genres (movie_id, genre) VALUES (1306368, 'Thriller');
INSERT INTO movie_genres (movie_id, genre) VALUES (1306368, 'Crime');
INSERT INTO movie_image_urls (movie_id, image_url) VALUES (1306368, 'https://image.tmdb.org/t/p/original/kwNIQW7egAmI66sb0zIugMbpCfU.jpg');
INSERT INTO movie_image_urls (movie_id, image_url) VALUES (1306368, 'https://image.tmdb.org/t/p/original/zbSi7PD03wuhYJKMflSqCz40ZOv.jpg');
INSERT INTO movie_image_urls (movie_id, image_url) VALUES (1306368, 'https://image.tmdb.org/t/p/original/kEZOMElotWMdZRVH3VX7wN8mNrS.jpg');
INSERT INTO movie_image_urls (movie_id, image_url) VALUES (1306368, 'https://image.tmdb.org/t/p/original/boiZW1aTSyCjPei0YRqFTbvjT5C.jpg');

INSERT INTO movies (id, title, release_year, duration_minutes, country, language, synopsis, poster_image_url, backdrop_image_url) VALUES (12509, 'Pollock', 2000, 132, 'United States of America', 'English', 'In August of 1949, Life Magazine ran a banner headline that begged the question: "Jackson Pollock: Is he the greatest living painter in the United States?" The film is a look back into the life of an extraordinary man, a man who has fittingly been called "an artist dedicated to concealment, a celebrity who nobody knew." As he struggled with self-doubt, engaging in a lonely tug-of-war between needing to express himself and wanting to shut the world out, Pollock began a downward spiral.', 'https://image.tmdb.org/t/p/w500/azsBSw2zw2uNHiCjTnbe9TJVEDB.jpg', 'https://image.tmdb.org/t/p/original/diLUnClHswIfhpJSjpblvSjWL9U.jpg') ON CONFLICT (id) DO UPDATE SET title = EXCLUDED.title, release_year = EXCLUDED.release_year, duration_minutes = EXCLUDED.duration_minutes, country = EXCLUDED.country, language = EXCLUDED.language, synopsis = EXCLUDED.synopsis, poster_image_url = EXCLUDED.poster_image_url, backdrop_image_url = EXCLUDED.backdrop_image_url;
INSERT INTO movie_directors (movie_id, director) VALUES (12509, 'Ed Harris');
INSERT INTO movie_cast_members (movie_id, cast_member) VALUES (12509, 'Ed Harris');
INSERT INTO movie_cast_members (movie_id, cast_member) VALUES (12509, 'Marcia Gay Harden');
INSERT INTO movie_cast_members (movie_id, cast_member) VALUES (12509, 'Tom Bower');
INSERT INTO movie_cast_members (movie_id, cast_member) VALUES (12509, 'Jennifer Connelly');
INSERT INTO movie_cast_members (movie_id, cast_member) VALUES (12509, 'Bud Cort');
INSERT INTO movie_genres (movie_id, genre) VALUES (12509, 'Drama');
INSERT INTO movie_genres (movie_id, genre) VALUES (12509, 'History');
INSERT INTO movie_image_urls (movie_id, image_url) VALUES (12509, 'https://image.tmdb.org/t/p/original/7me6Tp9o8K0KVrtVbq0U4FeBvkq.jpg');
INSERT INTO movie_image_urls (movie_id, image_url) VALUES (12509, 'https://image.tmdb.org/t/p/original/hnSL3b8Ynjbwm17hzA0WkZs1Zqs.jpg');

INSERT INTO movies (id, title, release_year, duration_minutes, country, language, synopsis, poster_image_url, backdrop_image_url) VALUES (803796, 'KPop Demon Hunters', 2025, 96, 'United States of America', 'English', 'When K-pop superstars Rumi, Mira and Zoey aren''t selling out stadiums, they''re using their secret powers to protect their fans from supernatural threats.', 'https://image.tmdb.org/t/p/w500/zT7Lhw3BhJbMkRqm9Zlx2YGMsY0.jpg', 'https://image.tmdb.org/t/p/original/w3Bi0wygeFQctn6AqFTwhGNXRwL.jpg') ON CONFLICT (id) DO UPDATE SET title = EXCLUDED.title, release_year = EXCLUDED.release_year, duration_minutes = EXCLUDED.duration_minutes, country = EXCLUDED.country, language = EXCLUDED.language, synopsis = EXCLUDED.synopsis, poster_image_url = EXCLUDED.poster_image_url, backdrop_image_url = EXCLUDED.backdrop_image_url;
INSERT INTO movie_directors (movie_id, director) VALUES (803796, 'Chris Appelhans');
INSERT INTO movie_directors (movie_id, director) VALUES (803796, 'Maggie Kang');
INSERT INTO movie_cast_members (movie_id, cast_member) VALUES (803796, 'Arden Cho');
INSERT INTO movie_cast_members (movie_id, cast_member) VALUES (803796, 'May Hong');
INSERT INTO movie_cast_members (movie_id, cast_member) VALUES (803796, 'Ji-young Yoo');
INSERT INTO movie_cast_members (movie_id, cast_member) VALUES (803796, 'Ahn Hyo-seop');
INSERT INTO movie_cast_members (movie_id, cast_member) VALUES (803796, 'Yunjin Kim');
INSERT INTO movie_genres (movie_id, genre) VALUES (803796, 'Fantasy');
INSERT INTO movie_genres (movie_id, genre) VALUES (803796, 'Music');
INSERT INTO movie_genres (movie_id, genre) VALUES (803796, 'Comedy');
INSERT INTO movie_genres (movie_id, genre) VALUES (803796, 'Animation');
INSERT INTO movie_image_urls (movie_id, image_url) VALUES (803796, 'https://image.tmdb.org/t/p/original/rJjhOuRFldNF0OWSuSk4PiCLmeA.jpg');
INSERT INTO movie_image_urls (movie_id, image_url) VALUES (803796, 'https://image.tmdb.org/t/p/original/l3QLD7oNvckSZLWxPB3yPIXzYqz.jpg');
INSERT INTO movie_image_urls (movie_id, image_url) VALUES (803796, 'https://image.tmdb.org/t/p/original/kvU6qO4VxGVEoYDLRtSTTORo30t.jpg');
INSERT INTO movie_image_urls (movie_id, image_url) VALUES (803796, 'https://image.tmdb.org/t/p/original/4Xen7PebR69sQa3JPw5VONKVOQh.jpg');

INSERT INTO movies (id, title, release_year, duration_minutes, country, language, synopsis, poster_image_url, backdrop_image_url) VALUES (299536, 'Avengers: Infinity War', 2018, 149, 'United States of America', 'English', 'As the Avengers and their allies have continued to protect the world from threats too large for any one hero to handle, a new danger has emerged from the cosmic shadows: Thanos. A despot of intergalactic infamy, his goal is to collect all six Infinity Stones, artifacts of unimaginable power, and use them to inflict his twisted will on all of reality. Everything the Avengers have fought for has led up to this moment - the fate of Earth and existence itself has never been more uncertain.', 'https://image.tmdb.org/t/p/w500/7WsyChQLEftFiDOVTGkv3hFpyyt.jpg', 'https://image.tmdb.org/t/p/original/mDfJG3LC3Dqb67AZ52x3Z0jU0uB.jpg') ON CONFLICT (id) DO UPDATE SET title = EXCLUDED.title, release_year = EXCLUDED.release_year, duration_minutes = EXCLUDED.duration_minutes, country = EXCLUDED.country, language = EXCLUDED.language, synopsis = EXCLUDED.synopsis, poster_image_url = EXCLUDED.poster_image_url, backdrop_image_url = EXCLUDED.backdrop_image_url;
INSERT INTO movie_directors (movie_id, director) VALUES (299536, 'Joe Russo');
INSERT INTO movie_directors (movie_id, director) VALUES (299536, 'Anthony Russo');
INSERT INTO movie_cast_members (movie_id, cast_member) VALUES (299536, 'Robert Downey Jr.');
INSERT INTO movie_cast_members (movie_id, cast_member) VALUES (299536, 'Chris Evans');
INSERT INTO movie_cast_members (movie_id, cast_member) VALUES (299536, 'Chris Hemsworth');
INSERT INTO movie_cast_members (movie_id, cast_member) VALUES (299536, 'Josh Brolin');
INSERT INTO movie_cast_members (movie_id, cast_member) VALUES (299536, 'Mark Ruffalo');
INSERT INTO movie_genres (movie_id, genre) VALUES (299536, 'Adventure');
INSERT INTO movie_genres (movie_id, genre) VALUES (299536, 'Action');
INSERT INTO movie_genres (movie_id, genre) VALUES (299536, 'Science Fiction');
INSERT INTO movie_image_urls (movie_id, image_url) VALUES (299536, 'https://image.tmdb.org/t/p/original/k3xGG77CAiB0Wr2Y1H3ApihKTkk.jpg');
INSERT INTO movie_image_urls (movie_id, image_url) VALUES (299536, 'https://image.tmdb.org/t/p/original/bOGkgRGdhrBYJSLpXaxhXVstddV.jpg');
INSERT INTO movie_image_urls (movie_id, image_url) VALUES (299536, 'https://image.tmdb.org/t/p/original/lmZFxXgJE3vgrciwuDib0N8CfQo.jpg');
INSERT INTO movie_image_urls (movie_id, image_url) VALUES (299536, 'https://image.tmdb.org/t/p/original/kbGO5mHPK7rh516MgAIJUQ9RvqD.jpg');

INSERT INTO movies (id, title, release_year, duration_minutes, country, language, synopsis, poster_image_url, backdrop_image_url) VALUES (620249, 'The Legend of Hei', 2019, 102, 'China', 'Mandarin', 'When cat spirit Luo Xiaohei''s home is deforested by humans, he must find a new one. He runs into a group of other spirit creatures who take him under their wing with dreams of reconquering the land they say is rightfully theirs. However, they run into a human known as Wuxian who separates Luo Xiaohei from the other spirits and the two go on a journey, with the cat spirit learning to control his abilities as well as forming his own thoughts on whether or not he should ally with the spirits or the humans.', 'https://image.tmdb.org/t/p/w500/4jfbKKLpqts3i2h2obkrONcjTg1.jpg', 'https://image.tmdb.org/t/p/original/aVFx1VtlOxR3v0ADEatalXOvwbu.jpg') ON CONFLICT (id) DO UPDATE SET title = EXCLUDED.title, release_year = EXCLUDED.release_year, duration_minutes = EXCLUDED.duration_minutes, country = EXCLUDED.country, language = EXCLUDED.language, synopsis = EXCLUDED.synopsis, poster_image_url = EXCLUDED.poster_image_url, backdrop_image_url = EXCLUDED.backdrop_image_url;
INSERT INTO movie_directors (movie_id, director) VALUES (620249, 'MTJJ');
INSERT INTO movie_cast_members (movie_id, cast_member) VALUES (620249, 'Shan Xin');
INSERT INTO movie_cast_members (movie_id, cast_member) VALUES (620249, 'Liu Mingyue');
INSERT INTO movie_cast_members (movie_id, cast_member) VALUES (620249, 'Hao Xianghai');
INSERT INTO movie_cast_members (movie_id, cast_member) VALUES (620249, 'Ding Dang');
INSERT INTO movie_cast_members (movie_id, cast_member) VALUES (620249, 'Yuntu Cao');
INSERT INTO movie_genres (movie_id, genre) VALUES (620249, 'Animation');
INSERT INTO movie_genres (movie_id, genre) VALUES (620249, 'Fantasy');
INSERT INTO movie_genres (movie_id, genre) VALUES (620249, 'Action');
INSERT INTO movie_image_urls (movie_id, image_url) VALUES (620249, 'https://image.tmdb.org/t/p/original/niMCrXNVxEYXHSeQU0GPos0vdED.jpg');
INSERT INTO movie_image_urls (movie_id, image_url) VALUES (620249, 'https://image.tmdb.org/t/p/original/3vB5c4sq32bnPFpHN9T6qiqh1Ih.jpg');
INSERT INTO movie_image_urls (movie_id, image_url) VALUES (620249, 'https://image.tmdb.org/t/p/original/sbAqZU6qEUYWdBL56xyiTjG1FbF.jpg');
INSERT INTO movie_image_urls (movie_id, image_url) VALUES (620249, 'https://image.tmdb.org/t/p/original/nQaQUY6ySchtlHhd3L5KBbSQBan.jpg');

INSERT INTO movies (id, title, release_year, duration_minutes, country, language, synopsis, poster_image_url, backdrop_image_url) VALUES (207, 'Dead Poets Society', 1989, 129, 'United States of America', 'English', 'At an elite, old-fashioned boarding school in New England, a passionate English teacher inspires his students to rebel against convention and seize the potential of every day, courting the disdain of the stern headmaster.', 'https://image.tmdb.org/t/p/w500/l5NbiHKUmahlAT3Q1ig8Tyl9xrc.jpg', 'https://image.tmdb.org/t/p/original/yYvBNN96Ym3wtPxGCFl7F888WwB.jpg') ON CONFLICT (id) DO UPDATE SET title = EXCLUDED.title, release_year = EXCLUDED.release_year, duration_minutes = EXCLUDED.duration_minutes, country = EXCLUDED.country, language = EXCLUDED.language, synopsis = EXCLUDED.synopsis, poster_image_url = EXCLUDED.poster_image_url, backdrop_image_url = EXCLUDED.backdrop_image_url;
INSERT INTO movie_directors (movie_id, director) VALUES (207, 'Peter Weir');
INSERT INTO movie_cast_members (movie_id, cast_member) VALUES (207, 'Robin Williams');
INSERT INTO movie_cast_members (movie_id, cast_member) VALUES (207, 'Robert Sean Leonard');
INSERT INTO movie_cast_members (movie_id, cast_member) VALUES (207, 'Ethan Hawke');
INSERT INTO movie_cast_members (movie_id, cast_member) VALUES (207, 'Josh Charles');
INSERT INTO movie_cast_members (movie_id, cast_member) VALUES (207, 'Gale Hansen');
INSERT INTO movie_genres (movie_id, genre) VALUES (207, 'Drama');
INSERT INTO movie_image_urls (movie_id, image_url) VALUES (207, 'https://image.tmdb.org/t/p/original/spPwYKBjeVNzBeGQAzwJbzIxQKv.jpg');
INSERT INTO movie_image_urls (movie_id, image_url) VALUES (207, 'https://image.tmdb.org/t/p/original/rSzDfniDjqh2TIP9uH7rwi2iRy3.jpg');
INSERT INTO movie_image_urls (movie_id, image_url) VALUES (207, 'https://image.tmdb.org/t/p/original/hpzQHv8cA7j2Dn2CphOFYmllXzj.jpg');
INSERT INTO movie_image_urls (movie_id, image_url) VALUES (207, 'https://image.tmdb.org/t/p/original/tJRToZBfb52NhF6SMGAe0bWQc6z.jpg');

INSERT INTO movies (id, title, release_year, duration_minutes, country, language, synopsis, poster_image_url, backdrop_image_url) VALUES (101, 'Léon: The Professional', 1994, 111, 'France', 'English', 'Léon, the top hit man in New York, has earned a rep as an effective "cleaner". But when his next-door neighbors are wiped out by a loose-cannon DEA agent, he becomes the unwilling custodian of 12-year-old Mathilda. Before long, Mathilda''s thoughts turn to revenge, and she considers following in Léon''s footsteps.', 'https://image.tmdb.org/t/p/w500/bxB2q91nKYp8JNzqE7t7TWBVupB.jpg', 'https://image.tmdb.org/t/p/original/jRJrQ72VLyEnVsvwfep8Xjlvu8c.jpg') ON CONFLICT (id) DO UPDATE SET title = EXCLUDED.title, release_year = EXCLUDED.release_year, duration_minutes = EXCLUDED.duration_minutes, country = EXCLUDED.country, language = EXCLUDED.language, synopsis = EXCLUDED.synopsis, poster_image_url = EXCLUDED.poster_image_url, backdrop_image_url = EXCLUDED.backdrop_image_url;
INSERT INTO movie_directors (movie_id, director) VALUES (101, 'Luc Besson');
INSERT INTO movie_cast_members (movie_id, cast_member) VALUES (101, 'Jean Reno');
INSERT INTO movie_cast_members (movie_id, cast_member) VALUES (101, 'Natalie Portman');
INSERT INTO movie_cast_members (movie_id, cast_member) VALUES (101, 'Gary Oldman');
INSERT INTO movie_cast_members (movie_id, cast_member) VALUES (101, 'Danny Aiello');
INSERT INTO movie_cast_members (movie_id, cast_member) VALUES (101, 'Peter Appel');
INSERT INTO movie_genres (movie_id, genre) VALUES (101, 'Crime');
INSERT INTO movie_genres (movie_id, genre) VALUES (101, 'Drama');
INSERT INTO movie_genres (movie_id, genre) VALUES (101, 'Action');
INSERT INTO movie_image_urls (movie_id, image_url) VALUES (101, 'https://image.tmdb.org/t/p/original/jynfI114q3kOAbIiVjVfFFmttU2.jpg');
INSERT INTO movie_image_urls (movie_id, image_url) VALUES (101, 'https://image.tmdb.org/t/p/original/erRKAGEjtz3XKYKp8TaSbLrIoB2.jpg');
INSERT INTO movie_image_urls (movie_id, image_url) VALUES (101, 'https://image.tmdb.org/t/p/original/g5iswWrQAmDN1t1foNveRtGOXgb.jpg');
INSERT INTO movie_image_urls (movie_id, image_url) VALUES (101, 'https://image.tmdb.org/t/p/original/1UWszQdHI7j3zBqA4kx8Lk60Di8.jpg');

INSERT INTO movies (id, title, release_year, duration_minutes, country, language, synopsis, poster_image_url, backdrop_image_url) VALUES (42269, 'We All Loved Each Other So Much', 1974, 125, 'Italy', 'Italian', 'Three partisans bound by a strong friendship return home after the war, but the clash with everyday reality puts a strain on their bond.', 'https://image.tmdb.org/t/p/w500/zGGWYpiKNwjpKxelPxOMqJnUgDs.jpg', 'https://image.tmdb.org/t/p/original/2Kkqmy3EpXqBDqv1vvsNXX3pwww.jpg') ON CONFLICT (id) DO UPDATE SET title = EXCLUDED.title, release_year = EXCLUDED.release_year, duration_minutes = EXCLUDED.duration_minutes, country = EXCLUDED.country, language = EXCLUDED.language, synopsis = EXCLUDED.synopsis, poster_image_url = EXCLUDED.poster_image_url, backdrop_image_url = EXCLUDED.backdrop_image_url;
INSERT INTO movie_directors (movie_id, director) VALUES (42269, 'Ettore Scola');
INSERT INTO movie_cast_members (movie_id, cast_member) VALUES (42269, 'Nino Manfredi');
INSERT INTO movie_cast_members (movie_id, cast_member) VALUES (42269, 'Vittorio Gassman');
INSERT INTO movie_cast_members (movie_id, cast_member) VALUES (42269, 'Stefania Sandrelli');
INSERT INTO movie_cast_members (movie_id, cast_member) VALUES (42269, 'Stefano Satta Flores');
INSERT INTO movie_cast_members (movie_id, cast_member) VALUES (42269, 'Giovanna Ralli');
INSERT INTO movie_genres (movie_id, genre) VALUES (42269, 'Drama');
INSERT INTO movie_genres (movie_id, genre) VALUES (42269, 'Comedy');
INSERT INTO movie_image_urls (movie_id, image_url) VALUES (42269, 'https://image.tmdb.org/t/p/original/6G5A8YoEl4x3Kh9XZuNdS4GIJ9z.jpg');
INSERT INTO movie_image_urls (movie_id, image_url) VALUES (42269, 'https://image.tmdb.org/t/p/original/ePBgXOJ0PfIJt5VAAVN8hyYeOSu.jpg');
INSERT INTO movie_image_urls (movie_id, image_url) VALUES (42269, 'https://image.tmdb.org/t/p/original/bh6yfB6I1N1WuMiX6K5HxGVZnja.jpg');
INSERT INTO movie_image_urls (movie_id, image_url) VALUES (42269, 'https://image.tmdb.org/t/p/original/vJ3bHKFq6X6goxPJvZb7bEOdC9a.jpg');

INSERT INTO movies (id, title, release_year, duration_minutes, country, language, synopsis, poster_image_url, backdrop_image_url) VALUES (644479, 'Dedicated to my ex', 2019, 94, 'Colombia', 'Spanish', 'The film tells the story of Ariel, a 21-year-old who decides to form a rock band to compete for a prize of ten thousand dollars in a musical band contest, this as a last option when trying to get money to save their relationship and reunite with his ex-girlfriend, which breaks due to the trip she must make to Finland for an internship. Ariel with her friend Ortega, decides to make a casting to find the other members of the band, although they do not know nothing about music, thus forming a band with members that have diverse and opposite personalities.', 'https://image.tmdb.org/t/p/w500/xc4bTXVwYNXi10jG9dwcaYt5IpU.jpg', 'https://image.tmdb.org/t/p/original/1fOsyhVz5qyX2rl1qqX6KImVhTx.jpg') ON CONFLICT (id) DO UPDATE SET title = EXCLUDED.title, release_year = EXCLUDED.release_year, duration_minutes = EXCLUDED.duration_minutes, country = EXCLUDED.country, language = EXCLUDED.language, synopsis = EXCLUDED.synopsis, poster_image_url = EXCLUDED.poster_image_url, backdrop_image_url = EXCLUDED.backdrop_image_url;
INSERT INTO movie_directors (movie_id, director) VALUES (644479, 'Jorge Ulloa');
INSERT INTO movie_cast_members (movie_id, cast_member) VALUES (644479, 'Raúl Santana');
INSERT INTO movie_cast_members (movie_id, cast_member) VALUES (644479, 'Nataly Valencia');
INSERT INTO movie_cast_members (movie_id, cast_member) VALUES (644479, 'Carlos Alcántara');
INSERT INTO movie_cast_members (movie_id, cast_member) VALUES (644479, 'Biassini Segura');
INSERT INTO movie_cast_members (movie_id, cast_member) VALUES (644479, 'Mariana Treviño');
INSERT INTO movie_genres (movie_id, genre) VALUES (644479, 'Drama');
INSERT INTO movie_genres (movie_id, genre) VALUES (644479, 'Comedy');

INSERT INTO movies (id, title, release_year, duration_minutes, country, language, synopsis, poster_image_url, backdrop_image_url) VALUES (1585, 'It''s a Wonderful Life', 1946, 131, 'United States of America', 'English', 'George Bailey has spent his entire life giving to the people of Bedford Falls. All that prevents rich skinflint Mr. Potter from taking over the entire town is George''s modest building and loan company. But on Christmas Eve the business''s $8,000 is lost and George''s troubles begin.', 'https://image.tmdb.org/t/p/w500/bSqt9rhDZx1Q7UZ86dBPKdNomp2.jpg', 'https://image.tmdb.org/t/p/original/3q35nBLCIdEbxYfsr7D5ocYQXKz.jpg') ON CONFLICT (id) DO UPDATE SET title = EXCLUDED.title, release_year = EXCLUDED.release_year, duration_minutes = EXCLUDED.duration_minutes, country = EXCLUDED.country, language = EXCLUDED.language, synopsis = EXCLUDED.synopsis, poster_image_url = EXCLUDED.poster_image_url, backdrop_image_url = EXCLUDED.backdrop_image_url;
INSERT INTO movie_directors (movie_id, director) VALUES (1585, 'Frank Capra');
INSERT INTO movie_cast_members (movie_id, cast_member) VALUES (1585, 'James Stewart');
INSERT INTO movie_cast_members (movie_id, cast_member) VALUES (1585, 'Donna Reed');
INSERT INTO movie_cast_members (movie_id, cast_member) VALUES (1585, 'Lionel Barrymore');
INSERT INTO movie_cast_members (movie_id, cast_member) VALUES (1585, 'Thomas Mitchell');
INSERT INTO movie_cast_members (movie_id, cast_member) VALUES (1585, 'Henry Travers');
INSERT INTO movie_genres (movie_id, genre) VALUES (1585, 'Drama');
INSERT INTO movie_genres (movie_id, genre) VALUES (1585, 'Family');
INSERT INTO movie_genres (movie_id, genre) VALUES (1585, 'Fantasy');
INSERT INTO movie_image_urls (movie_id, image_url) VALUES (1585, 'https://image.tmdb.org/t/p/original/rUITLSnNLW0JAIkZ99bS8wyCfVb.jpg');
INSERT INTO movie_image_urls (movie_id, image_url) VALUES (1585, 'https://image.tmdb.org/t/p/original/ch3lDc4xQ9MpsNEpnRhvR8PIxxK.jpg');
INSERT INTO movie_image_urls (movie_id, image_url) VALUES (1585, 'https://image.tmdb.org/t/p/original/rqmE0aFFerz8E8PkGOKPAoIY5Ax.jpg');
INSERT INTO movie_image_urls (movie_id, image_url) VALUES (1585, 'https://image.tmdb.org/t/p/original/mxd1UbyWvlmILEdpT09lk81uDmn.jpg');

INSERT INTO movies (id, title, release_year, duration_minutes, country, language, synopsis, poster_image_url, backdrop_image_url) VALUES (914, 'The Great Dictator', 1940, 125, 'United States of America', 'English', 'Dictator Adenoid Hynkel tries to expand his empire while a poor Jewish barber tries to avoid persecution from Hynkel''s regime.', 'https://image.tmdb.org/t/p/w500/1QpO9wo7JWecZ4NiBuu625FiY1j.jpg', 'https://image.tmdb.org/t/p/original/c8Pi8F1FzpNebtgXcSjC9nWCdSW.jpg') ON CONFLICT (id) DO UPDATE SET title = EXCLUDED.title, release_year = EXCLUDED.release_year, duration_minutes = EXCLUDED.duration_minutes, country = EXCLUDED.country, language = EXCLUDED.language, synopsis = EXCLUDED.synopsis, poster_image_url = EXCLUDED.poster_image_url, backdrop_image_url = EXCLUDED.backdrop_image_url;
INSERT INTO movie_directors (movie_id, director) VALUES (914, 'Charlie Chaplin');
INSERT INTO movie_cast_members (movie_id, cast_member) VALUES (914, 'Charlie Chaplin');
INSERT INTO movie_cast_members (movie_id, cast_member) VALUES (914, 'Paulette Goddard');
INSERT INTO movie_cast_members (movie_id, cast_member) VALUES (914, 'Jack Oakie');
INSERT INTO movie_cast_members (movie_id, cast_member) VALUES (914, 'Reginald Gardiner');
INSERT INTO movie_cast_members (movie_id, cast_member) VALUES (914, 'Henry Daniell');
INSERT INTO movie_genres (movie_id, genre) VALUES (914, 'Comedy');
INSERT INTO movie_genres (movie_id, genre) VALUES (914, 'War');
INSERT INTO movie_image_urls (movie_id, image_url) VALUES (914, 'https://image.tmdb.org/t/p/original/7jTgJ24UPkWeb5zzH7ihs554xVy.jpg');
INSERT INTO movie_image_urls (movie_id, image_url) VALUES (914, 'https://image.tmdb.org/t/p/original/c09iyRrE5clcOrF22utDtszpMHT.jpg');
INSERT INTO movie_image_urls (movie_id, image_url) VALUES (914, 'https://image.tmdb.org/t/p/original/3s8GcT6RaBuux2O1uLe3dQN6ZNS.jpg');
INSERT INTO movie_image_urls (movie_id, image_url) VALUES (914, 'https://image.tmdb.org/t/p/original/xaU5mwlDQPMtB1OHfVHzsd3OC4j.jpg');

INSERT INTO movies (id, title, release_year, duration_minutes, country, language, synopsis, poster_image_url, backdrop_image_url) VALUES (3082, 'Modern Times', 1936, 87, 'United States of America', 'No Language', 'A bumbling tramp desires to build a home with a young woman, yet is thwarted time and time again by his lack of experience and habit of being in the wrong place at the wrong time..', 'https://image.tmdb.org/t/p/w500/7uoiKOEjxBBW0AgDGQWrlfGQ90w.jpg', 'https://image.tmdb.org/t/p/original/kSlO1pHpwQfPQdgVPr7dJiJNtJ8.jpg') ON CONFLICT (id) DO UPDATE SET title = EXCLUDED.title, release_year = EXCLUDED.release_year, duration_minutes = EXCLUDED.duration_minutes, country = EXCLUDED.country, language = EXCLUDED.language, synopsis = EXCLUDED.synopsis, poster_image_url = EXCLUDED.poster_image_url, backdrop_image_url = EXCLUDED.backdrop_image_url;
INSERT INTO movie_directors (movie_id, director) VALUES (3082, 'Charlie Chaplin');
INSERT INTO movie_cast_members (movie_id, cast_member) VALUES (3082, 'Charlie Chaplin');
INSERT INTO movie_cast_members (movie_id, cast_member) VALUES (3082, 'Paulette Goddard');
INSERT INTO movie_cast_members (movie_id, cast_member) VALUES (3082, 'Henry Bergman');
INSERT INTO movie_cast_members (movie_id, cast_member) VALUES (3082, 'Tiny Sandford');
INSERT INTO movie_cast_members (movie_id, cast_member) VALUES (3082, 'Chester Conklin');
INSERT INTO movie_genres (movie_id, genre) VALUES (3082, 'Comedy');
INSERT INTO movie_genres (movie_id, genre) VALUES (3082, 'Drama');
INSERT INTO movie_genres (movie_id, genre) VALUES (3082, 'Romance');
INSERT INTO movie_image_urls (movie_id, image_url) VALUES (3082, 'https://image.tmdb.org/t/p/original/vzKzz7ObY3zNIV4ZYFY6Ib3X6ig.jpg');
INSERT INTO movie_image_urls (movie_id, image_url) VALUES (3082, 'https://image.tmdb.org/t/p/original/83cMbOs2Ng7kfL3U8hpcXEQDXCw.jpg');
INSERT INTO movie_image_urls (movie_id, image_url) VALUES (3082, 'https://image.tmdb.org/t/p/original/uZs6esC62RsjVDgckSbKrgaRwIQ.jpg');
INSERT INTO movie_image_urls (movie_id, image_url) VALUES (3082, 'https://image.tmdb.org/t/p/original/zvo2YtKRtkSOJDg1rnfh5TIcEeN.jpg');

INSERT INTO movies (id, title, release_year, duration_minutes, country, language, synopsis, poster_image_url, backdrop_image_url) VALUES (1139087, 'Once Upon a Studio', 2023, 9, 'United States of America', 'English', 'Created for Disney''s 100th anniversary, the short features Mickey Mouse corralling a gallery of legendary Disney characters for a group photo.', 'https://image.tmdb.org/t/p/w500/aiy3G1cYWV3LgKZHY6a3jL8bjYL.jpg', 'https://image.tmdb.org/t/p/original/hUeSuUxNyQivx2wrRvGoyZiZDUu.jpg') ON CONFLICT (id) DO UPDATE SET title = EXCLUDED.title, release_year = EXCLUDED.release_year, duration_minutes = EXCLUDED.duration_minutes, country = EXCLUDED.country, language = EXCLUDED.language, synopsis = EXCLUDED.synopsis, poster_image_url = EXCLUDED.poster_image_url, backdrop_image_url = EXCLUDED.backdrop_image_url;
INSERT INTO movie_directors (movie_id, director) VALUES (1139087, 'Trent Correy');
INSERT INTO movie_directors (movie_id, director) VALUES (1139087, 'Dan Abraham');
INSERT INTO movie_cast_members (movie_id, cast_member) VALUES (1139087, 'Chris Diamantopoulos');
INSERT INTO movie_cast_members (movie_id, cast_member) VALUES (1139087, 'Kaitlyn Robrock');
INSERT INTO movie_cast_members (movie_id, cast_member) VALUES (1139087, 'Tony Anselmo');
INSERT INTO movie_cast_members (movie_id, cast_member) VALUES (1139087, 'Bill Farmer');
INSERT INTO movie_cast_members (movie_id, cast_member) VALUES (1139087, 'Jim Cummings');
INSERT INTO movie_genres (movie_id, genre) VALUES (1139087, 'Animation');
INSERT INTO movie_genres (movie_id, genre) VALUES (1139087, 'Family');
INSERT INTO movie_genres (movie_id, genre) VALUES (1139087, 'Fantasy');
INSERT INTO movie_genres (movie_id, genre) VALUES (1139087, 'Drama');
INSERT INTO movie_genres (movie_id, genre) VALUES (1139087, 'Comedy');
INSERT INTO movie_image_urls (movie_id, image_url) VALUES (1139087, 'https://image.tmdb.org/t/p/original/vP7FeNxlW4Z1XNemq0RRuPBW3de.jpg');
INSERT INTO movie_image_urls (movie_id, image_url) VALUES (1139087, 'https://image.tmdb.org/t/p/original/dDPYhWW9whrhEa5Aj61sI0wU1w1.jpg');
INSERT INTO movie_image_urls (movie_id, image_url) VALUES (1139087, 'https://image.tmdb.org/t/p/original/8KJMOKyl9rpgb9ELEwhfBMIaTHw.jpg');
INSERT INTO movie_image_urls (movie_id, image_url) VALUES (1139087, 'https://image.tmdb.org/t/p/original/z18fq2bMBhP26yYpQnEF2cAA7gz.jpg');

INSERT INTO movies (id, title, release_year, duration_minutes, country, language, synopsis, poster_image_url, backdrop_image_url) VALUES (599, 'Sunset Boulevard', 1950, 110, 'United States of America', 'English', 'A hack screenwriter writes a screenplay for a former silent film star who has faded into Hollywood obscurity.', 'https://image.tmdb.org/t/p/w500/zt8aQ6ksqK6p1AopC5zVTDS9pKT.jpg', 'https://image.tmdb.org/t/p/original/p47ihFj4A7EpBjmPHdTj4ipyq1S.jpg') ON CONFLICT (id) DO UPDATE SET title = EXCLUDED.title, release_year = EXCLUDED.release_year, duration_minutes = EXCLUDED.duration_minutes, country = EXCLUDED.country, language = EXCLUDED.language, synopsis = EXCLUDED.synopsis, poster_image_url = EXCLUDED.poster_image_url, backdrop_image_url = EXCLUDED.backdrop_image_url;
INSERT INTO movie_directors (movie_id, director) VALUES (599, 'Billy Wilder');
INSERT INTO movie_cast_members (movie_id, cast_member) VALUES (599, 'William Holden');
INSERT INTO movie_cast_members (movie_id, cast_member) VALUES (599, 'Gloria Swanson');
INSERT INTO movie_cast_members (movie_id, cast_member) VALUES (599, 'Erich von Stroheim');
INSERT INTO movie_cast_members (movie_id, cast_member) VALUES (599, 'Nancy Olson');
INSERT INTO movie_cast_members (movie_id, cast_member) VALUES (599, 'Fred Clark');
INSERT INTO movie_genres (movie_id, genre) VALUES (599, 'Drama');
INSERT INTO movie_image_urls (movie_id, image_url) VALUES (599, 'https://image.tmdb.org/t/p/original/4zwqUn7X5KpnVT3jauPnhB907KJ.jpg');
INSERT INTO movie_image_urls (movie_id, image_url) VALUES (599, 'https://image.tmdb.org/t/p/original/oQBNDNArLyjjBFVPqNzIO7048gy.jpg');
INSERT INTO movie_image_urls (movie_id, image_url) VALUES (599, 'https://image.tmdb.org/t/p/original/iMBVNbIZ3SkaiN0KyxnAvAXMwWy.jpg');
INSERT INTO movie_image_urls (movie_id, image_url) VALUES (599, 'https://image.tmdb.org/t/p/original/d90cvz4oCwDDdzkzyqC7wxHb9Ie.jpg');

INSERT INTO movies (id, title, release_year, duration_minutes, country, language, synopsis, poster_image_url, backdrop_image_url) VALUES (335, 'Once Upon a Time in the West', 1968, 166, 'Italy', 'English', 'As the railroad builders advance unstoppably through the Arizona desert on their way to the sea, Jill arrives in the small town of Flagstone with the intention of starting a new life.', 'https://image.tmdb.org/t/p/w500/qbYgqOczabWNn2XKwgMtVrntD6P.jpg', 'https://image.tmdb.org/t/p/original/h31SOVlekuHXsMWVGxI8nPPfY82.jpg') ON CONFLICT (id) DO UPDATE SET title = EXCLUDED.title, release_year = EXCLUDED.release_year, duration_minutes = EXCLUDED.duration_minutes, country = EXCLUDED.country, language = EXCLUDED.language, synopsis = EXCLUDED.synopsis, poster_image_url = EXCLUDED.poster_image_url, backdrop_image_url = EXCLUDED.backdrop_image_url;
INSERT INTO movie_directors (movie_id, director) VALUES (335, 'Sergio Leone');
INSERT INTO movie_cast_members (movie_id, cast_member) VALUES (335, 'Claudia Cardinale');
INSERT INTO movie_cast_members (movie_id, cast_member) VALUES (335, 'Henry Fonda');
INSERT INTO movie_cast_members (movie_id, cast_member) VALUES (335, 'Jason Robards');
INSERT INTO movie_cast_members (movie_id, cast_member) VALUES (335, 'Charles Bronson');
INSERT INTO movie_cast_members (movie_id, cast_member) VALUES (335, 'Gabriele Ferzetti');
INSERT INTO movie_genres (movie_id, genre) VALUES (335, 'Drama');
INSERT INTO movie_genres (movie_id, genre) VALUES (335, 'Western');
INSERT INTO movie_image_urls (movie_id, image_url) VALUES (335, 'https://image.tmdb.org/t/p/original/u5IhDThM1SClL4pkCUp8hOmsDQJ.jpg');
INSERT INTO movie_image_urls (movie_id, image_url) VALUES (335, 'https://image.tmdb.org/t/p/original/fccEQecqrOxrczFnq35OxGQfCXi.jpg');
INSERT INTO movie_image_urls (movie_id, image_url) VALUES (335, 'https://image.tmdb.org/t/p/original/26SUDI2iKhZTIKcU4ZzezTH1G15.jpg');
INSERT INTO movie_image_urls (movie_id, image_url) VALUES (335, 'https://image.tmdb.org/t/p/original/vmryZ1Bkko8P2utNaJeO2Yo2Bx4.jpg');

INSERT INTO movies (id, title, release_year, duration_minutes, country, language, synopsis, poster_image_url, backdrop_image_url) VALUES (77338, 'The Intouchables', 2011, 113, 'France', 'English', 'A true story of two men who should never have met – a quadriplegic aristocrat who was injured in a paragliding accident and a young man from the projects.', 'https://image.tmdb.org/t/p/w500/1QU7HKgsQbGpzsJbJK4pAVQV9F5.jpg', 'https://image.tmdb.org/t/p/original/cK070s3Qdn1Ib7Gq8RgIyJKgvu3.jpg') ON CONFLICT (id) DO UPDATE SET title = EXCLUDED.title, release_year = EXCLUDED.release_year, duration_minutes = EXCLUDED.duration_minutes, country = EXCLUDED.country, language = EXCLUDED.language, synopsis = EXCLUDED.synopsis, poster_image_url = EXCLUDED.poster_image_url, backdrop_image_url = EXCLUDED.backdrop_image_url;
INSERT INTO movie_directors (movie_id, director) VALUES (77338, 'Olivier Nakache');
INSERT INTO movie_directors (movie_id, director) VALUES (77338, 'Éric Toledano');
INSERT INTO movie_cast_members (movie_id, cast_member) VALUES (77338, 'François Cluzet');
INSERT INTO movie_cast_members (movie_id, cast_member) VALUES (77338, 'Omar Sy');
INSERT INTO movie_cast_members (movie_id, cast_member) VALUES (77338, 'Anne Le Ny');
INSERT INTO movie_cast_members (movie_id, cast_member) VALUES (77338, 'Audrey Fleurot');
INSERT INTO movie_cast_members (movie_id, cast_member) VALUES (77338, 'Joséphine de Meaux');
INSERT INTO movie_genres (movie_id, genre) VALUES (77338, 'Drama');
INSERT INTO movie_genres (movie_id, genre) VALUES (77338, 'Comedy');
INSERT INTO movie_image_urls (movie_id, image_url) VALUES (77338, 'https://image.tmdb.org/t/p/original/5ATSg3rufgIMfcrHd2gEi678hZu.jpg');
INSERT INTO movie_image_urls (movie_id, image_url) VALUES (77338, 'https://image.tmdb.org/t/p/original/q6OGlZ1KMEb14AC8KbPCxyNOal6.jpg');
INSERT INTO movie_image_urls (movie_id, image_url) VALUES (77338, 'https://image.tmdb.org/t/p/original/cNW38BsCK4cnSbGclxBu2Fmd66J.jpg');
INSERT INTO movie_image_urls (movie_id, image_url) VALUES (77338, 'https://image.tmdb.org/t/p/original/d9sMIwulLtwRHowmDk2INm0ugmP.jpg');

INSERT INTO movies (id, title, release_year, duration_minutes, country, language, synopsis, poster_image_url, backdrop_image_url) VALUES (28, 'Apocalypse Now', 1979, 147, 'United States of America', 'Khmer', 'At the height of the Vietnam war, Captain Benjamin Willard is sent on a dangerous mission that, officially, "does not exist, nor will it ever exist." His goal is to locate - and eliminate - a mysterious Green Beret Colonel named Walter Kurtz, who has been leading his personal army on illegal guerrilla missions into enemy territory.', 'https://image.tmdb.org/t/p/w500/gQB8Y5RCMkv2zwzFHbUJX3kAhvA.jpg', 'https://image.tmdb.org/t/p/original/eN5G8vTWLnZxJ0LTd4g27oPObcZ.jpg') ON CONFLICT (id) DO UPDATE SET title = EXCLUDED.title, release_year = EXCLUDED.release_year, duration_minutes = EXCLUDED.duration_minutes, country = EXCLUDED.country, language = EXCLUDED.language, synopsis = EXCLUDED.synopsis, poster_image_url = EXCLUDED.poster_image_url, backdrop_image_url = EXCLUDED.backdrop_image_url;
INSERT INTO movie_directors (movie_id, director) VALUES (28, 'Francis Ford Coppola');
INSERT INTO movie_cast_members (movie_id, cast_member) VALUES (28, 'Martin Sheen');
INSERT INTO movie_cast_members (movie_id, cast_member) VALUES (28, 'Marlon Brando');
INSERT INTO movie_cast_members (movie_id, cast_member) VALUES (28, 'Frederic Forrest');
INSERT INTO movie_cast_members (movie_id, cast_member) VALUES (28, 'Albert Hall');
INSERT INTO movie_cast_members (movie_id, cast_member) VALUES (28, 'Laurence Fishburne');
INSERT INTO movie_genres (movie_id, genre) VALUES (28, 'Drama');
INSERT INTO movie_genres (movie_id, genre) VALUES (28, 'War');
INSERT INTO movie_image_urls (movie_id, image_url) VALUES (28, 'https://image.tmdb.org/t/p/original/49fzLedFVKgGgFChLMuulDJBY1c.jpg');
INSERT INTO movie_image_urls (movie_id, image_url) VALUES (28, 'https://image.tmdb.org/t/p/original/9Qs9oyn4iE8QtQjGZ0Hp2WyYNXT.jpg');
INSERT INTO movie_image_urls (movie_id, image_url) VALUES (28, 'https://image.tmdb.org/t/p/original/8viWxsL4lwmQZB8QHOCHwMvBGXd.jpg');
INSERT INTO movie_image_urls (movie_id, image_url) VALUES (28, 'https://image.tmdb.org/t/p/original/1oWqzZft4AfDvtu48Z1J8t93DDM.jpg');

INSERT INTO movies (id, title, release_year, duration_minutes, country, language, synopsis, poster_image_url, backdrop_image_url) VALUES (18491, 'Neon Genesis Evangelion: The End of Evangelion', 1997, 87, 'Japan', 'Japanese', 'SEELE orders an all-out attack on NERV, aiming to destroy the Evas before Gendo can advance his own plans for the Human Instrumentality Project. Shinji is pushed to the limits of his sanity as he is forced to decide the fate of humanity.', 'https://image.tmdb.org/t/p/w500/j6G24dqI4WgUtChhWjfnI4lnmiK.jpg', 'https://image.tmdb.org/t/p/original/xLMJCCSatxENpHO9rLW9yD8A12C.jpg') ON CONFLICT (id) DO UPDATE SET title = EXCLUDED.title, release_year = EXCLUDED.release_year, duration_minutes = EXCLUDED.duration_minutes, country = EXCLUDED.country, language = EXCLUDED.language, synopsis = EXCLUDED.synopsis, poster_image_url = EXCLUDED.poster_image_url, backdrop_image_url = EXCLUDED.backdrop_image_url;
INSERT INTO movie_directors (movie_id, director) VALUES (18491, 'Hideaki Anno');
INSERT INTO movie_directors (movie_id, director) VALUES (18491, 'Kazuya Tsurumaki');
INSERT INTO movie_cast_members (movie_id, cast_member) VALUES (18491, 'Megumi Ogata');
INSERT INTO movie_cast_members (movie_id, cast_member) VALUES (18491, 'Megumi Hayashibara');
INSERT INTO movie_cast_members (movie_id, cast_member) VALUES (18491, 'Kotono Mitsuishi');
INSERT INTO movie_cast_members (movie_id, cast_member) VALUES (18491, 'Yuko Miyamura');
INSERT INTO movie_cast_members (movie_id, cast_member) VALUES (18491, 'Fumihiko Tachiki');
INSERT INTO movie_genres (movie_id, genre) VALUES (18491, 'Animation');
INSERT INTO movie_genres (movie_id, genre) VALUES (18491, 'Science Fiction');
INSERT INTO movie_genres (movie_id, genre) VALUES (18491, 'Drama');
INSERT INTO movie_genres (movie_id, genre) VALUES (18491, 'Fantasy');
INSERT INTO movie_image_urls (movie_id, image_url) VALUES (18491, 'https://image.tmdb.org/t/p/original/naea7os3PDyrlrLk9vnskFKxx3n.jpg');
INSERT INTO movie_image_urls (movie_id, image_url) VALUES (18491, 'https://image.tmdb.org/t/p/original/AfyuI3glMCBDFmNPj9PY6DwbgGp.jpg');
INSERT INTO movie_image_urls (movie_id, image_url) VALUES (18491, 'https://image.tmdb.org/t/p/original/5ClI2ZgU7gwhZGpSwU95nUFxf1A.jpg');
INSERT INTO movie_image_urls (movie_id, image_url) VALUES (18491, 'https://image.tmdb.org/t/p/original/nwSyFnZORd5ptu0RClAMgsF5dkE.jpg');

INSERT INTO movies (id, title, release_year, duration_minutes, country, language, synopsis, poster_image_url, backdrop_image_url) VALUES (572154, 'Rascal Does Not Dream of a Dreaming Girl', 2019, 90, 'Japan', 'Japanese', 'In Fujisawa, Sakuta Azusagawa is in his second year of high school. Blissful days with his girlfriend and upperclassman, Mai Sakurajima, are interrupted by the appearance of his first crush, Shoko Makinohara.', 'https://image.tmdb.org/t/p/w500/AtFnN4OztDJy8IFwYd5JfU0jlEM.jpg', 'https://image.tmdb.org/t/p/original/wIeNWRuBCdEBmWoDRcKputYV414.jpg') ON CONFLICT (id) DO UPDATE SET title = EXCLUDED.title, release_year = EXCLUDED.release_year, duration_minutes = EXCLUDED.duration_minutes, country = EXCLUDED.country, language = EXCLUDED.language, synopsis = EXCLUDED.synopsis, poster_image_url = EXCLUDED.poster_image_url, backdrop_image_url = EXCLUDED.backdrop_image_url;
INSERT INTO movie_directors (movie_id, director) VALUES (572154, 'Soichi Masui');
INSERT INTO movie_cast_members (movie_id, cast_member) VALUES (572154, 'Kaito Ishikawa');
INSERT INTO movie_cast_members (movie_id, cast_member) VALUES (572154, 'Asami Seto');
INSERT INTO movie_cast_members (movie_id, cast_member) VALUES (572154, 'Inori Minase');
INSERT INTO movie_cast_members (movie_id, cast_member) VALUES (572154, 'Nao Toyama');
INSERT INTO movie_cast_members (movie_id, cast_member) VALUES (572154, 'Atsumi Tanezaki');
INSERT INTO movie_genres (movie_id, genre) VALUES (572154, 'Animation');
INSERT INTO movie_genres (movie_id, genre) VALUES (572154, 'Romance');
INSERT INTO movie_genres (movie_id, genre) VALUES (572154, 'Drama');
INSERT INTO movie_genres (movie_id, genre) VALUES (572154, 'Fantasy');
INSERT INTO movie_image_urls (movie_id, image_url) VALUES (572154, 'https://image.tmdb.org/t/p/original/xOxfnEIGi5RtvUYbgaiBONWalgl.jpg');
INSERT INTO movie_image_urls (movie_id, image_url) VALUES (572154, 'https://image.tmdb.org/t/p/original/5MgMCnslrxQfOfaq6T5ndkLlcCk.jpg');
INSERT INTO movie_image_urls (movie_id, image_url) VALUES (572154, 'https://image.tmdb.org/t/p/original/tyxqfALuq02khuKNCwmeMxrqt8T.jpg');
INSERT INTO movie_image_urls (movie_id, image_url) VALUES (572154, 'https://image.tmdb.org/t/p/original/bZxAxIWNOYbGK6sTfS6GgO9LqKG.jpg');

INSERT INTO movies (id, title, release_year, duration_minutes, country, language, synopsis, poster_image_url, backdrop_image_url) VALUES (975, 'Paths of Glory', 1957, 88, 'United States of America', 'German', 'A commanding officer defends three scapegoats on trial for a failed offensive that occurred within the French Army in 1916.', 'https://image.tmdb.org/t/p/w500/tJXwtzOSNUC8dxJfrdvkNtGrrgW.jpg', 'https://image.tmdb.org/t/p/original/eTZkq5tI58Ec76AwPf1HOUoKtky.jpg') ON CONFLICT (id) DO UPDATE SET title = EXCLUDED.title, release_year = EXCLUDED.release_year, duration_minutes = EXCLUDED.duration_minutes, country = EXCLUDED.country, language = EXCLUDED.language, synopsis = EXCLUDED.synopsis, poster_image_url = EXCLUDED.poster_image_url, backdrop_image_url = EXCLUDED.backdrop_image_url;
INSERT INTO movie_directors (movie_id, director) VALUES (975, 'Stanley Kubrick');
INSERT INTO movie_cast_members (movie_id, cast_member) VALUES (975, 'Kirk Douglas');
INSERT INTO movie_cast_members (movie_id, cast_member) VALUES (975, 'Ralph Meeker');
INSERT INTO movie_cast_members (movie_id, cast_member) VALUES (975, 'Adolphe Menjou');
INSERT INTO movie_cast_members (movie_id, cast_member) VALUES (975, 'George Macready');
INSERT INTO movie_cast_members (movie_id, cast_member) VALUES (975, 'Wayne Morris');
INSERT INTO movie_genres (movie_id, genre) VALUES (975, 'War');
INSERT INTO movie_genres (movie_id, genre) VALUES (975, 'Drama');
INSERT INTO movie_image_urls (movie_id, image_url) VALUES (975, 'https://image.tmdb.org/t/p/original/nbMY2UcNnaAr3jrrowzN0NaxQyr.jpg');
INSERT INTO movie_image_urls (movie_id, image_url) VALUES (975, 'https://image.tmdb.org/t/p/original/354kfjVb96mtFALMhBE6jzHGiA2.jpg');
INSERT INTO movie_image_urls (movie_id, image_url) VALUES (975, 'https://image.tmdb.org/t/p/original/clzms0KmqM5xHIUiOR6ZwL6VVp0.jpg');
INSERT INTO movie_image_urls (movie_id, image_url) VALUES (975, 'https://image.tmdb.org/t/p/original/k3uHoxEuHJwLmFd2ANBBCgcBoHi.jpg');

INSERT INTO movies (id, title, release_year, duration_minutes, country, language, synopsis, poster_image_url, backdrop_image_url) VALUES (632632, 'Given', 2020, 60, 'Japan', 'Japanese', 'Haruki secretly had feelings for Akihiko for years, but Akihiko was still in a relationship with his roommate, the violinist Ugetsu Murata. Haruki, Akihiko, and Ugetsu''s love clashes and starts to move forward.', 'https://image.tmdb.org/t/p/w500/pegCub2zdYD5As43AOmGsIctuKc.jpg', 'https://image.tmdb.org/t/p/original/9Xz0bzUFTVgDZd4WZz1cJDQjLkB.jpg') ON CONFLICT (id) DO UPDATE SET title = EXCLUDED.title, release_year = EXCLUDED.release_year, duration_minutes = EXCLUDED.duration_minutes, country = EXCLUDED.country, language = EXCLUDED.language, synopsis = EXCLUDED.synopsis, poster_image_url = EXCLUDED.poster_image_url, backdrop_image_url = EXCLUDED.backdrop_image_url;
INSERT INTO movie_directors (movie_id, director) VALUES (632632, 'Hikaru Yamaguchi');
INSERT INTO movie_cast_members (movie_id, cast_member) VALUES (632632, 'Takuya Eguchi');
INSERT INTO movie_cast_members (movie_id, cast_member) VALUES (632632, 'Masatomo Nakazawa');
INSERT INTO movie_cast_members (movie_id, cast_member) VALUES (632632, 'Shogo Yano');
INSERT INTO movie_cast_members (movie_id, cast_member) VALUES (632632, 'Yuma Uchida');
INSERT INTO movie_cast_members (movie_id, cast_member) VALUES (632632, 'Shintaro Asanuma');
INSERT INTO movie_genres (movie_id, genre) VALUES (632632, 'Animation');
INSERT INTO movie_genres (movie_id, genre) VALUES (632632, 'Drama');
INSERT INTO movie_genres (movie_id, genre) VALUES (632632, 'Music');
INSERT INTO movie_genres (movie_id, genre) VALUES (632632, 'Romance');
INSERT INTO movie_image_urls (movie_id, image_url) VALUES (632632, 'https://image.tmdb.org/t/p/original/3U8Nyw0HC78cW0ns79wYZ8K3ljL.jpg');
INSERT INTO movie_image_urls (movie_id, image_url) VALUES (632632, 'https://image.tmdb.org/t/p/original/cjCnaN5rLoNQviK1cOjepuvtYgM.jpg');
INSERT INTO movie_image_urls (movie_id, image_url) VALUES (632632, 'https://image.tmdb.org/t/p/original/u1wHUA0R48FH4WV3sGqjwx3aNZm.jpg');
INSERT INTO movie_image_urls (movie_id, image_url) VALUES (632632, 'https://image.tmdb.org/t/p/original/u3g7oQ1Kl8sMlPgueZCCEiDMIbV.jpg');

INSERT INTO movies (id, title, release_year, duration_minutes, country, language, synopsis, poster_image_url, backdrop_image_url) VALUES (654299, 'Out of the Clear Blue Sky', 2019, 112, 'Mexico', 'Spanish', 'Returning to Earth as an imitator, the legendary Mexican artist Pedro Infante must prove that he is no longer a womanizer to enter paradise.', 'https://image.tmdb.org/t/p/w500/o9cSEHrXzPOO4OIoT9yrdxc216w.jpg', 'https://image.tmdb.org/t/p/original/o33acwn7KliNpJRbjy4FrMSpiQ9.jpg') ON CONFLICT (id) DO UPDATE SET title = EXCLUDED.title, release_year = EXCLUDED.release_year, duration_minutes = EXCLUDED.duration_minutes, country = EXCLUDED.country, language = EXCLUDED.language, synopsis = EXCLUDED.synopsis, poster_image_url = EXCLUDED.poster_image_url, backdrop_image_url = EXCLUDED.backdrop_image_url;
INSERT INTO movie_directors (movie_id, director) VALUES (654299, 'Pepe Bojórquez');
INSERT INTO movie_cast_members (movie_id, cast_member) VALUES (654299, 'Omar Chaparro');
INSERT INTO movie_cast_members (movie_id, cast_member) VALUES (654299, 'Ana Claudia Talancón');
INSERT INTO movie_cast_members (movie_id, cast_member) VALUES (654299, 'Stephanie Cayo');
INSERT INTO movie_cast_members (movie_id, cast_member) VALUES (654299, 'Lupita Sandoval');
INSERT INTO movie_cast_members (movie_id, cast_member) VALUES (654299, 'Yare Santana');
INSERT INTO movie_genres (movie_id, genre) VALUES (654299, 'Comedy');
INSERT INTO movie_genres (movie_id, genre) VALUES (654299, 'Drama');
INSERT INTO movie_genres (movie_id, genre) VALUES (654299, 'Music');
INSERT INTO movie_image_urls (movie_id, image_url) VALUES (654299, 'https://image.tmdb.org/t/p/original/3S1YjEWa0FGXmGdhH98PXC396eU.jpg');
INSERT INTO movie_image_urls (movie_id, image_url) VALUES (654299, 'https://image.tmdb.org/t/p/original/xldQGMYjRmTRaF9OtxspGECMl4c.jpg');
INSERT INTO movie_image_urls (movie_id, image_url) VALUES (654299, 'https://image.tmdb.org/t/p/original/1WvxJeO6S6tTPxb1DgOOv0Cf9p9.jpg');

INSERT INTO movies (id, title, release_year, duration_minutes, country, language, synopsis, poster_image_url, backdrop_image_url) VALUES (652837, 'Josee, the Tiger and the Fish', 2020, 98, 'Japan', 'Japanese', 'With dreams of diving abroad, Tsuneo gets a job assisting Josee, an artist whose imagination takes her far beyond her wheelchair. But when the tide turns against them, they push each other to places they never thought possible, and inspire a love fit for a storybook.', 'https://image.tmdb.org/t/p/w500/z1D8xi9x4uEhyFruo7uEHXUMD4K.jpg', 'https://image.tmdb.org/t/p/original/521koHpCyK6ZeNpEAvPAuC75cJ5.jpg') ON CONFLICT (id) DO UPDATE SET title = EXCLUDED.title, release_year = EXCLUDED.release_year, duration_minutes = EXCLUDED.duration_minutes, country = EXCLUDED.country, language = EXCLUDED.language, synopsis = EXCLUDED.synopsis, poster_image_url = EXCLUDED.poster_image_url, backdrop_image_url = EXCLUDED.backdrop_image_url;
INSERT INTO movie_directors (movie_id, director) VALUES (652837, 'Kotaro Tamura');
INSERT INTO movie_cast_members (movie_id, cast_member) VALUES (652837, 'Taishi Nakagawa');
INSERT INTO movie_cast_members (movie_id, cast_member) VALUES (652837, 'Kaya Kiyohara');
INSERT INTO movie_cast_members (movie_id, cast_member) VALUES (652837, 'Yume Miyamoto');
INSERT INTO movie_cast_members (movie_id, cast_member) VALUES (652837, 'Kazuyuki Okitsu');
INSERT INTO movie_cast_members (movie_id, cast_member) VALUES (652837, 'Lynn');
INSERT INTO movie_genres (movie_id, genre) VALUES (652837, 'Animation');
INSERT INTO movie_genres (movie_id, genre) VALUES (652837, 'Drama');
INSERT INTO movie_genres (movie_id, genre) VALUES (652837, 'Romance');
INSERT INTO movie_image_urls (movie_id, image_url) VALUES (652837, 'https://image.tmdb.org/t/p/original/i1GT0e6Crg6UezT3ibXnMS3pBAd.jpg');
INSERT INTO movie_image_urls (movie_id, image_url) VALUES (652837, 'https://image.tmdb.org/t/p/original/1bHmCNsTLH0H7b7dCLmPaF0o9mA.jpg');
INSERT INTO movie_image_urls (movie_id, image_url) VALUES (652837, 'https://image.tmdb.org/t/p/original/icsaX6cXPAKmEpwkjEJdKhzDudQ.jpg');
INSERT INTO movie_image_urls (movie_id, image_url) VALUES (652837, 'https://image.tmdb.org/t/p/original/hV5y6bxP1WuYMcuizJk54vw3BNf.jpg');

INSERT INTO movies (id, title, release_year, duration_minutes, country, language, synopsis, poster_image_url, backdrop_image_url) VALUES (901, 'City Lights', 1931, 87, 'United States of America', 'No Language', 'A tramp falls in love with a beautiful blind flower girl. His on-and-off friendship with a wealthy man allows him to be the girl''s benefactor and suitor.', 'https://image.tmdb.org/t/p/w500/bXNvzjULc9jrOVhGfjcc64uKZmZ.jpg', 'https://image.tmdb.org/t/p/original/qhKMAWxuu4TXCJCWVMqfveqanMP.jpg') ON CONFLICT (id) DO UPDATE SET title = EXCLUDED.title, release_year = EXCLUDED.release_year, duration_minutes = EXCLUDED.duration_minutes, country = EXCLUDED.country, language = EXCLUDED.language, synopsis = EXCLUDED.synopsis, poster_image_url = EXCLUDED.poster_image_url, backdrop_image_url = EXCLUDED.backdrop_image_url;
INSERT INTO movie_directors (movie_id, director) VALUES (901, 'Charlie Chaplin');
INSERT INTO movie_cast_members (movie_id, cast_member) VALUES (901, 'Charlie Chaplin');
INSERT INTO movie_cast_members (movie_id, cast_member) VALUES (901, 'Virginia Cherrill');
INSERT INTO movie_cast_members (movie_id, cast_member) VALUES (901, 'Florence Lee');
INSERT INTO movie_cast_members (movie_id, cast_member) VALUES (901, 'Harry Myers');
INSERT INTO movie_cast_members (movie_id, cast_member) VALUES (901, 'Al Ernest Garcia');
INSERT INTO movie_genres (movie_id, genre) VALUES (901, 'Comedy');
INSERT INTO movie_genres (movie_id, genre) VALUES (901, 'Drama');
INSERT INTO movie_genres (movie_id, genre) VALUES (901, 'Romance');
INSERT INTO movie_image_urls (movie_id, image_url) VALUES (901, 'https://image.tmdb.org/t/p/original/aSksN0VqrRyXkcJPDqGL6S3gxpl.jpg');
INSERT INTO movie_image_urls (movie_id, image_url) VALUES (901, 'https://image.tmdb.org/t/p/original/Ma7mQsldFCaQpsZbm8zolgLfmV.jpg');
INSERT INTO movie_image_urls (movie_id, image_url) VALUES (901, 'https://image.tmdb.org/t/p/original/n0Cju2Eu3VyrUFl32thblHFWznA.jpg');
INSERT INTO movie_image_urls (movie_id, image_url) VALUES (901, 'https://image.tmdb.org/t/p/original/2IlMWb17QKW31tY6CtheMQnEg1g.jpg');

INSERT INTO movies (id, title, release_year, duration_minutes, country, language, synopsis, poster_image_url, backdrop_image_url) VALUES (1341137, 'A Great Awakening', 2026, 129, 'United States of America', 'English', 'A GREAT AWAKENING tells the true story of an unlikely friendship between the Reverend George Whitefield and Benjamin Franklin that resulted in one of the most defining moments in American history. With the colonies on the brink of collapse, the Reverend George Whitefield ignites the first Great Awakening, uniting an entire generation with his thundering and faithful sermons and proclamations of liberty. In a miraculous turn of events, one of Whitefield’s closest friends and greatest promoters becomes none other than Benjamin Franklin. With the nation’s freedom hanging in the balance, the founders discover true liberty cannot only be written into law - it must be awakened in the hearts of the people.', 'https://image.tmdb.org/t/p/w500/rd7BsFaHO7JaYlz3WHUvqHjgm60.jpg', 'https://image.tmdb.org/t/p/original/r19pit61EI91tnOv7U4SxHhRPlN.jpg') ON CONFLICT (id) DO UPDATE SET title = EXCLUDED.title, release_year = EXCLUDED.release_year, duration_minutes = EXCLUDED.duration_minutes, country = EXCLUDED.country, language = EXCLUDED.language, synopsis = EXCLUDED.synopsis, poster_image_url = EXCLUDED.poster_image_url, backdrop_image_url = EXCLUDED.backdrop_image_url;
INSERT INTO movie_directors (movie_id, director) VALUES (1341137, 'Joshua Enck');
INSERT INTO movie_cast_members (movie_id, cast_member) VALUES (1341137, 'John Paul Sneed');
INSERT INTO movie_cast_members (movie_id, cast_member) VALUES (1341137, 'Jonathan Blair');
INSERT INTO movie_cast_members (movie_id, cast_member) VALUES (1341137, 'JT Schaeffer');
INSERT INTO movie_cast_members (movie_id, cast_member) VALUES (1341137, 'Josh Bates');
INSERT INTO movie_cast_members (movie_id, cast_member) VALUES (1341137, 'Joe Dignoti');
INSERT INTO movie_genres (movie_id, genre) VALUES (1341137, 'Drama');
INSERT INTO movie_genres (movie_id, genre) VALUES (1341137, 'History');

INSERT INTO movies (id, title, release_year, duration_minutes, country, language, synopsis, poster_image_url, backdrop_image_url) VALUES (1662432, 'Finding Harry: The Craft Behind the Magic', 2026, 26, 'United Kingdom', 'English', 'Featuring interviews from members of the casting, production design, costume design, and creature effects teams, follow the behind-the-scenes journey of bringing the Harry Potter books to the small screen. Find out how the new Golden Trio were found, and celebrate the commitment to detail of the artists, craftspeople, and technicians who have come together to bring the wizarding world to life.', 'https://image.tmdb.org/t/p/w500/aq8jKIfASiOR6wz9FCeeCH90xZq.jpg', 'https://image.tmdb.org/t/p/original/4KvkiRVWsLJf4ifIDfvxSbupu2M.jpg') ON CONFLICT (id) DO UPDATE SET title = EXCLUDED.title, release_year = EXCLUDED.release_year, duration_minutes = EXCLUDED.duration_minutes, country = EXCLUDED.country, language = EXCLUDED.language, synopsis = EXCLUDED.synopsis, poster_image_url = EXCLUDED.poster_image_url, backdrop_image_url = EXCLUDED.backdrop_image_url;
INSERT INTO movie_directors (movie_id, director) VALUES (1662432, 'Eliot Rausch');
INSERT INTO movie_cast_members (movie_id, cast_member) VALUES (1662432, 'Nick Frost');
INSERT INTO movie_cast_members (movie_id, cast_member) VALUES (1662432, 'Dominic McLaughlin');
INSERT INTO movie_cast_members (movie_id, cast_member) VALUES (1662432, 'Arabella Stanton');
INSERT INTO movie_cast_members (movie_id, cast_member) VALUES (1662432, 'Alastair Stout');
INSERT INTO movie_cast_members (movie_id, cast_member) VALUES (1662432, 'John Lithgow');
INSERT INTO movie_genres (movie_id, genre) VALUES (1662432, 'Documentary');
INSERT INTO movie_image_urls (movie_id, image_url) VALUES (1662432, 'https://image.tmdb.org/t/p/original/fnfrlOeMbid9KRJeM8vjlpOA6Rt.jpg');
INSERT INTO movie_image_urls (movie_id, image_url) VALUES (1662432, 'https://image.tmdb.org/t/p/original/AtZJxaxDtECzmV9iMxhdox8BZWq.jpg');
INSERT INTO movie_image_urls (movie_id, image_url) VALUES (1662432, 'https://image.tmdb.org/t/p/original/ax6Z9ils7TGXel8nu312ThEtZnx.jpg');
INSERT INTO movie_image_urls (movie_id, image_url) VALUES (1662432, 'https://image.tmdb.org/t/p/original/2PZ70tvxNbw31EbSBI5DM7zkbH9.jpg');

INSERT INTO movies (id, title, release_year, duration_minutes, country, language, synopsis, poster_image_url, backdrop_image_url) VALUES (858024, 'Hamnet', 2025, 126, 'United Kingdom', 'English', 'The powerful story of love and loss that inspired the creation of Shakespeare''s timeless masterpiece, Hamlet.', 'https://image.tmdb.org/t/p/w500/vbeyOZm2bvBXcbgPD3v6o94epPX.jpg', 'https://image.tmdb.org/t/p/original/a9IQXoYCpsjqTOKXRTw1osLd5il.jpg') ON CONFLICT (id) DO UPDATE SET title = EXCLUDED.title, release_year = EXCLUDED.release_year, duration_minutes = EXCLUDED.duration_minutes, country = EXCLUDED.country, language = EXCLUDED.language, synopsis = EXCLUDED.synopsis, poster_image_url = EXCLUDED.poster_image_url, backdrop_image_url = EXCLUDED.backdrop_image_url;
INSERT INTO movie_directors (movie_id, director) VALUES (858024, 'Chloé Zhao');
INSERT INTO movie_cast_members (movie_id, cast_member) VALUES (858024, 'Jessie Buckley');
INSERT INTO movie_cast_members (movie_id, cast_member) VALUES (858024, 'Paul Mescal');
INSERT INTO movie_cast_members (movie_id, cast_member) VALUES (858024, 'Emily Watson');
INSERT INTO movie_cast_members (movie_id, cast_member) VALUES (858024, 'Joe Alwyn');
INSERT INTO movie_cast_members (movie_id, cast_member) VALUES (858024, 'Jacobi Jupe');
INSERT INTO movie_genres (movie_id, genre) VALUES (858024, 'Drama');
INSERT INTO movie_genres (movie_id, genre) VALUES (858024, 'Romance');
INSERT INTO movie_genres (movie_id, genre) VALUES (858024, 'History');
INSERT INTO movie_image_urls (movie_id, image_url) VALUES (858024, 'https://image.tmdb.org/t/p/original/73BClq9FOcrWrutnpiqhCNEWEwJ.jpg');
INSERT INTO movie_image_urls (movie_id, image_url) VALUES (858024, 'https://image.tmdb.org/t/p/original/yt9m5CiU2MZkQoNl1kqLPODNR4t.jpg');
INSERT INTO movie_image_urls (movie_id, image_url) VALUES (858024, 'https://image.tmdb.org/t/p/original/uRDu9DiTVf97z5sj6qesmyQpYji.jpg');
INSERT INTO movie_image_urls (movie_id, image_url) VALUES (858024, 'https://image.tmdb.org/t/p/original/g4oYzlJZMdqtVOCYSkhNjg92rKf.jpg');

INSERT INTO movies (id, title, release_year, duration_minutes, country, language, synopsis, poster_image_url, backdrop_image_url) VALUES (1401778, 'Turbulence', 2025, 91, 'United States of America', 'English', 'Young married couple Zach and Emmy decide to take a hot air balloon trip across the Italian Dolomites to rekindle their relationship. When they and pilot Harry are joined by a third passenger, Julia, events unfold in ways they could never imagine five thousand meters in the air.', 'https://image.tmdb.org/t/p/w500/jRuiKL4S9UpLma2ZlM47xIu2gbe.jpg', 'https://image.tmdb.org/t/p/original/vOV4Qy3g791OTzEndiSGoJwuI2M.jpg') ON CONFLICT (id) DO UPDATE SET title = EXCLUDED.title, release_year = EXCLUDED.release_year, duration_minutes = EXCLUDED.duration_minutes, country = EXCLUDED.country, language = EXCLUDED.language, synopsis = EXCLUDED.synopsis, poster_image_url = EXCLUDED.poster_image_url, backdrop_image_url = EXCLUDED.backdrop_image_url;
INSERT INTO movie_directors (movie_id, director) VALUES (1401778, 'Claudio Fäh');
INSERT INTO movie_cast_members (movie_id, cast_member) VALUES (1401778, 'Jeremy Irvine');
INSERT INTO movie_cast_members (movie_id, cast_member) VALUES (1401778, 'Olga Kurylenko');
INSERT INTO movie_cast_members (movie_id, cast_member) VALUES (1401778, 'Kelsey Grammer');
INSERT INTO movie_cast_members (movie_id, cast_member) VALUES (1401778, 'Hera Hilmar');
INSERT INTO movie_cast_members (movie_id, cast_member) VALUES (1401778, 'Lionel Robert Blanc');
INSERT INTO movie_genres (movie_id, genre) VALUES (1401778, 'Thriller');
INSERT INTO movie_genres (movie_id, genre) VALUES (1401778, 'Action');
INSERT INTO movie_genres (movie_id, genre) VALUES (1401778, 'Adventure');
INSERT INTO movie_genres (movie_id, genre) VALUES (1401778, 'Drama');
INSERT INTO movie_genres (movie_id, genre) VALUES (1401778, 'Fantasy');
INSERT INTO movie_image_urls (movie_id, image_url) VALUES (1401778, 'https://image.tmdb.org/t/p/original/2cHlEgeoSZKxGGu4K2MwDwHOY0o.jpg');
INSERT INTO movie_image_urls (movie_id, image_url) VALUES (1401778, 'https://image.tmdb.org/t/p/original/7BJsoICtD9hPvBC6cRNDZDHDKWM.jpg');
INSERT INTO movie_image_urls (movie_id, image_url) VALUES (1401778, 'https://image.tmdb.org/t/p/original/beVkfDu06XeUnUZ513mgpFBpPpJ.jpg');
INSERT INTO movie_image_urls (movie_id, image_url) VALUES (1401778, 'https://image.tmdb.org/t/p/original/AlKYDEn5OI89hs33eMwTr6A7L3Y.jpg');

INSERT INTO movies (id, title, release_year, duration_minutes, country, language, synopsis, poster_image_url, backdrop_image_url) VALUES (1336770, 'Vaazha II', 2026, 162, 'India', 'Malayalam', 'Four friends – Hashir, Alan, Ajin and Vinayak – are considered losers and troublemakers by parents, family and the school management. They face immense social pressure as they reach adulthood, embarking them on an emotional journey of self discovery and acceptance, where they finally learn to take up their responsibilities and find success', 'https://image.tmdb.org/t/p/w500/1yLZ7kExd0UGGbaZW4LxmYD4OIf.jpg', 'https://image.tmdb.org/t/p/original/uNA0OVk09Hbwflye3eBoOiGIKGc.jpg') ON CONFLICT (id) DO UPDATE SET title = EXCLUDED.title, release_year = EXCLUDED.release_year, duration_minutes = EXCLUDED.duration_minutes, country = EXCLUDED.country, language = EXCLUDED.language, synopsis = EXCLUDED.synopsis, poster_image_url = EXCLUDED.poster_image_url, backdrop_image_url = EXCLUDED.backdrop_image_url;
INSERT INTO movie_directors (movie_id, director) VALUES (1336770, 'Savin Sa');
INSERT INTO movie_cast_members (movie_id, cast_member) VALUES (1336770, 'Hashir');
INSERT INTO movie_cast_members (movie_id, cast_member) VALUES (1336770, 'Alan Bin Siraj');
INSERT INTO movie_cast_members (movie_id, cast_member) VALUES (1336770, 'Ajin Joy');
INSERT INTO movie_cast_members (movie_id, cast_member) VALUES (1336770, 'Vinayak V');
INSERT INTO movie_cast_members (movie_id, cast_member) VALUES (1336770, 'Alphonse Puthren');
INSERT INTO movie_genres (movie_id, genre) VALUES (1336770, 'Comedy');
INSERT INTO movie_genres (movie_id, genre) VALUES (1336770, 'Drama');
INSERT INTO movie_genres (movie_id, genre) VALUES (1336770, 'Action');
INSERT INTO movie_image_urls (movie_id, image_url) VALUES (1336770, 'https://image.tmdb.org/t/p/original/jb4dRMB628KBQ9yymPSeFIS7pDT.jpg');
INSERT INTO movie_image_urls (movie_id, image_url) VALUES (1336770, 'https://image.tmdb.org/t/p/original/d3dSoxubjSbCNg8u7w5onmQhEOy.jpg');
INSERT INTO movie_image_urls (movie_id, image_url) VALUES (1336770, 'https://image.tmdb.org/t/p/original/4AuiMl2Jwju5OCkc9gdOD55zZR2.jpg');
INSERT INTO movie_image_urls (movie_id, image_url) VALUES (1336770, 'https://image.tmdb.org/t/p/original/xGC4RSoLTkBsRkTl4h2F6nYzyA5.jpg');

INSERT INTO movies (id, title, release_year, duration_minutes, country, language, synopsis, poster_image_url, backdrop_image_url) VALUES (1542995, 'Bonolota Express', 2026, 153, 'Bangladesh', 'Bengali', 'On a foggy winter journey, the Bonolota Express carries strangers burdened by secrets whose lives begin to collide within the train’s confined corridors. As the night unfolds, personal and political crises erupt, exposing hidden grief, moral decay, and moments of unexpected compassion amid chaos and revolt. By dawn, the train moves on, leaving its passengers irrevocably changed by a single journey where illusions collapse and human truths emerge.', 'https://image.tmdb.org/t/p/w500/wved9mxrbbae8eW0X5ydBfOWsba.jpg', 'https://image.tmdb.org/t/p/original/wUlvM4v5FUjM2omyld9ULVHONZA.jpg') ON CONFLICT (id) DO UPDATE SET title = EXCLUDED.title, release_year = EXCLUDED.release_year, duration_minutes = EXCLUDED.duration_minutes, country = EXCLUDED.country, language = EXCLUDED.language, synopsis = EXCLUDED.synopsis, poster_image_url = EXCLUDED.poster_image_url, backdrop_image_url = EXCLUDED.backdrop_image_url;
INSERT INTO movie_directors (movie_id, director) VALUES (1542995, 'Tanim Noor');
INSERT INTO movie_cast_members (movie_id, cast_member) VALUES (1542995, 'Mosharraf Karim');
INSERT INTO movie_cast_members (movie_id, cast_member) VALUES (1542995, 'Chanchal Chowdhury');
INSERT INTO movie_cast_members (movie_id, cast_member) VALUES (1542995, 'Sabila Nur');
INSERT INTO movie_cast_members (movie_id, cast_member) VALUES (1542995, 'Sariful Razz');
INSERT INTO movie_cast_members (movie_id, cast_member) VALUES (1542995, 'Zakia Bari Mamo');
INSERT INTO movie_genres (movie_id, genre) VALUES (1542995, 'Drama');
INSERT INTO movie_genres (movie_id, genre) VALUES (1542995, 'Comedy');
INSERT INTO movie_image_urls (movie_id, image_url) VALUES (1542995, 'https://image.tmdb.org/t/p/original/a18knYJxzte8Izxz9N5XhOkFYoE.jpg');

INSERT INTO movies (id, title, release_year, duration_minutes, country, language, synopsis, poster_image_url, backdrop_image_url) VALUES (1575337, 'Cosmic Princess Kaguya!', 2026, 141, 'Japan', 'Japanese', 'Iroha''s life gets knocked off its orbit when Kaguya, a carefree runaway from the Moon, moves in and convinces her to perform in a virtual world together.', 'https://image.tmdb.org/t/p/w500/9I9cM38gecZcwJ0C6r0cwfvtPJP.jpg', 'https://image.tmdb.org/t/p/original/1jdPUUSy37Wzw3xuc8otI86X2gv.jpg') ON CONFLICT (id) DO UPDATE SET title = EXCLUDED.title, release_year = EXCLUDED.release_year, duration_minutes = EXCLUDED.duration_minutes, country = EXCLUDED.country, language = EXCLUDED.language, synopsis = EXCLUDED.synopsis, poster_image_url = EXCLUDED.poster_image_url, backdrop_image_url = EXCLUDED.backdrop_image_url;
INSERT INTO movie_directors (movie_id, director) VALUES (1575337, 'Shingo Yamashita');
INSERT INTO movie_cast_members (movie_id, cast_member) VALUES (1575337, 'Yuko Natsuyoshi');
INSERT INTO movie_cast_members (movie_id, cast_member) VALUES (1575337, 'Anna Nagase');
INSERT INTO movie_cast_members (movie_id, cast_member) VALUES (1575337, 'Saori Hayami');
INSERT INTO movie_cast_members (movie_id, cast_member) VALUES (1575337, 'Miyu Irino');
INSERT INTO movie_cast_members (movie_id, cast_member) VALUES (1575337, 'Yuma Uchida');
INSERT INTO movie_genres (movie_id, genre) VALUES (1575337, 'Animation');
INSERT INTO movie_genres (movie_id, genre) VALUES (1575337, 'Fantasy');
INSERT INTO movie_genres (movie_id, genre) VALUES (1575337, 'Music');
INSERT INTO movie_genres (movie_id, genre) VALUES (1575337, 'Science Fiction');
INSERT INTO movie_image_urls (movie_id, image_url) VALUES (1575337, 'https://image.tmdb.org/t/p/original/sWetMJTqLsXuMxUg03F5W0nv62H.jpg');
INSERT INTO movie_image_urls (movie_id, image_url) VALUES (1575337, 'https://image.tmdb.org/t/p/original/tL9IWUQ14XTQf7FWIkH9ArabJJo.jpg');
INSERT INTO movie_image_urls (movie_id, image_url) VALUES (1575337, 'https://image.tmdb.org/t/p/original/tRQZUR3oTHSsSmZHDX77bbDxNxT.jpg');
INSERT INTO movie_image_urls (movie_id, image_url) VALUES (1575337, 'https://image.tmdb.org/t/p/original/7x3Nl3BX22lDqqXf2x3It3IbddB.jpg');

INSERT INTO movies (id, title, release_year, duration_minutes, country, language, synopsis, poster_image_url, backdrop_image_url) VALUES (1455079, 'You, Me & Tuscany', 2026, 105, 'United States of America', 'English', 'A free-spirited American chef and reserved British lawyer embark on a whirlwind romance during a destination wedding in coastal Italy.', 'https://image.tmdb.org/t/p/w500/mJS0IF7Af3WpPRhSTDT6rGpiLzw.jpg', 'https://image.tmdb.org/t/p/original/2TWIlmhE06ghspeQLEX1VmnEBiE.jpg') ON CONFLICT (id) DO UPDATE SET title = EXCLUDED.title, release_year = EXCLUDED.release_year, duration_minutes = EXCLUDED.duration_minutes, country = EXCLUDED.country, language = EXCLUDED.language, synopsis = EXCLUDED.synopsis, poster_image_url = EXCLUDED.poster_image_url, backdrop_image_url = EXCLUDED.backdrop_image_url;
INSERT INTO movie_directors (movie_id, director) VALUES (1455079, 'Kat Coiro');
INSERT INTO movie_cast_members (movie_id, cast_member) VALUES (1455079, 'Halle Bailey');
INSERT INTO movie_cast_members (movie_id, cast_member) VALUES (1455079, 'Regé-Jean Page');
INSERT INTO movie_cast_members (movie_id, cast_member) VALUES (1455079, 'Marco Calvani');
INSERT INTO movie_cast_members (movie_id, cast_member) VALUES (1455079, 'Lorenzo de Moor');
INSERT INTO movie_cast_members (movie_id, cast_member) VALUES (1455079, 'Aziza Scott');
INSERT INTO movie_genres (movie_id, genre) VALUES (1455079, 'Romance');
INSERT INTO movie_genres (movie_id, genre) VALUES (1455079, 'Comedy');
INSERT INTO movie_image_urls (movie_id, image_url) VALUES (1455079, 'https://image.tmdb.org/t/p/original/wibJMOz0iVS4Goa4sXsfLYjrDFr.jpg');
INSERT INTO movie_image_urls (movie_id, image_url) VALUES (1455079, 'https://image.tmdb.org/t/p/original/4En5BTOUvUHWH36esCtlXU1Rp4Q.jpg');
INSERT INTO movie_image_urls (movie_id, image_url) VALUES (1455079, 'https://image.tmdb.org/t/p/original/yhoXo7kcTuddKuSb7HnnLmf8h29.jpg');
INSERT INTO movie_image_urls (movie_id, image_url) VALUES (1455079, 'https://image.tmdb.org/t/p/original/z7t7RjLGK3KSD3CD35alM94grLS.jpg');

INSERT INTO movies (id, title, release_year, duration_minutes, country, language, synopsis, poster_image_url, backdrop_image_url) VALUES (1214931, 'Nuremberg', 2025, 149, 'United States of America', 'German', 'In postwar Germany, an American psychiatrist must determine whether Nazi prisoners are fit to go on trial for war crimes, and finds himself in a complex battle of intellect and ethics with Hermann Göring, Hitler''s right-hand man.', 'https://image.tmdb.org/t/p/w500/7cWTGH2svfNHWVRjsfKIBob9pDj.jpg', 'https://image.tmdb.org/t/p/original/bf5TG9RODkPXmtJSgf8Iymof1wl.jpg') ON CONFLICT (id) DO UPDATE SET title = EXCLUDED.title, release_year = EXCLUDED.release_year, duration_minutes = EXCLUDED.duration_minutes, country = EXCLUDED.country, language = EXCLUDED.language, synopsis = EXCLUDED.synopsis, poster_image_url = EXCLUDED.poster_image_url, backdrop_image_url = EXCLUDED.backdrop_image_url;
INSERT INTO movie_directors (movie_id, director) VALUES (1214931, 'James Vanderbilt');
INSERT INTO movie_cast_members (movie_id, cast_member) VALUES (1214931, 'Russell Crowe');
INSERT INTO movie_cast_members (movie_id, cast_member) VALUES (1214931, 'Rami Malek');
INSERT INTO movie_cast_members (movie_id, cast_member) VALUES (1214931, 'Michael Shannon');
INSERT INTO movie_cast_members (movie_id, cast_member) VALUES (1214931, 'Leo Woodall');
INSERT INTO movie_cast_members (movie_id, cast_member) VALUES (1214931, 'John Slattery');
INSERT INTO movie_genres (movie_id, genre) VALUES (1214931, 'History');
INSERT INTO movie_genres (movie_id, genre) VALUES (1214931, 'Drama');
INSERT INTO movie_image_urls (movie_id, image_url) VALUES (1214931, 'https://image.tmdb.org/t/p/original/xsO1Qgru8sETLTcVla8MrqxOVr0.jpg');
INSERT INTO movie_image_urls (movie_id, image_url) VALUES (1214931, 'https://image.tmdb.org/t/p/original/iwYpdArGgrpFgE2rf6nFAkM1mRG.jpg');
INSERT INTO movie_image_urls (movie_id, image_url) VALUES (1214931, 'https://image.tmdb.org/t/p/original/ygj87qrAEYpAHftOYs4eS62ZK40.jpg');
INSERT INTO movie_image_urls (movie_id, image_url) VALUES (1214931, 'https://image.tmdb.org/t/p/original/7ooMj8SdV54QMvRU2Ej0cSPKG7V.jpg');

INSERT INTO movies (id, title, release_year, duration_minutes, country, language, synopsis, poster_image_url, backdrop_image_url) VALUES (1462146, 'S4: The Bob Lazar Story', 2026, 154, 'Canada', 'English', 'Over 35 years after Bob Lazar''s revelations, this documentary exposes secrets of a facility the government still denies. Featuring Lazar''s testimony, recreations, and new evidence, it reopens a case that continues to spark global curiosity', 'https://image.tmdb.org/t/p/w500/cHWXWjUQg5mjuvQDimllZxusjD6.jpg', 'https://image.tmdb.org/t/p/original/pxpzRmzbOywu1sHCT8oSOScsQJ.jpg') ON CONFLICT (id) DO UPDATE SET title = EXCLUDED.title, release_year = EXCLUDED.release_year, duration_minutes = EXCLUDED.duration_minutes, country = EXCLUDED.country, language = EXCLUDED.language, synopsis = EXCLUDED.synopsis, poster_image_url = EXCLUDED.poster_image_url, backdrop_image_url = EXCLUDED.backdrop_image_url;
INSERT INTO movie_directors (movie_id, director) VALUES (1462146, 'Luigi Vendittelli');
INSERT INTO movie_cast_members (movie_id, cast_member) VALUES (1462146, 'Bob Lazar');
INSERT INTO movie_cast_members (movie_id, cast_member) VALUES (1462146, 'George Knapp');
INSERT INTO movie_cast_members (movie_id, cast_member) VALUES (1462146, 'Gene Huff');
INSERT INTO movie_genres (movie_id, genre) VALUES (1462146, 'Documentary');

INSERT INTO movies (id, title, release_year, duration_minutes, country, language, synopsis, poster_image_url, backdrop_image_url) VALUES (8966, 'Twilight', 2008, 122, 'United Kingdom', 'English', 'When Bella Swan moves to a small town in the Pacific Northwest, she falls in love with Edward Cullen, a mysterious classmate who reveals himself to be a 108-year-old vampire. Despite Edward''s repeated cautions, Bella can''t stay away from him, a fatal move that endangers her own life.', 'https://image.tmdb.org/t/p/w500/3Gkb6jm6962ADUPaCBqzz9CTbn9.jpg', 'https://image.tmdb.org/t/p/original/weAYfu6FfrNxEDJ3xH1XpgQcqUv.jpg') ON CONFLICT (id) DO UPDATE SET title = EXCLUDED.title, release_year = EXCLUDED.release_year, duration_minutes = EXCLUDED.duration_minutes, country = EXCLUDED.country, language = EXCLUDED.language, synopsis = EXCLUDED.synopsis, poster_image_url = EXCLUDED.poster_image_url, backdrop_image_url = EXCLUDED.backdrop_image_url;
INSERT INTO movie_directors (movie_id, director) VALUES (8966, 'Catherine Hardwicke');
INSERT INTO movie_cast_members (movie_id, cast_member) VALUES (8966, 'Kristen Stewart');
INSERT INTO movie_cast_members (movie_id, cast_member) VALUES (8966, 'Robert Pattinson');
INSERT INTO movie_cast_members (movie_id, cast_member) VALUES (8966, 'Billy Burke');
INSERT INTO movie_cast_members (movie_id, cast_member) VALUES (8966, 'Peter Facinelli');
INSERT INTO movie_cast_members (movie_id, cast_member) VALUES (8966, 'Ashley Greene');
INSERT INTO movie_genres (movie_id, genre) VALUES (8966, 'Fantasy');
INSERT INTO movie_genres (movie_id, genre) VALUES (8966, 'Drama');
INSERT INTO movie_genres (movie_id, genre) VALUES (8966, 'Romance');
INSERT INTO movie_image_urls (movie_id, image_url) VALUES (8966, 'https://image.tmdb.org/t/p/original/hHxHlynxgPN9pxIQYI1IlvqhDf8.jpg');
INSERT INTO movie_image_urls (movie_id, image_url) VALUES (8966, 'https://image.tmdb.org/t/p/original/mfFhgR9ILPWbYtvbdyAGUo6fbpT.jpg');
INSERT INTO movie_image_urls (movie_id, image_url) VALUES (8966, 'https://image.tmdb.org/t/p/original/rFPCgN6TIHLMXDOeaUhzZZD6i9H.jpg');
INSERT INTO movie_image_urls (movie_id, image_url) VALUES (8966, 'https://image.tmdb.org/t/p/original/phkAdhSX5wsrGTMNrvRaH50iRcM.jpg');

INSERT INTO movies (id, title, release_year, duration_minutes, country, language, synopsis, poster_image_url, backdrop_image_url) VALUES (1561758, 'It Takes a Village', 2026, 94, 'Poland', 'English', 'When financial trouble forces Halina to call off her wedding, her friends and family decide to hatch a wild plan to bring in tourist money.', 'https://image.tmdb.org/t/p/w500/znUVVJh0WSCHAhiJ6Att5qhmAzG.jpg', 'https://image.tmdb.org/t/p/original/8PK61ixYoSX3kXWyCMH4ats79k4.jpg') ON CONFLICT (id) DO UPDATE SET title = EXCLUDED.title, release_year = EXCLUDED.release_year, duration_minutes = EXCLUDED.duration_minutes, country = EXCLUDED.country, language = EXCLUDED.language, synopsis = EXCLUDED.synopsis, poster_image_url = EXCLUDED.poster_image_url, backdrop_image_url = EXCLUDED.backdrop_image_url;
INSERT INTO movie_directors (movie_id, director) VALUES (1561758, 'Łukasz Kośmicki');
INSERT INTO movie_cast_members (movie_id, cast_member) VALUES (1561758, 'Anna Seniuk');
INSERT INTO movie_cast_members (movie_id, cast_member) VALUES (1561758, 'Artur Barciś');
INSERT INTO movie_cast_members (movie_id, cast_member) VALUES (1561758, 'Filip Gurłacz');
INSERT INTO movie_cast_members (movie_id, cast_member) VALUES (1561758, 'Joanna Trzepiecińska');
INSERT INTO movie_cast_members (movie_id, cast_member) VALUES (1561758, 'Anna Szymańczyk');
INSERT INTO movie_genres (movie_id, genre) VALUES (1561758, 'Romance');
INSERT INTO movie_genres (movie_id, genre) VALUES (1561758, 'Comedy');
INSERT INTO movie_image_urls (movie_id, image_url) VALUES (1561758, 'https://image.tmdb.org/t/p/original/qmv2obINyicDg0Pt7CTr1bamAJw.jpg');
INSERT INTO movie_image_urls (movie_id, image_url) VALUES (1561758, 'https://image.tmdb.org/t/p/original/f5mxjzB9SI3PCm1afnLUgCNiWEf.jpg');
INSERT INTO movie_image_urls (movie_id, image_url) VALUES (1561758, 'https://image.tmdb.org/t/p/original/Vv9v4uUKXU7O3363E29RIwiS2c.jpg');
INSERT INTO movie_image_urls (movie_id, image_url) VALUES (1561758, 'https://image.tmdb.org/t/p/original/mMO4qCMzW0xtyjjxWhAapjMT3Dm.jpg');

INSERT INTO movies (id, title, release_year, duration_minutes, country, language, synopsis, poster_image_url, backdrop_image_url) VALUES (1465563, 'A Poet', 2025, 123, 'Colombia', 'Spanish', 'An aging poet finds purpose mentoring Yurlady, a talented teen, though exposing her to the poetry scene might be unwise. His own poetic pursuits led nowhere, leaving him a stereotypical obscure writer.', 'https://image.tmdb.org/t/p/w500/o0MRVa3XMUUIxiSCZYaJ1jGXdk.jpg', 'https://image.tmdb.org/t/p/original/kJQ56bguSWbXAzN7EK1RUekfY0S.jpg') ON CONFLICT (id) DO UPDATE SET title = EXCLUDED.title, release_year = EXCLUDED.release_year, duration_minutes = EXCLUDED.duration_minutes, country = EXCLUDED.country, language = EXCLUDED.language, synopsis = EXCLUDED.synopsis, poster_image_url = EXCLUDED.poster_image_url, backdrop_image_url = EXCLUDED.backdrop_image_url;
INSERT INTO movie_directors (movie_id, director) VALUES (1465563, 'Simón Mesa Soto');
INSERT INTO movie_cast_members (movie_id, cast_member) VALUES (1465563, 'Ubeimar Rios');
INSERT INTO movie_cast_members (movie_id, cast_member) VALUES (1465563, 'Rebeca Andrade');
INSERT INTO movie_cast_members (movie_id, cast_member) VALUES (1465563, 'Guillermo Cardona');
INSERT INTO movie_cast_members (movie_id, cast_member) VALUES (1465563, 'Alisson Correa');
INSERT INTO movie_cast_members (movie_id, cast_member) VALUES (1465563, 'Margarita Soto');
INSERT INTO movie_genres (movie_id, genre) VALUES (1465563, 'Comedy');
INSERT INTO movie_genres (movie_id, genre) VALUES (1465563, 'Drama');
INSERT INTO movie_image_urls (movie_id, image_url) VALUES (1465563, 'https://image.tmdb.org/t/p/original/xpQ4ptEBAFtpJFxB8zKGcJ4fml5.jpg');
INSERT INTO movie_image_urls (movie_id, image_url) VALUES (1465563, 'https://image.tmdb.org/t/p/original/f7hQAYL6HQ6P2H37di3ZxdrzCe3.jpg');
INSERT INTO movie_image_urls (movie_id, image_url) VALUES (1465563, 'https://image.tmdb.org/t/p/original/ztvFY1fw55BJ9Wmj05Z35ZA9tLj.jpg');
INSERT INTO movie_image_urls (movie_id, image_url) VALUES (1465563, 'https://image.tmdb.org/t/p/original/aU6wCChW9RT3wfNaQ4Q0kCuN5kQ.jpg');

INSERT INTO movies (id, title, release_year, duration_minutes, country, language, synopsis, poster_image_url, backdrop_image_url) VALUES (967941, 'Wicked: For Good', 2025, 137, 'United States of America', 'English', 'As an angry mob rises against the Wicked Witch, Glinda and Elphaba will need to come together one final time. With their singular friendship now the fulcrum of their futures, they will need to truly see each other, with honesty and empathy, if they are to change themselves, and all of Oz, for good.', 'https://image.tmdb.org/t/p/w500/si9tolnefLSUKaqQEGz1bWArOaL.jpg', 'https://image.tmdb.org/t/p/original/cGbPBHKSFO7hSIjxkb3KOaGdOep.jpg') ON CONFLICT (id) DO UPDATE SET title = EXCLUDED.title, release_year = EXCLUDED.release_year, duration_minutes = EXCLUDED.duration_minutes, country = EXCLUDED.country, language = EXCLUDED.language, synopsis = EXCLUDED.synopsis, poster_image_url = EXCLUDED.poster_image_url, backdrop_image_url = EXCLUDED.backdrop_image_url;
INSERT INTO movie_directors (movie_id, director) VALUES (967941, 'Jon M. Chu');
INSERT INTO movie_cast_members (movie_id, cast_member) VALUES (967941, 'Cynthia Erivo');
INSERT INTO movie_cast_members (movie_id, cast_member) VALUES (967941, 'Ariana Grande');
INSERT INTO movie_cast_members (movie_id, cast_member) VALUES (967941, 'Jeff Goldblum');
INSERT INTO movie_cast_members (movie_id, cast_member) VALUES (967941, 'Michelle Yeoh');
INSERT INTO movie_cast_members (movie_id, cast_member) VALUES (967941, 'Jonathan Bailey');
INSERT INTO movie_genres (movie_id, genre) VALUES (967941, 'Fantasy');
INSERT INTO movie_genres (movie_id, genre) VALUES (967941, 'Adventure');
INSERT INTO movie_genres (movie_id, genre) VALUES (967941, 'Romance');
INSERT INTO movie_image_urls (movie_id, image_url) VALUES (967941, 'https://image.tmdb.org/t/p/original/l8pwO23MCvqYumzozpxynCNfck1.jpg');
INSERT INTO movie_image_urls (movie_id, image_url) VALUES (967941, 'https://image.tmdb.org/t/p/original/jEFZ3fPcmFEKG7iTRpBz49dJE6S.jpg');
INSERT INTO movie_image_urls (movie_id, image_url) VALUES (967941, 'https://image.tmdb.org/t/p/original/yV8kheZStmoVysS5Nxj8l7mHfvv.jpg');
INSERT INTO movie_image_urls (movie_id, image_url) VALUES (967941, 'https://image.tmdb.org/t/p/original/7xaqes1BhiRLFkIjtsqZUDDd3oI.jpg');

INSERT INTO movies (id, title, release_year, duration_minutes, country, language, synopsis, poster_image_url, backdrop_image_url) VALUES (1145899, 'Marsupilami', 2026, 99, 'France', 'French', 'David is tasked to deliver a mysterious package from South America, only to find out he is carrying a baby Marsupilami!', 'https://image.tmdb.org/t/p/w500/rJNHFa07Id2ylQgw0ttzGwpeczE.jpg', 'https://image.tmdb.org/t/p/original/24VvKz4roO0Qij3lBI26wje6LWw.jpg') ON CONFLICT (id) DO UPDATE SET title = EXCLUDED.title, release_year = EXCLUDED.release_year, duration_minutes = EXCLUDED.duration_minutes, country = EXCLUDED.country, language = EXCLUDED.language, synopsis = EXCLUDED.synopsis, poster_image_url = EXCLUDED.poster_image_url, backdrop_image_url = EXCLUDED.backdrop_image_url;
INSERT INTO movie_directors (movie_id, director) VALUES (1145899, 'Philippe Lacheau');
INSERT INTO movie_cast_members (movie_id, cast_member) VALUES (1145899, 'Philippe Lacheau');
INSERT INTO movie_cast_members (movie_id, cast_member) VALUES (1145899, 'Jamel Debbouze');
INSERT INTO movie_cast_members (movie_id, cast_member) VALUES (1145899, 'Tarek Boudali');
INSERT INTO movie_cast_members (movie_id, cast_member) VALUES (1145899, 'Élodie Fontan');
INSERT INTO movie_cast_members (movie_id, cast_member) VALUES (1145899, 'Julien Arruti');
INSERT INTO movie_genres (movie_id, genre) VALUES (1145899, 'Adventure');
INSERT INTO movie_genres (movie_id, genre) VALUES (1145899, 'Comedy');
INSERT INTO movie_image_urls (movie_id, image_url) VALUES (1145899, 'https://image.tmdb.org/t/p/original/sd0QuOnKX0aM89nz886aQaixwCx.jpg');
INSERT INTO movie_image_urls (movie_id, image_url) VALUES (1145899, 'https://image.tmdb.org/t/p/original/1mSiNRJThOmwa1AheEGMUwvxMpc.jpg');
INSERT INTO movie_image_urls (movie_id, image_url) VALUES (1145899, 'https://image.tmdb.org/t/p/original/fKkBLcLbEXFYNGluZQKDIolFLfp.jpg');
INSERT INTO movie_image_urls (movie_id, image_url) VALUES (1145899, 'https://image.tmdb.org/t/p/original/pjAyqwvlq72utxhBimMdTHY6peC.jpg');

INSERT INTO movies (id, title, release_year, duration_minutes, country, language, synopsis, poster_image_url, backdrop_image_url) VALUES (1140521, 'The Magic Faraway Tree', 2026, 110, 'United Kingdom', 'English', 'A modern family relocates to the countryside where the children discover a magical tree with eccentric residents. They''re transported to fantastical lands, rekindling their family bond through adventures.', 'https://image.tmdb.org/t/p/w500/mtS8mW6aLuartATut8TrD39zTIG.jpg', 'https://image.tmdb.org/t/p/original/3o7t1gF0wbXAtELCkIcYyPXoIxA.jpg') ON CONFLICT (id) DO UPDATE SET title = EXCLUDED.title, release_year = EXCLUDED.release_year, duration_minutes = EXCLUDED.duration_minutes, country = EXCLUDED.country, language = EXCLUDED.language, synopsis = EXCLUDED.synopsis, poster_image_url = EXCLUDED.poster_image_url, backdrop_image_url = EXCLUDED.backdrop_image_url;
INSERT INTO movie_directors (movie_id, director) VALUES (1140521, 'Ben Gregor');
INSERT INTO movie_cast_members (movie_id, cast_member) VALUES (1140521, 'Andrew Garfield');
INSERT INTO movie_cast_members (movie_id, cast_member) VALUES (1140521, 'Claire Foy');
INSERT INTO movie_cast_members (movie_id, cast_member) VALUES (1140521, 'Nicola Coughlan');
INSERT INTO movie_cast_members (movie_id, cast_member) VALUES (1140521, 'Jessica Gunning');
INSERT INTO movie_cast_members (movie_id, cast_member) VALUES (1140521, 'Rebecca Ferguson');
INSERT INTO movie_genres (movie_id, genre) VALUES (1140521, 'Family');
INSERT INTO movie_genres (movie_id, genre) VALUES (1140521, 'Fantasy');
INSERT INTO movie_genres (movie_id, genre) VALUES (1140521, 'Adventure');
INSERT INTO movie_image_urls (movie_id, image_url) VALUES (1140521, 'https://image.tmdb.org/t/p/original/bcOuDQCciQm9DzONv8xXXuleGJA.jpg');
INSERT INTO movie_image_urls (movie_id, image_url) VALUES (1140521, 'https://image.tmdb.org/t/p/original/x4g6y3KPbX0goeI4d3AyoQkjN3R.jpg');
INSERT INTO movie_image_urls (movie_id, image_url) VALUES (1140521, 'https://image.tmdb.org/t/p/original/yalstNcroVmzktW1bf0zsZzB0qo.jpg');
INSERT INTO movie_image_urls (movie_id, image_url) VALUES (1140521, 'https://image.tmdb.org/t/p/original/pdiYYHumI6T9kfr0sxloe6UGYzw.jpg');

INSERT INTO movies (id, title, release_year, duration_minutes, country, language, synopsis, poster_image_url, backdrop_image_url) VALUES (1160360, 'If I Had Legs I''d Kick You', 2025, 113, 'United States of America', 'English', 'With her life crashing down around her, Linda attempts to navigate her child''s mysterious illness, her absent husband, a missing person, and an increasingly hostile relationship with her therapist.', 'https://image.tmdb.org/t/p/w500/va0TQ9WprMXRqQAzY56vyqY0Yd5.jpg', 'https://image.tmdb.org/t/p/original/eLVKuHGx9k8JgLk5JINQDmh9tRH.jpg') ON CONFLICT (id) DO UPDATE SET title = EXCLUDED.title, release_year = EXCLUDED.release_year, duration_minutes = EXCLUDED.duration_minutes, country = EXCLUDED.country, language = EXCLUDED.language, synopsis = EXCLUDED.synopsis, poster_image_url = EXCLUDED.poster_image_url, backdrop_image_url = EXCLUDED.backdrop_image_url;
INSERT INTO movie_directors (movie_id, director) VALUES (1160360, 'Mary Bronstein');
INSERT INTO movie_cast_members (movie_id, cast_member) VALUES (1160360, 'Rose Byrne');
INSERT INTO movie_cast_members (movie_id, cast_member) VALUES (1160360, 'Conan O''Brien');
INSERT INTO movie_cast_members (movie_id, cast_member) VALUES (1160360, 'A$AP Rocky');
INSERT INTO movie_cast_members (movie_id, cast_member) VALUES (1160360, 'Danielle Macdonald');
INSERT INTO movie_cast_members (movie_id, cast_member) VALUES (1160360, 'Delaney Quinn');
INSERT INTO movie_genres (movie_id, genre) VALUES (1160360, 'Drama');
INSERT INTO movie_image_urls (movie_id, image_url) VALUES (1160360, 'https://image.tmdb.org/t/p/original/hHN4iGAu0sCYvR0oaFmemKXDnVV.jpg');
INSERT INTO movie_image_urls (movie_id, image_url) VALUES (1160360, 'https://image.tmdb.org/t/p/original/Gq68CyfTlj4QiDsX8eZqFi8ce6.jpg');
INSERT INTO movie_image_urls (movie_id, image_url) VALUES (1160360, 'https://image.tmdb.org/t/p/original/51FUBQ7TBDWavuQnPGe2nNgwzTS.jpg');
INSERT INTO movie_image_urls (movie_id, image_url) VALUES (1160360, 'https://image.tmdb.org/t/p/original/6cUG2ZzAy9V9x7j4UF24DRaClBv.jpg');

INSERT INTO movies (id, title, release_year, duration_minutes, country, language, synopsis, poster_image_url, backdrop_image_url) VALUES (1429348, 'The Stranger', 2025, 122, 'France', 'French', 'In 1930s Algeria, the daily life of an indifferent Frenchman is shaken by the death of his mother and a fateful encounter on a beach.', 'https://image.tmdb.org/t/p/w500/11lx7Isd86SIPeNuWlAPjYTfr57.jpg', 'https://image.tmdb.org/t/p/original/b1oJ5K2cVXMCC7p33YdhDYhhU0F.jpg') ON CONFLICT (id) DO UPDATE SET title = EXCLUDED.title, release_year = EXCLUDED.release_year, duration_minutes = EXCLUDED.duration_minutes, country = EXCLUDED.country, language = EXCLUDED.language, synopsis = EXCLUDED.synopsis, poster_image_url = EXCLUDED.poster_image_url, backdrop_image_url = EXCLUDED.backdrop_image_url;
INSERT INTO movie_directors (movie_id, director) VALUES (1429348, 'François Ozon');
INSERT INTO movie_cast_members (movie_id, cast_member) VALUES (1429348, 'Benjamin Voisin');
INSERT INTO movie_cast_members (movie_id, cast_member) VALUES (1429348, 'Rebecca Marder');
INSERT INTO movie_cast_members (movie_id, cast_member) VALUES (1429348, 'Pierre Lottin');
INSERT INTO movie_cast_members (movie_id, cast_member) VALUES (1429348, 'Denis Lavant');
INSERT INTO movie_cast_members (movie_id, cast_member) VALUES (1429348, 'Swann Arlaud');
INSERT INTO movie_genres (movie_id, genre) VALUES (1429348, 'Drama');
INSERT INTO movie_genres (movie_id, genre) VALUES (1429348, 'Crime');
INSERT INTO movie_image_urls (movie_id, image_url) VALUES (1429348, 'https://image.tmdb.org/t/p/original/i7Ne6Jon0BWYFmViw3SM0RxL56l.jpg');
INSERT INTO movie_image_urls (movie_id, image_url) VALUES (1429348, 'https://image.tmdb.org/t/p/original/lvjHZFyXoNZZGBjn43Z6sTis8xs.jpg');
INSERT INTO movie_image_urls (movie_id, image_url) VALUES (1429348, 'https://image.tmdb.org/t/p/original/sjXnpN1uOiUxEhqFt6hZzircOi5.jpg');
INSERT INTO movie_image_urls (movie_id, image_url) VALUES (1429348, 'https://image.tmdb.org/t/p/original/k95d0VCGI6kiVsEd7joaOoxbUT9.jpg');

INSERT INTO movies (id, title, release_year, duration_minutes, country, language, synopsis, poster_image_url, backdrop_image_url) VALUES (1432605, 'My Father''s Shadow', 2025, 93, 'Nigeria', 'English', 'Two young brothers explore Lagos with their estranged father during the 1993 Nigerian election crisis, witnessing both the city''s magnitude and their father''s daily struggles as political unrest threatens their journey home.', 'https://image.tmdb.org/t/p/w500/aF8AFFh3LJpF8An0KUM8SdTwfVt.jpg', 'https://image.tmdb.org/t/p/original/hOWjRTjC8KA09ot2L0oBD7cA7p.jpg') ON CONFLICT (id) DO UPDATE SET title = EXCLUDED.title, release_year = EXCLUDED.release_year, duration_minutes = EXCLUDED.duration_minutes, country = EXCLUDED.country, language = EXCLUDED.language, synopsis = EXCLUDED.synopsis, poster_image_url = EXCLUDED.poster_image_url, backdrop_image_url = EXCLUDED.backdrop_image_url;
INSERT INTO movie_directors (movie_id, director) VALUES (1432605, 'Akinola Davies Jr.');
INSERT INTO movie_cast_members (movie_id, cast_member) VALUES (1432605, 'Ṣọpẹ́ Dìrísù');
INSERT INTO movie_cast_members (movie_id, cast_member) VALUES (1432605, 'Efon Wini');
INSERT INTO movie_cast_members (movie_id, cast_member) VALUES (1432605, 'Godwin Egbo');
INSERT INTO movie_cast_members (movie_id, cast_member) VALUES (1432605, 'Chibuike Marvellous Egbo');
INSERT INTO movie_cast_members (movie_id, cast_member) VALUES (1432605, 'Tosin Adeyemi');
INSERT INTO movie_genres (movie_id, genre) VALUES (1432605, 'Drama');
INSERT INTO movie_image_urls (movie_id, image_url) VALUES (1432605, 'https://image.tmdb.org/t/p/original/iAG4YFozqp6WABRQ0MIVHgJvH6M.jpg');
INSERT INTO movie_image_urls (movie_id, image_url) VALUES (1432605, 'https://image.tmdb.org/t/p/original/4clTkMSALVEkERysbVzOCIInhEi.jpg');
INSERT INTO movie_image_urls (movie_id, image_url) VALUES (1432605, 'https://image.tmdb.org/t/p/original/cWfo8S5CUGd3eGniNiDy8hAx4gy.jpg');
INSERT INTO movie_image_urls (movie_id, image_url) VALUES (1432605, 'https://image.tmdb.org/t/p/original/4eo6xojA8OPoGlN72PfNwHf8f7i.jpg');

INSERT INTO movies (id, title, release_year, duration_minutes, country, language, synopsis, poster_image_url, backdrop_image_url) VALUES (1383731, 'Protector', 2026, 90, 'United States of America', 'English', 'Former war hero Nikki''s peaceful life is shattered when her daughter is kidnapped. Thrust into the criminal underworld while hunted by cops and military, she must fight to rescue her child.', 'https://image.tmdb.org/t/p/w500/hUv1DarjEMmQM38i9DvW9pHYPZ4.jpg', 'https://image.tmdb.org/t/p/original/pYcO7MQgrygQERoWub0R35Nh5ec.jpg') ON CONFLICT (id) DO UPDATE SET title = EXCLUDED.title, release_year = EXCLUDED.release_year, duration_minutes = EXCLUDED.duration_minutes, country = EXCLUDED.country, language = EXCLUDED.language, synopsis = EXCLUDED.synopsis, poster_image_url = EXCLUDED.poster_image_url, backdrop_image_url = EXCLUDED.backdrop_image_url;
INSERT INTO movie_directors (movie_id, director) VALUES (1383731, 'Adrian Grünberg');
INSERT INTO movie_cast_members (movie_id, cast_member) VALUES (1383731, 'Milla Jovovich');
INSERT INTO movie_cast_members (movie_id, cast_member) VALUES (1383731, 'Matthew Modine');
INSERT INTO movie_cast_members (movie_id, cast_member) VALUES (1383731, 'Isabel Myers');
INSERT INTO movie_cast_members (movie_id, cast_member) VALUES (1383731, 'D. B. Sweeney');
INSERT INTO movie_cast_members (movie_id, cast_member) VALUES (1383731, 'Don Harvey');
INSERT INTO movie_genres (movie_id, genre) VALUES (1383731, 'Action');
INSERT INTO movie_genres (movie_id, genre) VALUES (1383731, 'Thriller');
INSERT INTO movie_image_urls (movie_id, image_url) VALUES (1383731, 'https://image.tmdb.org/t/p/original/rquift7ZyCTY7IWpaHXe4D5Ffjn.jpg');
INSERT INTO movie_image_urls (movie_id, image_url) VALUES (1383731, 'https://image.tmdb.org/t/p/original/bYnGBFmj03uD6kgu6ZDlirQPZx.jpg');

INSERT INTO movies (id, title, release_year, duration_minutes, country, language, synopsis, poster_image_url, backdrop_image_url) VALUES (1242265, 'Fuze', 2026, 96, 'United Kingdom', 'English', 'An unexploded WWII bomb is discovered on a busy construction site in the centre of London. Chaos ensues as the military and police begin a mass evacuation against a ticking clock.', 'https://image.tmdb.org/t/p/w500/oWehDe6fFR4eUdUMDy4jz6XiinO.jpg', 'https://image.tmdb.org/t/p/original/2J4e77TodIQGeyQQ6p6mZFoS20F.jpg') ON CONFLICT (id) DO UPDATE SET title = EXCLUDED.title, release_year = EXCLUDED.release_year, duration_minutes = EXCLUDED.duration_minutes, country = EXCLUDED.country, language = EXCLUDED.language, synopsis = EXCLUDED.synopsis, poster_image_url = EXCLUDED.poster_image_url, backdrop_image_url = EXCLUDED.backdrop_image_url;
INSERT INTO movie_directors (movie_id, director) VALUES (1242265, 'David Mackenzie');
INSERT INTO movie_cast_members (movie_id, cast_member) VALUES (1242265, 'Aaron Taylor-Johnson');
INSERT INTO movie_cast_members (movie_id, cast_member) VALUES (1242265, 'Theo James');
INSERT INTO movie_cast_members (movie_id, cast_member) VALUES (1242265, 'Gugu Mbatha-Raw');
INSERT INTO movie_cast_members (movie_id, cast_member) VALUES (1242265, 'Elham Ehsas');
INSERT INTO movie_cast_members (movie_id, cast_member) VALUES (1242265, 'Sam Worthington');
INSERT INTO movie_genres (movie_id, genre) VALUES (1242265, 'Action');
INSERT INTO movie_genres (movie_id, genre) VALUES (1242265, 'Crime');
INSERT INTO movie_genres (movie_id, genre) VALUES (1242265, 'Thriller');
INSERT INTO movie_image_urls (movie_id, image_url) VALUES (1242265, 'https://image.tmdb.org/t/p/original/c87Z6tN7ZWrhGtbsewcclZxg41o.jpg');
INSERT INTO movie_image_urls (movie_id, image_url) VALUES (1242265, 'https://image.tmdb.org/t/p/original/jX1Fp0MAFZelVYyIXxbx0hDMap4.jpg');
INSERT INTO movie_image_urls (movie_id, image_url) VALUES (1242265, 'https://image.tmdb.org/t/p/original/7nDu7fIbRdqAH182xIWbuiGckyj.jpg');
INSERT INTO movie_image_urls (movie_id, image_url) VALUES (1242265, 'https://image.tmdb.org/t/p/original/AhJvlLgWWvLldVi6RYBFBsEcEqg.jpg');

INSERT INTO movies (id, title, release_year, duration_minutes, country, language, synopsis, poster_image_url, backdrop_image_url) VALUES (7459, 'Speed Racer', 2008, 135, 'United States of America', 'Japanese', 'Speed Racer is a young and brilliant racing driver. When corruption in the racing leagues costs his brother his life, Speed must team up with the police and the mysterious Racer X to bring an end to the corruption and criminal activities.', 'https://image.tmdb.org/t/p/w500/fxRIpx9Op9h71q3tvuabx4GryyP.jpg', 'https://image.tmdb.org/t/p/original/kH14XvCHKfMRz1sNsAMY0KpAKb0.jpg') ON CONFLICT (id) DO UPDATE SET title = EXCLUDED.title, release_year = EXCLUDED.release_year, duration_minutes = EXCLUDED.duration_minutes, country = EXCLUDED.country, language = EXCLUDED.language, synopsis = EXCLUDED.synopsis, poster_image_url = EXCLUDED.poster_image_url, backdrop_image_url = EXCLUDED.backdrop_image_url;
INSERT INTO movie_directors (movie_id, director) VALUES (7459, 'Lana Wachowski');
INSERT INTO movie_directors (movie_id, director) VALUES (7459, 'Lilly Wachowski');
INSERT INTO movie_cast_members (movie_id, cast_member) VALUES (7459, 'Emile Hirsch');
INSERT INTO movie_cast_members (movie_id, cast_member) VALUES (7459, 'Christina Ricci');
INSERT INTO movie_cast_members (movie_id, cast_member) VALUES (7459, 'John Goodman');
INSERT INTO movie_cast_members (movie_id, cast_member) VALUES (7459, 'Susan Sarandon');
INSERT INTO movie_cast_members (movie_id, cast_member) VALUES (7459, 'Matthew Fox');
INSERT INTO movie_genres (movie_id, genre) VALUES (7459, 'Family');
INSERT INTO movie_genres (movie_id, genre) VALUES (7459, 'Action');
INSERT INTO movie_genres (movie_id, genre) VALUES (7459, 'Adventure');
INSERT INTO movie_genres (movie_id, genre) VALUES (7459, 'Comedy');
INSERT INTO movie_image_urls (movie_id, image_url) VALUES (7459, 'https://image.tmdb.org/t/p/original/9sv72zLn2gRK7M5kUUB8lCRMHJ0.jpg');
INSERT INTO movie_image_urls (movie_id, image_url) VALUES (7459, 'https://image.tmdb.org/t/p/original/tkXqkgtg8mhW1raTWWJ9ugd6ng8.jpg');
INSERT INTO movie_image_urls (movie_id, image_url) VALUES (7459, 'https://image.tmdb.org/t/p/original/3jvSzGGC6aYS5nWwXLA4Q68myRL.jpg');
INSERT INTO movie_image_urls (movie_id, image_url) VALUES (7459, 'https://image.tmdb.org/t/p/original/4lXZkIp40nwcxEYhrCCGjs0qUXw.jpg');

INSERT INTO movies (id, title, release_year, duration_minutes, country, language, synopsis, poster_image_url, backdrop_image_url) VALUES (1146058, 'The Pout-Pout Fish', 2026, 92, 'Australia', 'English', 'Living on a rundown shipwreck, Mr. Fish one day discovers a hyperactive young sea dragon Pip – who had mistaken his home for a junkyard – pilfering his belongings. The heated argument that ensues leaves both their houses in ruin. But there is hope! Embarking on a seemingly impossible quest in search of the mythical ''Shimmer'' to grant them a wish, there’s only one problem: someone else is on the hunt...', 'https://image.tmdb.org/t/p/w500/fcDXgGL14qL46It1XOozEjX5Jws.jpg', 'https://image.tmdb.org/t/p/original/g7SWR03SawQXs8QBJRsSA5GU7we.jpg') ON CONFLICT (id) DO UPDATE SET title = EXCLUDED.title, release_year = EXCLUDED.release_year, duration_minutes = EXCLUDED.duration_minutes, country = EXCLUDED.country, language = EXCLUDED.language, synopsis = EXCLUDED.synopsis, poster_image_url = EXCLUDED.poster_image_url, backdrop_image_url = EXCLUDED.backdrop_image_url;
INSERT INTO movie_directors (movie_id, director) VALUES (1146058, 'Ricard Cussó');
INSERT INTO movie_cast_members (movie_id, cast_member) VALUES (1146058, 'Nick Offerman');
INSERT INTO movie_cast_members (movie_id, cast_member) VALUES (1146058, 'Nina Oyama');
INSERT INTO movie_cast_members (movie_id, cast_member) VALUES (1146058, 'Miranda Otto');
INSERT INTO movie_cast_members (movie_id, cast_member) VALUES (1146058, 'Amy Sedaris');
INSERT INTO movie_cast_members (movie_id, cast_member) VALUES (1146058, 'Jordin Sparks');
INSERT INTO movie_genres (movie_id, genre) VALUES (1146058, 'Animation');
INSERT INTO movie_genres (movie_id, genre) VALUES (1146058, 'Family');
INSERT INTO movie_genres (movie_id, genre) VALUES (1146058, 'Adventure');
INSERT INTO movie_genres (movie_id, genre) VALUES (1146058, 'Comedy');
INSERT INTO movie_image_urls (movie_id, image_url) VALUES (1146058, 'https://image.tmdb.org/t/p/original/1Gtqt6mehTTFmPTv3ryMHUrbtFA.jpg');
INSERT INTO movie_image_urls (movie_id, image_url) VALUES (1146058, 'https://image.tmdb.org/t/p/original/mDDLVMAsZWzMk6Ccn5fRub0VPv.jpg');
INSERT INTO movie_image_urls (movie_id, image_url) VALUES (1146058, 'https://image.tmdb.org/t/p/original/jQREgfx6G1VTKQEtoMIDhxMOxWF.jpg');
INSERT INTO movie_image_urls (movie_id, image_url) VALUES (1146058, 'https://image.tmdb.org/t/p/original/mNTemZhpQk7eXR59a7OSNUkl00X.jpg');

INSERT INTO movies (id, title, release_year, duration_minutes, country, language, synopsis, poster_image_url, backdrop_image_url) VALUES (1291659, 'The Wizard of the Kremlin', 2026, 156, 'France', 'English', 'Russia, early 1990s. Amid post-Soviet chaos, a brilliant young man, Vadim Baranov, charts his path. First an artist, then a reality TV producer, he becomes the spin doctor to a rising KGB agent: Vladimir Putin. At the heart of power, Baranov shapes the new Russia, blurring the boundaries between truth and lies, belief and manipulation. Only the magnetic Ksenia is beyond his control, tempting him away from this dangerous game. Years later, after retreating into silence and shrouded in mystery, Baranov finally opens up, revealing the dark secrets of the regime he helped build.', 'https://image.tmdb.org/t/p/w500/q2jCWxRVSycIJhZbf3XCN7ZrGTS.jpg', 'https://image.tmdb.org/t/p/original/muQBvHrG25EYQjgLVA6YQkcrnZH.jpg') ON CONFLICT (id) DO UPDATE SET title = EXCLUDED.title, release_year = EXCLUDED.release_year, duration_minutes = EXCLUDED.duration_minutes, country = EXCLUDED.country, language = EXCLUDED.language, synopsis = EXCLUDED.synopsis, poster_image_url = EXCLUDED.poster_image_url, backdrop_image_url = EXCLUDED.backdrop_image_url;
INSERT INTO movie_directors (movie_id, director) VALUES (1291659, 'Olivier Assayas');
INSERT INTO movie_cast_members (movie_id, cast_member) VALUES (1291659, 'Paul Dano');
INSERT INTO movie_cast_members (movie_id, cast_member) VALUES (1291659, 'Jude Law');
INSERT INTO movie_cast_members (movie_id, cast_member) VALUES (1291659, 'Alicia Vikander');
INSERT INTO movie_cast_members (movie_id, cast_member) VALUES (1291659, 'Tom Sturridge');
INSERT INTO movie_cast_members (movie_id, cast_member) VALUES (1291659, 'Will Keen');
INSERT INTO movie_genres (movie_id, genre) VALUES (1291659, 'Drama');
INSERT INTO movie_image_urls (movie_id, image_url) VALUES (1291659, 'https://image.tmdb.org/t/p/original/ArlN8C4VnVbDkwD7qLj9YAob1G4.jpg');
INSERT INTO movie_image_urls (movie_id, image_url) VALUES (1291659, 'https://image.tmdb.org/t/p/original/hU4UzCwzTkwD2FL7GJmcALEScBB.jpg');
INSERT INTO movie_image_urls (movie_id, image_url) VALUES (1291659, 'https://image.tmdb.org/t/p/original/dbFiLEQcaAIeMYwXQ4vVn9c2EkX.jpg');
INSERT INTO movie_image_urls (movie_id, image_url) VALUES (1291659, 'https://image.tmdb.org/t/p/original/mRLzlYlWT40sD4rIZVEpGhLIWko.jpg');

INSERT INTO movies (id, title, release_year, duration_minutes, country, language, synopsis, poster_image_url, backdrop_image_url) VALUES (1443374, '森中有林', 2026, 1, 'China', 'Mandarin', 'The story chronicles four decades in the lives of a family deeply rooted in the soil of Northeast China. Through times of prosperity and hardship, they navigate cycles of love and hatred, fortune and misfortune. Though buffeted by the twists of fate, they never relinquish their steadfast guardianship of one another and the profound commitment to this ancestral land that sustains them.', 'https://image.tmdb.org/t/p/w500/lauBwkkT3dNqnLYAmd8YtRj7HD7.jpg', 'https://image.tmdb.org/t/p/original/qAe5omymsbIvRzl0PySF3NKPdad.jpg') ON CONFLICT (id) DO UPDATE SET title = EXCLUDED.title, release_year = EXCLUDED.release_year, duration_minutes = EXCLUDED.duration_minutes, country = EXCLUDED.country, language = EXCLUDED.language, synopsis = EXCLUDED.synopsis, poster_image_url = EXCLUDED.poster_image_url, backdrop_image_url = EXCLUDED.backdrop_image_url;
INSERT INTO movie_directors (movie_id, director) VALUES (1443374, 'Zhi Zheng');
INSERT INTO movie_cast_members (movie_id, cast_member) VALUES (1443374, 'Yu Hewei');
INSERT INTO movie_cast_members (movie_id, cast_member) VALUES (1443374, 'Gao Yuanyuan');
INSERT INTO movie_cast_members (movie_id, cast_member) VALUES (1443374, 'Han Geng');
INSERT INTO movie_cast_members (movie_id, cast_member) VALUES (1443374, 'Zhang Tian''ai');
INSERT INTO movie_cast_members (movie_id, cast_member) VALUES (1443374, 'Qiao Shan');
INSERT INTO movie_genres (movie_id, genre) VALUES (1443374, 'Drama');
INSERT INTO movie_genres (movie_id, genre) VALUES (1443374, 'Romance');
INSERT INTO movie_genres (movie_id, genre) VALUES (1443374, 'Crime');
INSERT INTO movie_image_urls (movie_id, image_url) VALUES (1443374, 'https://image.tmdb.org/t/p/original/3FDIgvh0EHl266uml5jE7L9vEPr.jpg');

INSERT INTO movies (id, title, release_year, duration_minutes, country, language, synopsis, poster_image_url, backdrop_image_url) VALUES (1292415, 'Beast', 2026, 114, 'United States of America', 'English', 'After years away from the cage, a once-feared MMA champion is pulled back in for the fight of his life when his younger brother is put in danger. Reuniting with the trainer who once made him a legend, he commits to one final showdown against the reigning title-holder — a brutal fighter determined to dismantle the ex-champ''s legacy in front of the world.', 'https://image.tmdb.org/t/p/w500/7NrvUI3vnW8H3rD7ExKcTL7KRcQ.jpg', 'https://image.tmdb.org/t/p/original/hlZGaey4lR9hc4rGxZRAmIEsZOc.jpg') ON CONFLICT (id) DO UPDATE SET title = EXCLUDED.title, release_year = EXCLUDED.release_year, duration_minutes = EXCLUDED.duration_minutes, country = EXCLUDED.country, language = EXCLUDED.language, synopsis = EXCLUDED.synopsis, poster_image_url = EXCLUDED.poster_image_url, backdrop_image_url = EXCLUDED.backdrop_image_url;
INSERT INTO movie_directors (movie_id, director) VALUES (1292415, 'Tyler Atkins');
INSERT INTO movie_cast_members (movie_id, cast_member) VALUES (1292415, 'Daniel MacPherson');
INSERT INTO movie_cast_members (movie_id, cast_member) VALUES (1292415, 'Luke Hemsworth');
INSERT INTO movie_cast_members (movie_id, cast_member) VALUES (1292415, 'Russell Crowe');
INSERT INTO movie_cast_members (movie_id, cast_member) VALUES (1292415, 'Ricky Whittle');
INSERT INTO movie_cast_members (movie_id, cast_member) VALUES (1292415, 'Mojean Aria');
INSERT INTO movie_genres (movie_id, genre) VALUES (1292415, 'Action');
INSERT INTO movie_genres (movie_id, genre) VALUES (1292415, 'Drama');

INSERT INTO movies (id, title, release_year, duration_minutes, country, language, synopsis, poster_image_url, backdrop_image_url) VALUES (999075, 'Left-Handed Girl', 2025, 109, 'France', 'Mandarin', 'A mother and her two daughters move to Taipei to open a noodle stand at a vibrant night market, but family secrets and tradition test their fresh start.', 'https://image.tmdb.org/t/p/w500/pXlEThtgrTVtQEw1HQ9Qp8I1A3e.jpg', 'https://image.tmdb.org/t/p/original/xqft4oJyMATznCFFLpTlQPiSr8N.jpg') ON CONFLICT (id) DO UPDATE SET title = EXCLUDED.title, release_year = EXCLUDED.release_year, duration_minutes = EXCLUDED.duration_minutes, country = EXCLUDED.country, language = EXCLUDED.language, synopsis = EXCLUDED.synopsis, poster_image_url = EXCLUDED.poster_image_url, backdrop_image_url = EXCLUDED.backdrop_image_url;
INSERT INTO movie_directors (movie_id, director) VALUES (999075, 'Tsou Shih-ching');
INSERT INTO movie_cast_members (movie_id, cast_member) VALUES (999075, 'Ma Shih-yuan');
INSERT INTO movie_cast_members (movie_id, cast_member) VALUES (999075, 'Janel Tsai');
INSERT INTO movie_cast_members (movie_id, cast_member) VALUES (999075, 'Nina Ye');
INSERT INTO movie_cast_members (movie_id, cast_member) VALUES (999075, 'Brando Huang');
INSERT INTO movie_cast_members (movie_id, cast_member) VALUES (999075, 'Akio Chen');
INSERT INTO movie_genres (movie_id, genre) VALUES (999075, 'Drama');
INSERT INTO movie_image_urls (movie_id, image_url) VALUES (999075, 'https://image.tmdb.org/t/p/original/axrJ8IsDecSkJg01qMuoxFK1iMO.jpg');
INSERT INTO movie_image_urls (movie_id, image_url) VALUES (999075, 'https://image.tmdb.org/t/p/original/zuaiX7TW82oqpRqU8Yxa3Ly5WHK.jpg');
INSERT INTO movie_image_urls (movie_id, image_url) VALUES (999075, 'https://image.tmdb.org/t/p/original/njpkVZb648pNx3YY3RciK6Ml2dJ.jpg');
INSERT INTO movie_image_urls (movie_id, image_url) VALUES (999075, 'https://image.tmdb.org/t/p/original/clhAlc02WJvvd8iuavD9VrWSfL8.jpg');

INSERT INTO movies (id, title, release_year, duration_minutes, country, language, synopsis, poster_image_url, backdrop_image_url) VALUES (1263012, 'Dead Man''s Wire', 2026, 105, 'United States of America', 'English', 'In 1977, former real estate developer Tony Kiritsis puts a dead man''s switch on himself and the mortgage banker who did him wrong, demanding $5 million and a personal apology.', 'https://image.tmdb.org/t/p/w500/dgSoeebklY0IGKWbp36r9FwRXlv.jpg', 'https://image.tmdb.org/t/p/original/ulw8SrKbDeDrsSVNKPb5211AseI.jpg') ON CONFLICT (id) DO UPDATE SET title = EXCLUDED.title, release_year = EXCLUDED.release_year, duration_minutes = EXCLUDED.duration_minutes, country = EXCLUDED.country, language = EXCLUDED.language, synopsis = EXCLUDED.synopsis, poster_image_url = EXCLUDED.poster_image_url, backdrop_image_url = EXCLUDED.backdrop_image_url;
INSERT INTO movie_directors (movie_id, director) VALUES (1263012, 'Gus Van Sant');
INSERT INTO movie_cast_members (movie_id, cast_member) VALUES (1263012, 'Bill Skarsgård');
INSERT INTO movie_cast_members (movie_id, cast_member) VALUES (1263012, 'Colman Domingo');
INSERT INTO movie_cast_members (movie_id, cast_member) VALUES (1263012, 'Al Pacino');
INSERT INTO movie_cast_members (movie_id, cast_member) VALUES (1263012, 'Dacre Montgomery');
INSERT INTO movie_cast_members (movie_id, cast_member) VALUES (1263012, 'Myha''la');
INSERT INTO movie_genres (movie_id, genre) VALUES (1263012, 'Crime');
INSERT INTO movie_genres (movie_id, genre) VALUES (1263012, 'Drama');
INSERT INTO movie_genres (movie_id, genre) VALUES (1263012, 'Thriller');
INSERT INTO movie_image_urls (movie_id, image_url) VALUES (1263012, 'https://image.tmdb.org/t/p/original/c7hyozOJmeMu1ZDSwheW4deovXA.jpg');
INSERT INTO movie_image_urls (movie_id, image_url) VALUES (1263012, 'https://image.tmdb.org/t/p/original/jM74GzyVDMl1nWE0PV6fsIYYCcW.jpg');
INSERT INTO movie_image_urls (movie_id, image_url) VALUES (1263012, 'https://image.tmdb.org/t/p/original/hioxlIrBhwgVQviYaBuFounFn8X.jpg');
INSERT INTO movie_image_urls (movie_id, image_url) VALUES (1263012, 'https://image.tmdb.org/t/p/original/cfsqQUXIVwuTRdPPFSKKjHkz5un.jpg');

INSERT INTO movies (id, title, release_year, duration_minutes, country, language, synopsis, poster_image_url, backdrop_image_url) VALUES (1370814, 'The Plague', 2025, 98, 'United States of America', 'English', 'A socially awkward tween endures the ruthless hierarchy at a water polo camp, his anxiety spiraling into psychological turmoil over the summer.', 'https://image.tmdb.org/t/p/w500/b0RWuqzgvyfiIYU4QfgJHhmxZF4.jpg', 'https://image.tmdb.org/t/p/original/kHyN3PejjlYWYz1Eah3jS64oV0g.jpg') ON CONFLICT (id) DO UPDATE SET title = EXCLUDED.title, release_year = EXCLUDED.release_year, duration_minutes = EXCLUDED.duration_minutes, country = EXCLUDED.country, language = EXCLUDED.language, synopsis = EXCLUDED.synopsis, poster_image_url = EXCLUDED.poster_image_url, backdrop_image_url = EXCLUDED.backdrop_image_url;
INSERT INTO movie_directors (movie_id, director) VALUES (1370814, 'Charlie Polinger');
INSERT INTO movie_cast_members (movie_id, cast_member) VALUES (1370814, 'Everett Blunck');
INSERT INTO movie_cast_members (movie_id, cast_member) VALUES (1370814, 'Kayo Martin');
INSERT INTO movie_cast_members (movie_id, cast_member) VALUES (1370814, 'Joel Edgerton');
INSERT INTO movie_cast_members (movie_id, cast_member) VALUES (1370814, 'Kenny Rasmussen');
INSERT INTO movie_cast_members (movie_id, cast_member) VALUES (1370814, 'Lucas Adler');
INSERT INTO movie_genres (movie_id, genre) VALUES (1370814, 'Drama');
INSERT INTO movie_genres (movie_id, genre) VALUES (1370814, 'Horror');
INSERT INTO movie_image_urls (movie_id, image_url) VALUES (1370814, 'https://image.tmdb.org/t/p/original/5hx45AVpw6PkVSGUl2GPDDbsUD1.jpg');
INSERT INTO movie_image_urls (movie_id, image_url) VALUES (1370814, 'https://image.tmdb.org/t/p/original/asOJpcgUr3cQl4hq6WZa8bDZYrS.jpg');
INSERT INTO movie_image_urls (movie_id, image_url) VALUES (1370814, 'https://image.tmdb.org/t/p/original/yW6nRpidwBv36jbOfpOjDoUk50n.jpg');
INSERT INTO movie_image_urls (movie_id, image_url) VALUES (1370814, 'https://image.tmdb.org/t/p/original/5uLKIYCkoiZehKA8pqsuLtLH6Bt.jpg');

INSERT INTO movies (id, title, release_year, duration_minutes, country, language, synopsis, poster_image_url, backdrop_image_url) VALUES (1519168, 'The Jester 2', 2025, 87, 'United States of America', 'English', 'When teen magician Max crosses paths with the sinister Jester on Halloween night, she must outsmart a supernatural killer whose magic is all too real and whose tricks always end up in blood.', 'https://image.tmdb.org/t/p/w500/47dsw1jSOV0Be5zmy7CtLhYpqU.jpg', 'https://image.tmdb.org/t/p/original/yZtnGzfZER0QU7ZG4r4RaZAaXJH.jpg') ON CONFLICT (id) DO UPDATE SET title = EXCLUDED.title, release_year = EXCLUDED.release_year, duration_minutes = EXCLUDED.duration_minutes, country = EXCLUDED.country, language = EXCLUDED.language, synopsis = EXCLUDED.synopsis, poster_image_url = EXCLUDED.poster_image_url, backdrop_image_url = EXCLUDED.backdrop_image_url;
INSERT INTO movie_directors (movie_id, director) VALUES (1519168, 'Colin Krawchuk');
INSERT INTO movie_cast_members (movie_id, cast_member) VALUES (1519168, 'Michael Sheffield');
INSERT INTO movie_cast_members (movie_id, cast_member) VALUES (1519168, 'Kaitlyn Trentham');
INSERT INTO movie_cast_members (movie_id, cast_member) VALUES (1519168, 'Dingani Beza');
INSERT INTO movie_cast_members (movie_id, cast_member) VALUES (1519168, 'Hassen Kacem');
INSERT INTO movie_cast_members (movie_id, cast_member) VALUES (1519168, 'Jessica Ambuehl');
INSERT INTO movie_genres (movie_id, genre) VALUES (1519168, 'Horror');
INSERT INTO movie_genres (movie_id, genre) VALUES (1519168, 'Thriller');
INSERT INTO movie_genres (movie_id, genre) VALUES (1519168, 'Crime');
INSERT INTO movie_image_urls (movie_id, image_url) VALUES (1519168, 'https://image.tmdb.org/t/p/original/hMTu3cwIurRp0JzWr6iuQDw8qIQ.jpg');
INSERT INTO movie_image_urls (movie_id, image_url) VALUES (1519168, 'https://image.tmdb.org/t/p/original/1lvvAA8ZlJUUIjOX2EjTuXCOM3S.jpg');
INSERT INTO movie_image_urls (movie_id, image_url) VALUES (1519168, 'https://image.tmdb.org/t/p/original/3cp0cgkdagCP5kLMCX3Yn440ghV.jpg');
INSERT INTO movie_image_urls (movie_id, image_url) VALUES (1519168, 'https://image.tmdb.org/t/p/original/8Wko0VmB5UKI9h5PrlzvKZ4iW8k.jpg');

INSERT INTO movies (id, title, release_year, duration_minutes, country, language, synopsis, poster_image_url, backdrop_image_url) VALUES (1443576, 'Sundays', 2025, 112, 'Spain', 'Spanish', '17-year-old Ainara is a student at a Catholic secondary school, and is about to take her final year exams and choose her future university course. To everyone’s surprise, this brilliant young girl announces to her family that she wants to take part in an induction period at a convent in order to embrace the religious life. Nobody was expecting this. While her father seems to be won over by his daughter’s aspirations, for Maite, Ainara’s aunt, this unexpected vocation is the manifestation of a deeper problem.', 'https://image.tmdb.org/t/p/w500/3682SbY3rsNKsQzFpPUKrWdGmmx.jpg', 'https://image.tmdb.org/t/p/original/jVwvhKpw6a7c7JmHhMykKAn7buQ.jpg') ON CONFLICT (id) DO UPDATE SET title = EXCLUDED.title, release_year = EXCLUDED.release_year, duration_minutes = EXCLUDED.duration_minutes, country = EXCLUDED.country, language = EXCLUDED.language, synopsis = EXCLUDED.synopsis, poster_image_url = EXCLUDED.poster_image_url, backdrop_image_url = EXCLUDED.backdrop_image_url;
INSERT INTO movie_directors (movie_id, director) VALUES (1443576, 'Alauda Ruiz de Azúa');
INSERT INTO movie_cast_members (movie_id, cast_member) VALUES (1443576, 'Blanca Soroa');
INSERT INTO movie_cast_members (movie_id, cast_member) VALUES (1443576, 'Patricia López Arnaiz');
INSERT INTO movie_cast_members (movie_id, cast_member) VALUES (1443576, 'Miguel Garcés');
INSERT INTO movie_cast_members (movie_id, cast_member) VALUES (1443576, 'Juan Minujín');
INSERT INTO movie_cast_members (movie_id, cast_member) VALUES (1443576, 'Mabel Rivera');
INSERT INTO movie_genres (movie_id, genre) VALUES (1443576, 'Drama');
INSERT INTO movie_image_urls (movie_id, image_url) VALUES (1443576, 'https://image.tmdb.org/t/p/original/jgKix9qqZUkfNU92cBG08oLCxOj.jpg');
INSERT INTO movie_image_urls (movie_id, image_url) VALUES (1443576, 'https://image.tmdb.org/t/p/original/2oqTu89OCk5unsKV1neMJP3Btor.jpg');
INSERT INTO movie_image_urls (movie_id, image_url) VALUES (1443576, 'https://image.tmdb.org/t/p/original/8MAgruclPXzkdtEJCs4No6TaFvz.jpg');
INSERT INTO movie_image_urls (movie_id, image_url) VALUES (1443576, 'https://image.tmdb.org/t/p/original/rMjlMgbZQpCucxsyvVvzLKcP0RA.jpg');

INSERT INTO movies (id, title, release_year, duration_minutes, country, language, synopsis, poster_image_url, backdrop_image_url) VALUES (1102883, 'Mother Mary', 2026, 112, 'United States of America', 'English', 'Long-buried wounds rise to the surface when iconic pop star Mother Mary reunites with her estranged best friend and former costume designer Sam Anselm on the eve of her comeback performance.', 'https://image.tmdb.org/t/p/w500/qMgUI6pxkPtIuoXX4DcJ6X7bdt2.jpg', 'https://image.tmdb.org/t/p/original/isKS6cjAbvfNoCI3pzHsLn1LZmx.jpg') ON CONFLICT (id) DO UPDATE SET title = EXCLUDED.title, release_year = EXCLUDED.release_year, duration_minutes = EXCLUDED.duration_minutes, country = EXCLUDED.country, language = EXCLUDED.language, synopsis = EXCLUDED.synopsis, poster_image_url = EXCLUDED.poster_image_url, backdrop_image_url = EXCLUDED.backdrop_image_url;
INSERT INTO movie_directors (movie_id, director) VALUES (1102883, 'David Lowery');
INSERT INTO movie_cast_members (movie_id, cast_member) VALUES (1102883, 'Anne Hathaway');
INSERT INTO movie_cast_members (movie_id, cast_member) VALUES (1102883, 'Michaela Coel');
INSERT INTO movie_cast_members (movie_id, cast_member) VALUES (1102883, 'Hunter Schafer');
INSERT INTO movie_cast_members (movie_id, cast_member) VALUES (1102883, 'Atheena Frizzell');
INSERT INTO movie_cast_members (movie_id, cast_member) VALUES (1102883, 'Kaia Gerber');
INSERT INTO movie_genres (movie_id, genre) VALUES (1102883, 'Music');
INSERT INTO movie_genres (movie_id, genre) VALUES (1102883, 'Drama');
INSERT INTO movie_genres (movie_id, genre) VALUES (1102883, 'Thriller');
INSERT INTO movie_image_urls (movie_id, image_url) VALUES (1102883, 'https://image.tmdb.org/t/p/original/9cE54pw0RBn5Ok07qvZx8T3TsDH.jpg');
INSERT INTO movie_image_urls (movie_id, image_url) VALUES (1102883, 'https://image.tmdb.org/t/p/original/utot1pM0IaRsOPM56vonpHFDT2c.jpg');
INSERT INTO movie_image_urls (movie_id, image_url) VALUES (1102883, 'https://image.tmdb.org/t/p/original/eBnVPe5IlfdXXK6GhZPRdrNAu9f.jpg');
INSERT INTO movie_image_urls (movie_id, image_url) VALUES (1102883, 'https://image.tmdb.org/t/p/original/bZXLcG6i1bw9z815zXWhhHaESNO.jpg');

INSERT INTO movies (id, title, release_year, duration_minutes, country, language, synopsis, poster_image_url, backdrop_image_url) VALUES (416249, 'Cold War II', 2016, 110, 'China', 'Cantonese', 'A suspected criminal mastermind escapes from police custody, throwing the city into turmoil. With the police department now divided, rival police chiefs are forced to take their fight to the streets of Hong Kong with deadly consequences.', 'https://image.tmdb.org/t/p/w500/qG3e432sNeesyPG86Ybg9amyTlL.jpg', 'https://image.tmdb.org/t/p/original/7yR2BMksskCgw87Ts04dL2p0pIn.jpg') ON CONFLICT (id) DO UPDATE SET title = EXCLUDED.title, release_year = EXCLUDED.release_year, duration_minutes = EXCLUDED.duration_minutes, country = EXCLUDED.country, language = EXCLUDED.language, synopsis = EXCLUDED.synopsis, poster_image_url = EXCLUDED.poster_image_url, backdrop_image_url = EXCLUDED.backdrop_image_url;
INSERT INTO movie_directors (movie_id, director) VALUES (416249, 'Leung Lok-Man');
INSERT INTO movie_directors (movie_id, director) VALUES (416249, 'Sunny Luk Kim-Ching');
INSERT INTO movie_cast_members (movie_id, cast_member) VALUES (416249, 'Aaron Kwok');
INSERT INTO movie_cast_members (movie_id, cast_member) VALUES (416249, 'Tony Leung Ka-fai');
INSERT INTO movie_cast_members (movie_id, cast_member) VALUES (416249, 'Chow Yun-Fat');
INSERT INTO movie_cast_members (movie_id, cast_member) VALUES (416249, 'Charlie Yeung Choi-Nei');
INSERT INTO movie_cast_members (movie_id, cast_member) VALUES (416249, 'Janice Man Wing-San');
INSERT INTO movie_genres (movie_id, genre) VALUES (416249, 'Action');
INSERT INTO movie_genres (movie_id, genre) VALUES (416249, 'Thriller');
INSERT INTO movie_genres (movie_id, genre) VALUES (416249, 'Crime');
INSERT INTO movie_image_urls (movie_id, image_url) VALUES (416249, 'https://image.tmdb.org/t/p/original/qj3oAUHThoI0syR8Tx2HXLcrbBQ.jpg');
INSERT INTO movie_image_urls (movie_id, image_url) VALUES (416249, 'https://image.tmdb.org/t/p/original/5FnrajCUbZOvsBN1O947TfCqUUV.jpg');
INSERT INTO movie_image_urls (movie_id, image_url) VALUES (416249, 'https://image.tmdb.org/t/p/original/hNlXFHwEuIw68BlDbC8MK3MVCON.jpg');
INSERT INTO movie_image_urls (movie_id, image_url) VALUES (416249, 'https://image.tmdb.org/t/p/original/rM2JxEET1860q72TLHmPdFGSM5I.jpg');

INSERT INTO movies (id, title, release_year, duration_minutes, country, language, synopsis, poster_image_url, backdrop_image_url) VALUES (1262815, 'The Choral', 2025, 113, 'United Kingdom', 'English', 'As World War I rages on, Dr. Henry Guthrie takes over a British choral society that''s lost most of its men to the army. The community soon discovers that the best response to the chaos of war is to make beautiful music together.', 'https://image.tmdb.org/t/p/w500/yQtms7CSM0CE0W6dYbLLAATb5rL.jpg', 'https://image.tmdb.org/t/p/original/4zyeIE8ceP95gehaPsgqamEYRuy.jpg') ON CONFLICT (id) DO UPDATE SET title = EXCLUDED.title, release_year = EXCLUDED.release_year, duration_minutes = EXCLUDED.duration_minutes, country = EXCLUDED.country, language = EXCLUDED.language, synopsis = EXCLUDED.synopsis, poster_image_url = EXCLUDED.poster_image_url, backdrop_image_url = EXCLUDED.backdrop_image_url;
INSERT INTO movie_directors (movie_id, director) VALUES (1262815, 'Nicholas Hytner');
INSERT INTO movie_cast_members (movie_id, cast_member) VALUES (1262815, 'Ralph Fiennes');
INSERT INTO movie_cast_members (movie_id, cast_member) VALUES (1262815, 'Roger Allam');
INSERT INTO movie_cast_members (movie_id, cast_member) VALUES (1262815, 'Mark Addy');
INSERT INTO movie_cast_members (movie_id, cast_member) VALUES (1262815, 'Alun Armstrong');
INSERT INTO movie_cast_members (movie_id, cast_member) VALUES (1262815, 'Simon Russell Beale');
INSERT INTO movie_genres (movie_id, genre) VALUES (1262815, 'Comedy');
INSERT INTO movie_genres (movie_id, genre) VALUES (1262815, 'Drama');
INSERT INTO movie_genres (movie_id, genre) VALUES (1262815, 'Music');
INSERT INTO movie_image_urls (movie_id, image_url) VALUES (1262815, 'https://image.tmdb.org/t/p/original/sWKjWmuGql4qpAZ6OVIt1VSrLCj.jpg');
INSERT INTO movie_image_urls (movie_id, image_url) VALUES (1262815, 'https://image.tmdb.org/t/p/original/tIy0gADLtWQ7V3lcZtLyiyXBUb5.jpg');
INSERT INTO movie_image_urls (movie_id, image_url) VALUES (1262815, 'https://image.tmdb.org/t/p/original/xnfTpFuB2HaiA9YvPNN8pU5d0no.jpg');
INSERT INTO movie_image_urls (movie_id, image_url) VALUES (1262815, 'https://image.tmdb.org/t/p/original/aj4JyJD31yPb5MFifnz0VXcx8TQ.jpg');

INSERT INTO movies (id, title, release_year, duration_minutes, country, language, synopsis, poster_image_url, backdrop_image_url) VALUES (1117857, 'In Your Dreams', 2025, 87, 'United States of America', 'English', 'Stevie and her little brother Elliot journey into the wildly absurd landscape of their own dreams to ask the Sandman to grant them the perfect family.', 'https://image.tmdb.org/t/p/w500/ug0TqgmByPCEYzR9lQWQmyAa7sw.jpg', 'https://image.tmdb.org/t/p/original/cTuFz80FozP54Aob9TYl4mF1wKk.jpg') ON CONFLICT (id) DO UPDATE SET title = EXCLUDED.title, release_year = EXCLUDED.release_year, duration_minutes = EXCLUDED.duration_minutes, country = EXCLUDED.country, language = EXCLUDED.language, synopsis = EXCLUDED.synopsis, poster_image_url = EXCLUDED.poster_image_url, backdrop_image_url = EXCLUDED.backdrop_image_url;
INSERT INTO movie_directors (movie_id, director) VALUES (1117857, 'Alex Woo');
INSERT INTO movie_cast_members (movie_id, cast_member) VALUES (1117857, 'Jolie Hoang-Rappaport');
INSERT INTO movie_cast_members (movie_id, cast_member) VALUES (1117857, 'Elias Janssen');
INSERT INTO movie_cast_members (movie_id, cast_member) VALUES (1117857, 'Simu Liu');
INSERT INTO movie_cast_members (movie_id, cast_member) VALUES (1117857, 'Craig Robinson');
INSERT INTO movie_cast_members (movie_id, cast_member) VALUES (1117857, 'Cristin Milioti');
INSERT INTO movie_genres (movie_id, genre) VALUES (1117857, 'Animation');
INSERT INTO movie_genres (movie_id, genre) VALUES (1117857, 'Family');
INSERT INTO movie_genres (movie_id, genre) VALUES (1117857, 'Comedy');
INSERT INTO movie_genres (movie_id, genre) VALUES (1117857, 'Adventure');
INSERT INTO movie_genres (movie_id, genre) VALUES (1117857, 'Fantasy');
INSERT INTO movie_image_urls (movie_id, image_url) VALUES (1117857, 'https://image.tmdb.org/t/p/original/pU9cz8mZjzwyPAcJDPXBlK99BoR.jpg');
INSERT INTO movie_image_urls (movie_id, image_url) VALUES (1117857, 'https://image.tmdb.org/t/p/original/69wb2O2QozXRzUhmHAHTIa7UiJy.jpg');
INSERT INTO movie_image_urls (movie_id, image_url) VALUES (1117857, 'https://image.tmdb.org/t/p/original/s7BTYCanC0f43HYs5cM1o02pKWA.jpg');
INSERT INTO movie_image_urls (movie_id, image_url) VALUES (1117857, 'https://image.tmdb.org/t/p/original/rM1H3uwsdT4niZzgpqETB7ouzyi.jpg');

INSERT INTO movies (id, title, release_year, duration_minutes, country, language, synopsis, poster_image_url, backdrop_image_url) VALUES (19995, 'Avatar', 2009, 162, 'United States of America', 'English', 'In the 22nd century, a paraplegic Marine is dispatched to the moon Pandora on a unique mission, but becomes torn between following orders and protecting an alien civilization.', 'https://image.tmdb.org/t/p/w500/gKY6q7SjCkAU6FqvqWybDYgUKIF.jpg', 'https://image.tmdb.org/t/p/original/vL5LR6WdxWPjLPFRLe133jXWsh5.jpg') ON CONFLICT (id) DO UPDATE SET title = EXCLUDED.title, release_year = EXCLUDED.release_year, duration_minutes = EXCLUDED.duration_minutes, country = EXCLUDED.country, language = EXCLUDED.language, synopsis = EXCLUDED.synopsis, poster_image_url = EXCLUDED.poster_image_url, backdrop_image_url = EXCLUDED.backdrop_image_url;
INSERT INTO movie_directors (movie_id, director) VALUES (19995, 'James Cameron');
INSERT INTO movie_cast_members (movie_id, cast_member) VALUES (19995, 'Sam Worthington');
INSERT INTO movie_cast_members (movie_id, cast_member) VALUES (19995, 'Zoe Saldaña');
INSERT INTO movie_cast_members (movie_id, cast_member) VALUES (19995, 'Sigourney Weaver');
INSERT INTO movie_cast_members (movie_id, cast_member) VALUES (19995, 'Stephen Lang');
INSERT INTO movie_cast_members (movie_id, cast_member) VALUES (19995, 'Michelle Rodriguez');
INSERT INTO movie_genres (movie_id, genre) VALUES (19995, 'Science Fiction');
INSERT INTO movie_genres (movie_id, genre) VALUES (19995, 'Action');
INSERT INTO movie_genres (movie_id, genre) VALUES (19995, 'Adventure');
INSERT INTO movie_image_urls (movie_id, image_url) VALUES (19995, 'https://image.tmdb.org/t/p/original/7JNzw1tSZZEgsBw6lu0VfO2X2Ef.jpg');
INSERT INTO movie_image_urls (movie_id, image_url) VALUES (19995, 'https://image.tmdb.org/t/p/original/Yc9q6QuWrMp9nuDm5R8ExNqbEq.jpg');
INSERT INTO movie_image_urls (movie_id, image_url) VALUES (19995, 'https://image.tmdb.org/t/p/original/8I37NtDffNV7AZlDa7uDvvqhovU.jpg');
INSERT INTO movie_image_urls (movie_id, image_url) VALUES (19995, 'https://image.tmdb.org/t/p/original/jlQJDD0L5ZojjlS0KYnApdO0n19.jpg');

INSERT INTO movies (id, title, release_year, duration_minutes, country, language, synopsis, poster_image_url, backdrop_image_url) VALUES (1234821, 'Jurassic World Rebirth', 2025, 134, 'United States of America', 'French', 'Five years after the events of Jurassic World Dominion, covert operations expert Zora Bennett is contracted to lead a skilled team on a top-secret mission to secure genetic material from the world''s three most massive dinosaurs. When Zora''s operation intersects with a civilian family whose boating expedition was capsized, they all find themselves stranded on an island where they come face-to-face with a sinister, shocking discovery that''s been hidden from the world for decades.', 'https://image.tmdb.org/t/p/w500/1RICxzeoNCAO5NpcRMIgg1XT6fm.jpg', 'https://image.tmdb.org/t/p/original/zNriRTr0kWwyaXPzdg1EIxf0BWk.jpg') ON CONFLICT (id) DO UPDATE SET title = EXCLUDED.title, release_year = EXCLUDED.release_year, duration_minutes = EXCLUDED.duration_minutes, country = EXCLUDED.country, language = EXCLUDED.language, synopsis = EXCLUDED.synopsis, poster_image_url = EXCLUDED.poster_image_url, backdrop_image_url = EXCLUDED.backdrop_image_url;
INSERT INTO movie_directors (movie_id, director) VALUES (1234821, 'Gareth Edwards');
INSERT INTO movie_cast_members (movie_id, cast_member) VALUES (1234821, 'Scarlett Johansson');
INSERT INTO movie_cast_members (movie_id, cast_member) VALUES (1234821, 'Mahershala Ali');
INSERT INTO movie_cast_members (movie_id, cast_member) VALUES (1234821, 'Jonathan Bailey');
INSERT INTO movie_cast_members (movie_id, cast_member) VALUES (1234821, 'Rupert Friend');
INSERT INTO movie_cast_members (movie_id, cast_member) VALUES (1234821, 'Manuel Garcia-Rulfo');
INSERT INTO movie_genres (movie_id, genre) VALUES (1234821, 'Science Fiction');
INSERT INTO movie_genres (movie_id, genre) VALUES (1234821, 'Adventure');
INSERT INTO movie_genres (movie_id, genre) VALUES (1234821, 'Action');
INSERT INTO movie_image_urls (movie_id, image_url) VALUES (1234821, 'https://image.tmdb.org/t/p/original/xCoF56oOLjKqzwWkwlC8gsrx18h.jpg');
INSERT INTO movie_image_urls (movie_id, image_url) VALUES (1234821, 'https://image.tmdb.org/t/p/original/fQOV47FHTJdaSuSUNlzP3zXUZWE.jpg');
INSERT INTO movie_image_urls (movie_id, image_url) VALUES (1234821, 'https://image.tmdb.org/t/p/original/fncHijpWjitFBmj7SX5z148XEhP.jpg');
INSERT INTO movie_image_urls (movie_id, image_url) VALUES (1234821, 'https://image.tmdb.org/t/p/original/8fA0Gr4vJNPOd0jyqWKU7ef8DoH.jpg');

INSERT INTO movies (id, title, release_year, duration_minutes, country, language, synopsis, poster_image_url, backdrop_image_url) VALUES (1192548, 'Hannah Waddingham: Home for Christmas', 2023, 44, 'United Kingdom', 'English', 'Ring in the holidays with Emmy-winning star Hannah Waddingham as she welcomes special guests for a musical extravaganza at the London Coliseum.', 'https://image.tmdb.org/t/p/w500/mc1uof12ZEDMY7VSGmMbo1SBQlb.jpg', 'https://image.tmdb.org/t/p/original/gt1uXhgjrjZKfCIgPnbtazKCmEd.jpg') ON CONFLICT (id) DO UPDATE SET title = EXCLUDED.title, release_year = EXCLUDED.release_year, duration_minutes = EXCLUDED.duration_minutes, country = EXCLUDED.country, language = EXCLUDED.language, synopsis = EXCLUDED.synopsis, poster_image_url = EXCLUDED.poster_image_url, backdrop_image_url = EXCLUDED.backdrop_image_url;
INSERT INTO movie_directors (movie_id, director) VALUES (1192548, 'Hamish Hamilton');
INSERT INTO movie_cast_members (movie_id, cast_member) VALUES (1192548, 'Hannah Waddingham');
INSERT INTO movie_cast_members (movie_id, cast_member) VALUES (1192548, 'Juno Temple');
INSERT INTO movie_cast_members (movie_id, cast_member) VALUES (1192548, 'Luke Evans');
INSERT INTO movie_cast_members (movie_id, cast_member) VALUES (1192548, 'Phil Dunster');
INSERT INTO movie_cast_members (movie_id, cast_member) VALUES (1192548, 'Brendan Hunt');
INSERT INTO movie_genres (movie_id, genre) VALUES (1192548, 'Music');
INSERT INTO movie_image_urls (movie_id, image_url) VALUES (1192548, 'https://image.tmdb.org/t/p/original/iE4yB6xCzwWpfo5REVWTUgxVNkJ.jpg');
INSERT INTO movie_image_urls (movie_id, image_url) VALUES (1192548, 'https://image.tmdb.org/t/p/original/2lnQrqKEgkzcV7K8KIJqvLj5bx6.jpg');
INSERT INTO movie_image_urls (movie_id, image_url) VALUES (1192548, 'https://image.tmdb.org/t/p/original/f7t3J7JlpREN3aeRnTrKKPKXDRK.jpg');
INSERT INTO movie_image_urls (movie_id, image_url) VALUES (1192548, 'https://image.tmdb.org/t/p/original/lIoFRgsBlY2Xd80ZLahfyT3uJql.jpg');

INSERT INTO movies (id, title, release_year, duration_minutes, country, language, synopsis, poster_image_url, backdrop_image_url) VALUES (677638, 'We Bare Bears: The Movie', 2020, 69, 'United States of America', 'English', 'When Grizz, Panda, and Ice Bear''s love of food trucks and viral videos get out of hand, the brothers are now chased away from their home and embark on a trip to Canada, where they can live in peace.', 'https://image.tmdb.org/t/p/w500/khtIr0Gxtz52T10RRQZ42o1a5Ry.jpg', 'https://image.tmdb.org/t/p/original/pO1SnM5a1fEsYrFaVZW78Wb0zRJ.jpg') ON CONFLICT (id) DO UPDATE SET title = EXCLUDED.title, release_year = EXCLUDED.release_year, duration_minutes = EXCLUDED.duration_minutes, country = EXCLUDED.country, language = EXCLUDED.language, synopsis = EXCLUDED.synopsis, poster_image_url = EXCLUDED.poster_image_url, backdrop_image_url = EXCLUDED.backdrop_image_url;
INSERT INTO movie_directors (movie_id, director) VALUES (677638, 'Daniel Chong');
INSERT INTO movie_cast_members (movie_id, cast_member) VALUES (677638, 'Eric Edelstein');
INSERT INTO movie_cast_members (movie_id, cast_member) VALUES (677638, 'Bobby Moynihan');
INSERT INTO movie_cast_members (movie_id, cast_member) VALUES (677638, 'Demetri Martin');
INSERT INTO movie_cast_members (movie_id, cast_member) VALUES (677638, 'Marc Evan Jackson');
INSERT INTO movie_cast_members (movie_id, cast_member) VALUES (677638, 'Jason Lee');
INSERT INTO movie_genres (movie_id, genre) VALUES (677638, 'Animation');
INSERT INTO movie_genres (movie_id, genre) VALUES (677638, 'Adventure');
INSERT INTO movie_genres (movie_id, genre) VALUES (677638, 'Family');
INSERT INTO movie_genres (movie_id, genre) VALUES (677638, 'Comedy');
INSERT INTO movie_genres (movie_id, genre) VALUES (677638, 'TV Movie');
INSERT INTO movie_image_urls (movie_id, image_url) VALUES (677638, 'https://image.tmdb.org/t/p/original/rHa0BKpC2zihdLBTsmpBp1J5P7I.jpg');
INSERT INTO movie_image_urls (movie_id, image_url) VALUES (677638, 'https://image.tmdb.org/t/p/original/q4j6dUAPJKeWB1OHmSq6YELVWR2.jpg');
INSERT INTO movie_image_urls (movie_id, image_url) VALUES (677638, 'https://image.tmdb.org/t/p/original/shj2R3rWxC4yNK58C4zankAOraO.jpg');
INSERT INTO movie_image_urls (movie_id, image_url) VALUES (677638, 'https://image.tmdb.org/t/p/original/12CEmFhhOFv4OqUQElrlsYR1hsN.jpg');

INSERT INTO movies (id, title, release_year, duration_minutes, country, language, synopsis, poster_image_url, backdrop_image_url) VALUES (315635, 'Spider-Man: Homecoming', 2017, 133, 'United States of America', 'English', 'Following the events of Captain America: Civil War, Peter Parker, with the help of his mentor Tony Stark, tries to balance his life as an ordinary high school student in Queens, New York City, with fighting crime as his superhero alter ego Spider-Man as a new threat, the Vulture, emerges.', 'https://image.tmdb.org/t/p/w500/c24sv2weTHPsmDa7jEMN0m2P3RT.jpg', 'https://image.tmdb.org/t/p/original/tPpYGm2mVecue7Bk3gNVoSPA5qn.jpg') ON CONFLICT (id) DO UPDATE SET title = EXCLUDED.title, release_year = EXCLUDED.release_year, duration_minutes = EXCLUDED.duration_minutes, country = EXCLUDED.country, language = EXCLUDED.language, synopsis = EXCLUDED.synopsis, poster_image_url = EXCLUDED.poster_image_url, backdrop_image_url = EXCLUDED.backdrop_image_url;
INSERT INTO movie_directors (movie_id, director) VALUES (315635, 'Jon Watts');
INSERT INTO movie_cast_members (movie_id, cast_member) VALUES (315635, 'Tom Holland');
INSERT INTO movie_cast_members (movie_id, cast_member) VALUES (315635, 'Michael Keaton');
INSERT INTO movie_cast_members (movie_id, cast_member) VALUES (315635, 'Robert Downey Jr.');
INSERT INTO movie_cast_members (movie_id, cast_member) VALUES (315635, 'Marisa Tomei');
INSERT INTO movie_cast_members (movie_id, cast_member) VALUES (315635, 'Jon Favreau');
INSERT INTO movie_genres (movie_id, genre) VALUES (315635, 'Action');
INSERT INTO movie_genres (movie_id, genre) VALUES (315635, 'Adventure');
INSERT INTO movie_genres (movie_id, genre) VALUES (315635, 'Science Fiction');
INSERT INTO movie_image_urls (movie_id, image_url) VALUES (315635, 'https://image.tmdb.org/t/p/original/fn4n6uOYcB6Uh89nbNPoU2w80RV.jpg');
INSERT INTO movie_image_urls (movie_id, image_url) VALUES (315635, 'https://image.tmdb.org/t/p/original/lAsr1ytUq0ATWdCbcjf59pupPFy.jpg');
INSERT INTO movie_image_urls (movie_id, image_url) VALUES (315635, 'https://image.tmdb.org/t/p/original/b5EhDAly33c6Allclns7u22hHUb.jpg');
INSERT INTO movie_image_urls (movie_id, image_url) VALUES (315635, 'https://image.tmdb.org/t/p/original/vc8bCGjdVp0UbMNLzHnHSLRbBWQ.jpg');

INSERT INTO movies (id, title, release_year, duration_minutes, country, language, synopsis, poster_image_url, backdrop_image_url) VALUES (19592, 'Dead Birds', 2005, 91, 'United States of America', 'English', 'Towards the end of the Civil War, a group of Confederate soldiers hole up on an abandoned plantation after robbing a bank, and find themselves at the mercy of supernatural forces.', 'https://image.tmdb.org/t/p/w500/xB1qpndocvnS23qIv0F7OqYZLpj.jpg', 'https://image.tmdb.org/t/p/original/WyCraJdklEeet3hTJiAjzhmhWx.jpg') ON CONFLICT (id) DO UPDATE SET title = EXCLUDED.title, release_year = EXCLUDED.release_year, duration_minutes = EXCLUDED.duration_minutes, country = EXCLUDED.country, language = EXCLUDED.language, synopsis = EXCLUDED.synopsis, poster_image_url = EXCLUDED.poster_image_url, backdrop_image_url = EXCLUDED.backdrop_image_url;
INSERT INTO movie_directors (movie_id, director) VALUES (19592, 'Alex Turner');
INSERT INTO movie_cast_members (movie_id, cast_member) VALUES (19592, 'Henry Thomas');
INSERT INTO movie_cast_members (movie_id, cast_member) VALUES (19592, 'Patrick Fugit');
INSERT INTO movie_cast_members (movie_id, cast_member) VALUES (19592, 'Michael Shannon');
INSERT INTO movie_cast_members (movie_id, cast_member) VALUES (19592, 'Nicki Aycox');
INSERT INTO movie_cast_members (movie_id, cast_member) VALUES (19592, 'Isaiah Washington');
INSERT INTO movie_genres (movie_id, genre) VALUES (19592, 'Horror');
INSERT INTO movie_genres (movie_id, genre) VALUES (19592, 'Thriller');
INSERT INTO movie_genres (movie_id, genre) VALUES (19592, 'Western');
INSERT INTO movie_image_urls (movie_id, image_url) VALUES (19592, 'https://image.tmdb.org/t/p/original/eK98EBxUEoIcPhQubBue357gasM.jpg');
INSERT INTO movie_image_urls (movie_id, image_url) VALUES (19592, 'https://image.tmdb.org/t/p/original/ukwxAb4b2zQxSrwXbNx75rolvar.jpg');
INSERT INTO movie_image_urls (movie_id, image_url) VALUES (19592, 'https://image.tmdb.org/t/p/original/4YCtPftXvKIvt4UN2L9cDoJWcUe.jpg');
INSERT INTO movie_image_urls (movie_id, image_url) VALUES (19592, 'https://image.tmdb.org/t/p/original/t4PvssUNQUII1CXa8zNaRc8hLi1.jpg');

INSERT INTO movies (id, title, release_year, duration_minutes, country, language, synopsis, poster_image_url, backdrop_image_url) VALUES (1054867, 'One Battle After Another', 2025, 162, 'United States of America', 'English', 'Washed-up revolutionary Bob exists in a state of stoned paranoia, surviving off-grid with his spirited, self-reliant daughter, Willa. When his evil nemesis resurfaces after 16 years and she goes missing, the former radical scrambles to find her, father and daughter both battling the consequences of his past.', 'https://image.tmdb.org/t/p/w500/lbBWwxBht4JFP5PsuJ5onpMqugW.jpg', 'https://image.tmdb.org/t/p/original/hiazLNa1UXuX35OTnMQRKOx3eTk.jpg') ON CONFLICT (id) DO UPDATE SET title = EXCLUDED.title, release_year = EXCLUDED.release_year, duration_minutes = EXCLUDED.duration_minutes, country = EXCLUDED.country, language = EXCLUDED.language, synopsis = EXCLUDED.synopsis, poster_image_url = EXCLUDED.poster_image_url, backdrop_image_url = EXCLUDED.backdrop_image_url;
INSERT INTO movie_directors (movie_id, director) VALUES (1054867, 'Paul Thomas Anderson');
INSERT INTO movie_cast_members (movie_id, cast_member) VALUES (1054867, 'Leonardo DiCaprio');
INSERT INTO movie_cast_members (movie_id, cast_member) VALUES (1054867, 'Sean Penn');
INSERT INTO movie_cast_members (movie_id, cast_member) VALUES (1054867, 'Chase Infiniti');
INSERT INTO movie_cast_members (movie_id, cast_member) VALUES (1054867, 'Benicio del Toro');
INSERT INTO movie_cast_members (movie_id, cast_member) VALUES (1054867, 'Regina Hall');
INSERT INTO movie_genres (movie_id, genre) VALUES (1054867, 'Thriller');
INSERT INTO movie_genres (movie_id, genre) VALUES (1054867, 'Crime');
INSERT INTO movie_genres (movie_id, genre) VALUES (1054867, 'Comedy');
INSERT INTO movie_image_urls (movie_id, image_url) VALUES (1054867, 'https://image.tmdb.org/t/p/original/zpEWFNqoN8Qg1SzMMHmaGyOBTdW.jpg');
INSERT INTO movie_image_urls (movie_id, image_url) VALUES (1054867, 'https://image.tmdb.org/t/p/original/gre7gyocZSuwd7M51CGlqsJqBmB.jpg');
INSERT INTO movie_image_urls (movie_id, image_url) VALUES (1054867, 'https://image.tmdb.org/t/p/original/si68lkhkMfIospVeLEBtl7HWKDh.jpg');
INSERT INTO movie_image_urls (movie_id, image_url) VALUES (1054867, 'https://image.tmdb.org/t/p/original/k6Z6q3lQ2lb2LukgEzlmZXLvc3q.jpg');

INSERT INTO movies (id, title, release_year, duration_minutes, country, language, synopsis, poster_image_url, backdrop_image_url) VALUES (1011985, 'Kung Fu Panda 4', 2024, 94, 'United States of America', 'English', 'Po is gearing up to become the spiritual leader of his Valley of Peace, but also needs someone to take his place as Dragon Warrior. As such, he will train a new kung fu practitioner for the spot and will encounter a villain called the Chameleon who conjures villains from the past.', 'https://image.tmdb.org/t/p/w500/kDp1vUBnMpe8ak4rjgl3cLELqjU.jpg', 'https://image.tmdb.org/t/p/original/3ffPx9jqg0yj9y1KWeagT7D20CB.jpg') ON CONFLICT (id) DO UPDATE SET title = EXCLUDED.title, release_year = EXCLUDED.release_year, duration_minutes = EXCLUDED.duration_minutes, country = EXCLUDED.country, language = EXCLUDED.language, synopsis = EXCLUDED.synopsis, poster_image_url = EXCLUDED.poster_image_url, backdrop_image_url = EXCLUDED.backdrop_image_url;
INSERT INTO movie_directors (movie_id, director) VALUES (1011985, 'Mike Mitchell');
INSERT INTO movie_cast_members (movie_id, cast_member) VALUES (1011985, 'Jack Black');
INSERT INTO movie_cast_members (movie_id, cast_member) VALUES (1011985, 'Awkwafina');
INSERT INTO movie_cast_members (movie_id, cast_member) VALUES (1011985, 'Viola Davis');
INSERT INTO movie_cast_members (movie_id, cast_member) VALUES (1011985, 'Dustin Hoffman');
INSERT INTO movie_cast_members (movie_id, cast_member) VALUES (1011985, 'Bryan Cranston');
INSERT INTO movie_genres (movie_id, genre) VALUES (1011985, 'Animation');
INSERT INTO movie_genres (movie_id, genre) VALUES (1011985, 'Family');
INSERT INTO movie_genres (movie_id, genre) VALUES (1011985, 'Action');
INSERT INTO movie_genres (movie_id, genre) VALUES (1011985, 'Comedy');
INSERT INTO movie_genres (movie_id, genre) VALUES (1011985, 'Adventure');
INSERT INTO movie_genres (movie_id, genre) VALUES (1011985, 'Fantasy');
INSERT INTO movie_image_urls (movie_id, image_url) VALUES (1011985, 'https://image.tmdb.org/t/p/original/1XDDXPXGiI8id7MrUxK36ke7gkX.jpg');
INSERT INTO movie_image_urls (movie_id, image_url) VALUES (1011985, 'https://image.tmdb.org/t/p/original/kYgQzzjNis5jJalYtIHgrom0gOx.jpg');
INSERT INTO movie_image_urls (movie_id, image_url) VALUES (1011985, 'https://image.tmdb.org/t/p/original/sJA8Nnnj547WTFwqHYNu0Y8BxHM.jpg');
INSERT INTO movie_image_urls (movie_id, image_url) VALUES (1011985, 'https://image.tmdb.org/t/p/original/8PJazKKPq7w32SHZAx1BrBizUiW.jpg');

INSERT INTO movies (id, title, release_year, duration_minutes, country, language, synopsis, poster_image_url, backdrop_image_url) VALUES (76600, 'Avatar: The Way of Water', 2022, 192, 'United States of America', 'English', 'Set more than a decade after the events of the first film, learn the story of the Sully family (Jake, Neytiri, and their kids), the trouble that follows them, the lengths they go to keep each other safe, the battles they fight to stay alive, and the tragedies they endure.', 'https://image.tmdb.org/t/p/w500/t6HIqrRAclMCA60NsSmeqe9RmNV.jpg', 'https://image.tmdb.org/t/p/original/kJsPVzdyBrYHLomuNv5SJDXUQ2f.jpg') ON CONFLICT (id) DO UPDATE SET title = EXCLUDED.title, release_year = EXCLUDED.release_year, duration_minutes = EXCLUDED.duration_minutes, country = EXCLUDED.country, language = EXCLUDED.language, synopsis = EXCLUDED.synopsis, poster_image_url = EXCLUDED.poster_image_url, backdrop_image_url = EXCLUDED.backdrop_image_url;
INSERT INTO movie_directors (movie_id, director) VALUES (76600, 'James Cameron');
INSERT INTO movie_cast_members (movie_id, cast_member) VALUES (76600, 'Sam Worthington');
INSERT INTO movie_cast_members (movie_id, cast_member) VALUES (76600, 'Zoe Saldaña');
INSERT INTO movie_cast_members (movie_id, cast_member) VALUES (76600, 'Sigourney Weaver');
INSERT INTO movie_cast_members (movie_id, cast_member) VALUES (76600, 'Stephen Lang');
INSERT INTO movie_cast_members (movie_id, cast_member) VALUES (76600, 'Kate Winslet');
INSERT INTO movie_genres (movie_id, genre) VALUES (76600, 'Action');
INSERT INTO movie_genres (movie_id, genre) VALUES (76600, 'Adventure');
INSERT INTO movie_genres (movie_id, genre) VALUES (76600, 'Science Fiction');
INSERT INTO movie_image_urls (movie_id, image_url) VALUES (76600, 'https://image.tmdb.org/t/p/original/8rpDcsfLJypbO6vREc0547VKqEv.jpg');
INSERT INTO movie_image_urls (movie_id, image_url) VALUES (76600, 'https://image.tmdb.org/t/p/original/cd8YDn7M0lfaHhZdU6MvCDxPalP.jpg');
INSERT INTO movie_image_urls (movie_id, image_url) VALUES (76600, 'https://image.tmdb.org/t/p/original/s16H6tpK2utvwDtzZ8Qy4qm5Emw.jpg');
INSERT INTO movie_image_urls (movie_id, image_url) VALUES (76600, 'https://image.tmdb.org/t/p/original/ovM06PdF3M8wvKb06i4sjW3xoww.jpg');

INSERT INTO movies (id, title, release_year, duration_minutes, country, language, synopsis, poster_image_url, backdrop_image_url) VALUES (402431, 'Wicked', 2024, 162, 'United States of America', 'English', 'In the land of Oz, ostracized and misunderstood green-skinned Elphaba is forced to share a room with the popular aristocrat Glinda at Shiz University, and the two''s unlikely friendship is tested as they begin to fulfill their respective destinies as Glinda the Good and the Wicked Witch of the West.', 'https://image.tmdb.org/t/p/w500/xDGbZ0JJ3mYaGKy4Nzd9Kph6M9L.jpg', 'https://image.tmdb.org/t/p/original/uVlUu174iiKhsUGqnOSy46eIIMU.jpg') ON CONFLICT (id) DO UPDATE SET title = EXCLUDED.title, release_year = EXCLUDED.release_year, duration_minutes = EXCLUDED.duration_minutes, country = EXCLUDED.country, language = EXCLUDED.language, synopsis = EXCLUDED.synopsis, poster_image_url = EXCLUDED.poster_image_url, backdrop_image_url = EXCLUDED.backdrop_image_url;
INSERT INTO movie_directors (movie_id, director) VALUES (402431, 'Jon M. Chu');
INSERT INTO movie_cast_members (movie_id, cast_member) VALUES (402431, 'Cynthia Erivo');
INSERT INTO movie_cast_members (movie_id, cast_member) VALUES (402431, 'Ariana Grande');
INSERT INTO movie_cast_members (movie_id, cast_member) VALUES (402431, 'Michelle Yeoh');
INSERT INTO movie_cast_members (movie_id, cast_member) VALUES (402431, 'Jonathan Bailey');
INSERT INTO movie_cast_members (movie_id, cast_member) VALUES (402431, 'Ethan Slater');
INSERT INTO movie_genres (movie_id, genre) VALUES (402431, 'Drama');
INSERT INTO movie_genres (movie_id, genre) VALUES (402431, 'Romance');
INSERT INTO movie_genres (movie_id, genre) VALUES (402431, 'Fantasy');
INSERT INTO movie_image_urls (movie_id, image_url) VALUES (402431, 'https://image.tmdb.org/t/p/original/fyZ6SDUS4o9jp2EHxfZa3qS9ean.jpg');
INSERT INTO movie_image_urls (movie_id, image_url) VALUES (402431, 'https://image.tmdb.org/t/p/original/w22GVYotTIVC1dUd58mRhwPqiS.jpg');
INSERT INTO movie_image_urls (movie_id, image_url) VALUES (402431, 'https://image.tmdb.org/t/p/original/jTOeWjamUKGxWVUO1TMZXqQUarw.jpg');
INSERT INTO movie_image_urls (movie_id, image_url) VALUES (402431, 'https://image.tmdb.org/t/p/original/uKb22E0nlzr914bA9KyA5CVCOlV.jpg');

INSERT INTO movies (id, title, release_year, duration_minutes, country, language, synopsis, poster_image_url, backdrop_image_url) VALUES (744275, 'After We Fell', 2021, 99, 'France', 'English', 'Just as Tessa''s life begins to become unglued, nothing is what she thought it would be. Not her friends nor her family. The only person that she should be able to rely on is Hardin, who is furious when he discovers the massive secret that she''s been keeping. Before Tessa makes the biggest decision of her life, everything changes because of revelations about her family.', 'https://image.tmdb.org/t/p/w500/dU4HfnTEJDf9KvxGS9hgO7BVeju.jpg', 'https://image.tmdb.org/t/p/original/mxdiaM2tsx8M6W3zLgiPwAkhQfq.jpg') ON CONFLICT (id) DO UPDATE SET title = EXCLUDED.title, release_year = EXCLUDED.release_year, duration_minutes = EXCLUDED.duration_minutes, country = EXCLUDED.country, language = EXCLUDED.language, synopsis = EXCLUDED.synopsis, poster_image_url = EXCLUDED.poster_image_url, backdrop_image_url = EXCLUDED.backdrop_image_url;
INSERT INTO movie_directors (movie_id, director) VALUES (744275, 'Castille Landon');
INSERT INTO movie_cast_members (movie_id, cast_member) VALUES (744275, 'Josephine Langford');
INSERT INTO movie_cast_members (movie_id, cast_member) VALUES (744275, 'Hero Fiennes Tiffin');
INSERT INTO movie_cast_members (movie_id, cast_member) VALUES (744275, 'Carter Jenkins');
INSERT INTO movie_cast_members (movie_id, cast_member) VALUES (744275, 'Louise Lombard');
INSERT INTO movie_cast_members (movie_id, cast_member) VALUES (744275, 'Chance Perdomo');
INSERT INTO movie_genres (movie_id, genre) VALUES (744275, 'Drama');
INSERT INTO movie_genres (movie_id, genre) VALUES (744275, 'Romance');
INSERT INTO movie_image_urls (movie_id, image_url) VALUES (744275, 'https://image.tmdb.org/t/p/original/dtBWvArsS2CdVp1ijD9OMqHtZhq.jpg');
INSERT INTO movie_image_urls (movie_id, image_url) VALUES (744275, 'https://image.tmdb.org/t/p/original/lV3UFPPxDIPelh46G9oySXN9Mcz.jpg');
INSERT INTO movie_image_urls (movie_id, image_url) VALUES (744275, 'https://image.tmdb.org/t/p/original/jPhAmTbT1jzSt8qRj3eWmxiaElx.jpg');
INSERT INTO movie_image_urls (movie_id, image_url) VALUES (744275, 'https://image.tmdb.org/t/p/original/neNPYpCldT0OXV2ieaDWG4gpiYH.jpg');

INSERT INTO movies (id, title, release_year, duration_minutes, country, language, synopsis, poster_image_url, backdrop_image_url) VALUES (637920, 'Miracle in Cell No. 7', 2019, 132, 'Turkey', 'Turkish', 'Separated from his daughter, a father with an intellectual disability must prove his innocence when he is jailed for the death of a commander''s child.', 'https://image.tmdb.org/t/p/w500/bOth4QmNyEkalwahfPCfiXjNh1r.jpg', 'https://image.tmdb.org/t/p/original/inEy3A5OPgeYW4rjRiGycfEeQzA.jpg') ON CONFLICT (id) DO UPDATE SET title = EXCLUDED.title, release_year = EXCLUDED.release_year, duration_minutes = EXCLUDED.duration_minutes, country = EXCLUDED.country, language = EXCLUDED.language, synopsis = EXCLUDED.synopsis, poster_image_url = EXCLUDED.poster_image_url, backdrop_image_url = EXCLUDED.backdrop_image_url;
INSERT INTO movie_directors (movie_id, director) VALUES (637920, 'Mehmet Ada Öztekin');
INSERT INTO movie_cast_members (movie_id, cast_member) VALUES (637920, 'Aras Bulut Iynemli');
INSERT INTO movie_cast_members (movie_id, cast_member) VALUES (637920, 'Nisa Sofiya Aksongur');
INSERT INTO movie_cast_members (movie_id, cast_member) VALUES (637920, 'İlker Aksum');
INSERT INTO movie_cast_members (movie_id, cast_member) VALUES (637920, 'Mesut Akusta');
INSERT INTO movie_cast_members (movie_id, cast_member) VALUES (637920, 'Yıldıray Şahinler');
INSERT INTO movie_genres (movie_id, genre) VALUES (637920, 'Drama');
INSERT INTO movie_image_urls (movie_id, image_url) VALUES (637920, 'https://image.tmdb.org/t/p/original/ogyUszy5ZjQyXpKd6f5aT4lHVaq.jpg');
INSERT INTO movie_image_urls (movie_id, image_url) VALUES (637920, 'https://image.tmdb.org/t/p/original/4YbHir4Ka4kG7WOdh0anXv1iT8s.jpg');
INSERT INTO movie_image_urls (movie_id, image_url) VALUES (637920, 'https://image.tmdb.org/t/p/original/dmcrKTKT6KsKXCKTVshITiusag.jpg');
INSERT INTO movie_image_urls (movie_id, image_url) VALUES (637920, 'https://image.tmdb.org/t/p/original/mKKLgF2nbCy5Ia28RI01PH786pV.jpg');

INSERT INTO movies (id, title, release_year, duration_minutes, country, language, synopsis, poster_image_url, backdrop_image_url) VALUES (92321, 'Hotarubi no Mori e', 2011, 45, 'Japan', 'Japanese', 'One hot summer day a little girl gets lost in an enchanted forest of the mountain god where spirits reside. A young boy appears before her, but she cannot touch him for fear of making him disappear. And so a wondrous adventure awaits...', 'https://image.tmdb.org/t/p/w500/mDqzHV8UXWWNpZkoAbKmKX1ZxEE.jpg', 'https://image.tmdb.org/t/p/original/qknxyRgP6UTmwJ4B9tDAmzHMq7u.jpg') ON CONFLICT (id) DO UPDATE SET title = EXCLUDED.title, release_year = EXCLUDED.release_year, duration_minutes = EXCLUDED.duration_minutes, country = EXCLUDED.country, language = EXCLUDED.language, synopsis = EXCLUDED.synopsis, poster_image_url = EXCLUDED.poster_image_url, backdrop_image_url = EXCLUDED.backdrop_image_url;
INSERT INTO movie_directors (movie_id, director) VALUES (92321, 'Takahiro Omori');
INSERT INTO movie_cast_members (movie_id, cast_member) VALUES (92321, 'Izumi Sawada');
INSERT INTO movie_cast_members (movie_id, cast_member) VALUES (92321, 'Hayato Taya');
INSERT INTO movie_cast_members (movie_id, cast_member) VALUES (92321, 'Ayane Sakura');
INSERT INTO movie_cast_members (movie_id, cast_member) VALUES (92321, 'Koki Uchiyama');
INSERT INTO movie_cast_members (movie_id, cast_member) VALUES (92321, 'Shinpachi Tsuji');
INSERT INTO movie_genres (movie_id, genre) VALUES (92321, 'Romance');
INSERT INTO movie_genres (movie_id, genre) VALUES (92321, 'Animation');
INSERT INTO movie_genres (movie_id, genre) VALUES (92321, 'Fantasy');
INSERT INTO movie_image_urls (movie_id, image_url) VALUES (92321, 'https://image.tmdb.org/t/p/original/zZEYONOYT7zqfkw2CNTkK1YbRMu.jpg');
INSERT INTO movie_image_urls (movie_id, image_url) VALUES (92321, 'https://image.tmdb.org/t/p/original/hAHF7nzJHUKwrhyl3nB5ckSLHuc.jpg');
INSERT INTO movie_image_urls (movie_id, image_url) VALUES (92321, 'https://image.tmdb.org/t/p/original/AsN1U4VXhKgyt8PDMGTcjsImglQ.jpg');
INSERT INTO movie_image_urls (movie_id, image_url) VALUES (92321, 'https://image.tmdb.org/t/p/original/7OqWA7xHsqIowBwt75B59MAppaz.jpg');

INSERT INTO movies (id, title, release_year, duration_minutes, country, language, synopsis, poster_image_url, backdrop_image_url) VALUES (15804, 'A Brighter Summer Day', 1991, 237, 'Taiwan', 'Mandarin', 'A boy experiences first love, friendships and injustices growing up in 1960s Taiwan.', 'https://image.tmdb.org/t/p/w500/3l8fOAwiN3N5n3hHnZ51eog7Zu2.jpg', 'https://image.tmdb.org/t/p/original/hypv7bDxzqdhJfEpjRKf1aQbdc.jpg') ON CONFLICT (id) DO UPDATE SET title = EXCLUDED.title, release_year = EXCLUDED.release_year, duration_minutes = EXCLUDED.duration_minutes, country = EXCLUDED.country, language = EXCLUDED.language, synopsis = EXCLUDED.synopsis, poster_image_url = EXCLUDED.poster_image_url, backdrop_image_url = EXCLUDED.backdrop_image_url;
INSERT INTO movie_directors (movie_id, director) VALUES (15804, 'Edward Yang');
INSERT INTO movie_cast_members (movie_id, cast_member) VALUES (15804, 'Chang Chen');
INSERT INTO movie_cast_members (movie_id, cast_member) VALUES (15804, 'Lisa Yang');
INSERT INTO movie_cast_members (movie_id, cast_member) VALUES (15804, 'Chang Kuo-Chu');
INSERT INTO movie_cast_members (movie_id, cast_member) VALUES (15804, 'Elaine Jin Yan-Ling');
INSERT INTO movie_cast_members (movie_id, cast_member) VALUES (15804, 'Wang Chuan');
INSERT INTO movie_genres (movie_id, genre) VALUES (15804, 'Crime');
INSERT INTO movie_genres (movie_id, genre) VALUES (15804, 'Drama');
INSERT INTO movie_genres (movie_id, genre) VALUES (15804, 'Romance');
INSERT INTO movie_image_urls (movie_id, image_url) VALUES (15804, 'https://image.tmdb.org/t/p/original/2LMgkmtnmhjUHvFXNDruHzrUFKK.jpg');
INSERT INTO movie_image_urls (movie_id, image_url) VALUES (15804, 'https://image.tmdb.org/t/p/original/qMMaTIUTxCcRRrwgNsna8EUAd1z.jpg');
INSERT INTO movie_image_urls (movie_id, image_url) VALUES (15804, 'https://image.tmdb.org/t/p/original/hX1MbRZQ4sgcJc6fqRBxX1yU5VU.jpg');
INSERT INTO movie_image_urls (movie_id, image_url) VALUES (15804, 'https://image.tmdb.org/t/p/original/3eFJbv3repyWRiZDmcUYgccdQ6o.jpg');

INSERT INTO movies (id, title, release_year, duration_minutes, country, language, synopsis, poster_image_url, backdrop_image_url) VALUES (8587, 'The Lion King', 1994, 89, 'United States of America', 'English', 'Young lion prince Simba, eager to one day become king of the Pride Lands, grows up under the watchful eye of his father Mufasa; all the while his villainous uncle Scar conspires to take the throne for himself. Amid betrayal and tragedy, Simba must confront his past and find his rightful place in the Circle of Life.', 'https://image.tmdb.org/t/p/w500/sKCr78MXSLixwmZ8DyJLrpMsd15.jpg', 'https://image.tmdb.org/t/p/original/6GF9uJs7AnbcJvyfoZyjZv063Oo.jpg') ON CONFLICT (id) DO UPDATE SET title = EXCLUDED.title, release_year = EXCLUDED.release_year, duration_minutes = EXCLUDED.duration_minutes, country = EXCLUDED.country, language = EXCLUDED.language, synopsis = EXCLUDED.synopsis, poster_image_url = EXCLUDED.poster_image_url, backdrop_image_url = EXCLUDED.backdrop_image_url;
INSERT INTO movie_directors (movie_id, director) VALUES (8587, 'Roger Allers');
INSERT INTO movie_directors (movie_id, director) VALUES (8587, 'Rob Minkoff');
INSERT INTO movie_cast_members (movie_id, cast_member) VALUES (8587, 'Matthew Broderick');
INSERT INTO movie_cast_members (movie_id, cast_member) VALUES (8587, 'Moira Kelly');
INSERT INTO movie_cast_members (movie_id, cast_member) VALUES (8587, 'Nathan Lane');
INSERT INTO movie_cast_members (movie_id, cast_member) VALUES (8587, 'Ernie Sabella');
INSERT INTO movie_cast_members (movie_id, cast_member) VALUES (8587, 'James Earl Jones');
INSERT INTO movie_genres (movie_id, genre) VALUES (8587, 'Animation');
INSERT INTO movie_genres (movie_id, genre) VALUES (8587, 'Family');
INSERT INTO movie_genres (movie_id, genre) VALUES (8587, 'Drama');
INSERT INTO movie_genres (movie_id, genre) VALUES (8587, 'Adventure');
INSERT INTO movie_image_urls (movie_id, image_url) VALUES (8587, 'https://image.tmdb.org/t/p/original/q00H8EqULYSK74lgevMkhmGGLHn.jpg');
INSERT INTO movie_image_urls (movie_id, image_url) VALUES (8587, 'https://image.tmdb.org/t/p/original/wXsQvli6tWqja51pYxXNG1LFIGV.jpg');
INSERT INTO movie_image_urls (movie_id, image_url) VALUES (8587, 'https://image.tmdb.org/t/p/original/wXfAvsPZqBDJ8U78F2IAzsUxtNh.jpg');
INSERT INTO movie_image_urls (movie_id, image_url) VALUES (8587, 'https://image.tmdb.org/t/p/original/yDaMQbBfyGzGWKxUsPMxzWVuJlY.jpg');

INSERT INTO movies (id, title, release_year, duration_minutes, country, language, synopsis, poster_image_url, backdrop_image_url) VALUES (29259, 'Le Trou', 1960, 132, 'France', 'French', 'Four prison inmates have been hatching a plan to literally dig out of jail when another prisoner, Claude Gaspard, is moved into their cell. They take a risk and share their plan with the newcomer. Over the course of three days, the prisoners and friends break through the concrete floor using a bed post and begin to make their way through the sewer system – yet their escape is anything but assured.', 'https://image.tmdb.org/t/p/w500/xyZhiOz5NHVBUKlpioxjwajy7pm.jpg', 'https://image.tmdb.org/t/p/original/f72GEQF2lKsdmEULSI9bWCbQylH.jpg') ON CONFLICT (id) DO UPDATE SET title = EXCLUDED.title, release_year = EXCLUDED.release_year, duration_minutes = EXCLUDED.duration_minutes, country = EXCLUDED.country, language = EXCLUDED.language, synopsis = EXCLUDED.synopsis, poster_image_url = EXCLUDED.poster_image_url, backdrop_image_url = EXCLUDED.backdrop_image_url;
INSERT INTO movie_directors (movie_id, director) VALUES (29259, 'Jacques Becker');
INSERT INTO movie_cast_members (movie_id, cast_member) VALUES (29259, 'Michel Constantin');
INSERT INTO movie_cast_members (movie_id, cast_member) VALUES (29259, 'Jean Keraudy');
INSERT INTO movie_cast_members (movie_id, cast_member) VALUES (29259, 'Philippe Leroy');
INSERT INTO movie_cast_members (movie_id, cast_member) VALUES (29259, 'Raymond Meunier');
INSERT INTO movie_cast_members (movie_id, cast_member) VALUES (29259, 'Marc Michel');
INSERT INTO movie_genres (movie_id, genre) VALUES (29259, 'Drama');
INSERT INTO movie_genres (movie_id, genre) VALUES (29259, 'Thriller');
INSERT INTO movie_genres (movie_id, genre) VALUES (29259, 'Crime');
INSERT INTO movie_image_urls (movie_id, image_url) VALUES (29259, 'https://image.tmdb.org/t/p/original/3Ps6pSWeMzT9WZpjdBuCQEWmck.jpg');
INSERT INTO movie_image_urls (movie_id, image_url) VALUES (29259, 'https://image.tmdb.org/t/p/original/7TZhRHh9fikzUVGbWCtdtxYOLxP.jpg');
INSERT INTO movie_image_urls (movie_id, image_url) VALUES (29259, 'https://image.tmdb.org/t/p/original/jiOiErCO80tsLRyOULG6rvKy8a0.jpg');
INSERT INTO movie_image_urls (movie_id, image_url) VALUES (29259, 'https://image.tmdb.org/t/p/original/wuUXOFXbpUBZQoh7W8uR4oabVDW.jpg');

INSERT INTO movies (id, title, release_year, duration_minutes, country, language, synopsis, poster_image_url, backdrop_image_url) VALUES (10376, 'The Legend of 1900', 1998, 170, 'Italy', 'Italian', 'Musician Max Tooney goes to sell his prized Conn trumpet to a music shop, where he plays the instrument one last time. The shopkeeper recognises the song as one on a record matrix he found and asks who the piece is by. Tooney tells the story of an infant found abandoned in the first class dining room of the four-stacker ocean-liner SS Virginian on 1 January 1900. Danny Boodman, a coal-man from the boiler room, names the boy Danny Boodman T. D. Lemon 1900, after himself, the fruit crate the boy was found in, and the year, and raises him as his own.', 'https://image.tmdb.org/t/p/w500/iOcbJ5pxokOPDRgieVDbsFMrCc6.jpg', 'https://image.tmdb.org/t/p/original/muSeX7fnNw0pv4zHK7RSwZln6Hk.jpg') ON CONFLICT (id) DO UPDATE SET title = EXCLUDED.title, release_year = EXCLUDED.release_year, duration_minutes = EXCLUDED.duration_minutes, country = EXCLUDED.country, language = EXCLUDED.language, synopsis = EXCLUDED.synopsis, poster_image_url = EXCLUDED.poster_image_url, backdrop_image_url = EXCLUDED.backdrop_image_url;
INSERT INTO movie_directors (movie_id, director) VALUES (10376, 'Giuseppe Tornatore');
INSERT INTO movie_cast_members (movie_id, cast_member) VALUES (10376, 'Tim Roth');
INSERT INTO movie_cast_members (movie_id, cast_member) VALUES (10376, 'Pruitt Taylor Vince');
INSERT INTO movie_cast_members (movie_id, cast_member) VALUES (10376, 'Mélanie Thierry');
INSERT INTO movie_cast_members (movie_id, cast_member) VALUES (10376, 'Bill Nunn');
INSERT INTO movie_cast_members (movie_id, cast_member) VALUES (10376, 'Gabriele Lavia');
INSERT INTO movie_genres (movie_id, genre) VALUES (10376, 'Drama');
INSERT INTO movie_genres (movie_id, genre) VALUES (10376, 'Music');
INSERT INTO movie_image_urls (movie_id, image_url) VALUES (10376, 'https://image.tmdb.org/t/p/original/6rmb35g7XoMCMQtnbH0rUecFZlV.jpg');
INSERT INTO movie_image_urls (movie_id, image_url) VALUES (10376, 'https://image.tmdb.org/t/p/original/u5RyW1HUKsFZ5x2Vfh2B1nNJHhC.jpg');
INSERT INTO movie_image_urls (movie_id, image_url) VALUES (10376, 'https://image.tmdb.org/t/p/original/qmZvzubZwGbhzGdHJEu4LfBgDr4.jpg');
INSERT INTO movie_image_urls (movie_id, image_url) VALUES (10376, 'https://image.tmdb.org/t/p/original/cJ6P9rmK44f2s7EQ06I7fha7LAG.jpg');

INSERT INTO movies (id, title, release_year, duration_minutes, country, language, synopsis, poster_image_url, backdrop_image_url) VALUES (603, 'The Matrix', 1999, 136, 'United States of America', 'English', 'Set in the 22nd century, The Matrix tells the story of a computer hacker who joins a group of underground insurgents fighting the vast and powerful computers who now rule the earth.', 'https://image.tmdb.org/t/p/w500/aOIuZAjPaRIE6CMzbazvcHuHXDc.jpg', 'https://image.tmdb.org/t/p/original/tlm8UkiQsitc8rSuIAscQDCnP8d.jpg') ON CONFLICT (id) DO UPDATE SET title = EXCLUDED.title, release_year = EXCLUDED.release_year, duration_minutes = EXCLUDED.duration_minutes, country = EXCLUDED.country, language = EXCLUDED.language, synopsis = EXCLUDED.synopsis, poster_image_url = EXCLUDED.poster_image_url, backdrop_image_url = EXCLUDED.backdrop_image_url;
INSERT INTO movie_directors (movie_id, director) VALUES (603, 'Lana Wachowski');
INSERT INTO movie_directors (movie_id, director) VALUES (603, 'Lilly Wachowski');
INSERT INTO movie_cast_members (movie_id, cast_member) VALUES (603, 'Keanu Reeves');
INSERT INTO movie_cast_members (movie_id, cast_member) VALUES (603, 'Laurence Fishburne');
INSERT INTO movie_cast_members (movie_id, cast_member) VALUES (603, 'Carrie-Anne Moss');
INSERT INTO movie_cast_members (movie_id, cast_member) VALUES (603, 'Hugo Weaving');
INSERT INTO movie_cast_members (movie_id, cast_member) VALUES (603, 'Gloria Foster');
INSERT INTO movie_genres (movie_id, genre) VALUES (603, 'Action');
INSERT INTO movie_genres (movie_id, genre) VALUES (603, 'Science Fiction');
INSERT INTO movie_image_urls (movie_id, image_url) VALUES (603, 'https://image.tmdb.org/t/p/original/oMsxZEvz9a708d49b6UdZK1KAo5.jpg');
INSERT INTO movie_image_urls (movie_id, image_url) VALUES (603, 'https://image.tmdb.org/t/p/original/8K9qHeM6G6QjQN0C5XKFGvK5lzM.jpg');
INSERT INTO movie_image_urls (movie_id, image_url) VALUES (603, 'https://image.tmdb.org/t/p/original/ncEsesgOJDNrTUED89hYbA117wo.jpg');
INSERT INTO movie_image_urls (movie_id, image_url) VALUES (603, 'https://image.tmdb.org/t/p/original/fNG7i7RqMErkcqhohV2a6cV1Ehy.jpg');

INSERT INTO movies (id, title, release_year, duration_minutes, country, language, synopsis, poster_image_url, backdrop_image_url) VALUES (630566, 'Clouds', 2020, 121, 'United States of America', 'English', 'Young musician Zach Sobiech discovers his cancer has spread, leaving him just a few months to live. With limited time, he follows his dream and makes an album, unaware that it will soon be a viral music phenomenon.', 'https://image.tmdb.org/t/p/w500/2YvT3pdGngzpbAuxamTz4ZlabnT.jpg', 'https://image.tmdb.org/t/p/original/L7DIiAdP8DnNqOh7454ZrTYspR.jpg') ON CONFLICT (id) DO UPDATE SET title = EXCLUDED.title, release_year = EXCLUDED.release_year, duration_minutes = EXCLUDED.duration_minutes, country = EXCLUDED.country, language = EXCLUDED.language, synopsis = EXCLUDED.synopsis, poster_image_url = EXCLUDED.poster_image_url, backdrop_image_url = EXCLUDED.backdrop_image_url;
INSERT INTO movie_directors (movie_id, director) VALUES (630566, 'Justin Baldoni');
INSERT INTO movie_cast_members (movie_id, cast_member) VALUES (630566, 'Fin Argus');
INSERT INTO movie_cast_members (movie_id, cast_member) VALUES (630566, 'Sabrina Carpenter');
INSERT INTO movie_cast_members (movie_id, cast_member) VALUES (630566, 'Madison Iseman');
INSERT INTO movie_cast_members (movie_id, cast_member) VALUES (630566, 'Neve Campbell');
INSERT INTO movie_cast_members (movie_id, cast_member) VALUES (630566, 'Tom Everett Scott');
INSERT INTO movie_genres (movie_id, genre) VALUES (630566, 'Music');
INSERT INTO movie_genres (movie_id, genre) VALUES (630566, 'Drama');
INSERT INTO movie_genres (movie_id, genre) VALUES (630566, 'Romance');
INSERT INTO movie_image_urls (movie_id, image_url) VALUES (630566, 'https://image.tmdb.org/t/p/original/jPuKafyDEEz3q5fk35kyJUJoiQh.jpg');
INSERT INTO movie_image_urls (movie_id, image_url) VALUES (630566, 'https://image.tmdb.org/t/p/original/nbAbAk80aWCpOS5kOPYJ1L9kE1R.jpg');
INSERT INTO movie_image_urls (movie_id, image_url) VALUES (630566, 'https://image.tmdb.org/t/p/original/bx326cwBtDsfDcnTgFlK5dXkyaC.jpg');
INSERT INTO movie_image_urls (movie_id, image_url) VALUES (630566, 'https://image.tmdb.org/t/p/original/8jH9ixhVqEfgRbj9rDNHDaXkAxh.jpg');

INSERT INTO movies (id, title, release_year, duration_minutes, country, language, synopsis, poster_image_url, backdrop_image_url) VALUES (1356039, 'Counterattack', 2025, 85, 'Mexico', 'Spanish', 'When a hostage rescue mission creates a new enemy, Capt. Guerrero and his elite soldiers must face an ambush by a criminal group.', 'https://image.tmdb.org/t/p/w500/38I76hGcFY6xB47pjm7pZwkfuAF.jpg', 'https://image.tmdb.org/t/p/original/deUWVEgNh2IGjShyymZhaYP40ye.jpg') ON CONFLICT (id) DO UPDATE SET title = EXCLUDED.title, release_year = EXCLUDED.release_year, duration_minutes = EXCLUDED.duration_minutes, country = EXCLUDED.country, language = EXCLUDED.language, synopsis = EXCLUDED.synopsis, poster_image_url = EXCLUDED.poster_image_url, backdrop_image_url = EXCLUDED.backdrop_image_url;
INSERT INTO movie_directors (movie_id, director) VALUES (1356039, 'Chava Cartas');
INSERT INTO movie_cast_members (movie_id, cast_member) VALUES (1356039, 'Luis Alberti');
INSERT INTO movie_cast_members (movie_id, cast_member) VALUES (1356039, 'Noé Hernández');
INSERT INTO movie_cast_members (movie_id, cast_member) VALUES (1356039, 'Leonardo Alonso');
INSERT INTO movie_cast_members (movie_id, cast_member) VALUES (1356039, 'Luis Curiel');
INSERT INTO movie_cast_members (movie_id, cast_member) VALUES (1356039, 'Guillermo Nava');
INSERT INTO movie_genres (movie_id, genre) VALUES (1356039, 'Action');
INSERT INTO movie_genres (movie_id, genre) VALUES (1356039, 'Adventure');
INSERT INTO movie_genres (movie_id, genre) VALUES (1356039, 'Thriller');
INSERT INTO movie_image_urls (movie_id, image_url) VALUES (1356039, 'https://image.tmdb.org/t/p/original/sR9rhmvV2TWX3OQS4MDW5SsEJYP.jpg');
INSERT INTO movie_image_urls (movie_id, image_url) VALUES (1356039, 'https://image.tmdb.org/t/p/original/ixKQ55OL3S4Lm0wuKU0s09cVGpX.jpg');
INSERT INTO movie_image_urls (movie_id, image_url) VALUES (1356039, 'https://image.tmdb.org/t/p/original/zuJxFE6EztS8rwwYhDIe60oWg3a.jpg');

INSERT INTO movies (id, title, release_year, duration_minutes, country, language, synopsis, poster_image_url, backdrop_image_url) VALUES (447362, 'Life in a Year', 2020, 107, 'United States of America', 'English', 'A 17 year old finds out that his girlfriend is dying, so he sets out to give her an entire life, in the last year she has left.', 'https://image.tmdb.org/t/p/w500/bP7u19opmHXYeTCUwGjlLldmUMc.jpg', 'https://image.tmdb.org/t/p/original/u6aGN71Hx39iX8Uv4ILRRKHmAXc.jpg') ON CONFLICT (id) DO UPDATE SET title = EXCLUDED.title, release_year = EXCLUDED.release_year, duration_minutes = EXCLUDED.duration_minutes, country = EXCLUDED.country, language = EXCLUDED.language, synopsis = EXCLUDED.synopsis, poster_image_url = EXCLUDED.poster_image_url, backdrop_image_url = EXCLUDED.backdrop_image_url;
INSERT INTO movie_directors (movie_id, director) VALUES (447362, 'Mitja Okorn');
INSERT INTO movie_cast_members (movie_id, cast_member) VALUES (447362, 'Jaden Smith');
INSERT INTO movie_cast_members (movie_id, cast_member) VALUES (447362, 'Cara Delevingne');
INSERT INTO movie_cast_members (movie_id, cast_member) VALUES (447362, 'Cuba Gooding Jr.');
INSERT INTO movie_cast_members (movie_id, cast_member) VALUES (447362, 'Chris D''Elia');
INSERT INTO movie_cast_members (movie_id, cast_member) VALUES (447362, 'JT Neal');
INSERT INTO movie_genres (movie_id, genre) VALUES (447362, 'Drama');
INSERT INTO movie_genres (movie_id, genre) VALUES (447362, 'Romance');
INSERT INTO movie_image_urls (movie_id, image_url) VALUES (447362, 'https://image.tmdb.org/t/p/original/5U9ANLqs2aA3rWgEEvpSnG4fg3u.jpg');
INSERT INTO movie_image_urls (movie_id, image_url) VALUES (447362, 'https://image.tmdb.org/t/p/original/88J6waYVTta8Qz3iX3qUeWNA5d5.jpg');
INSERT INTO movie_image_urls (movie_id, image_url) VALUES (447362, 'https://image.tmdb.org/t/p/original/p3alwNKq2kY5fJkIJ9GWuln47Bg.jpg');
INSERT INTO movie_image_urls (movie_id, image_url) VALUES (447362, 'https://image.tmdb.org/t/p/original/6kqA9NOz8GDCHcQWQquvaOb5aqs.jpg');

INSERT INTO movies (id, title, release_year, duration_minutes, country, language, synopsis, poster_image_url, backdrop_image_url) VALUES (299534, 'Avengers: Endgame', 2019, 181, 'United States of America', 'English', 'After the devastating events of Avengers: Infinity War, the universe is in ruins due to the efforts of the Mad Titan, Thanos. With the help of remaining allies, the Avengers must assemble once more in order to undo Thanos'' actions and restore order to the universe once and for all, no matter what consequences may be in store.', 'https://image.tmdb.org/t/p/w500/ulzhLuWrPK07P1YkdWQLZnQh1JL.jpg', 'https://image.tmdb.org/t/p/original/7RyHsO4yDXtBv1zUU3mTpHeQ0d5.jpg') ON CONFLICT (id) DO UPDATE SET title = EXCLUDED.title, release_year = EXCLUDED.release_year, duration_minutes = EXCLUDED.duration_minutes, country = EXCLUDED.country, language = EXCLUDED.language, synopsis = EXCLUDED.synopsis, poster_image_url = EXCLUDED.poster_image_url, backdrop_image_url = EXCLUDED.backdrop_image_url;
INSERT INTO movie_directors (movie_id, director) VALUES (299534, 'Anthony Russo');
INSERT INTO movie_directors (movie_id, director) VALUES (299534, 'Joe Russo');
INSERT INTO movie_cast_members (movie_id, cast_member) VALUES (299534, 'Robert Downey Jr.');
INSERT INTO movie_cast_members (movie_id, cast_member) VALUES (299534, 'Chris Evans');
INSERT INTO movie_cast_members (movie_id, cast_member) VALUES (299534, 'Mark Ruffalo');
INSERT INTO movie_cast_members (movie_id, cast_member) VALUES (299534, 'Chris Hemsworth');
INSERT INTO movie_cast_members (movie_id, cast_member) VALUES (299534, 'Scarlett Johansson');
INSERT INTO movie_genres (movie_id, genre) VALUES (299534, 'Adventure');
INSERT INTO movie_genres (movie_id, genre) VALUES (299534, 'Science Fiction');
INSERT INTO movie_genres (movie_id, genre) VALUES (299534, 'Action');
INSERT INTO movie_image_urls (movie_id, image_url) VALUES (299534, 'https://image.tmdb.org/t/p/original/9wXPKruA6bWYk2co5ix6fH59Qr8.jpg');
INSERT INTO movie_image_urls (movie_id, image_url) VALUES (299534, 'https://image.tmdb.org/t/p/original/5NtF6XT0NGqzFCc3hSZ7x0Q5EoT.jpg');
INSERT INTO movie_image_urls (movie_id, image_url) VALUES (299534, 'https://image.tmdb.org/t/p/original/orjiB3oUIsyz60hoEqkiGpy5CeO.jpg');
INSERT INTO movie_image_urls (movie_id, image_url) VALUES (299534, 'https://image.tmdb.org/t/p/original/91iy9F1JOG1dvM6M6JNYgvScZpK.jpg');

INSERT INTO movies (id, title, release_year, duration_minutes, country, language, synopsis, poster_image_url, backdrop_image_url) VALUES (1186532, 'The Forge', 2024, 123, 'United States of America', 'English', '19 year old Isaiah Wright lives for basketball and video games. A year out of high school, he has no job, no plans, and no idea how to be a man. At odds with his single mother Cynthia, Isaiah is given an ultimatum – to step up or move out. Feeling the pull from his friends and the push from his mom, Isaiah is hired by Moore Fitness, unaware of how the owner will personally impact his life. With the prayers of his mother and unexpected guidance from his new mentor, Isaiah is forced to deal with his past, sacrifice his selfishness and discover how God might have a greater purpose for his life.', 'https://image.tmdb.org/t/p/w500/oranxontIQRmhuyQlkoAwxpeBYz.jpg', 'https://image.tmdb.org/t/p/original/18X5mXS1SpQy5rygEcpbmzUdkVP.jpg') ON CONFLICT (id) DO UPDATE SET title = EXCLUDED.title, release_year = EXCLUDED.release_year, duration_minutes = EXCLUDED.duration_minutes, country = EXCLUDED.country, language = EXCLUDED.language, synopsis = EXCLUDED.synopsis, poster_image_url = EXCLUDED.poster_image_url, backdrop_image_url = EXCLUDED.backdrop_image_url;
INSERT INTO movie_directors (movie_id, director) VALUES (1186532, 'Alex Kendrick');
INSERT INTO movie_cast_members (movie_id, cast_member) VALUES (1186532, 'Aspen Kennedy Wilson');
INSERT INTO movie_cast_members (movie_id, cast_member) VALUES (1186532, 'Priscilla C. Shirer');
INSERT INTO movie_cast_members (movie_id, cast_member) VALUES (1186532, 'Cameron Arnett');
INSERT INTO movie_cast_members (movie_id, cast_member) VALUES (1186532, 'Karen Abercrombie');
INSERT INTO movie_cast_members (movie_id, cast_member) VALUES (1186532, 'T.C. Stallings');
INSERT INTO movie_genres (movie_id, genre) VALUES (1186532, 'Drama');
INSERT INTO movie_genres (movie_id, genre) VALUES (1186532, 'Family');
INSERT INTO movie_image_urls (movie_id, image_url) VALUES (1186532, 'https://image.tmdb.org/t/p/original/1bWwaeVSFeytOBYNNEjZwH3VpFj.jpg');
INSERT INTO movie_image_urls (movie_id, image_url) VALUES (1186532, 'https://image.tmdb.org/t/p/original/rm2LpmavMHZzgB79M0g2Vcvdktk.jpg');
INSERT INTO movie_image_urls (movie_id, image_url) VALUES (1186532, 'https://image.tmdb.org/t/p/original/1kwTNDe0PuhU4uQviHyQz1E56ZK.jpg');
INSERT INTO movie_image_urls (movie_id, image_url) VALUES (1186532, 'https://image.tmdb.org/t/p/original/m25DNsLhsODTp0QhKIur4vIby8C.jpg');

INSERT INTO movies (id, title, release_year, duration_minutes, country, language, synopsis, poster_image_url, backdrop_image_url) VALUES (508965, 'Klaus', 2019, 97, 'Spain', 'English', 'A selfish postman and a reclusive toymaker form an unlikely friendship, delivering joy to a cold, dark town that desperately needs it.', 'https://image.tmdb.org/t/p/w500/q125RHUDgR4gjwh1QkfYuJLYkL.jpg', 'https://image.tmdb.org/t/p/original/cYQvXNPZLow73lhspVQ7CYlT3Mi.jpg') ON CONFLICT (id) DO UPDATE SET title = EXCLUDED.title, release_year = EXCLUDED.release_year, duration_minutes = EXCLUDED.duration_minutes, country = EXCLUDED.country, language = EXCLUDED.language, synopsis = EXCLUDED.synopsis, poster_image_url = EXCLUDED.poster_image_url, backdrop_image_url = EXCLUDED.backdrop_image_url;
INSERT INTO movie_directors (movie_id, director) VALUES (508965, 'Sergio Pablos');
INSERT INTO movie_cast_members (movie_id, cast_member) VALUES (508965, 'Jason Schwartzman');
INSERT INTO movie_cast_members (movie_id, cast_member) VALUES (508965, 'J.K. Simmons');
INSERT INTO movie_cast_members (movie_id, cast_member) VALUES (508965, 'Rashida Jones');
INSERT INTO movie_cast_members (movie_id, cast_member) VALUES (508965, 'Joan Cusack');
INSERT INTO movie_cast_members (movie_id, cast_member) VALUES (508965, 'Norm Macdonald');
INSERT INTO movie_genres (movie_id, genre) VALUES (508965, 'Animation');
INSERT INTO movie_genres (movie_id, genre) VALUES (508965, 'Family');
INSERT INTO movie_genres (movie_id, genre) VALUES (508965, 'Comedy');
INSERT INTO movie_genres (movie_id, genre) VALUES (508965, 'Adventure');
INSERT INTO movie_image_urls (movie_id, image_url) VALUES (508965, 'https://image.tmdb.org/t/p/original/mlxKite1x1PgmIhJgAxNS9eHmH8.jpg');
INSERT INTO movie_image_urls (movie_id, image_url) VALUES (508965, 'https://image.tmdb.org/t/p/original/xBD64RBepJDWmGhcxZMiJC9JKRZ.jpg');
INSERT INTO movie_image_urls (movie_id, image_url) VALUES (508965, 'https://image.tmdb.org/t/p/original/m1K7yNXS0HdGENFl7Z5beJ4NsPc.jpg');
INSERT INTO movie_image_urls (movie_id, image_url) VALUES (508965, 'https://image.tmdb.org/t/p/original/wNrRK5VVnuCQLiJeuj9ZvvrfN4P.jpg');

INSERT INTO movies (id, title, release_year, duration_minutes, country, language, synopsis, poster_image_url, backdrop_image_url) VALUES (98, 'Gladiator', 2000, 155, 'United Kingdom', 'English', 'After the death of Emperor Marcus Aurelius, his devious son takes power and demotes Maximus, one of Rome''s most capable generals who Marcus preferred. Eventually, Maximus is forced to become a gladiator and battle to the death against other men for the amusement of paying audiences.', 'https://image.tmdb.org/t/p/w500/wN2xWp1eIwCKOD0BHTcErTBv1Uq.jpg', 'https://image.tmdb.org/t/p/original/jhk6D8pim3yaByu1801kMoxXFaX.jpg') ON CONFLICT (id) DO UPDATE SET title = EXCLUDED.title, release_year = EXCLUDED.release_year, duration_minutes = EXCLUDED.duration_minutes, country = EXCLUDED.country, language = EXCLUDED.language, synopsis = EXCLUDED.synopsis, poster_image_url = EXCLUDED.poster_image_url, backdrop_image_url = EXCLUDED.backdrop_image_url;
INSERT INTO movie_directors (movie_id, director) VALUES (98, 'Ridley Scott');
INSERT INTO movie_cast_members (movie_id, cast_member) VALUES (98, 'Russell Crowe');
INSERT INTO movie_cast_members (movie_id, cast_member) VALUES (98, 'Joaquin Phoenix');
INSERT INTO movie_cast_members (movie_id, cast_member) VALUES (98, 'Connie Nielsen');
INSERT INTO movie_cast_members (movie_id, cast_member) VALUES (98, 'Oliver Reed');
INSERT INTO movie_cast_members (movie_id, cast_member) VALUES (98, 'Richard Harris');
INSERT INTO movie_genres (movie_id, genre) VALUES (98, 'Action');
INSERT INTO movie_genres (movie_id, genre) VALUES (98, 'Drama');
INSERT INTO movie_genres (movie_id, genre) VALUES (98, 'Adventure');
INSERT INTO movie_image_urls (movie_id, image_url) VALUES (98, 'https://image.tmdb.org/t/p/original/hND7xAaxxBgaIspp9iMsaEXOSTz.jpg');
INSERT INTO movie_image_urls (movie_id, image_url) VALUES (98, 'https://image.tmdb.org/t/p/original/Ar7QuJ7sJEiC0oP3I8fKBKIQD9u.jpg');
INSERT INTO movie_image_urls (movie_id, image_url) VALUES (98, 'https://image.tmdb.org/t/p/original/u1CC2m4owXbAbQfGzXNMcbnUv6G.jpg');
INSERT INTO movie_image_urls (movie_id, image_url) VALUES (98, 'https://image.tmdb.org/t/p/original/v2nvvwbWOAEPQeq8wsvUkhb1HI1.jpg');

INSERT INTO movies (id, title, release_year, duration_minutes, country, language, synopsis, poster_image_url, backdrop_image_url) VALUES (490132, 'Green Book', 2018, 130, 'United States of America', 'Russian', 'Tony Lip, a bouncer in 1962, is hired to drive pianist Don Shirley on a tour through the Deep South in the days when African Americans, forced to find alternate accommodations and services due to segregation laws below the Mason-Dixon Line, relied on a guide called The Negro Motorist Green Book.', 'https://image.tmdb.org/t/p/w500/7BsvSuDQuoqhWmU2fL7W2GOcZHU.jpg', 'https://image.tmdb.org/t/p/original/5En0fmDagt3Pk8d7P3uTwfeQceg.jpg') ON CONFLICT (id) DO UPDATE SET title = EXCLUDED.title, release_year = EXCLUDED.release_year, duration_minutes = EXCLUDED.duration_minutes, country = EXCLUDED.country, language = EXCLUDED.language, synopsis = EXCLUDED.synopsis, poster_image_url = EXCLUDED.poster_image_url, backdrop_image_url = EXCLUDED.backdrop_image_url;
INSERT INTO movie_directors (movie_id, director) VALUES (490132, 'Peter Farrelly');
INSERT INTO movie_cast_members (movie_id, cast_member) VALUES (490132, 'Viggo Mortensen');
INSERT INTO movie_cast_members (movie_id, cast_member) VALUES (490132, 'Mahershala Ali');
INSERT INTO movie_cast_members (movie_id, cast_member) VALUES (490132, 'Linda Cardellini');
INSERT INTO movie_cast_members (movie_id, cast_member) VALUES (490132, 'Sebastian Maniscalco');
INSERT INTO movie_cast_members (movie_id, cast_member) VALUES (490132, 'Dimiter D. Marinov');
INSERT INTO movie_genres (movie_id, genre) VALUES (490132, 'Drama');
INSERT INTO movie_genres (movie_id, genre) VALUES (490132, 'Comedy');
INSERT INTO movie_genres (movie_id, genre) VALUES (490132, 'History');
INSERT INTO movie_image_urls (movie_id, image_url) VALUES (490132, 'https://image.tmdb.org/t/p/original/2Xe9lISpwXKhvKiHttbFfVRERQX.jpg');
INSERT INTO movie_image_urls (movie_id, image_url) VALUES (490132, 'https://image.tmdb.org/t/p/original/Arxw3x7Y1jmkYryy0CodKce0Cms.jpg');
INSERT INTO movie_image_urls (movie_id, image_url) VALUES (490132, 'https://image.tmdb.org/t/p/original/78PjwaykLY2QqhMfWRDvmfbC6EV.jpg');
INSERT INTO movie_image_urls (movie_id, image_url) VALUES (490132, 'https://image.tmdb.org/t/p/original/bjhyMfL5yLtliwBuheRD4HOI78G.jpg');

INSERT INTO movies (id, title, release_year, duration_minutes, country, language, synopsis, poster_image_url, backdrop_image_url) VALUES (857, 'Saving Private Ryan', 1998, 169, 'United States of America', 'Czech', 'As U.S. troops storm the beaches of Normandy, three brothers lie dead on the battlefield, with a fourth trapped behind enemy lines. Ranger captain John Miller and seven men are tasked with penetrating German-held territory and bringing the boy home.', 'https://image.tmdb.org/t/p/w500/uqx37cS8cpHg8U35f9U5IBlrCV3.jpg', 'https://image.tmdb.org/t/p/original/rW2xRFlJRbTnBJlQTSjQmjevIwb.jpg') ON CONFLICT (id) DO UPDATE SET title = EXCLUDED.title, release_year = EXCLUDED.release_year, duration_minutes = EXCLUDED.duration_minutes, country = EXCLUDED.country, language = EXCLUDED.language, synopsis = EXCLUDED.synopsis, poster_image_url = EXCLUDED.poster_image_url, backdrop_image_url = EXCLUDED.backdrop_image_url;
INSERT INTO movie_directors (movie_id, director) VALUES (857, 'Steven Spielberg');
INSERT INTO movie_cast_members (movie_id, cast_member) VALUES (857, 'Tom Hanks');
INSERT INTO movie_cast_members (movie_id, cast_member) VALUES (857, 'Tom Sizemore');
INSERT INTO movie_cast_members (movie_id, cast_member) VALUES (857, 'Edward Burns');
INSERT INTO movie_cast_members (movie_id, cast_member) VALUES (857, 'Barry Pepper');
INSERT INTO movie_cast_members (movie_id, cast_member) VALUES (857, 'Adam Goldberg');
INSERT INTO movie_genres (movie_id, genre) VALUES (857, 'War');
INSERT INTO movie_genres (movie_id, genre) VALUES (857, 'Drama');
INSERT INTO movie_genres (movie_id, genre) VALUES (857, 'History');
INSERT INTO movie_image_urls (movie_id, image_url) VALUES (857, 'https://image.tmdb.org/t/p/original/bdD39MpSVhKjxarTxLSfX6baoMP.jpg');
INSERT INTO movie_image_urls (movie_id, image_url) VALUES (857, 'https://image.tmdb.org/t/p/original/pNHv41t8Im8wlwgdzMK9I8WpuBZ.jpg');
INSERT INTO movie_image_urls (movie_id, image_url) VALUES (857, 'https://image.tmdb.org/t/p/original/vwbe8bqZGYHSjapw6A5N2qUk6si.jpg');
INSERT INTO movie_image_urls (movie_id, image_url) VALUES (857, 'https://image.tmdb.org/t/p/original/9PQHn6EQYvWysbaz6EIjHK6Mu88.jpg');

INSERT INTO movies (id, title, release_year, duration_minutes, country, language, synopsis, poster_image_url, backdrop_image_url) VALUES (995133, 'The Boy, the Mole, the Fox and the Horse', 2022, 35, 'United Kingdom', 'English', 'The unlikely friendship of a boy, a mole, a fox and a horse traveling together in the boy''s search for home.', 'https://image.tmdb.org/t/p/w500/wAKBWRhMmBtrCCuqmFwPm2RGTph.jpg', 'https://image.tmdb.org/t/p/original/wO0MIGcA7w7tBI9Ey80Q4Z7qnPm.jpg') ON CONFLICT (id) DO UPDATE SET title = EXCLUDED.title, release_year = EXCLUDED.release_year, duration_minutes = EXCLUDED.duration_minutes, country = EXCLUDED.country, language = EXCLUDED.language, synopsis = EXCLUDED.synopsis, poster_image_url = EXCLUDED.poster_image_url, backdrop_image_url = EXCLUDED.backdrop_image_url;
INSERT INTO movie_directors (movie_id, director) VALUES (995133, 'Peter Baynton');
INSERT INTO movie_directors (movie_id, director) VALUES (995133, 'Charlie Mackesy');
INSERT INTO movie_cast_members (movie_id, cast_member) VALUES (995133, 'Jude Coward Nicoll');
INSERT INTO movie_cast_members (movie_id, cast_member) VALUES (995133, 'Tom Hollander');
INSERT INTO movie_cast_members (movie_id, cast_member) VALUES (995133, 'Idris Elba');
INSERT INTO movie_cast_members (movie_id, cast_member) VALUES (995133, 'Gabriel Byrne');
INSERT INTO movie_genres (movie_id, genre) VALUES (995133, 'Animation');
INSERT INTO movie_genres (movie_id, genre) VALUES (995133, 'Family');
INSERT INTO movie_genres (movie_id, genre) VALUES (995133, 'Drama');
INSERT INTO movie_genres (movie_id, genre) VALUES (995133, 'Adventure');
INSERT INTO movie_image_urls (movie_id, image_url) VALUES (995133, 'https://image.tmdb.org/t/p/original/wxaBkuqVIgImjRHEMJoxL9Lq6i8.jpg');
INSERT INTO movie_image_urls (movie_id, image_url) VALUES (995133, 'https://image.tmdb.org/t/p/original/5nnVU4pgEJm67tnTyAegClQzAcx.jpg');
INSERT INTO movie_image_urls (movie_id, image_url) VALUES (995133, 'https://image.tmdb.org/t/p/original/jXhbkLSyY1GEKx9UU7JHZ6Xv8uA.jpg');
INSERT INTO movie_image_urls (movie_id, image_url) VALUES (995133, 'https://image.tmdb.org/t/p/original/qVwH9qm1GjIksMdqms6X8eCIged.jpg');

INSERT INTO movies (id, title, release_year, duration_minutes, country, language, synopsis, poster_image_url, backdrop_image_url) VALUES (504253, 'I Want to Eat Your Pancreas', 2018, 108, 'Japan', 'Japanese', 'After his classmate and crush is diagnosed with a pancreatic disease, an average high schooler sets out to make the most of her final days.', 'https://image.tmdb.org/t/p/w500/qpV8kvRfAntV7D4aOOsLIz7OdPc.jpg', 'https://image.tmdb.org/t/p/original/YLyORLsYIjC0d1TFBSpJKk7piP.jpg') ON CONFLICT (id) DO UPDATE SET title = EXCLUDED.title, release_year = EXCLUDED.release_year, duration_minutes = EXCLUDED.duration_minutes, country = EXCLUDED.country, language = EXCLUDED.language, synopsis = EXCLUDED.synopsis, poster_image_url = EXCLUDED.poster_image_url, backdrop_image_url = EXCLUDED.backdrop_image_url;
INSERT INTO movie_directors (movie_id, director) VALUES (504253, 'Shinichiro Ushijima');
INSERT INTO movie_cast_members (movie_id, cast_member) VALUES (504253, 'Mahiro Takasugi');
INSERT INTO movie_cast_members (movie_id, cast_member) VALUES (504253, 'Lynn');
INSERT INTO movie_cast_members (movie_id, cast_member) VALUES (504253, 'Yukiyo Fujii');
INSERT INTO movie_cast_members (movie_id, cast_member) VALUES (504253, 'Yuma Uchida');
INSERT INTO movie_cast_members (movie_id, cast_member) VALUES (504253, 'Jun Fukushima');
INSERT INTO movie_genres (movie_id, genre) VALUES (504253, 'Animation');
INSERT INTO movie_genres (movie_id, genre) VALUES (504253, 'Drama');
INSERT INTO movie_genres (movie_id, genre) VALUES (504253, 'Romance');
INSERT INTO movie_image_urls (movie_id, image_url) VALUES (504253, 'https://image.tmdb.org/t/p/original/oCNE8MgNtUwAF2e5972eSP2cvWR.jpg');
INSERT INTO movie_image_urls (movie_id, image_url) VALUES (504253, 'https://image.tmdb.org/t/p/original/A6gu31TRJ0X3kHvKStwFLk4LtCU.jpg');
INSERT INTO movie_image_urls (movie_id, image_url) VALUES (504253, 'https://image.tmdb.org/t/p/original/ApFjJx0Ibc1l7axhhuxetQqYe8f.jpg');
INSERT INTO movie_image_urls (movie_id, image_url) VALUES (504253, 'https://image.tmdb.org/t/p/original/BNzgGEl0DQiQTPyPcIfcuner1Q.jpg');

INSERT INTO movies (id, title, release_year, duration_minutes, country, language, synopsis, poster_image_url, backdrop_image_url) VALUES (1284460, 'Alpha', 2025, 128, 'France', 'English', 'Alpha, a troubled 13-year-old lives with her single mom. Their world collapses the day she returns from school with a tattoo on her arm.', 'https://image.tmdb.org/t/p/w500/PvdD2gTqSZfFWclP9ee4bqCn0B.jpg', 'https://image.tmdb.org/t/p/original/rakS8RAhKOMIplBi4RbluQg4Xqn.jpg') ON CONFLICT (id) DO UPDATE SET title = EXCLUDED.title, release_year = EXCLUDED.release_year, duration_minutes = EXCLUDED.duration_minutes, country = EXCLUDED.country, language = EXCLUDED.language, synopsis = EXCLUDED.synopsis, poster_image_url = EXCLUDED.poster_image_url, backdrop_image_url = EXCLUDED.backdrop_image_url;
INSERT INTO movie_directors (movie_id, director) VALUES (1284460, 'Julia Ducournau');
INSERT INTO movie_cast_members (movie_id, cast_member) VALUES (1284460, 'Mélissa Boros');
INSERT INTO movie_cast_members (movie_id, cast_member) VALUES (1284460, 'Tahar Rahim');
INSERT INTO movie_cast_members (movie_id, cast_member) VALUES (1284460, 'Golshifteh Farahani');
INSERT INTO movie_cast_members (movie_id, cast_member) VALUES (1284460, 'Emma Mackey');
INSERT INTO movie_cast_members (movie_id, cast_member) VALUES (1284460, 'Finnegan Oldfield');
INSERT INTO movie_genres (movie_id, genre) VALUES (1284460, 'Horror');
INSERT INTO movie_genres (movie_id, genre) VALUES (1284460, 'Drama');
INSERT INTO movie_genres (movie_id, genre) VALUES (1284460, 'Science Fiction');
INSERT INTO movie_image_urls (movie_id, image_url) VALUES (1284460, 'https://image.tmdb.org/t/p/original/y84jJAN2njbRYPAVHTYCv2aWMSm.jpg');
INSERT INTO movie_image_urls (movie_id, image_url) VALUES (1284460, 'https://image.tmdb.org/t/p/original/bOJmYTopgs9jUGId5ihkFBjthWx.jpg');
INSERT INTO movie_image_urls (movie_id, image_url) VALUES (1284460, 'https://image.tmdb.org/t/p/original/lu8u4xP3YPNnC7yZSh08FFLvznl.jpg');
INSERT INTO movie_image_urls (movie_id, image_url) VALUES (1284460, 'https://image.tmdb.org/t/p/original/2Sn6rzcSczaLVR5RctsxAVOAdH6.jpg');

INSERT INTO movies (id, title, release_year, duration_minutes, country, language, synopsis, poster_image_url, backdrop_image_url) VALUES (1367642, 'Reminders of Him', 2026, 114, 'United States of America', 'English', 'When Diem''s custodial grandparents adamantly refuse Kenna''s attempts to see her daughter, Kenna discovers unexpected compassion, and then something truer and deeper, with former NFL player and local bar owner Ledger. As their secret romance develops, so do the dangers for both of them, leading Kenna toward heartbreak and, ultimately, the hope for a second chance.', 'https://image.tmdb.org/t/p/w500/7L6rceYgzQ0NeHD7PRDNrRoQ291.jpg', 'https://image.tmdb.org/t/p/original/5rxEnsgriw8z065q51lrvPKYmCL.jpg') ON CONFLICT (id) DO UPDATE SET title = EXCLUDED.title, release_year = EXCLUDED.release_year, duration_minutes = EXCLUDED.duration_minutes, country = EXCLUDED.country, language = EXCLUDED.language, synopsis = EXCLUDED.synopsis, poster_image_url = EXCLUDED.poster_image_url, backdrop_image_url = EXCLUDED.backdrop_image_url;
INSERT INTO movie_directors (movie_id, director) VALUES (1367642, 'Vanessa Caswill');
INSERT INTO movie_cast_members (movie_id, cast_member) VALUES (1367642, 'Maika Monroe');
INSERT INTO movie_cast_members (movie_id, cast_member) VALUES (1367642, 'Tyriq Withers');
INSERT INTO movie_cast_members (movie_id, cast_member) VALUES (1367642, 'Rudy Pankow');
INSERT INTO movie_cast_members (movie_id, cast_member) VALUES (1367642, 'Bradley Whitford');
INSERT INTO movie_cast_members (movie_id, cast_member) VALUES (1367642, 'Lauren Graham');
INSERT INTO movie_genres (movie_id, genre) VALUES (1367642, 'Romance');
INSERT INTO movie_genres (movie_id, genre) VALUES (1367642, 'Drama');
INSERT INTO movie_image_urls (movie_id, image_url) VALUES (1367642, 'https://image.tmdb.org/t/p/original/bkQ0iP4TpAsG3CS4xaWDE0GhNp8.jpg');
INSERT INTO movie_image_urls (movie_id, image_url) VALUES (1367642, 'https://image.tmdb.org/t/p/original/lTXAB0uVjSjTKoWV1UWujwBzqmy.jpg');
INSERT INTO movie_image_urls (movie_id, image_url) VALUES (1367642, 'https://image.tmdb.org/t/p/original/xFu5YfFvcyQHa8brWVo6XMug8EM.jpg');
INSERT INTO movie_image_urls (movie_id, image_url) VALUES (1367642, 'https://image.tmdb.org/t/p/original/dJpG9ydoYUHvgCuzTIj6ARkD4w2.jpg');

INSERT INTO movies (id, title, release_year, duration_minutes, country, language, synopsis, poster_image_url, backdrop_image_url) VALUES (1276704, '53 Sundays', 2026, 78, 'Spain', 'Spanish', 'When three siblings agree to meet and discuss their aging father''s future, their reunion spirals into bickering, bantering and reliving old grudges.', 'https://image.tmdb.org/t/p/w500/olk6MkfHFWEpWmhQn6Mb4jNqspm.jpg', 'https://image.tmdb.org/t/p/original/kFK6FpbbEvVKDH956qTKEHB4Sfp.jpg') ON CONFLICT (id) DO UPDATE SET title = EXCLUDED.title, release_year = EXCLUDED.release_year, duration_minutes = EXCLUDED.duration_minutes, country = EXCLUDED.country, language = EXCLUDED.language, synopsis = EXCLUDED.synopsis, poster_image_url = EXCLUDED.poster_image_url, backdrop_image_url = EXCLUDED.backdrop_image_url;
INSERT INTO movie_directors (movie_id, director) VALUES (1276704, 'Cesc Gay');
INSERT INTO movie_cast_members (movie_id, cast_member) VALUES (1276704, 'Javier Cámara');
INSERT INTO movie_cast_members (movie_id, cast_member) VALUES (1276704, 'Carmen Machi');
INSERT INTO movie_cast_members (movie_id, cast_member) VALUES (1276704, 'Javier Gutiérrez');
INSERT INTO movie_cast_members (movie_id, cast_member) VALUES (1276704, 'Alexandra Jiménez');
INSERT INTO movie_cast_members (movie_id, cast_member) VALUES (1276704, 'Ricardo Lacámara');
INSERT INTO movie_genres (movie_id, genre) VALUES (1276704, 'Comedy');
INSERT INTO movie_genres (movie_id, genre) VALUES (1276704, 'Drama');
INSERT INTO movie_image_urls (movie_id, image_url) VALUES (1276704, 'https://image.tmdb.org/t/p/original/rDTLhM1leJm5zsgEwVeEjcZL6iE.jpg');
INSERT INTO movie_image_urls (movie_id, image_url) VALUES (1276704, 'https://image.tmdb.org/t/p/original/cHD3s2jUTW4dxmxikK7xFn56DsS.jpg');
INSERT INTO movie_image_urls (movie_id, image_url) VALUES (1276704, 'https://image.tmdb.org/t/p/original/5NNqGA6lX9PKBywFvUTZgfeSWgn.jpg');
INSERT INTO movie_image_urls (movie_id, image_url) VALUES (1276704, 'https://image.tmdb.org/t/p/original/9lmsDrMiDmS8SXkFRtYkwCn0zM4.jpg');

INSERT INTO movies (id, title, release_year, duration_minutes, country, language, synopsis, poster_image_url, backdrop_image_url) VALUES (639988, 'No Other Choice', 2025, 140, 'South Korea', 'English', 'After being laid off and humiliated by a ruthless job market, a veteran paper mill manager descends into violence in a desperate bid to reclaim his dignity.', 'https://image.tmdb.org/t/p/w500/sBpxTGLzKnvPSVtL5yQYpSxvKEb.jpg', 'https://image.tmdb.org/t/p/original/s6aB9kjxNg0mu2361IkCUSpyHJV.jpg') ON CONFLICT (id) DO UPDATE SET title = EXCLUDED.title, release_year = EXCLUDED.release_year, duration_minutes = EXCLUDED.duration_minutes, country = EXCLUDED.country, language = EXCLUDED.language, synopsis = EXCLUDED.synopsis, poster_image_url = EXCLUDED.poster_image_url, backdrop_image_url = EXCLUDED.backdrop_image_url;
INSERT INTO movie_directors (movie_id, director) VALUES (639988, 'Park Chan-wook');
INSERT INTO movie_cast_members (movie_id, cast_member) VALUES (639988, 'Lee Byung-hun');
INSERT INTO movie_cast_members (movie_id, cast_member) VALUES (639988, 'Son Ye-jin');
INSERT INTO movie_cast_members (movie_id, cast_member) VALUES (639988, 'Park Hee-soon');
INSERT INTO movie_cast_members (movie_id, cast_member) VALUES (639988, 'Lee Sung-min');
INSERT INTO movie_cast_members (movie_id, cast_member) VALUES (639988, 'Yeom Hye-ran');
INSERT INTO movie_genres (movie_id, genre) VALUES (639988, 'Comedy');
INSERT INTO movie_genres (movie_id, genre) VALUES (639988, 'Crime');
INSERT INTO movie_genres (movie_id, genre) VALUES (639988, 'Thriller');
INSERT INTO movie_image_urls (movie_id, image_url) VALUES (639988, 'https://image.tmdb.org/t/p/original/vuUDwAi9UgLyNN9xZLtKTaLQWnl.jpg');
INSERT INTO movie_image_urls (movie_id, image_url) VALUES (639988, 'https://image.tmdb.org/t/p/original/wPkU44Zirk9RizHGyK54vpd13MT.jpg');
INSERT INTO movie_image_urls (movie_id, image_url) VALUES (639988, 'https://image.tmdb.org/t/p/original/1Z3YaryoYAaMoE1Js3L1HDw4xvc.jpg');
INSERT INTO movie_image_urls (movie_id, image_url) VALUES (639988, 'https://image.tmdb.org/t/p/original/1ktHy4yBupG3JzYoFsQ8DFoqZh4.jpg');

INSERT INTO movies (id, title, release_year, duration_minutes, country, language, synopsis, poster_image_url, backdrop_image_url) VALUES (1291335, 'Solo Mio', 2026, 96, 'United States of America', 'English', 'After Matt''s dreams of a picturesque Italian wedding are shattered when his fiancée leaves him at the altar, he embarks on his planned honeymoon across Italy alone, immersing himself in the country''s vibrant culture, food, and beauty, meeting Gia along the way.', 'https://image.tmdb.org/t/p/w500/efSsZJaddeq0LOABZqpCXdMxv9P.jpg', 'https://image.tmdb.org/t/p/original/fTG8itSb1a4O2BgUMjXdwO64qTz.jpg') ON CONFLICT (id) DO UPDATE SET title = EXCLUDED.title, release_year = EXCLUDED.release_year, duration_minutes = EXCLUDED.duration_minutes, country = EXCLUDED.country, language = EXCLUDED.language, synopsis = EXCLUDED.synopsis, poster_image_url = EXCLUDED.poster_image_url, backdrop_image_url = EXCLUDED.backdrop_image_url;
INSERT INTO movie_directors (movie_id, director) VALUES (1291335, 'Daniel Kinnane');
INSERT INTO movie_directors (movie_id, director) VALUES (1291335, 'Charles Kinnane');
INSERT INTO movie_cast_members (movie_id, cast_member) VALUES (1291335, 'Kevin James');
INSERT INTO movie_cast_members (movie_id, cast_member) VALUES (1291335, 'Nicole Grimaudo');
INSERT INTO movie_cast_members (movie_id, cast_member) VALUES (1291335, 'Kim Coates');
INSERT INTO movie_cast_members (movie_id, cast_member) VALUES (1291335, 'Jonathan Roumie');
INSERT INTO movie_cast_members (movie_id, cast_member) VALUES (1291335, 'Julie Ann Emery');
INSERT INTO movie_genres (movie_id, genre) VALUES (1291335, 'Romance');
INSERT INTO movie_genres (movie_id, genre) VALUES (1291335, 'Comedy');
INSERT INTO movie_image_urls (movie_id, image_url) VALUES (1291335, 'https://image.tmdb.org/t/p/original/eVXBp5BBskAj0RJ6pDSNPcBs1uI.jpg');
INSERT INTO movie_image_urls (movie_id, image_url) VALUES (1291335, 'https://image.tmdb.org/t/p/original/mrx5YU0Et7T6Ml5csOAo6I55NMl.jpg');
INSERT INTO movie_image_urls (movie_id, image_url) VALUES (1291335, 'https://image.tmdb.org/t/p/original/q5sloOWc8qnzVKKjwddAxYQLg85.jpg');
INSERT INTO movie_image_urls (movie_id, image_url) VALUES (1291335, 'https://image.tmdb.org/t/p/original/ynrnPiMuXUOzFDuLk68cMWtYquI.jpg');

INSERT INTO movies (id, title, release_year, duration_minutes, country, language, synopsis, poster_image_url, backdrop_image_url) VALUES (1242501, 'Icefall', 2025, 99, 'United States of America', 'English', 'A young Indigenous game warden arrests an infamous poacher only to discover that the poacher knows the location of a plane carrying millions of dollars that has crashed in a frozen lake. When a group of criminals and dirty cops are alerted to the poacher’s whereabouts, the warden and the poacher team up to fight back and escape across the treacherous lake before the ice melts.', 'https://image.tmdb.org/t/p/w500/5Byv6nznAb2Izd0gHpODOXnuSbo.jpg', 'https://image.tmdb.org/t/p/original/gQimJqYMKCkwHIo8wwYKhmnCfBr.jpg') ON CONFLICT (id) DO UPDATE SET title = EXCLUDED.title, release_year = EXCLUDED.release_year, duration_minutes = EXCLUDED.duration_minutes, country = EXCLUDED.country, language = EXCLUDED.language, synopsis = EXCLUDED.synopsis, poster_image_url = EXCLUDED.poster_image_url, backdrop_image_url = EXCLUDED.backdrop_image_url;
INSERT INTO movie_directors (movie_id, director) VALUES (1242501, 'Stefan Ruzowitzky');
INSERT INTO movie_cast_members (movie_id, cast_member) VALUES (1242501, 'Joel Kinnaman');
INSERT INTO movie_cast_members (movie_id, cast_member) VALUES (1242501, 'Cara Jade Myers');
INSERT INTO movie_cast_members (movie_id, cast_member) VALUES (1242501, 'Danny Huston');
INSERT INTO movie_cast_members (movie_id, cast_member) VALUES (1242501, 'Graham Greene');
INSERT INTO movie_cast_members (movie_id, cast_member) VALUES (1242501, 'Martin Sensmeier');
INSERT INTO movie_genres (movie_id, genre) VALUES (1242501, 'Action');
INSERT INTO movie_genres (movie_id, genre) VALUES (1242501, 'Crime');
INSERT INTO movie_genres (movie_id, genre) VALUES (1242501, 'Thriller');
INSERT INTO movie_image_urls (movie_id, image_url) VALUES (1242501, 'https://image.tmdb.org/t/p/original/uQiVjl11YjsihGKVf8mt3TjRQV.jpg');
INSERT INTO movie_image_urls (movie_id, image_url) VALUES (1242501, 'https://image.tmdb.org/t/p/original/wyNtAR8HXdOMWTpkN8y2VKCi7WH.jpg');
INSERT INTO movie_image_urls (movie_id, image_url) VALUES (1242501, 'https://image.tmdb.org/t/p/original/xkYc3R0tDEWCHhMrTG2IJpzictS.jpg');
INSERT INTO movie_image_urls (movie_id, image_url) VALUES (1242501, 'https://image.tmdb.org/t/p/original/e46BMLG1d2KOswRSdFZDniNRg5f.jpg');

INSERT INTO movies (id, title, release_year, duration_minutes, country, language, synopsis, poster_image_url, backdrop_image_url) VALUES (273481, 'Sicario', 2015, 122, 'United States of America', 'Spanish', 'An idealistic FBI agent is enlisted by a government task force to aid in the escalating war against drugs at the border area between the U.S. and Mexico.', 'https://image.tmdb.org/t/p/w500/lz8vNyXeidqqOdJW9ZjnDAMb5Vr.jpg', 'https://image.tmdb.org/t/p/original/fKPgObonYgPgCdu88yjV7Hpn7Dp.jpg') ON CONFLICT (id) DO UPDATE SET title = EXCLUDED.title, release_year = EXCLUDED.release_year, duration_minutes = EXCLUDED.duration_minutes, country = EXCLUDED.country, language = EXCLUDED.language, synopsis = EXCLUDED.synopsis, poster_image_url = EXCLUDED.poster_image_url, backdrop_image_url = EXCLUDED.backdrop_image_url;
INSERT INTO movie_directors (movie_id, director) VALUES (273481, 'Denis Villeneuve');
INSERT INTO movie_cast_members (movie_id, cast_member) VALUES (273481, 'Emily Blunt');
INSERT INTO movie_cast_members (movie_id, cast_member) VALUES (273481, 'Benicio del Toro');
INSERT INTO movie_cast_members (movie_id, cast_member) VALUES (273481, 'Josh Brolin');
INSERT INTO movie_cast_members (movie_id, cast_member) VALUES (273481, 'Victor Garber');
INSERT INTO movie_cast_members (movie_id, cast_member) VALUES (273481, 'Jon Bernthal');
INSERT INTO movie_genres (movie_id, genre) VALUES (273481, 'Action');
INSERT INTO movie_genres (movie_id, genre) VALUES (273481, 'Crime');
INSERT INTO movie_genres (movie_id, genre) VALUES (273481, 'Thriller');
INSERT INTO movie_image_urls (movie_id, image_url) VALUES (273481, 'https://image.tmdb.org/t/p/original/uo2uaD6vNi62gyf13UMQ3cp7z4O.jpg');
INSERT INTO movie_image_urls (movie_id, image_url) VALUES (273481, 'https://image.tmdb.org/t/p/original/meeileDF37uB8ykIs4iFb713ABO.jpg');
INSERT INTO movie_image_urls (movie_id, image_url) VALUES (273481, 'https://image.tmdb.org/t/p/original/4NdAMnBwSAaSsUjoXkcU5aW28RF.jpg');
INSERT INTO movie_image_urls (movie_id, image_url) VALUES (273481, 'https://image.tmdb.org/t/p/original/jD36ERKbVauwvjVqq3hevGjFNco.jpg');

INSERT INTO movies (id, title, release_year, duration_minutes, country, language, synopsis, poster_image_url, backdrop_image_url) VALUES (1637319, 'Hannah Montana 20th Anniversary Special', 2026, 59, 'United States of America', 'English', 'Filmed in front of a live studio audience and hosted by Alex Cooper of ''Call Her Daddy'' fame, Miley Cyrus reflects on the creation and impact of the series with never-before-seen archival footage, all the while interacting and reminiscing on some of the show''s most memorable sets ''brought back to life'' — including the Stewart family living room and the legendary Hannah Montana closet.', 'https://image.tmdb.org/t/p/w500/2BZ0bij5ORSvfDepCDD8CqVcpaG.jpg', 'https://image.tmdb.org/t/p/original/w9NnNrq1aOu9hXhhUyMhQMts1oM.jpg') ON CONFLICT (id) DO UPDATE SET title = EXCLUDED.title, release_year = EXCLUDED.release_year, duration_minutes = EXCLUDED.duration_minutes, country = EXCLUDED.country, language = EXCLUDED.language, synopsis = EXCLUDED.synopsis, poster_image_url = EXCLUDED.poster_image_url, backdrop_image_url = EXCLUDED.backdrop_image_url;
INSERT INTO movie_directors (movie_id, director) VALUES (1637319, 'Sam Wrench');
INSERT INTO movie_cast_members (movie_id, cast_member) VALUES (1637319, 'Miley Cyrus');
INSERT INTO movie_cast_members (movie_id, cast_member) VALUES (1637319, 'Alex Cooper');
INSERT INTO movie_cast_members (movie_id, cast_member) VALUES (1637319, 'Tish Cyrus');
INSERT INTO movie_cast_members (movie_id, cast_member) VALUES (1637319, 'Billy Ray Cyrus');
INSERT INTO movie_cast_members (movie_id, cast_member) VALUES (1637319, 'Selena Gomez');
INSERT INTO movie_genres (movie_id, genre) VALUES (1637319, 'Documentary');
INSERT INTO movie_genres (movie_id, genre) VALUES (1637319, 'Music');
INSERT INTO movie_image_urls (movie_id, image_url) VALUES (1637319, 'https://image.tmdb.org/t/p/original/8LSIjfVcAYJtAowyfKegSymUFZh.jpg');
INSERT INTO movie_image_urls (movie_id, image_url) VALUES (1637319, 'https://image.tmdb.org/t/p/original/7qzRdSLXx8vU97ZFrxZSCFwcRPf.jpg');
INSERT INTO movie_image_urls (movie_id, image_url) VALUES (1637319, 'https://image.tmdb.org/t/p/original/voEqlXi3FUzHvGFjywyfYR20YmM.jpg');
INSERT INTO movie_image_urls (movie_id, image_url) VALUES (1637319, 'https://image.tmdb.org/t/p/original/jRbRQ17xIAigQT9wuFohC7gdkXT.jpg');

INSERT INTO movies (id, title, release_year, duration_minutes, country, language, synopsis, poster_image_url, backdrop_image_url) VALUES (508883, 'The Boy and the Heron', 2023, 124, 'Japan', 'Japanese', 'While the Second World War rages, the teenage Mahito, haunted by his mother''s tragic death, is relocated from Tokyo to the serene rural home of his new stepmother Natsuko, a woman who bears a striking resemblance to the boy''s mother. As he tries to adjust, this strange new world grows even stranger following the appearance of a persistent gray heron, who perplexes and bedevils Mahito, dubbing him the "long-awaited one."', 'https://image.tmdb.org/t/p/w500/4GKye5dR4uJyYbcyTveSue1gATD.jpg', 'https://image.tmdb.org/t/p/original/a0GM57AnJtNi7lMOCamniiyV10W.jpg') ON CONFLICT (id) DO UPDATE SET title = EXCLUDED.title, release_year = EXCLUDED.release_year, duration_minutes = EXCLUDED.duration_minutes, country = EXCLUDED.country, language = EXCLUDED.language, synopsis = EXCLUDED.synopsis, poster_image_url = EXCLUDED.poster_image_url, backdrop_image_url = EXCLUDED.backdrop_image_url;
INSERT INTO movie_directors (movie_id, director) VALUES (508883, 'Hayao Miyazaki');
INSERT INTO movie_cast_members (movie_id, cast_member) VALUES (508883, 'Soma Santoki');
INSERT INTO movie_cast_members (movie_id, cast_member) VALUES (508883, 'Masaki Suda');
INSERT INTO movie_cast_members (movie_id, cast_member) VALUES (508883, 'Ko Shibasaki');
INSERT INTO movie_cast_members (movie_id, cast_member) VALUES (508883, 'Aimyon');
INSERT INTO movie_cast_members (movie_id, cast_member) VALUES (508883, 'Yoshino Kimura');
INSERT INTO movie_genres (movie_id, genre) VALUES (508883, 'Animation');
INSERT INTO movie_genres (movie_id, genre) VALUES (508883, 'Adventure');
INSERT INTO movie_genres (movie_id, genre) VALUES (508883, 'Fantasy');
INSERT INTO movie_genres (movie_id, genre) VALUES (508883, 'Drama');
INSERT INTO movie_genres (movie_id, genre) VALUES (508883, 'Family');
INSERT INTO movie_image_urls (movie_id, image_url) VALUES (508883, 'https://image.tmdb.org/t/p/original/75nSb1fbWooipwcSU5bUttiOriI.jpg');
INSERT INTO movie_image_urls (movie_id, image_url) VALUES (508883, 'https://image.tmdb.org/t/p/original/iun1MpN1LxqxYgpIMh09IePHZ6Y.jpg');
INSERT INTO movie_image_urls (movie_id, image_url) VALUES (508883, 'https://image.tmdb.org/t/p/original/ybn3jCia5XBD0ZgEM07gcUPuRNh.jpg');
INSERT INTO movie_image_urls (movie_id, image_url) VALUES (508883, 'https://image.tmdb.org/t/p/original/ddEgOqeUrundEqwf8OQCcgVJ6Hp.jpg');

INSERT INTO movies (id, title, release_year, duration_minutes, country, language, synopsis, poster_image_url, backdrop_image_url) VALUES (4348, 'Pride & Prejudice', 2005, 128, 'France', 'English', 'A story of love and life among the landed English gentry during the Georgian era. Mr. Bennet is a gentleman living in Hertfordshire with his overbearing wife and five daughters, but if he dies their house will be inherited by a distant cousin whom they have never met, so the family''s future happiness and security is dependent on the daughters making good marriages.', 'https://image.tmdb.org/t/p/w500/o8UhmEbWPHmTUxP0lMuCoqNkbB3.jpg', 'https://image.tmdb.org/t/p/original/1Onam6oWyFAUCcoxtdWkACtEiNr.jpg') ON CONFLICT (id) DO UPDATE SET title = EXCLUDED.title, release_year = EXCLUDED.release_year, duration_minutes = EXCLUDED.duration_minutes, country = EXCLUDED.country, language = EXCLUDED.language, synopsis = EXCLUDED.synopsis, poster_image_url = EXCLUDED.poster_image_url, backdrop_image_url = EXCLUDED.backdrop_image_url;
INSERT INTO movie_directors (movie_id, director) VALUES (4348, 'Joe Wright');
INSERT INTO movie_cast_members (movie_id, cast_member) VALUES (4348, 'Keira Knightley');
INSERT INTO movie_cast_members (movie_id, cast_member) VALUES (4348, 'Matthew Macfadyen');
INSERT INTO movie_cast_members (movie_id, cast_member) VALUES (4348, 'Brenda Blethyn');
INSERT INTO movie_cast_members (movie_id, cast_member) VALUES (4348, 'Rosamund Pike');
INSERT INTO movie_cast_members (movie_id, cast_member) VALUES (4348, 'Carey Mulligan');
INSERT INTO movie_genres (movie_id, genre) VALUES (4348, 'Drama');
INSERT INTO movie_genres (movie_id, genre) VALUES (4348, 'Romance');
INSERT INTO movie_image_urls (movie_id, image_url) VALUES (4348, 'https://image.tmdb.org/t/p/original/x4OYcZVHggyZHOrvkCo2HH9kLkF.jpg');
INSERT INTO movie_image_urls (movie_id, image_url) VALUES (4348, 'https://image.tmdb.org/t/p/original/ilgqNJgcfY4mXz8IKPIwCq4ovjU.jpg');
INSERT INTO movie_image_urls (movie_id, image_url) VALUES (4348, 'https://image.tmdb.org/t/p/original/2OZ2pTZNjso16ZnXEgyBW6ocENz.jpg');
INSERT INTO movie_image_urls (movie_id, image_url) VALUES (4348, 'https://image.tmdb.org/t/p/original/q4jf2bwTHPJakXKS12lhICWX0Np.jpg');

INSERT INTO movies (id, title, release_year, duration_minutes, country, language, synopsis, poster_image_url, backdrop_image_url) VALUES (1043197, 'Dust Bunny', 2025, 106, 'United States of America', 'English', 'Ten-year-old Aurora asks her hitman neighbor to kill the monster under her bed that she claims ate her family. To protect her, he must battle an onslaught of assassins while accepting that some monsters are real.', 'https://image.tmdb.org/t/p/w500/qa5aZpO8tQqhlDaE0flalS1TuIS.jpg', 'https://image.tmdb.org/t/p/original/AecGG1XVCmkk7fT10ko3FC0dLIP.jpg') ON CONFLICT (id) DO UPDATE SET title = EXCLUDED.title, release_year = EXCLUDED.release_year, duration_minutes = EXCLUDED.duration_minutes, country = EXCLUDED.country, language = EXCLUDED.language, synopsis = EXCLUDED.synopsis, poster_image_url = EXCLUDED.poster_image_url, backdrop_image_url = EXCLUDED.backdrop_image_url;
INSERT INTO movie_directors (movie_id, director) VALUES (1043197, 'Bryan Fuller');
INSERT INTO movie_cast_members (movie_id, cast_member) VALUES (1043197, 'Mads Mikkelsen');
INSERT INTO movie_cast_members (movie_id, cast_member) VALUES (1043197, 'Sophie Sloan');
INSERT INTO movie_cast_members (movie_id, cast_member) VALUES (1043197, 'Sigourney Weaver');
INSERT INTO movie_cast_members (movie_id, cast_member) VALUES (1043197, 'David Dastmalchian');
INSERT INTO movie_cast_members (movie_id, cast_member) VALUES (1043197, 'Sheila Atim');
INSERT INTO movie_genres (movie_id, genre) VALUES (1043197, 'Fantasy');
INSERT INTO movie_genres (movie_id, genre) VALUES (1043197, 'Action');
INSERT INTO movie_genres (movie_id, genre) VALUES (1043197, 'Horror');
INSERT INTO movie_image_urls (movie_id, image_url) VALUES (1043197, 'https://image.tmdb.org/t/p/original/3IMMedngi2CtOIrM7Ahk8LS1aqy.jpg');
INSERT INTO movie_image_urls (movie_id, image_url) VALUES (1043197, 'https://image.tmdb.org/t/p/original/rB6MzWxyzu7uwf4JgYZ2UBAuihB.jpg');
INSERT INTO movie_image_urls (movie_id, image_url) VALUES (1043197, 'https://image.tmdb.org/t/p/original/60arwDt9REEDPMC9IPu1z1nsbKn.jpg');
INSERT INTO movie_image_urls (movie_id, image_url) VALUES (1043197, 'https://image.tmdb.org/t/p/original/isvOe2wWbeVOqa0uuvo6C2uXLT2.jpg');

INSERT INTO movies (id, title, release_year, duration_minutes, country, language, synopsis, poster_image_url, backdrop_image_url) VALUES (1321179, 'The King''s Warden', 2026, 117, 'South Korea', 'Korean', 'In a remote mountain village of 15th-century Joseon, humble headman Heung-do hears a rumor that any village hosting an exiled nobleman will be blessed with abundance and fortune. Hoping to bring prosperity to his impoverished community, he eagerly submits a petition to host one—unaware that his guest is none other than the fallen monarch, deposed boy-king Danjong.', 'https://image.tmdb.org/t/p/w500/3CnVA1jAA64Q3qNVAW8DekCu19b.jpg', 'https://image.tmdb.org/t/p/original/1s1r4OOdnU8VX2inALVTA2q94uY.jpg') ON CONFLICT (id) DO UPDATE SET title = EXCLUDED.title, release_year = EXCLUDED.release_year, duration_minutes = EXCLUDED.duration_minutes, country = EXCLUDED.country, language = EXCLUDED.language, synopsis = EXCLUDED.synopsis, poster_image_url = EXCLUDED.poster_image_url, backdrop_image_url = EXCLUDED.backdrop_image_url;
INSERT INTO movie_directors (movie_id, director) VALUES (1321179, 'Chang Hang-jun');
INSERT INTO movie_cast_members (movie_id, cast_member) VALUES (1321179, 'Yoo Hai-jin');
INSERT INTO movie_cast_members (movie_id, cast_member) VALUES (1321179, 'Park Ji-hoon');
INSERT INTO movie_cast_members (movie_id, cast_member) VALUES (1321179, 'Yoo Ji-tae');
INSERT INTO movie_cast_members (movie_id, cast_member) VALUES (1321179, 'Jeon Mi-do');
INSERT INTO movie_cast_members (movie_id, cast_member) VALUES (1321179, 'Kim Min');
INSERT INTO movie_genres (movie_id, genre) VALUES (1321179, 'History');
INSERT INTO movie_genres (movie_id, genre) VALUES (1321179, 'Drama');
INSERT INTO movie_image_urls (movie_id, image_url) VALUES (1321179, 'https://image.tmdb.org/t/p/original/bapUcUy7pkQSwpeXeTtmu6CAkb3.jpg');
INSERT INTO movie_image_urls (movie_id, image_url) VALUES (1321179, 'https://image.tmdb.org/t/p/original/wnh0be0all7JmWsJpce6tV0Y1dB.jpg');
INSERT INTO movie_image_urls (movie_id, image_url) VALUES (1321179, 'https://image.tmdb.org/t/p/original/xbFO9wRd1VMBkFPKV0t8LW57ec.jpg');
INSERT INTO movie_image_urls (movie_id, image_url) VALUES (1321179, 'https://image.tmdb.org/t/p/original/vBv9XXNhTaVyGIS3DssELt4SM9.jpg');

INSERT INTO movies (id, title, release_year, duration_minutes, country, language, synopsis, poster_image_url, backdrop_image_url) VALUES (1652947, 'Tuklas', 2026, 1, 'Philippines', 'Tagalog', 'The first Bisaya VMX Original stars true-blooded Bisaya Skye Gonzaga. When IT officer Chris Alvarado uncovers a financial scandal at work, he faces a moral dilemma: exposing the truth or giving in to Anna, a seductive sales manager promising success and intimacy.', 'https://image.tmdb.org/t/p/w500/pJiNDWSEguOY8m5x2vbgnl9DPme.jpg', 'https://image.tmdb.org/t/p/original/wuZB5l6jzK1psUnMZEe3wGEupMM.jpg') ON CONFLICT (id) DO UPDATE SET title = EXCLUDED.title, release_year = EXCLUDED.release_year, duration_minutes = EXCLUDED.duration_minutes, country = EXCLUDED.country, language = EXCLUDED.language, synopsis = EXCLUDED.synopsis, poster_image_url = EXCLUDED.poster_image_url, backdrop_image_url = EXCLUDED.backdrop_image_url;
INSERT INTO movie_directors (movie_id, director) VALUES (1652947, 'Unknown');
INSERT INTO movie_cast_members (movie_id, cast_member) VALUES (1652947, 'Skye Gonzaga');
INSERT INTO movie_cast_members (movie_id, cast_member) VALUES (1652947, 'Chino Villaluna');
INSERT INTO movie_cast_members (movie_id, cast_member) VALUES (1652947, 'Denzel Cruza');
INSERT INTO movie_cast_members (movie_id, cast_member) VALUES (1652947, 'Keesha Falcon');
INSERT INTO movie_cast_members (movie_id, cast_member) VALUES (1652947, 'Alexa Armecin');
INSERT INTO movie_genres (movie_id, genre) VALUES (1652947, 'Drama');
INSERT INTO movie_image_urls (movie_id, image_url) VALUES (1652947, 'https://image.tmdb.org/t/p/original/kx87QOVaYiBvM3mjz8yyvE1MFIw.jpg');

INSERT INTO movies (id, title, release_year, duration_minutes, country, language, synopsis, poster_image_url, backdrop_image_url) VALUES (1734, 'The Mummy Returns', 2001, 130, 'United States of America', 'English', 'Rick and Evelyn O’Connell, along with their 8-year-old son Alex, discover the key to the legendary Scorpion King’s might: the fabled Bracelet of Anubis. Unfortunately, a newly resurrected Imhotep has designs on the bracelet as well, and isn’t above kidnapping its new bearer, Alex, to gain control of Anubis’s otherworldly army.', 'https://image.tmdb.org/t/p/w500/kdJsW7hcy1lrj7tdMPycTAQPAiR.jpg', 'https://image.tmdb.org/t/p/original/7s7WkAFPBsMTprYMbqbgKoppQsR.jpg') ON CONFLICT (id) DO UPDATE SET title = EXCLUDED.title, release_year = EXCLUDED.release_year, duration_minutes = EXCLUDED.duration_minutes, country = EXCLUDED.country, language = EXCLUDED.language, synopsis = EXCLUDED.synopsis, poster_image_url = EXCLUDED.poster_image_url, backdrop_image_url = EXCLUDED.backdrop_image_url;
INSERT INTO movie_directors (movie_id, director) VALUES (1734, 'Stephen Sommers');
INSERT INTO movie_cast_members (movie_id, cast_member) VALUES (1734, 'Brendan Fraser');
INSERT INTO movie_cast_members (movie_id, cast_member) VALUES (1734, 'Rachel Weisz');
INSERT INTO movie_cast_members (movie_id, cast_member) VALUES (1734, 'John Hannah');
INSERT INTO movie_cast_members (movie_id, cast_member) VALUES (1734, 'Oded Fehr');
INSERT INTO movie_cast_members (movie_id, cast_member) VALUES (1734, 'Arnold Vosloo');
INSERT INTO movie_genres (movie_id, genre) VALUES (1734, 'Adventure');
INSERT INTO movie_genres (movie_id, genre) VALUES (1734, 'Action');
INSERT INTO movie_genres (movie_id, genre) VALUES (1734, 'Fantasy');
INSERT INTO movie_image_urls (movie_id, image_url) VALUES (1734, 'https://image.tmdb.org/t/p/original/ifR5HhZ8nlMnVBs7H0RNX97vI2O.jpg');
INSERT INTO movie_image_urls (movie_id, image_url) VALUES (1734, 'https://image.tmdb.org/t/p/original/zvpgoKF6OjFOFywZuTtbFg6XIGU.jpg');
INSERT INTO movie_image_urls (movie_id, image_url) VALUES (1734, 'https://image.tmdb.org/t/p/original/uoOD6qqz4QFhgvhdsrrQUmkmAMc.jpg');
INSERT INTO movie_image_urls (movie_id, image_url) VALUES (1734, 'https://image.tmdb.org/t/p/original/fRnhnR2JfkGBT19z7EXEmIUcDSo.jpg');

INSERT INTO movies (id, title, release_year, duration_minutes, country, language, synopsis, poster_image_url, backdrop_image_url) VALUES (137409, 'Cold War', 2012, 102, 'Hong Kong', 'Cantonese', 'Five police officers in Hong Kong are kidnapped. The police commissioner is on a business trip overseas. Two vice commissioners, Sean Rau and M.B. Lee, then take over the case. The two vice commissioners are rivals who both vie for the police commissioner seat. At first, M.B. Lee takes the lead in the case, but comes to a dead end. Sean Lau then takes the lead, but he falls into a trap. Both men are then investigated by the ICAC (Independent Commission Against Corruption).', 'https://image.tmdb.org/t/p/w500/zFiHdFJHppW43xmsnS8whzYnVQ8.jpg', 'https://image.tmdb.org/t/p/original/uw28cMvJBFBzgaMM5YeKlXTtUqE.jpg') ON CONFLICT (id) DO UPDATE SET title = EXCLUDED.title, release_year = EXCLUDED.release_year, duration_minutes = EXCLUDED.duration_minutes, country = EXCLUDED.country, language = EXCLUDED.language, synopsis = EXCLUDED.synopsis, poster_image_url = EXCLUDED.poster_image_url, backdrop_image_url = EXCLUDED.backdrop_image_url;
INSERT INTO movie_directors (movie_id, director) VALUES (137409, 'Sunny Luk Kim-Ching');
INSERT INTO movie_directors (movie_id, director) VALUES (137409, 'Leung Lok-Man');
INSERT INTO movie_cast_members (movie_id, cast_member) VALUES (137409, 'Aaron Kwok');
INSERT INTO movie_cast_members (movie_id, cast_member) VALUES (137409, 'Tony Leung Ka-fai');
INSERT INTO movie_cast_members (movie_id, cast_member) VALUES (137409, 'Charlie Yeung Choi-Nei');
INSERT INTO movie_cast_members (movie_id, cast_member) VALUES (137409, 'Gordon Lam Ka-Tung');
INSERT INTO movie_cast_members (movie_id, cast_member) VALUES (137409, 'Chin Ka-Lok');
INSERT INTO movie_genres (movie_id, genre) VALUES (137409, 'Action');
INSERT INTO movie_genres (movie_id, genre) VALUES (137409, 'Thriller');
INSERT INTO movie_image_urls (movie_id, image_url) VALUES (137409, 'https://image.tmdb.org/t/p/original/zXcvuDnVTCWvZCmCnQxV8fgzxTK.jpg');
INSERT INTO movie_image_urls (movie_id, image_url) VALUES (137409, 'https://image.tmdb.org/t/p/original/Aubsq63BnNBHEpED1iZTILlLmen.jpg');
INSERT INTO movie_image_urls (movie_id, image_url) VALUES (137409, 'https://image.tmdb.org/t/p/original/cUBkgCy7OeNb5MksWc76CkL3Ge9.jpg');
INSERT INTO movie_image_urls (movie_id, image_url) VALUES (137409, 'https://image.tmdb.org/t/p/original/hEWFxtw2Irtec7ovd9FaVrkFxdj.jpg');

INSERT INTO movies (id, title, release_year, duration_minutes, country, language, synopsis, poster_image_url, backdrop_image_url) VALUES (1480387, 'undertone', 2026, 94, 'Canada', 'English', 'The host of a popular paranormal podcast becomes haunted by terrifying recordings mysteriously sent her way.', 'https://image.tmdb.org/t/p/w500/1wREWUEHzjDWSreNFbFLDO7YEaM.jpg', 'https://image.tmdb.org/t/p/original/pqHdlDdl99WWBoxhIdBRvxfr89K.jpg') ON CONFLICT (id) DO UPDATE SET title = EXCLUDED.title, release_year = EXCLUDED.release_year, duration_minutes = EXCLUDED.duration_minutes, country = EXCLUDED.country, language = EXCLUDED.language, synopsis = EXCLUDED.synopsis, poster_image_url = EXCLUDED.poster_image_url, backdrop_image_url = EXCLUDED.backdrop_image_url;
INSERT INTO movie_directors (movie_id, director) VALUES (1480387, 'Ian Tuason');
INSERT INTO movie_cast_members (movie_id, cast_member) VALUES (1480387, 'Nina Kiri');
INSERT INTO movie_cast_members (movie_id, cast_member) VALUES (1480387, 'Adam DiMarco');
INSERT INTO movie_cast_members (movie_id, cast_member) VALUES (1480387, 'Michèle Duquet');
INSERT INTO movie_cast_members (movie_id, cast_member) VALUES (1480387, 'Keana Bastidas');
INSERT INTO movie_cast_members (movie_id, cast_member) VALUES (1480387, 'Jeff Yung');
INSERT INTO movie_genres (movie_id, genre) VALUES (1480387, 'Horror');
INSERT INTO movie_genres (movie_id, genre) VALUES (1480387, 'Mystery');
INSERT INTO movie_image_urls (movie_id, image_url) VALUES (1480387, 'https://image.tmdb.org/t/p/original/mUpxARLqGbNJsWX3YuF0uUKpecO.jpg');
INSERT INTO movie_image_urls (movie_id, image_url) VALUES (1480387, 'https://image.tmdb.org/t/p/original/6SDxrzyfGyCQvDwTfNbcajzrSwh.jpg');
INSERT INTO movie_image_urls (movie_id, image_url) VALUES (1480387, 'https://image.tmdb.org/t/p/original/qXxFWyur7jFkg2aQgENcXuyYeHF.jpg');
INSERT INTO movie_image_urls (movie_id, image_url) VALUES (1480387, 'https://image.tmdb.org/t/p/original/kgEy6Z4sVcbNRahuVwohQIKnTOK.jpg');

INSERT INTO movies (id, title, release_year, duration_minutes, country, language, synopsis, poster_image_url, backdrop_image_url) VALUES (539745, 'Animal Farm', 2026, 96, 'United Kingdom', 'English', 'A satirical allegory of revolution and power that traces how a movement for equality is systematically corrupted. As the pigs consolidate control, truth is erased, dissent is crushed and the farm descends into a ruthless dictatorship.', 'https://image.tmdb.org/t/p/w500/6pzI1DIlxwAFffw9OZcG6cr031U.jpg', 'https://image.tmdb.org/t/p/original/plDfFp8LWIh8c8WK5Xlgvwytgqs.jpg') ON CONFLICT (id) DO UPDATE SET title = EXCLUDED.title, release_year = EXCLUDED.release_year, duration_minutes = EXCLUDED.duration_minutes, country = EXCLUDED.country, language = EXCLUDED.language, synopsis = EXCLUDED.synopsis, poster_image_url = EXCLUDED.poster_image_url, backdrop_image_url = EXCLUDED.backdrop_image_url;
INSERT INTO movie_directors (movie_id, director) VALUES (539745, 'Andy Serkis');
INSERT INTO movie_cast_members (movie_id, cast_member) VALUES (539745, 'Seth Rogen');
INSERT INTO movie_cast_members (movie_id, cast_member) VALUES (539745, 'Gaten Matarazzo');
INSERT INTO movie_cast_members (movie_id, cast_member) VALUES (539745, 'Woody Harrelson');
INSERT INTO movie_cast_members (movie_id, cast_member) VALUES (539745, 'Kieran Culkin');
INSERT INTO movie_cast_members (movie_id, cast_member) VALUES (539745, 'Glenn Close');
INSERT INTO movie_genres (movie_id, genre) VALUES (539745, 'Animation');
INSERT INTO movie_genres (movie_id, genre) VALUES (539745, 'Comedy');
INSERT INTO movie_genres (movie_id, genre) VALUES (539745, 'Family');
INSERT INTO movie_image_urls (movie_id, image_url) VALUES (539745, 'https://image.tmdb.org/t/p/original/40ydki5y2frvAgqBLsqmnjIz8Fp.jpg');
INSERT INTO movie_image_urls (movie_id, image_url) VALUES (539745, 'https://image.tmdb.org/t/p/original/1yl7xmTN2iEyiD3gF8M68lBhR39.jpg');
INSERT INTO movie_image_urls (movie_id, image_url) VALUES (539745, 'https://image.tmdb.org/t/p/original/vM98sOhlROWq6f7jzfeHI3d5Zeo.jpg');
INSERT INTO movie_image_urls (movie_id, image_url) VALUES (539745, 'https://image.tmdb.org/t/p/original/eeM1wT3CX5j9KV9AirVB97ATN67.jpg');

INSERT INTO movies (id, title, release_year, duration_minutes, country, language, synopsis, poster_image_url, backdrop_image_url) VALUES (1140498, 'Is This Thing On?', 2025, 121, 'United Kingdom', 'English', 'As their marriage quietly unravels, Alex faces middle age and an impending divorce, seeking new purpose in the New York comedy scene while Tess confronts the sacrifices she made for their family—forcing them to navigate co-parenting, identity, and whether love can take a new form.', 'https://image.tmdb.org/t/p/w500/YD6QzcokTMe3EViM0hLbNCxf4y.jpg', 'https://image.tmdb.org/t/p/original/bcw0QrKe9cM7MbjypxMPFdT6hrM.jpg') ON CONFLICT (id) DO UPDATE SET title = EXCLUDED.title, release_year = EXCLUDED.release_year, duration_minutes = EXCLUDED.duration_minutes, country = EXCLUDED.country, language = EXCLUDED.language, synopsis = EXCLUDED.synopsis, poster_image_url = EXCLUDED.poster_image_url, backdrop_image_url = EXCLUDED.backdrop_image_url;
INSERT INTO movie_directors (movie_id, director) VALUES (1140498, 'Bradley Cooper');
INSERT INTO movie_cast_members (movie_id, cast_member) VALUES (1140498, 'Will Arnett');
INSERT INTO movie_cast_members (movie_id, cast_member) VALUES (1140498, 'Laura Dern');
INSERT INTO movie_cast_members (movie_id, cast_member) VALUES (1140498, 'Andra Day');
INSERT INTO movie_cast_members (movie_id, cast_member) VALUES (1140498, 'Bradley Cooper');
INSERT INTO movie_cast_members (movie_id, cast_member) VALUES (1140498, 'Christine Ebersole');
INSERT INTO movie_genres (movie_id, genre) VALUES (1140498, 'Comedy');
INSERT INTO movie_genres (movie_id, genre) VALUES (1140498, 'Drama');
INSERT INTO movie_image_urls (movie_id, image_url) VALUES (1140498, 'https://image.tmdb.org/t/p/original/leRRfSrf2TdIpuPYDaqjOfD29ms.jpg');
INSERT INTO movie_image_urls (movie_id, image_url) VALUES (1140498, 'https://image.tmdb.org/t/p/original/vgzdUNzhengA9vXFOqZs57RsTgX.jpg');
INSERT INTO movie_image_urls (movie_id, image_url) VALUES (1140498, 'https://image.tmdb.org/t/p/original/AkaC3h2NqSYX4NIHlqGKvrGOMeS.jpg');
INSERT INTO movie_image_urls (movie_id, image_url) VALUES (1140498, 'https://image.tmdb.org/t/p/original/f4b1pFodDvWTqmz2AdHczJUBIKm.jpg');

INSERT INTO movies (id, title, release_year, duration_minutes, country, language, synopsis, poster_image_url, backdrop_image_url) VALUES (1134463, 'Dreams', 2025, 98, 'Mexico', 'English', 'A powerful socialite and a promising ballet dancer begin a dangerous affair. When he secretly crosses the US-Mexico border, she takes desperate measures to protect their future together.', 'https://image.tmdb.org/t/p/w500/mHglxM0wjfuc5hmVrz7sVykBLrG.jpg', 'https://image.tmdb.org/t/p/original/de3Nk3aylnE8Z4z7lGmVq9IG7qt.jpg') ON CONFLICT (id) DO UPDATE SET title = EXCLUDED.title, release_year = EXCLUDED.release_year, duration_minutes = EXCLUDED.duration_minutes, country = EXCLUDED.country, language = EXCLUDED.language, synopsis = EXCLUDED.synopsis, poster_image_url = EXCLUDED.poster_image_url, backdrop_image_url = EXCLUDED.backdrop_image_url;
INSERT INTO movie_directors (movie_id, director) VALUES (1134463, 'Michel Franco');
INSERT INTO movie_cast_members (movie_id, cast_member) VALUES (1134463, 'Jessica Chastain');
INSERT INTO movie_cast_members (movie_id, cast_member) VALUES (1134463, 'Isaac Hernández');
INSERT INTO movie_cast_members (movie_id, cast_member) VALUES (1134463, 'Rupert Friend');
INSERT INTO movie_cast_members (movie_id, cast_member) VALUES (1134463, 'Marshall Bell');
INSERT INTO movie_cast_members (movie_id, cast_member) VALUES (1134463, 'Eligio Meléndez');
INSERT INTO movie_genres (movie_id, genre) VALUES (1134463, 'Romance');
INSERT INTO movie_genres (movie_id, genre) VALUES (1134463, 'Thriller');
INSERT INTO movie_genres (movie_id, genre) VALUES (1134463, 'Drama');
INSERT INTO movie_image_urls (movie_id, image_url) VALUES (1134463, 'https://image.tmdb.org/t/p/original/i1Aa25l2TtKwp528wM5g2MK4ER6.jpg');
INSERT INTO movie_image_urls (movie_id, image_url) VALUES (1134463, 'https://image.tmdb.org/t/p/original/yvfde7RZROxOKDf1HkUManEe12s.jpg');
INSERT INTO movie_image_urls (movie_id, image_url) VALUES (1134463, 'https://image.tmdb.org/t/p/original/u7Ae9HhaK8yvN4eOTEXuySKek3K.jpg');
INSERT INTO movie_image_urls (movie_id, image_url) VALUES (1134463, 'https://image.tmdb.org/t/p/original/7DpleF0PRfVLEm23AWkpanwpYnO.jpg');

INSERT INTO movies (id, title, release_year, duration_minutes, country, language, synopsis, poster_image_url, backdrop_image_url) VALUES (1510745, 'Bodycam', 2026, 75, 'Canada', 'English', 'A call to a quiet suburban home unleashes unthinkable carnage when two officers mistakenly shoot a man and his infant child, spiraling the tragedy into a fierce, unrelenting fall into the unknown.', 'https://image.tmdb.org/t/p/w500/xFpBNcG3Dlr8mYF5Kz9Tizs3Pxn.jpg', 'https://image.tmdb.org/t/p/original/qmWypRw88VYp35oTQn0a1sqdZRs.jpg') ON CONFLICT (id) DO UPDATE SET title = EXCLUDED.title, release_year = EXCLUDED.release_year, duration_minutes = EXCLUDED.duration_minutes, country = EXCLUDED.country, language = EXCLUDED.language, synopsis = EXCLUDED.synopsis, poster_image_url = EXCLUDED.poster_image_url, backdrop_image_url = EXCLUDED.backdrop_image_url;
INSERT INTO movie_directors (movie_id, director) VALUES (1510745, 'Brandon Christensen');
INSERT INTO movie_cast_members (movie_id, cast_member) VALUES (1510745, 'Jaime M. Callica');
INSERT INTO movie_cast_members (movie_id, cast_member) VALUES (1510745, 'Sean Rogerson');
INSERT INTO movie_cast_members (movie_id, cast_member) VALUES (1510745, 'Catherine Lough Haggquist');
INSERT INTO movie_cast_members (movie_id, cast_member) VALUES (1510745, 'Angel Prater');
INSERT INTO movie_cast_members (movie_id, cast_member) VALUES (1510745, 'Keegan Connor Tracy');
INSERT INTO movie_genres (movie_id, genre) VALUES (1510745, 'Horror');
INSERT INTO movie_image_urls (movie_id, image_url) VALUES (1510745, 'https://image.tmdb.org/t/p/original/tLyXqqqjI29ikyevHQihiloLo8X.jpg');
INSERT INTO movie_image_urls (movie_id, image_url) VALUES (1510745, 'https://image.tmdb.org/t/p/original/vHoi1MddXOU7jbpEd8YVQzMDLnT.jpg');
INSERT INTO movie_image_urls (movie_id, image_url) VALUES (1510745, 'https://image.tmdb.org/t/p/original/lFbyxoZUV2pcEA8Drvk9Q7p0Hen.jpg');
INSERT INTO movie_image_urls (movie_id, image_url) VALUES (1510745, 'https://image.tmdb.org/t/p/original/wuywn6owNxhpI6XN3GDtKyBcP4r.jpg');

INSERT INTO movies (id, title, release_year, duration_minutes, country, language, synopsis, poster_image_url, backdrop_image_url) VALUES (1177767, 'Mile End Kicks', 2026, 111, 'Canada', 'French', 'In 2011, Montreal’s indie music scene, Grace Pine, a 24-year-old music critic moves to the Canadian city to write a book on Alanis Morissette’s classic ''Jagged Little Pill'' album. But her plans take an unexpected turn when she gets romantically involved with members of an indie band for whom she serves as their publicist.', 'https://image.tmdb.org/t/p/w500/qq3Q1tsxAxMqP38YTZKl8m5zmA4.jpg', 'https://image.tmdb.org/t/p/original/1Es1fV6Wn4ArpqTRTPs8ydpEkiw.jpg') ON CONFLICT (id) DO UPDATE SET title = EXCLUDED.title, release_year = EXCLUDED.release_year, duration_minutes = EXCLUDED.duration_minutes, country = EXCLUDED.country, language = EXCLUDED.language, synopsis = EXCLUDED.synopsis, poster_image_url = EXCLUDED.poster_image_url, backdrop_image_url = EXCLUDED.backdrop_image_url;
INSERT INTO movie_directors (movie_id, director) VALUES (1177767, 'Chandler Levack');
INSERT INTO movie_cast_members (movie_id, cast_member) VALUES (1177767, 'Barbie Ferreira');
INSERT INTO movie_cast_members (movie_id, cast_member) VALUES (1177767, 'Jay Baruchel');
INSERT INTO movie_cast_members (movie_id, cast_member) VALUES (1177767, 'Devon Bostick');
INSERT INTO movie_cast_members (movie_id, cast_member) VALUES (1177767, 'Stanley Simons');
INSERT INTO movie_cast_members (movie_id, cast_member) VALUES (1177767, 'Juliette Gariépy');
INSERT INTO movie_genres (movie_id, genre) VALUES (1177767, 'Comedy');
INSERT INTO movie_genres (movie_id, genre) VALUES (1177767, 'Romance');
INSERT INTO movie_genres (movie_id, genre) VALUES (1177767, 'Music');
INSERT INTO movie_image_urls (movie_id, image_url) VALUES (1177767, 'https://image.tmdb.org/t/p/original/penLMGznKQ0La9yiqKJ8xzJX6jO.jpg');
INSERT INTO movie_image_urls (movie_id, image_url) VALUES (1177767, 'https://image.tmdb.org/t/p/original/iN2YkEkgnjVO4YZGlqBQRvoJQmO.jpg');
INSERT INTO movie_image_urls (movie_id, image_url) VALUES (1177767, 'https://image.tmdb.org/t/p/original/tsekKqNd1tM2Wf5cZK3H4P06Y12.jpg');
INSERT INTO movie_image_urls (movie_id, image_url) VALUES (1177767, 'https://image.tmdb.org/t/p/original/dPeW5qcNs5OrddME9Ko3NlUTv9X.jpg');

INSERT INTO movies (id, title, release_year, duration_minutes, country, language, synopsis, poster_image_url, backdrop_image_url) VALUES (1379266, 'Kokuho', 2025, 174, 'Japan', 'Japanese', 'Nagasaki, 1964: Following the death of his yakuza father, 15-year-old Kikuo is taken under the wing of a famous kabuki actor. Alongside Shunsuke, the actor’s only son, he decides to dedicate himself to this traditional form of theatre. For decades, the two young men grow and evolve together – and one will become the greatest Japanese master of the art of kabuki.', 'https://image.tmdb.org/t/p/w500/a15F5KJ4mleusJR1YKP4zUyZaxG.jpg', 'https://image.tmdb.org/t/p/original/3C8yAIuXlH4BGCpTwEetIv0VBt8.jpg') ON CONFLICT (id) DO UPDATE SET title = EXCLUDED.title, release_year = EXCLUDED.release_year, duration_minutes = EXCLUDED.duration_minutes, country = EXCLUDED.country, language = EXCLUDED.language, synopsis = EXCLUDED.synopsis, poster_image_url = EXCLUDED.poster_image_url, backdrop_image_url = EXCLUDED.backdrop_image_url;
INSERT INTO movie_directors (movie_id, director) VALUES (1379266, 'Sang-il Lee');
INSERT INTO movie_cast_members (movie_id, cast_member) VALUES (1379266, 'Ryo Yoshizawa');
INSERT INTO movie_cast_members (movie_id, cast_member) VALUES (1379266, 'Ryusei Yokohama');
INSERT INTO movie_cast_members (movie_id, cast_member) VALUES (1379266, 'Mitsuki Takahata');
INSERT INTO movie_cast_members (movie_id, cast_member) VALUES (1379266, 'Shinobu Terajima');
INSERT INTO movie_cast_members (movie_id, cast_member) VALUES (1379266, 'Soya Kurokawa');
INSERT INTO movie_genres (movie_id, genre) VALUES (1379266, 'Drama');
INSERT INTO movie_image_urls (movie_id, image_url) VALUES (1379266, 'https://image.tmdb.org/t/p/original/hTkGyKOxR1ZP9EOxnfAfHuMnF6e.jpg');
INSERT INTO movie_image_urls (movie_id, image_url) VALUES (1379266, 'https://image.tmdb.org/t/p/original/8GdK1oGItvElGArQPeKRWkhYDzx.jpg');
INSERT INTO movie_image_urls (movie_id, image_url) VALUES (1379266, 'https://image.tmdb.org/t/p/original/vzWs49sOCjDVrJb41M78QGix6Mz.jpg');
INSERT INTO movie_image_urls (movie_id, image_url) VALUES (1379266, 'https://image.tmdb.org/t/p/original/wZXZkD8BoKP2PZ5Uv6Z56f20l8p.jpg');

INSERT INTO movies (id, title, release_year, duration_minutes, country, language, synopsis, poster_image_url, backdrop_image_url) VALUES (1318447, 'Apex', 2026, 1, 'United States of America', 'English', 'A grieving woman pushing her limits on a solo adventure in the Australian wild is ensnared in a twisted game with a cunning killer who thinks she''s prey.', 'https://image.tmdb.org/t/p/w500/5TGSFX6dxYfM2balJrFoSVB42Nv.jpg', 'https://image.tmdb.org/t/p/original/1ui6Dcoiuji9oA1cvV2nU7vW6J6.jpg') ON CONFLICT (id) DO UPDATE SET title = EXCLUDED.title, release_year = EXCLUDED.release_year, duration_minutes = EXCLUDED.duration_minutes, country = EXCLUDED.country, language = EXCLUDED.language, synopsis = EXCLUDED.synopsis, poster_image_url = EXCLUDED.poster_image_url, backdrop_image_url = EXCLUDED.backdrop_image_url;
INSERT INTO movie_directors (movie_id, director) VALUES (1318447, 'Baltasar Kormákur');
INSERT INTO movie_cast_members (movie_id, cast_member) VALUES (1318447, 'Charlize Theron');
INSERT INTO movie_cast_members (movie_id, cast_member) VALUES (1318447, 'Taron Egerton');
INSERT INTO movie_cast_members (movie_id, cast_member) VALUES (1318447, 'Eric Bana');
INSERT INTO movie_cast_members (movie_id, cast_member) VALUES (1318447, 'Caitlin Stasey');
INSERT INTO movie_cast_members (movie_id, cast_member) VALUES (1318447, 'Bessie Holland');
INSERT INTO movie_genres (movie_id, genre) VALUES (1318447, 'Action');
INSERT INTO movie_genres (movie_id, genre) VALUES (1318447, 'Thriller');
INSERT INTO movie_image_urls (movie_id, image_url) VALUES (1318447, 'https://image.tmdb.org/t/p/original/5tKFbfEXoVS5FxIrqdLWjbTKSe1.jpg');
INSERT INTO movie_image_urls (movie_id, image_url) VALUES (1318447, 'https://image.tmdb.org/t/p/original/phRgFqGMMBa3thwMwr0hZ85R9WC.jpg');
INSERT INTO movie_image_urls (movie_id, image_url) VALUES (1318447, 'https://image.tmdb.org/t/p/original/rsaRDFKv9gYN73ns9yKBRVuJcZd.jpg');
INSERT INTO movie_image_urls (movie_id, image_url) VALUES (1318447, 'https://image.tmdb.org/t/p/original/9nzfyiYbmTUXWC4B2kwjl4NAlqO.jpg');

INSERT INTO movies (id, title, release_year, duration_minutes, country, language, synopsis, poster_image_url, backdrop_image_url) VALUES (1363974, 'That Time I Got Reincarnated as a Slime the Movie: Tears of the Azure Sea', 2026, 105, 'Japan', 'Japanese', 'After concluding the opening ceremony of the Demon Kingdom Federation Tempest, Rimuru and his companions are invited by the Celestial Emperor Hermesia of the great elven nation – the Magi Dynasty Salion – to visit her private resort island. As the group enjoys their brief vacation, a mysterious woman named Yura appears. A new incident unfolds against the backdrop of the boundless azure sea.', 'https://image.tmdb.org/t/p/w500/oblkRIWuKTF46CsnLhBiE7Otn3z.jpg', 'https://image.tmdb.org/t/p/original/4z6VWajbDWZ6CQFC3u4ApKMzGMk.jpg') ON CONFLICT (id) DO UPDATE SET title = EXCLUDED.title, release_year = EXCLUDED.release_year, duration_minutes = EXCLUDED.duration_minutes, country = EXCLUDED.country, language = EXCLUDED.language, synopsis = EXCLUDED.synopsis, poster_image_url = EXCLUDED.poster_image_url, backdrop_image_url = EXCLUDED.backdrop_image_url;
INSERT INTO movie_directors (movie_id, director) VALUES (1363974, 'Yasuhito Kikuchi');
INSERT INTO movie_cast_members (movie_id, cast_member) VALUES (1363974, 'Miho Okasaki');
INSERT INTO movie_cast_members (movie_id, cast_member) VALUES (1363974, 'Mao Ichimichi');
INSERT INTO movie_cast_members (movie_id, cast_member) VALUES (1363974, 'Tomoaki Maeno');
INSERT INTO movie_cast_members (movie_id, cast_member) VALUES (1363974, 'Makoto Furukawa');
INSERT INTO movie_cast_members (movie_id, cast_member) VALUES (1363974, 'Sayaka Senbongi');
INSERT INTO movie_genres (movie_id, genre) VALUES (1363974, 'Animation');
INSERT INTO movie_genres (movie_id, genre) VALUES (1363974, 'Fantasy');
INSERT INTO movie_genres (movie_id, genre) VALUES (1363974, 'Adventure');
INSERT INTO movie_genres (movie_id, genre) VALUES (1363974, 'Comedy');
INSERT INTO movie_image_urls (movie_id, image_url) VALUES (1363974, 'https://image.tmdb.org/t/p/original/hoGpDXR4NAWuUyLolANLU4K2Y58.jpg');
INSERT INTO movie_image_urls (movie_id, image_url) VALUES (1363974, 'https://image.tmdb.org/t/p/original/3Q1WDbVMy6Ndg8Y8F9ciQvU4y5M.jpg');
INSERT INTO movie_image_urls (movie_id, image_url) VALUES (1363974, 'https://image.tmdb.org/t/p/original/5ayJDMzIjirJC334OhL6VbMR5U7.jpg');
INSERT INTO movie_image_urls (movie_id, image_url) VALUES (1363974, 'https://image.tmdb.org/t/p/original/bMI03CSFo3sCgmVrWEqOEgpOnoR.jpg');

INSERT INTO movies (id, title, release_year, duration_minutes, country, language, synopsis, poster_image_url, backdrop_image_url) VALUES (1168719, 'Silent Friend', 2026, 147, 'France', 'English', 'On the grounds of a medieval German university town looms an imposing Ginkgo biloba, a tree whose longevity stands in marked contrast to three intimate, human-scaled stories. In 1908, the university’s first female student gains admission into the prestigious botany department, confronting the sexism of both professors and peers. In 1972, amidst counterculture movements, a reserved student finds his attention captured by a fellow housemate and the geranium plant she studies. In 2020, during the COVID-19 pandemic, a neuroscientist from Hong Kong secures the help of a renowned botanist for an experiment on the old ginkgo tree.', 'https://image.tmdb.org/t/p/w500/r52BdT1QKYBbJv6OJfqJCAdDqfh.jpg', 'https://image.tmdb.org/t/p/original/e40FMjHg2RoypsjxygoTFB5jLUd.jpg') ON CONFLICT (id) DO UPDATE SET title = EXCLUDED.title, release_year = EXCLUDED.release_year, duration_minutes = EXCLUDED.duration_minutes, country = EXCLUDED.country, language = EXCLUDED.language, synopsis = EXCLUDED.synopsis, poster_image_url = EXCLUDED.poster_image_url, backdrop_image_url = EXCLUDED.backdrop_image_url;
INSERT INTO movie_directors (movie_id, director) VALUES (1168719, 'Ildikó Enyedi');
INSERT INTO movie_cast_members (movie_id, cast_member) VALUES (1168719, 'Tony Leung Chiu-wai');
INSERT INTO movie_cast_members (movie_id, cast_member) VALUES (1168719, 'Léa Seydoux');
INSERT INTO movie_cast_members (movie_id, cast_member) VALUES (1168719, 'Luna Wedler');
INSERT INTO movie_cast_members (movie_id, cast_member) VALUES (1168719, 'Enzo Brumm');
INSERT INTO movie_cast_members (movie_id, cast_member) VALUES (1168719, 'Sylvester Groth');
INSERT INTO movie_genres (movie_id, genre) VALUES (1168719, 'Drama');
INSERT INTO movie_image_urls (movie_id, image_url) VALUES (1168719, 'https://image.tmdb.org/t/p/original/5Qvvv21mjbmbvix02TPr2fmyEux.jpg');
INSERT INTO movie_image_urls (movie_id, image_url) VALUES (1168719, 'https://image.tmdb.org/t/p/original/cO8Ij0GxlHQex17EPNURKbzoLeJ.jpg');
INSERT INTO movie_image_urls (movie_id, image_url) VALUES (1168719, 'https://image.tmdb.org/t/p/original/hkPInyYCehUiez4a3f581d5eotf.jpg');
INSERT INTO movie_image_urls (movie_id, image_url) VALUES (1168719, 'https://image.tmdb.org/t/p/original/kYjWWfK4edrs1SZ3ziO1xzaHd4h.jpg');

INSERT INTO movies (id, title, release_year, duration_minutes, country, language, synopsis, poster_image_url, backdrop_image_url) VALUES (1294698, 'Case 137', 2025, 115, 'France', 'French', 'Stéphanie, a police officer working for Internal Affairs, is assigned to a case involving a young man severely wounded during a tense and chaotic demonstration in Paris. While she finds no evidence of illegitimate police violence, the case takes a personal turn when she discovers the victim is from her hometown.', 'https://image.tmdb.org/t/p/w500/t93h1ptV098Q6vzl9gfEymJQ6Qp.jpg', 'https://image.tmdb.org/t/p/original/cTatAOU2oAJijgivYyKqolQsIYx.jpg') ON CONFLICT (id) DO UPDATE SET title = EXCLUDED.title, release_year = EXCLUDED.release_year, duration_minutes = EXCLUDED.duration_minutes, country = EXCLUDED.country, language = EXCLUDED.language, synopsis = EXCLUDED.synopsis, poster_image_url = EXCLUDED.poster_image_url, backdrop_image_url = EXCLUDED.backdrop_image_url;
INSERT INTO movie_directors (movie_id, director) VALUES (1294698, 'Dominik Moll');
INSERT INTO movie_cast_members (movie_id, cast_member) VALUES (1294698, 'Léa Drucker');
INSERT INTO movie_cast_members (movie_id, cast_member) VALUES (1294698, 'Jonathan Turnbull');
INSERT INTO movie_cast_members (movie_id, cast_member) VALUES (1294698, 'Mathilde Riu');
INSERT INTO movie_cast_members (movie_id, cast_member) VALUES (1294698, 'Guslagie Malanda');
INSERT INTO movie_cast_members (movie_id, cast_member) VALUES (1294698, 'Stanislas Merhar');
INSERT INTO movie_genres (movie_id, genre) VALUES (1294698, 'Crime');
INSERT INTO movie_genres (movie_id, genre) VALUES (1294698, 'Drama');
INSERT INTO movie_image_urls (movie_id, image_url) VALUES (1294698, 'https://image.tmdb.org/t/p/original/kjKxmpuPIvXjDP4reWCkMaeK2Es.jpg');
INSERT INTO movie_image_urls (movie_id, image_url) VALUES (1294698, 'https://image.tmdb.org/t/p/original/b1ScPSPPCoeaSwpm6qOwfWlPDNW.jpg');
INSERT INTO movie_image_urls (movie_id, image_url) VALUES (1294698, 'https://image.tmdb.org/t/p/original/8GIBU46wljSS5jazAqbXXDkwtm9.jpg');
INSERT INTO movie_image_urls (movie_id, image_url) VALUES (1294698, 'https://image.tmdb.org/t/p/original/hhXn8mmcVklvL9qh1ZBUa6MlhZq.jpg');

INSERT INTO movies (id, title, release_year, duration_minutes, country, language, synopsis, poster_image_url, backdrop_image_url) VALUES (1339713, 'Obsession', 2026, 109, 'United States of America', 'English', 'After breaking the mysterious "One Wish Willow" to win his crush''s heart, a hopeless romantic finds himself getting exactly what he asked for but soon discovers that some desires come at a dark, sinister price.', 'https://image.tmdb.org/t/p/w500/bRwnj8WEKBCvmfeUNOukJPwB43K.jpg', 'https://image.tmdb.org/t/p/original/rZfmzpixLKLR3Hg2u0WgC7XLFl8.jpg') ON CONFLICT (id) DO UPDATE SET title = EXCLUDED.title, release_year = EXCLUDED.release_year, duration_minutes = EXCLUDED.duration_minutes, country = EXCLUDED.country, language = EXCLUDED.language, synopsis = EXCLUDED.synopsis, poster_image_url = EXCLUDED.poster_image_url, backdrop_image_url = EXCLUDED.backdrop_image_url;
INSERT INTO movie_directors (movie_id, director) VALUES (1339713, 'Curry Barker');
INSERT INTO movie_cast_members (movie_id, cast_member) VALUES (1339713, 'Michael Johnston');
INSERT INTO movie_cast_members (movie_id, cast_member) VALUES (1339713, 'Inde Navarrette');
INSERT INTO movie_cast_members (movie_id, cast_member) VALUES (1339713, 'Cooper Tomlinson');
INSERT INTO movie_cast_members (movie_id, cast_member) VALUES (1339713, 'Megan Lawless');
INSERT INTO movie_cast_members (movie_id, cast_member) VALUES (1339713, 'Andy Richter');
INSERT INTO movie_genres (movie_id, genre) VALUES (1339713, 'Horror');
INSERT INTO movie_image_urls (movie_id, image_url) VALUES (1339713, 'https://image.tmdb.org/t/p/original/u5BkYDM5gfK4wINfoIFMAcEUKhx.jpg');
INSERT INTO movie_image_urls (movie_id, image_url) VALUES (1339713, 'https://image.tmdb.org/t/p/original/diOZbaDnB2CIilwd0527AB1qMvW.jpg');
INSERT INTO movie_image_urls (movie_id, image_url) VALUES (1339713, 'https://image.tmdb.org/t/p/original/54LrH0mt84Y5t7CBXl46tag2kMG.jpg');
INSERT INTO movie_image_urls (movie_id, image_url) VALUES (1339713, 'https://image.tmdb.org/t/p/original/4UjYGB29pzr4jPtMLEycWH0a3eE.jpg');

INSERT INTO movies (id, title, release_year, duration_minutes, country, language, synopsis, poster_image_url, backdrop_image_url) VALUES (532639, 'Pinocchio', 2022, 105, 'United States of America', 'English', 'A wooden puppet embarks on a thrilling adventure to become a real boy.', 'https://image.tmdb.org/t/p/w500/zaZhjKrJeWczQ3AotKoQObppEbH.jpg', 'https://image.tmdb.org/t/p/original/nnUQqlVZeEGuCRx8SaoCU4XVHJN.jpg') ON CONFLICT (id) DO UPDATE SET title = EXCLUDED.title, release_year = EXCLUDED.release_year, duration_minutes = EXCLUDED.duration_minutes, country = EXCLUDED.country, language = EXCLUDED.language, synopsis = EXCLUDED.synopsis, poster_image_url = EXCLUDED.poster_image_url, backdrop_image_url = EXCLUDED.backdrop_image_url;
INSERT INTO movie_directors (movie_id, director) VALUES (532639, 'Robert Zemeckis');
INSERT INTO movie_cast_members (movie_id, cast_member) VALUES (532639, 'Joseph Gordon-Levitt');
INSERT INTO movie_cast_members (movie_id, cast_member) VALUES (532639, 'Tom Hanks');
INSERT INTO movie_cast_members (movie_id, cast_member) VALUES (532639, 'Benjamin Evan Ainsworth');
INSERT INTO movie_cast_members (movie_id, cast_member) VALUES (532639, 'Angus Wright');
INSERT INTO movie_cast_members (movie_id, cast_member) VALUES (532639, 'Cynthia Erivo');
INSERT INTO movie_genres (movie_id, genre) VALUES (532639, 'Fantasy');
INSERT INTO movie_genres (movie_id, genre) VALUES (532639, 'Adventure');
INSERT INTO movie_genres (movie_id, genre) VALUES (532639, 'Family');
INSERT INTO movie_image_urls (movie_id, image_url) VALUES (532639, 'https://image.tmdb.org/t/p/original/lv4mA4jOnRSQCkmDYUyZ8ON43Dc.jpg');
INSERT INTO movie_image_urls (movie_id, image_url) VALUES (532639, 'https://image.tmdb.org/t/p/original/yxyRCZNaPWDpS1jk9JjEkBEDlin.jpg');
INSERT INTO movie_image_urls (movie_id, image_url) VALUES (532639, 'https://image.tmdb.org/t/p/original/hNou5JVGr5vj4ZRScLDuX6xMPjh.jpg');
INSERT INTO movie_image_urls (movie_id, image_url) VALUES (532639, 'https://image.tmdb.org/t/p/original/oVWP9bQbcpUioQxnUHzurA5qfti.jpg');

INSERT INTO movies (id, title, release_year, duration_minutes, country, language, synopsis, poster_image_url, backdrop_image_url) VALUES (756397, 'Hitpig!', 2024, 85, 'Canada', 'Italian', 'A porcine bounty hunter accepts his next hit: Pickles, a naive, ebullient elephant. Though he initially sets out to capture the perky pachyderm, the unlikely pair find themselves crisscrossing the globe on an adventure that brings out the best in both of them.', 'https://image.tmdb.org/t/p/w500/bYa20LYAZ3Q7lKXtLYybo0yWWTN.jpg', 'https://image.tmdb.org/t/p/original/leobhCk6L86BEBnx1t6URQcIdQW.jpg') ON CONFLICT (id) DO UPDATE SET title = EXCLUDED.title, release_year = EXCLUDED.release_year, duration_minutes = EXCLUDED.duration_minutes, country = EXCLUDED.country, language = EXCLUDED.language, synopsis = EXCLUDED.synopsis, poster_image_url = EXCLUDED.poster_image_url, backdrop_image_url = EXCLUDED.backdrop_image_url;
INSERT INTO movie_directors (movie_id, director) VALUES (756397, 'David Feiss');
INSERT INTO movie_directors (movie_id, director) VALUES (756397, 'Cinzia Angelini');
INSERT INTO movie_cast_members (movie_id, cast_member) VALUES (756397, 'Jason Sudeikis');
INSERT INTO movie_cast_members (movie_id, cast_member) VALUES (756397, 'Lilly Singh');
INSERT INTO movie_cast_members (movie_id, cast_member) VALUES (756397, 'Rainn Wilson');
INSERT INTO movie_cast_members (movie_id, cast_member) VALUES (756397, 'Anitta');
INSERT INTO movie_cast_members (movie_id, cast_member) VALUES (756397, 'Hannah Gadsby');
INSERT INTO movie_genres (movie_id, genre) VALUES (756397, 'Animation');
INSERT INTO movie_genres (movie_id, genre) VALUES (756397, 'Comedy');
INSERT INTO movie_genres (movie_id, genre) VALUES (756397, 'Adventure');
INSERT INTO movie_genres (movie_id, genre) VALUES (756397, 'Family');
INSERT INTO movie_image_urls (movie_id, image_url) VALUES (756397, 'https://image.tmdb.org/t/p/original/ownr1JeuYB4Xnlcl2la88c3CE3z.jpg');
INSERT INTO movie_image_urls (movie_id, image_url) VALUES (756397, 'https://image.tmdb.org/t/p/original/9428rjezwHsYPBR68JAzr7xokrp.jpg');
INSERT INTO movie_image_urls (movie_id, image_url) VALUES (756397, 'https://image.tmdb.org/t/p/original/6QQlQLxlLh7IQXU4Wh0LaoJiARh.jpg');
INSERT INTO movie_image_urls (movie_id, image_url) VALUES (756397, 'https://image.tmdb.org/t/p/original/lciBgz6mRl5AbwzNyN8SD4di7DC.jpg');

INSERT INTO movies (id, title, release_year, duration_minutes, country, language, synopsis, poster_image_url, backdrop_image_url) VALUES (1390382, 'Couture', 2026, 106, 'France', 'French', 'In the frenzy of Fashion Week, three women cross paths in Paris, grappling with the world''s tragedies and the questions of their lives: Maxine, an American film director in her forties, discovers she has cancer; Ada, a young South Sudanese model, escapes a predetermined destiny to be thrust into a deceptive universe and French makeup artist Angèle, a small hand working in the shadows of the catwalks, dreams of escaping her life.', 'https://image.tmdb.org/t/p/w500/jhdWrG2KebrnIbHd3UJpcpX1feE.jpg', 'https://image.tmdb.org/t/p/original/7MtfQcyAYD8xUtnr2kei9phnt8M.jpg') ON CONFLICT (id) DO UPDATE SET title = EXCLUDED.title, release_year = EXCLUDED.release_year, duration_minutes = EXCLUDED.duration_minutes, country = EXCLUDED.country, language = EXCLUDED.language, synopsis = EXCLUDED.synopsis, poster_image_url = EXCLUDED.poster_image_url, backdrop_image_url = EXCLUDED.backdrop_image_url;
INSERT INTO movie_directors (movie_id, director) VALUES (1390382, 'Alice Winocour');
INSERT INTO movie_cast_members (movie_id, cast_member) VALUES (1390382, 'Angelina Jolie');
INSERT INTO movie_cast_members (movie_id, cast_member) VALUES (1390382, 'Ella Rumpf');
INSERT INTO movie_cast_members (movie_id, cast_member) VALUES (1390382, 'Anyier Anei');
INSERT INTO movie_cast_members (movie_id, cast_member) VALUES (1390382, 'Louis Garrel');
INSERT INTO movie_cast_members (movie_id, cast_member) VALUES (1390382, 'Garance Marillier');
INSERT INTO movie_genres (movie_id, genre) VALUES (1390382, 'Drama');
INSERT INTO movie_image_urls (movie_id, image_url) VALUES (1390382, 'https://image.tmdb.org/t/p/original/hEUUtxlvmmK9krvOOMq5CmcRyMw.jpg');
INSERT INTO movie_image_urls (movie_id, image_url) VALUES (1390382, 'https://image.tmdb.org/t/p/original/5sPamHzeqHQeVXtBhzZC6VwlLc2.jpg');
INSERT INTO movie_image_urls (movie_id, image_url) VALUES (1390382, 'https://image.tmdb.org/t/p/original/oxnRfZWjRTNHUYjT8YEft26McMK.jpg');

INSERT INTO movies (id, title, release_year, duration_minutes, country, language, synopsis, poster_image_url, backdrop_image_url) VALUES (1430077, 'Hokum', 2026, 107, 'United Arab Emirates', 'English', 'When novelist Ohm Bauman retreats to a remote inn to scatter his parents'' ashes, he is consumed by tales of a witch haunting the honeymoon suite. Disturbing visions and a shocking disappearance forces him to confront dark corners of his past.', 'https://image.tmdb.org/t/p/w500/gC4FtEthYvx6XV2JHCQibf4P3FT.jpg', 'https://image.tmdb.org/t/p/original/zQcj9CaPFrxhJE30AIn8XqDM4yK.jpg') ON CONFLICT (id) DO UPDATE SET title = EXCLUDED.title, release_year = EXCLUDED.release_year, duration_minutes = EXCLUDED.duration_minutes, country = EXCLUDED.country, language = EXCLUDED.language, synopsis = EXCLUDED.synopsis, poster_image_url = EXCLUDED.poster_image_url, backdrop_image_url = EXCLUDED.backdrop_image_url;
INSERT INTO movie_directors (movie_id, director) VALUES (1430077, 'Damian McCarthy');
INSERT INTO movie_cast_members (movie_id, cast_member) VALUES (1430077, 'Adam Scott');
INSERT INTO movie_cast_members (movie_id, cast_member) VALUES (1430077, 'Peter Coonan');
INSERT INTO movie_cast_members (movie_id, cast_member) VALUES (1430077, 'David Wilmot');
INSERT INTO movie_cast_members (movie_id, cast_member) VALUES (1430077, 'Florence Ordesh');
INSERT INTO movie_cast_members (movie_id, cast_member) VALUES (1430077, 'Will O''Connell');
INSERT INTO movie_genres (movie_id, genre) VALUES (1430077, 'Horror');
INSERT INTO movie_genres (movie_id, genre) VALUES (1430077, 'Mystery');
INSERT INTO movie_image_urls (movie_id, image_url) VALUES (1430077, 'https://image.tmdb.org/t/p/original/e9UvRjJAqn2hLXDfMHU1LFMEKGv.jpg');
INSERT INTO movie_image_urls (movie_id, image_url) VALUES (1430077, 'https://image.tmdb.org/t/p/original/mPKLyaBPSvY6LTRja8PfsagY7O7.jpg');
INSERT INTO movie_image_urls (movie_id, image_url) VALUES (1430077, 'https://image.tmdb.org/t/p/original/tQU2gakzxQVZyTfujwYaiayUPVH.jpg');
INSERT INTO movie_image_urls (movie_id, image_url) VALUES (1430077, 'https://image.tmdb.org/t/p/original/ljpo2yYlsIDzuI4Urbe3TgexntI.jpg');

INSERT INTO movies (id, title, release_year, duration_minutes, country, language, synopsis, poster_image_url, backdrop_image_url) VALUES (1545621, 'Detective Conan: Fallen Angel of the Highway', 2026, 1, 'Japan', 'Japanese', 'The 29th Detective Conan film will center on Chihaya Hagiwara, a member of the Kanagawa Prefectural Police and the leader of its motorcycle division.', 'https://image.tmdb.org/t/p/w500/l2kfiNoRi6ofM5pSjr1rCloOfpx.jpg', 'https://image.tmdb.org/t/p/original/ty9nLEKOskxq1CgBCzMbCpAhLn3.jpg') ON CONFLICT (id) DO UPDATE SET title = EXCLUDED.title, release_year = EXCLUDED.release_year, duration_minutes = EXCLUDED.duration_minutes, country = EXCLUDED.country, language = EXCLUDED.language, synopsis = EXCLUDED.synopsis, poster_image_url = EXCLUDED.poster_image_url, backdrop_image_url = EXCLUDED.backdrop_image_url;
INSERT INTO movie_directors (movie_id, director) VALUES (1545621, 'Takahiro Hasui');
INSERT INTO movie_cast_members (movie_id, cast_member) VALUES (1545621, 'Minami Takayama');
INSERT INTO movie_cast_members (movie_id, cast_member) VALUES (1545621, 'Wakana Yamazaki');
INSERT INTO movie_cast_members (movie_id, cast_member) VALUES (1545621, 'Rikiya Koyama');
INSERT INTO movie_cast_members (movie_id, cast_member) VALUES (1545621, 'Megumi Hayashibara');
INSERT INTO movie_cast_members (movie_id, cast_member) VALUES (1545621, 'Miyuki Sawashiro');
INSERT INTO movie_genres (movie_id, genre) VALUES (1545621, 'Animation');
INSERT INTO movie_genres (movie_id, genre) VALUES (1545621, 'Action');
INSERT INTO movie_genres (movie_id, genre) VALUES (1545621, 'Mystery');
INSERT INTO movie_genres (movie_id, genre) VALUES (1545621, 'Crime');
INSERT INTO movie_image_urls (movie_id, image_url) VALUES (1545621, 'https://image.tmdb.org/t/p/original/tpeQzSqeDEnmeHapF1QA7GJgpxn.jpg');
INSERT INTO movie_image_urls (movie_id, image_url) VALUES (1545621, 'https://image.tmdb.org/t/p/original/v5uckaizU9RKayselqUazBR5Cvk.jpg');

INSERT INTO movies (id, title, release_year, duration_minutes, country, language, synopsis, poster_image_url, backdrop_image_url) VALUES (1462735, 'Two Seasons, Two Strangers', 2025, 89, 'Japan', 'Korean', 'In summer, Nagisa and Natsuo meet by the sea. Their vacant gazes reflect each other as they exchange awkward words and wade into the rain-drenched ocean. In winter, Li, a screenwriter, travels to a snow-covered village. There, she finds a guesthouse run by Benzo.', 'https://image.tmdb.org/t/p/w500/peOymUmbUL3e3x3DJLDNpHbNFNW.jpg', 'https://image.tmdb.org/t/p/original/aJM7KIdC5mNPjqKp8NdwvzyHceS.jpg') ON CONFLICT (id) DO UPDATE SET title = EXCLUDED.title, release_year = EXCLUDED.release_year, duration_minutes = EXCLUDED.duration_minutes, country = EXCLUDED.country, language = EXCLUDED.language, synopsis = EXCLUDED.synopsis, poster_image_url = EXCLUDED.poster_image_url, backdrop_image_url = EXCLUDED.backdrop_image_url;
INSERT INTO movie_directors (movie_id, director) VALUES (1462735, 'Sho Miyake');
INSERT INTO movie_cast_members (movie_id, cast_member) VALUES (1462735, 'Shim Eun-kyung');
INSERT INTO movie_cast_members (movie_id, cast_member) VALUES (1462735, 'Shinichi Tsutsumi');
INSERT INTO movie_cast_members (movie_id, cast_member) VALUES (1462735, 'Yuumi Kawai');
INSERT INTO movie_cast_members (movie_id, cast_member) VALUES (1462735, 'Mansaku Takada');
INSERT INTO movie_cast_members (movie_id, cast_member) VALUES (1462735, 'Shiro Sano');
INSERT INTO movie_genres (movie_id, genre) VALUES (1462735, 'Drama');
INSERT INTO movie_image_urls (movie_id, image_url) VALUES (1462735, 'https://image.tmdb.org/t/p/original/hO7nwvpweIbnxGvVF6mc3eQkHKb.jpg');
INSERT INTO movie_image_urls (movie_id, image_url) VALUES (1462735, 'https://image.tmdb.org/t/p/original/4SDrvWW75BAyND1TQYI6EOf1Mxu.jpg');
INSERT INTO movie_image_urls (movie_id, image_url) VALUES (1462735, 'https://image.tmdb.org/t/p/original/wDI2jGf42RAHymKkagKwEfIJYDi.jpg');
INSERT INTO movie_image_urls (movie_id, image_url) VALUES (1462735, 'https://image.tmdb.org/t/p/original/3KQcqxz4cXGMysprp9H9Qqt3JFZ.jpg');

INSERT INTO movies (id, title, release_year, duration_minutes, country, language, synopsis, poster_image_url, backdrop_image_url) VALUES (910850, 'MOBILE SUIT GUNDAM HATHAWAY The Sorcery of Nymph Circe', 2026, 108, 'Japan', 'Japanese', 'The year is U.C.0105, twelve years after Char''s Rebellion. "MAFTY" has begun resisting the Federation government''s tyrannical rule by assassinating its ministers. Its leader is actually Hathaway Noa, the son of Bright Noa, who fought in the One Year War alongside Amuro Ray. Haunted by past trauma, Hathaway is drawn to a mysterious girl named Gigi Andalucia, whose strange powers stir memories within him. While swayed by her cryptic words, he continues preparing for MAFTY''s mission -- the attack on the Adelaide Conference. Kenneth Sleg of the Earth Federation Forces prepares a defense operation for the Adelaide Conference and a plan to eliminate MAFTY and is approached by Handley Yoxon of the Criminal Police Organization with a secret proposal. As Hathaway and Kenneth pursue their respective goals, Gigi also sets off for Hong Kong to fulfill her own role.', 'https://image.tmdb.org/t/p/w500/6YkVpc9Dn1L2FHNlLOybpSKeGc7.jpg', 'https://image.tmdb.org/t/p/original/4ZTD67RhUOcI8WVP1Kmd1LFFc7d.jpg') ON CONFLICT (id) DO UPDATE SET title = EXCLUDED.title, release_year = EXCLUDED.release_year, duration_minutes = EXCLUDED.duration_minutes, country = EXCLUDED.country, language = EXCLUDED.language, synopsis = EXCLUDED.synopsis, poster_image_url = EXCLUDED.poster_image_url, backdrop_image_url = EXCLUDED.backdrop_image_url;
INSERT INTO movie_directors (movie_id, director) VALUES (910850, 'Shukou Murase');
INSERT INTO movie_cast_members (movie_id, cast_member) VALUES (910850, 'Kensho Ono');
INSERT INTO movie_cast_members (movie_id, cast_member) VALUES (910850, 'Reina Ueda');
INSERT INTO movie_cast_members (movie_id, cast_member) VALUES (910850, 'Junichi Suwabe');
INSERT INTO movie_cast_members (movie_id, cast_member) VALUES (910850, 'Soma Saito');
INSERT INTO movie_cast_members (movie_id, cast_member) VALUES (910850, 'Kenjiro Tsuda');
INSERT INTO movie_genres (movie_id, genre) VALUES (910850, 'Animation');
INSERT INTO movie_genres (movie_id, genre) VALUES (910850, 'Science Fiction');
INSERT INTO movie_genres (movie_id, genre) VALUES (910850, 'War');
INSERT INTO movie_genres (movie_id, genre) VALUES (910850, 'Drama');
INSERT INTO movie_image_urls (movie_id, image_url) VALUES (910850, 'https://image.tmdb.org/t/p/original/sEuG29UN64q1X8srWK5WS6MpRM4.jpg');
INSERT INTO movie_image_urls (movie_id, image_url) VALUES (910850, 'https://image.tmdb.org/t/p/original/8JHwp0UyU702UC4mICBFXIdraST.jpg');
INSERT INTO movie_image_urls (movie_id, image_url) VALUES (910850, 'https://image.tmdb.org/t/p/original/14T5fKjeHaF8M7unB9Dt5vWsSlk.jpg');
INSERT INTO movie_image_urls (movie_id, image_url) VALUES (910850, 'https://image.tmdb.org/t/p/original/sYOhcKnz6pIIAADlv7qMRTjAPHJ.jpg');

INSERT INTO movies (id, title, release_year, duration_minutes, country, language, synopsis, poster_image_url, backdrop_image_url) VALUES (1010581, 'My Fault', 2023, 116, 'Spain', 'Spanish', 'Noah must leave her city, boyfriend, and friends to move into William Leister''s mansion, the flashy and wealthy husband of her mother Rafaela. As a proud and independent 17 year old, Noah resists living in a mansion surrounded by luxury. However, it is there where she meets Nick, her new stepbrother, and the clash of their strong personalities becomes evident from the very beginning.', 'https://image.tmdb.org/t/p/w500/w46Vw536HwNnEzOa7J24YH9DPRS.jpg', 'https://image.tmdb.org/t/p/original/oz4U9eA6ilYf1tyiVuGmkftdLac.jpg') ON CONFLICT (id) DO UPDATE SET title = EXCLUDED.title, release_year = EXCLUDED.release_year, duration_minutes = EXCLUDED.duration_minutes, country = EXCLUDED.country, language = EXCLUDED.language, synopsis = EXCLUDED.synopsis, poster_image_url = EXCLUDED.poster_image_url, backdrop_image_url = EXCLUDED.backdrop_image_url;
INSERT INTO movie_directors (movie_id, director) VALUES (1010581, 'Domingo González');
INSERT INTO movie_cast_members (movie_id, cast_member) VALUES (1010581, 'Nicole Wallace');
INSERT INTO movie_cast_members (movie_id, cast_member) VALUES (1010581, 'Gabriel Guevara');
INSERT INTO movie_cast_members (movie_id, cast_member) VALUES (1010581, 'Marta Hazas');
INSERT INTO movie_cast_members (movie_id, cast_member) VALUES (1010581, 'Iván Sánchez');
INSERT INTO movie_cast_members (movie_id, cast_member) VALUES (1010581, 'Eva Ruiz');
INSERT INTO movie_genres (movie_id, genre) VALUES (1010581, 'Drama');
INSERT INTO movie_genres (movie_id, genre) VALUES (1010581, 'Romance');
INSERT INTO movie_genres (movie_id, genre) VALUES (1010581, 'Thriller');
INSERT INTO movie_image_urls (movie_id, image_url) VALUES (1010581, 'https://image.tmdb.org/t/p/original/lntyt4OVDbcxA1l7LtwITbrD3FI.jpg');
INSERT INTO movie_image_urls (movie_id, image_url) VALUES (1010581, 'https://image.tmdb.org/t/p/original/8vTaoJQ1HmWY8hXztUbkNBpnAc0.jpg');
INSERT INTO movie_image_urls (movie_id, image_url) VALUES (1010581, 'https://image.tmdb.org/t/p/original/anGpqEH7KpPr7y1NOJXA7G5TfnI.jpg');
INSERT INTO movie_image_urls (movie_id, image_url) VALUES (1010581, 'https://image.tmdb.org/t/p/original/rEDpmM2OUhuCijGhhoiyzYLAyiC.jpg');

INSERT INTO movies (id, title, release_year, duration_minutes, country, language, synopsis, poster_image_url, backdrop_image_url) VALUES (1426964, 'State of Fear', 2026, 103, 'Brazil', 'Portuguese', 'As São Paulo erupts in an unprecedented wave of violence, a lawyer with underworld ties must strike a deal with the police to rescue her kidnapped niece.', 'https://image.tmdb.org/t/p/w500/3Eaqedg8MAlnP51GYY8MCSIdTnV.jpg', 'https://image.tmdb.org/t/p/original/1Xdsq7U7bvJJd2X7Jg4qNaKVkYO.jpg') ON CONFLICT (id) DO UPDATE SET title = EXCLUDED.title, release_year = EXCLUDED.release_year, duration_minutes = EXCLUDED.duration_minutes, country = EXCLUDED.country, language = EXCLUDED.language, synopsis = EXCLUDED.synopsis, poster_image_url = EXCLUDED.poster_image_url, backdrop_image_url = EXCLUDED.backdrop_image_url;
INSERT INTO movie_directors (movie_id, director) VALUES (1426964, 'Pedro Morelli');
INSERT INTO movie_cast_members (movie_id, cast_member) VALUES (1426964, 'Naruna Costa');
INSERT INTO movie_cast_members (movie_id, cast_member) VALUES (1426964, 'Camilla Damião');
INSERT INTO movie_cast_members (movie_id, cast_member) VALUES (1426964, 'Seu Jorge');
INSERT INTO movie_cast_members (movie_id, cast_member) VALUES (1426964, 'David Santos');
INSERT INTO movie_cast_members (movie_id, cast_member) VALUES (1426964, 'Marcélia Cartaxo');
INSERT INTO movie_genres (movie_id, genre) VALUES (1426964, 'Action');
INSERT INTO movie_genres (movie_id, genre) VALUES (1426964, 'Thriller');
INSERT INTO movie_genres (movie_id, genre) VALUES (1426964, 'Crime');
INSERT INTO movie_genres (movie_id, genre) VALUES (1426964, 'Drama');
INSERT INTO movie_image_urls (movie_id, image_url) VALUES (1426964, 'https://image.tmdb.org/t/p/original/xmiqJzaf3Lt0RxgEDGzi74vOTmj.jpg');
INSERT INTO movie_image_urls (movie_id, image_url) VALUES (1426964, 'https://image.tmdb.org/t/p/original/rbWhPHBALJzXCvOdXzDfrNHjTIP.jpg');
INSERT INTO movie_image_urls (movie_id, image_url) VALUES (1426964, 'https://image.tmdb.org/t/p/original/uawNfXtGG77Ck7DLp9z4nEslr3F.jpg');
INSERT INTO movie_image_urls (movie_id, image_url) VALUES (1426964, 'https://image.tmdb.org/t/p/original/ukNm8GpGWkDH48NIMZt7Quz13O9.jpg');

INSERT INTO movies (id, title, release_year, duration_minutes, country, language, synopsis, poster_image_url, backdrop_image_url) VALUES (671, 'Harry Potter and the Philosopher''s Stone', 2001, 152, 'United Kingdom', 'English', 'Harry Potter has lived under the stairs at his aunt and uncle''s house his whole life. But on his 11th birthday, he learns he''s a powerful wizard—with a place waiting for him at the Hogwarts School of Witchcraft and Wizardry. As he learns to harness his newfound powers with the help of the school''s kindly headmaster, Harry uncovers the truth about his parents'' deaths—and about the villain who''s to blame.', 'https://image.tmdb.org/t/p/w500/wuMc08IPKEatf9rnMNXvIDxqP4W.jpg', 'https://image.tmdb.org/t/p/original/1XAC6RPT01UX9EQGy2JVn5c8pgy.jpg') ON CONFLICT (id) DO UPDATE SET title = EXCLUDED.title, release_year = EXCLUDED.release_year, duration_minutes = EXCLUDED.duration_minutes, country = EXCLUDED.country, language = EXCLUDED.language, synopsis = EXCLUDED.synopsis, poster_image_url = EXCLUDED.poster_image_url, backdrop_image_url = EXCLUDED.backdrop_image_url;
INSERT INTO movie_directors (movie_id, director) VALUES (671, 'Chris Columbus');
INSERT INTO movie_cast_members (movie_id, cast_member) VALUES (671, 'Daniel Radcliffe');
INSERT INTO movie_cast_members (movie_id, cast_member) VALUES (671, 'Rupert Grint');
INSERT INTO movie_cast_members (movie_id, cast_member) VALUES (671, 'Emma Watson');
INSERT INTO movie_cast_members (movie_id, cast_member) VALUES (671, 'Richard Harris');
INSERT INTO movie_cast_members (movie_id, cast_member) VALUES (671, 'Tom Felton');
INSERT INTO movie_genres (movie_id, genre) VALUES (671, 'Adventure');
INSERT INTO movie_genres (movie_id, genre) VALUES (671, 'Fantasy');
INSERT INTO movie_image_urls (movie_id, image_url) VALUES (671, 'https://image.tmdb.org/t/p/original/qrKcg4CbBm3165QNT3kQWQnqlTM.jpg');
INSERT INTO movie_image_urls (movie_id, image_url) VALUES (671, 'https://image.tmdb.org/t/p/original/bfh9Z3Ghz4FOJAfLOAhmc3ccnHU.jpg');
INSERT INTO movie_image_urls (movie_id, image_url) VALUES (671, 'https://image.tmdb.org/t/p/original/hwInwXo34ji3QfcNXvFBC3GX2TA.jpg');
INSERT INTO movie_image_urls (movie_id, image_url) VALUES (671, 'https://image.tmdb.org/t/p/original/lvOLivVeX3DVVcwfVkxKf0R22D8.jpg');

INSERT INTO movies (id, title, release_year, duration_minutes, country, language, synopsis, poster_image_url, backdrop_image_url) VALUES (533535, 'Deadpool & Wolverine', 2024, 128, 'United States of America', 'English', 'A listless Wade Wilson toils away in civilian life with his days as the morally flexible mercenary, Deadpool, behind him. But when his homeworld faces an existential threat, Wade must reluctantly suit-up again with an even more reluctant Wolverine.', 'https://image.tmdb.org/t/p/w500/8cdWjvZQUExUUTzyp4t6EDMubfO.jpg', 'https://image.tmdb.org/t/p/original/ufpeVEM64uZHPpzzeiDNIAdaeOD.jpg') ON CONFLICT (id) DO UPDATE SET title = EXCLUDED.title, release_year = EXCLUDED.release_year, duration_minutes = EXCLUDED.duration_minutes, country = EXCLUDED.country, language = EXCLUDED.language, synopsis = EXCLUDED.synopsis, poster_image_url = EXCLUDED.poster_image_url, backdrop_image_url = EXCLUDED.backdrop_image_url;
INSERT INTO movie_directors (movie_id, director) VALUES (533535, 'Shawn Levy');
INSERT INTO movie_cast_members (movie_id, cast_member) VALUES (533535, 'Ryan Reynolds');
INSERT INTO movie_cast_members (movie_id, cast_member) VALUES (533535, 'Hugh Jackman');
INSERT INTO movie_cast_members (movie_id, cast_member) VALUES (533535, 'Emma Corrin');
INSERT INTO movie_cast_members (movie_id, cast_member) VALUES (533535, 'Matthew Macfadyen');
INSERT INTO movie_cast_members (movie_id, cast_member) VALUES (533535, 'Dafne Keen');
INSERT INTO movie_genres (movie_id, genre) VALUES (533535, 'Action');
INSERT INTO movie_genres (movie_id, genre) VALUES (533535, 'Comedy');
INSERT INTO movie_genres (movie_id, genre) VALUES (533535, 'Science Fiction');
INSERT INTO movie_image_urls (movie_id, image_url) VALUES (533535, 'https://image.tmdb.org/t/p/original/wNa8cZp4fjF5Fa1oE5HhF6Km7kK.jpg');
INSERT INTO movie_image_urls (movie_id, image_url) VALUES (533535, 'https://image.tmdb.org/t/p/original/yDHYTfA3R0jFYba16jBB1ef8oIt.jpg');
INSERT INTO movie_image_urls (movie_id, image_url) VALUES (533535, 'https://image.tmdb.org/t/p/original/dvBCdCohwWbsP5qAaglOXagDMtk.jpg');
INSERT INTO movie_image_urls (movie_id, image_url) VALUES (533535, 'https://image.tmdb.org/t/p/original/by8z9Fe8y7p4jo2YlW2SZDnptyT.jpg');

INSERT INTO movies (id, title, release_year, duration_minutes, country, language, synopsis, poster_image_url, backdrop_image_url) VALUES (1019420, 'Irish Wish', 2024, 94, 'United States of America', 'English', 'Maddie''s dream guy is days away from marrying her best friend when a wish for true love made on an ancient stone in Ireland magically alters her fate.', 'https://image.tmdb.org/t/p/w500/v4Bb70dpIIQoEnZAHnm3nzCPauU.jpg', 'https://image.tmdb.org/t/p/original/kYtxAK6zamj1tN9i2yUuPMiRa2M.jpg') ON CONFLICT (id) DO UPDATE SET title = EXCLUDED.title, release_year = EXCLUDED.release_year, duration_minutes = EXCLUDED.duration_minutes, country = EXCLUDED.country, language = EXCLUDED.language, synopsis = EXCLUDED.synopsis, poster_image_url = EXCLUDED.poster_image_url, backdrop_image_url = EXCLUDED.backdrop_image_url;
INSERT INTO movie_directors (movie_id, director) VALUES (1019420, 'Janeen Damian');
INSERT INTO movie_cast_members (movie_id, cast_member) VALUES (1019420, 'Lindsay Lohan');
INSERT INTO movie_cast_members (movie_id, cast_member) VALUES (1019420, 'Ed Speleers');
INSERT INTO movie_cast_members (movie_id, cast_member) VALUES (1019420, 'Alexander Vlahos');
INSERT INTO movie_cast_members (movie_id, cast_member) VALUES (1019420, 'Ayesha Curry');
INSERT INTO movie_cast_members (movie_id, cast_member) VALUES (1019420, 'Elizabeth Tan');
INSERT INTO movie_genres (movie_id, genre) VALUES (1019420, 'Romance');
INSERT INTO movie_genres (movie_id, genre) VALUES (1019420, 'Comedy');
INSERT INTO movie_genres (movie_id, genre) VALUES (1019420, 'Fantasy');
INSERT INTO movie_image_urls (movie_id, image_url) VALUES (1019420, 'https://image.tmdb.org/t/p/original/p4xNDkds6lHfJH8N2cCx83TzUpz.jpg');
INSERT INTO movie_image_urls (movie_id, image_url) VALUES (1019420, 'https://image.tmdb.org/t/p/original/qz2QzkYzesbbL94rdUpZrFPhlRe.jpg');
INSERT INTO movie_image_urls (movie_id, image_url) VALUES (1019420, 'https://image.tmdb.org/t/p/original/d3NEdPsFN0RMy49PNF9YvMAsqou.jpg');
INSERT INTO movie_image_urls (movie_id, image_url) VALUES (1019420, 'https://image.tmdb.org/t/p/original/7tvdvaF898YCSnWFEk20Wlc8WZC.jpg');

INSERT INTO movies (id, title, release_year, duration_minutes, country, language, synopsis, poster_image_url, backdrop_image_url) VALUES (1601243, 'Oscar Shaw', 2026, 93, NULL, 'English', 'After retiring from the police force, a relentless detective haunted by the tragic loss of his closest friend sets out on a perilous quest for vengeance, seeking redemption and fighting to restore justice to the streets he once swore to protect.', 'https://image.tmdb.org/t/p/w500/tsE3nySukwrfUjouz8vzvKTcXNC.jpg', 'https://image.tmdb.org/t/p/original/6D6M5z4reppUxo2cnBEKI02Csp1.jpg') ON CONFLICT (id) DO UPDATE SET title = EXCLUDED.title, release_year = EXCLUDED.release_year, duration_minutes = EXCLUDED.duration_minutes, country = EXCLUDED.country, language = EXCLUDED.language, synopsis = EXCLUDED.synopsis, poster_image_url = EXCLUDED.poster_image_url, backdrop_image_url = EXCLUDED.backdrop_image_url;
INSERT INTO movie_directors (movie_id, director) VALUES (1601243, 'R. Ellis Frazier');
INSERT INTO movie_directors (movie_id, director) VALUES (1601243, 'Justin Nesbitt');
INSERT INTO movie_cast_members (movie_id, cast_member) VALUES (1601243, 'Michael Jai White');
INSERT INTO movie_cast_members (movie_id, cast_member) VALUES (1601243, 'Tyrese Gibson');
INSERT INTO movie_cast_members (movie_id, cast_member) VALUES (1601243, 'Isaiah Washington');
INSERT INTO movie_cast_members (movie_id, cast_member) VALUES (1601243, 'Andrew C. English Jr.');
INSERT INTO movie_cast_members (movie_id, cast_member) VALUES (1601243, 'Cecile Cubiló');
INSERT INTO movie_genres (movie_id, genre) VALUES (1601243, 'Action');
INSERT INTO movie_genres (movie_id, genre) VALUES (1601243, 'Crime');
INSERT INTO movie_genres (movie_id, genre) VALUES (1601243, 'Thriller');
INSERT INTO movie_genres (movie_id, genre) VALUES (1601243, 'Western');
INSERT INTO movie_image_urls (movie_id, image_url) VALUES (1601243, 'https://image.tmdb.org/t/p/original/erngURP9YU93zRmqXmaVqQUvCJ.jpg');
INSERT INTO movie_image_urls (movie_id, image_url) VALUES (1601243, 'https://image.tmdb.org/t/p/original/b0nmXbLJBVv6L72VUdZKILjQP83.jpg');

INSERT INTO movies (id, title, release_year, duration_minutes, country, language, synopsis, poster_image_url, backdrop_image_url) VALUES (1241470, 'Osiris', 2025, 108, 'United States of America', 'English', 'Special Forces commandos on a mission are abducted mid-operation by a mysterious spacecraft. Upon waking aboard, they find themselves prey to a relentless alien race in a fight for survival.', 'https://image.tmdb.org/t/p/w500/3YtZHtXPNG5AleisgEatEfZOT2w.jpg', 'https://image.tmdb.org/t/p/original/ySHUoK4utUOiSfCinw81H1TsV0E.jpg') ON CONFLICT (id) DO UPDATE SET title = EXCLUDED.title, release_year = EXCLUDED.release_year, duration_minutes = EXCLUDED.duration_minutes, country = EXCLUDED.country, language = EXCLUDED.language, synopsis = EXCLUDED.synopsis, poster_image_url = EXCLUDED.poster_image_url, backdrop_image_url = EXCLUDED.backdrop_image_url;
INSERT INTO movie_directors (movie_id, director) VALUES (1241470, 'William Kaufman');
INSERT INTO movie_cast_members (movie_id, cast_member) VALUES (1241470, 'Max Martini');
INSERT INTO movie_cast_members (movie_id, cast_member) VALUES (1241470, 'Brianna Hildebrand');
INSERT INTO movie_cast_members (movie_id, cast_member) VALUES (1241470, 'LaMonica Garrett');
INSERT INTO movie_cast_members (movie_id, cast_member) VALUES (1241470, 'Michael Irby');
INSERT INTO movie_cast_members (movie_id, cast_member) VALUES (1241470, 'Linda Hamilton');
INSERT INTO movie_genres (movie_id, genre) VALUES (1241470, 'Science Fiction');
INSERT INTO movie_genres (movie_id, genre) VALUES (1241470, 'Action');
INSERT INTO movie_genres (movie_id, genre) VALUES (1241470, 'Horror');
INSERT INTO movie_image_urls (movie_id, image_url) VALUES (1241470, 'https://image.tmdb.org/t/p/original/iGAM2Juv0gF4kR0if6AgNb0EfNR.jpg');
INSERT INTO movie_image_urls (movie_id, image_url) VALUES (1241470, 'https://image.tmdb.org/t/p/original/faISWxxCn1bbevJZ6TWpJPagLQs.jpg');
INSERT INTO movie_image_urls (movie_id, image_url) VALUES (1241470, 'https://image.tmdb.org/t/p/original/fKm8HPWwQKEzbRxOftSB935wFBv.jpg');
INSERT INTO movie_image_urls (movie_id, image_url) VALUES (1241470, 'https://image.tmdb.org/t/p/original/kj1lMKnOAzTOJFbNiOpGnqmONJ4.jpg');

INSERT INTO movies (id, title, release_year, duration_minutes, country, language, synopsis, poster_image_url, backdrop_image_url) VALUES (911430, 'F1', 2025, 156, 'United States of America', 'Danish', 'Racing legend Sonny Hayes is coaxed out of retirement to lead a struggling Formula 1 team—and mentor a young hotshot driver—while chasing one more chance at glory.', 'https://image.tmdb.org/t/p/w500/vqBmyAj0Xm9LnS1xe1MSlMAJyHq.jpg', 'https://image.tmdb.org/t/p/original/rZWkXnIyTLzUJpHSUpOb7vgB0BL.jpg') ON CONFLICT (id) DO UPDATE SET title = EXCLUDED.title, release_year = EXCLUDED.release_year, duration_minutes = EXCLUDED.duration_minutes, country = EXCLUDED.country, language = EXCLUDED.language, synopsis = EXCLUDED.synopsis, poster_image_url = EXCLUDED.poster_image_url, backdrop_image_url = EXCLUDED.backdrop_image_url;
INSERT INTO movie_directors (movie_id, director) VALUES (911430, 'Joseph Kosinski');
INSERT INTO movie_cast_members (movie_id, cast_member) VALUES (911430, 'Brad Pitt');
INSERT INTO movie_cast_members (movie_id, cast_member) VALUES (911430, 'Damson Idris');
INSERT INTO movie_cast_members (movie_id, cast_member) VALUES (911430, 'Javier Bardem');
INSERT INTO movie_cast_members (movie_id, cast_member) VALUES (911430, 'Kerry Condon');
INSERT INTO movie_cast_members (movie_id, cast_member) VALUES (911430, 'Tobias Menzies');
INSERT INTO movie_genres (movie_id, genre) VALUES (911430, 'Action');
INSERT INTO movie_genres (movie_id, genre) VALUES (911430, 'Drama');
INSERT INTO movie_image_urls (movie_id, image_url) VALUES (911430, 'https://image.tmdb.org/t/p/original/1KFv63mmcBGVbFl3jxxozoSFlhA.jpg');
INSERT INTO movie_image_urls (movie_id, image_url) VALUES (911430, 'https://image.tmdb.org/t/p/original/lkDYN0whyE82mcM20rwtwjbniKF.jpg');
INSERT INTO movie_image_urls (movie_id, image_url) VALUES (911430, 'https://image.tmdb.org/t/p/original/ZtcGMc204JsNqfjS9lU6udRgpo.jpg');
INSERT INTO movie_image_urls (movie_id, image_url) VALUES (911430, 'https://image.tmdb.org/t/p/original/cQoCu9KQ0qCeFkWmpwYgWOyWFg2.jpg');

INSERT INTO movies (id, title, release_year, duration_minutes, country, language, synopsis, poster_image_url, backdrop_image_url) VALUES (335984, 'Blade Runner 2049', 2017, 164, 'Canada', 'English', 'Thirty years after the events of the first film, a new blade runner, LAPD Officer K, unearths a long-buried secret that has the potential to plunge what''s left of society into chaos. K''s discovery leads him on a quest to find Rick Deckard, a former LAPD blade runner who has been missing for 30 years.', 'https://image.tmdb.org/t/p/w500/gajva2L0rPYkEWjzgFlBXCAVBE5.jpg', 'https://image.tmdb.org/t/p/original/askFH4GSk2u9z3ZE5ypdKIMeqLJ.jpg') ON CONFLICT (id) DO UPDATE SET title = EXCLUDED.title, release_year = EXCLUDED.release_year, duration_minutes = EXCLUDED.duration_minutes, country = EXCLUDED.country, language = EXCLUDED.language, synopsis = EXCLUDED.synopsis, poster_image_url = EXCLUDED.poster_image_url, backdrop_image_url = EXCLUDED.backdrop_image_url;
INSERT INTO movie_directors (movie_id, director) VALUES (335984, 'Denis Villeneuve');
INSERT INTO movie_cast_members (movie_id, cast_member) VALUES (335984, 'Ryan Gosling');
INSERT INTO movie_cast_members (movie_id, cast_member) VALUES (335984, 'Harrison Ford');
INSERT INTO movie_cast_members (movie_id, cast_member) VALUES (335984, 'Ana de Armas');
INSERT INTO movie_cast_members (movie_id, cast_member) VALUES (335984, 'Dave Bautista');
INSERT INTO movie_cast_members (movie_id, cast_member) VALUES (335984, 'Robin Wright');
INSERT INTO movie_genres (movie_id, genre) VALUES (335984, 'Science Fiction');
INSERT INTO movie_genres (movie_id, genre) VALUES (335984, 'Drama');
INSERT INTO movie_image_urls (movie_id, image_url) VALUES (335984, 'https://image.tmdb.org/t/p/original/ilRyazdMJwN05exqhwK4tMKBYZs.jpg');
INSERT INTO movie_image_urls (movie_id, image_url) VALUES (335984, 'https://image.tmdb.org/t/p/original/mVr0UiqyltcfqxbAUcLl9zWL8ah.jpg');
INSERT INTO movie_image_urls (movie_id, image_url) VALUES (335984, 'https://image.tmdb.org/t/p/original/bfdMaY3aCJd8wOR5AhmDsBfmwKt.jpg');
INSERT INTO movie_image_urls (movie_id, image_url) VALUES (335984, 'https://image.tmdb.org/t/p/original/9AU3kxNMM6AGofeC1uOtm4etsNj.jpg');

INSERT INTO movies (id, title, release_year, duration_minutes, country, language, synopsis, poster_image_url, backdrop_image_url) VALUES (62029, 'Bingo Bongo', 1982, 102, 'Italy', 'Italian', 'The ape-man, found somewhere in the jungles of Congo, transferred to Milan and named Bingo Bongo. The only one who believes in the human qualities of him is Laura, a woman anthropologist , so their affection for each other even grows to love.', 'https://image.tmdb.org/t/p/w500/5ve4VuCwi7Xas5s50ynEB7uFjM2.jpg', 'https://image.tmdb.org/t/p/original/mFDQ8f2lPHorGwtuE0fjnUIbKLF.jpg') ON CONFLICT (id) DO UPDATE SET title = EXCLUDED.title, release_year = EXCLUDED.release_year, duration_minutes = EXCLUDED.duration_minutes, country = EXCLUDED.country, language = EXCLUDED.language, synopsis = EXCLUDED.synopsis, poster_image_url = EXCLUDED.poster_image_url, backdrop_image_url = EXCLUDED.backdrop_image_url;
INSERT INTO movie_directors (movie_id, director) VALUES (62029, 'Pasquale Festa Campanile');
INSERT INTO movie_cast_members (movie_id, cast_member) VALUES (62029, 'Adriano Celentano');
INSERT INTO movie_cast_members (movie_id, cast_member) VALUES (62029, 'Carole Bouquet');
INSERT INTO movie_cast_members (movie_id, cast_member) VALUES (62029, 'Felice Andreasi');
INSERT INTO movie_cast_members (movie_id, cast_member) VALUES (62029, 'Enzo Robutti');
INSERT INTO movie_cast_members (movie_id, cast_member) VALUES (62029, 'Walter D''Amore');
INSERT INTO movie_genres (movie_id, genre) VALUES (62029, 'Comedy');
INSERT INTO movie_image_urls (movie_id, image_url) VALUES (62029, 'https://image.tmdb.org/t/p/original/ykRdDnySMvsvaqIwQPPqNrdG0Oy.jpg');
INSERT INTO movie_image_urls (movie_id, image_url) VALUES (62029, 'https://image.tmdb.org/t/p/original/bQHAMMh0MLGHrGdwR7bkePpItl1.jpg');
INSERT INTO movie_image_urls (movie_id, image_url) VALUES (62029, 'https://image.tmdb.org/t/p/original/pOjyrFqDzhifgzNrlIQgMjk1FvP.jpg');
INSERT INTO movie_image_urls (movie_id, image_url) VALUES (62029, 'https://image.tmdb.org/t/p/original/jsE8vXG7b7kMNNtThzRBJmgj40m.jpg');

INSERT INTO movies (id, title, release_year, duration_minutes, country, language, synopsis, poster_image_url, backdrop_image_url) VALUES (517302, 'Hatching', 2022, 87, 'Belgium', 'Finnish', '12 year old Tinja is desperate to please her mother, a woman obsessed with presenting the image of a perfect family. One night, Tinja finds a strange egg. What hatches is beyond belief.', 'https://image.tmdb.org/t/p/w500/jgJACjJIpcbFfEEmEglinfQWQPO.jpg', 'https://image.tmdb.org/t/p/original/bnXGwFBomUseQIc9Xqiymy9p8qP.jpg') ON CONFLICT (id) DO UPDATE SET title = EXCLUDED.title, release_year = EXCLUDED.release_year, duration_minutes = EXCLUDED.duration_minutes, country = EXCLUDED.country, language = EXCLUDED.language, synopsis = EXCLUDED.synopsis, poster_image_url = EXCLUDED.poster_image_url, backdrop_image_url = EXCLUDED.backdrop_image_url;
INSERT INTO movie_directors (movie_id, director) VALUES (517302, 'Hanna Bergholm');
INSERT INTO movie_cast_members (movie_id, cast_member) VALUES (517302, 'Siiri Solalinna');
INSERT INTO movie_cast_members (movie_id, cast_member) VALUES (517302, 'Sophia Heikkilä');
INSERT INTO movie_cast_members (movie_id, cast_member) VALUES (517302, 'Jani Volanen');
INSERT INTO movie_cast_members (movie_id, cast_member) VALUES (517302, 'Reino Nordin');
INSERT INTO movie_cast_members (movie_id, cast_member) VALUES (517302, 'Oiva Ollila');
INSERT INTO movie_genres (movie_id, genre) VALUES (517302, 'Horror');
INSERT INTO movie_genres (movie_id, genre) VALUES (517302, 'Fantasy');
INSERT INTO movie_genres (movie_id, genre) VALUES (517302, 'Drama');
INSERT INTO movie_image_urls (movie_id, image_url) VALUES (517302, 'https://image.tmdb.org/t/p/original/7ZtFHbAh9kcjv0zujNWp5G2MBGP.jpg');
INSERT INTO movie_image_urls (movie_id, image_url) VALUES (517302, 'https://image.tmdb.org/t/p/original/x2swLDzagGMFDKC03aK29FlQ8iG.jpg');
INSERT INTO movie_image_urls (movie_id, image_url) VALUES (517302, 'https://image.tmdb.org/t/p/original/iSQ5Vvyift2i62812hR7vGyAjwp.jpg');
INSERT INTO movie_image_urls (movie_id, image_url) VALUES (517302, 'https://image.tmdb.org/t/p/original/k2lonCRC4pdNxo5NPD05KdmrUaW.jpg');

INSERT INTO movies (id, title, release_year, duration_minutes, country, language, synopsis, poster_image_url, backdrop_image_url) VALUES (1511417, 'Bāhubali: The Epic', 2025, 224, 'India', 'Kannada', 'When a mysterious child is found by a tribal couple near a roaring waterfall, they raise him as their own. As he grows, Sivudu is drawn to the world beyond the cliffs, where he discovers the ancient kingdom of Mahishmati, ruled by a cruel tyrant, haunted by rebellion, and bound to his past. What begins as a quest for love soon unravels a legacy of betrayal, sacrifice, and a forgotten prince.', 'https://image.tmdb.org/t/p/w500/z9YIo2qscyaXYgRqIdRJtND3bw8.jpg', 'https://image.tmdb.org/t/p/original/i2GPnSwsdxHtI19e7gZwFVndpqg.jpg') ON CONFLICT (id) DO UPDATE SET title = EXCLUDED.title, release_year = EXCLUDED.release_year, duration_minutes = EXCLUDED.duration_minutes, country = EXCLUDED.country, language = EXCLUDED.language, synopsis = EXCLUDED.synopsis, poster_image_url = EXCLUDED.poster_image_url, backdrop_image_url = EXCLUDED.backdrop_image_url;
INSERT INTO movie_directors (movie_id, director) VALUES (1511417, 'S. S. Rajamouli');
INSERT INTO movie_cast_members (movie_id, cast_member) VALUES (1511417, 'Prabhas');
INSERT INTO movie_cast_members (movie_id, cast_member) VALUES (1511417, 'Rana Daggubati');
INSERT INTO movie_cast_members (movie_id, cast_member) VALUES (1511417, 'Anushka Shetty');
INSERT INTO movie_cast_members (movie_id, cast_member) VALUES (1511417, 'Ramya Krishnan');
INSERT INTO movie_cast_members (movie_id, cast_member) VALUES (1511417, 'Sathyaraj');
INSERT INTO movie_genres (movie_id, genre) VALUES (1511417, 'Action');
INSERT INTO movie_genres (movie_id, genre) VALUES (1511417, 'Drama');
INSERT INTO movie_image_urls (movie_id, image_url) VALUES (1511417, 'https://image.tmdb.org/t/p/original/j8WzzoAJn5LrKpgFTe1gaQVTj8z.jpg');
INSERT INTO movie_image_urls (movie_id, image_url) VALUES (1511417, 'https://image.tmdb.org/t/p/original/wCwZ4ljSsWyZyTiyk1tGQtBHTDx.jpg');
INSERT INTO movie_image_urls (movie_id, image_url) VALUES (1511417, 'https://image.tmdb.org/t/p/original/nrkDgCOB1FOO73uC3CCKaS9ugbk.jpg');
INSERT INTO movie_image_urls (movie_id, image_url) VALUES (1511417, 'https://image.tmdb.org/t/p/original/v220eK4aX9xiidYScMDgIHL42F.jpg');

INSERT INTO movies (id, title, release_year, duration_minutes, country, language, synopsis, poster_image_url, backdrop_image_url) VALUES (110420, 'Wolf Children', 2012, 117, 'Japan', 'Japanese', 'After her werewolf lover unexpectedly dies in an accident, a woman must find a way to raise the son and daughter that she had with him. However, their inheritance of their father''s traits prove to be a challenge for her.', 'https://image.tmdb.org/t/p/w500/3Nllh6JgcrFdtOn6iFOWHudNInd.jpg', 'https://image.tmdb.org/t/p/original/oMqgJMCaNIqeJtilc71D4nRqdmt.jpg') ON CONFLICT (id) DO UPDATE SET title = EXCLUDED.title, release_year = EXCLUDED.release_year, duration_minutes = EXCLUDED.duration_minutes, country = EXCLUDED.country, language = EXCLUDED.language, synopsis = EXCLUDED.synopsis, poster_image_url = EXCLUDED.poster_image_url, backdrop_image_url = EXCLUDED.backdrop_image_url;
INSERT INTO movie_directors (movie_id, director) VALUES (110420, 'Mamoru Hosoda');
INSERT INTO movie_cast_members (movie_id, cast_member) VALUES (110420, 'Haru Kuroki');
INSERT INTO movie_cast_members (movie_id, cast_member) VALUES (110420, 'Yukito Nishii');
INSERT INTO movie_cast_members (movie_id, cast_member) VALUES (110420, 'Aoi Miyazaki');
INSERT INTO movie_cast_members (movie_id, cast_member) VALUES (110420, 'Takao Osawa');
INSERT INTO movie_cast_members (movie_id, cast_member) VALUES (110420, 'Momoka Ohno');
INSERT INTO movie_genres (movie_id, genre) VALUES (110420, 'Animation');
INSERT INTO movie_genres (movie_id, genre) VALUES (110420, 'Family');
INSERT INTO movie_genres (movie_id, genre) VALUES (110420, 'Drama');
INSERT INTO movie_genres (movie_id, genre) VALUES (110420, 'Fantasy');
INSERT INTO movie_image_urls (movie_id, image_url) VALUES (110420, 'https://image.tmdb.org/t/p/original/zGDrO5R5GY9iw46wnh3M5fuL4iq.jpg');
INSERT INTO movie_image_urls (movie_id, image_url) VALUES (110420, 'https://image.tmdb.org/t/p/original/uADM4rZxGSUBzqdafgXCQxNGDAa.jpg');
INSERT INTO movie_image_urls (movie_id, image_url) VALUES (110420, 'https://image.tmdb.org/t/p/original/25YV7gwYLkypgZBEPahUDKapfEi.jpg');
INSERT INTO movie_image_urls (movie_id, image_url) VALUES (110420, 'https://image.tmdb.org/t/p/original/aDboTgR0b27kHsqRQVE6jaqUcg1.jpg');

INSERT INTO movies (id, title, release_year, duration_minutes, country, language, synopsis, poster_image_url, backdrop_image_url) VALUES (568332, 'Taylor Swift: Reputation Stadium Tour', 2018, 125, 'United States of America', 'English', 'Taylor Swift takes the stage in Dallas for the Reputation Stadium Tour and celebrates a monumental night of music, memories and visual magic.', 'https://image.tmdb.org/t/p/w500/u6oXUTtOuJRPdUgUuPAVVJPSKCo.jpg', 'https://image.tmdb.org/t/p/original/4uMrZS7XEHRNKwHr5wSOxROanPF.jpg') ON CONFLICT (id) DO UPDATE SET title = EXCLUDED.title, release_year = EXCLUDED.release_year, duration_minutes = EXCLUDED.duration_minutes, country = EXCLUDED.country, language = EXCLUDED.language, synopsis = EXCLUDED.synopsis, poster_image_url = EXCLUDED.poster_image_url, backdrop_image_url = EXCLUDED.backdrop_image_url;
INSERT INTO movie_directors (movie_id, director) VALUES (568332, 'Paul Dugdale');
INSERT INTO movie_cast_members (movie_id, cast_member) VALUES (568332, 'Taylor Swift');
INSERT INTO movie_cast_members (movie_id, cast_member) VALUES (568332, 'Charli xcx');
INSERT INTO movie_cast_members (movie_id, cast_member) VALUES (568332, 'Camila Cabello');
INSERT INTO movie_cast_members (movie_id, cast_member) VALUES (568332, 'David Cook');
INSERT INTO movie_cast_members (movie_id, cast_member) VALUES (568332, 'Amos Heller');
INSERT INTO movie_genres (movie_id, genre) VALUES (568332, 'Music');
INSERT INTO movie_image_urls (movie_id, image_url) VALUES (568332, 'https://image.tmdb.org/t/p/original/4M7bwDoxmBDR9gCHAA2n9NX7oVS.jpg');
INSERT INTO movie_image_urls (movie_id, image_url) VALUES (568332, 'https://image.tmdb.org/t/p/original/7yq78DoqNnQeVBzHzkj6js5w2kq.jpg');
INSERT INTO movie_image_urls (movie_id, image_url) VALUES (568332, 'https://image.tmdb.org/t/p/original/jUXI3ule0vKCEwUsmlWQHD8Q12Q.jpg');
INSERT INTO movie_image_urls (movie_id, image_url) VALUES (568332, 'https://image.tmdb.org/t/p/original/2JymMpxOzJJg2zgu0y6iNVmjSYk.jpg');

INSERT INTO movies (id, title, release_year, duration_minutes, country, language, synopsis, poster_image_url, backdrop_image_url) VALUES (25237, 'Come and See', 1985, 142, 'Soviet Union', 'Belarusian', 'The invasion of a village in Belarus by German forces sends young Florya into the forest to join the weary Resistance fighters, against his family''s wishes. There he meets a girl, Glasha, who accompanies him back to his village. On returning home, Florya finds his family and fellow peasants massacred. His continued survival amidst the brutal debris of war becomes increasingly nightmarish, a battle between despair and hope.', 'https://image.tmdb.org/t/p/w500/qNbMsKVzigERgJUbwf8pKyZogpb.jpg', 'https://image.tmdb.org/t/p/original/3Na31ta8vDuKOgQuPLdSZLs8bCB.jpg') ON CONFLICT (id) DO UPDATE SET title = EXCLUDED.title, release_year = EXCLUDED.release_year, duration_minutes = EXCLUDED.duration_minutes, country = EXCLUDED.country, language = EXCLUDED.language, synopsis = EXCLUDED.synopsis, poster_image_url = EXCLUDED.poster_image_url, backdrop_image_url = EXCLUDED.backdrop_image_url;
INSERT INTO movie_directors (movie_id, director) VALUES (25237, 'Elem Klimov');
INSERT INTO movie_cast_members (movie_id, cast_member) VALUES (25237, 'Aleksei Kravchenko');
INSERT INTO movie_cast_members (movie_id, cast_member) VALUES (25237, 'Olga Mironova');
INSERT INTO movie_cast_members (movie_id, cast_member) VALUES (25237, 'Liubomiras Laucevičius');
INSERT INTO movie_cast_members (movie_id, cast_member) VALUES (25237, 'Vladas Bagdonas');
INSERT INTO movie_cast_members (movie_id, cast_member) VALUES (25237, 'Jüri Lumiste');
INSERT INTO movie_genres (movie_id, genre) VALUES (25237, 'Drama');
INSERT INTO movie_genres (movie_id, genre) VALUES (25237, 'War');
INSERT INTO movie_image_urls (movie_id, image_url) VALUES (25237, 'https://image.tmdb.org/t/p/original/oIQMt3Q6Qa37YD0JOdYkrIAPYDk.jpg');
INSERT INTO movie_image_urls (movie_id, image_url) VALUES (25237, 'https://image.tmdb.org/t/p/original/5yEbLzaXe24cpFjfom7ntBY3rfB.jpg');
INSERT INTO movie_image_urls (movie_id, image_url) VALUES (25237, 'https://image.tmdb.org/t/p/original/5CTseLTxpOBYHA8b3l4sZhjkOqO.jpg');
INSERT INTO movie_image_urls (movie_id, image_url) VALUES (25237, 'https://image.tmdb.org/t/p/original/j7VgXf2vGQU1Ap4MVCsHO1L1WDd.jpg');

INSERT INTO movies (id, title, release_year, duration_minutes, country, language, synopsis, poster_image_url, backdrop_image_url) VALUES (527641, 'Five Feet Apart', 2019, 116, 'United States of America', 'English', 'Seventeen-year-old Stella spends most of her time in the hospital as a cystic fibrosis patient. Her life is full of routines, boundaries and self-control — all of which get put to the test when she meets Will, an impossibly charming teen who has the same illness. There''s an instant flirtation, though restrictions dictate that they must maintain a safe distance between them. As their connection intensifies, so does the temptation to throw the rules out the window and embrace that attraction.', 'https://image.tmdb.org/t/p/w500/kreTuJBkUjVWePRfhHZuYfhNE1T.jpg', 'https://image.tmdb.org/t/p/original/27ZkYMWynuK2qiDP6awc3MsCaOs.jpg') ON CONFLICT (id) DO UPDATE SET title = EXCLUDED.title, release_year = EXCLUDED.release_year, duration_minutes = EXCLUDED.duration_minutes, country = EXCLUDED.country, language = EXCLUDED.language, synopsis = EXCLUDED.synopsis, poster_image_url = EXCLUDED.poster_image_url, backdrop_image_url = EXCLUDED.backdrop_image_url;
INSERT INTO movie_directors (movie_id, director) VALUES (527641, 'Justin Baldoni');
INSERT INTO movie_cast_members (movie_id, cast_member) VALUES (527641, 'Haley Lu Richardson');
INSERT INTO movie_cast_members (movie_id, cast_member) VALUES (527641, 'Cole Sprouse');
INSERT INTO movie_cast_members (movie_id, cast_member) VALUES (527641, 'Moisés Arias');
INSERT INTO movie_cast_members (movie_id, cast_member) VALUES (527641, 'Kimberly Hébert Gregory');
INSERT INTO movie_cast_members (movie_id, cast_member) VALUES (527641, 'Parminder Nagra');
INSERT INTO movie_genres (movie_id, genre) VALUES (527641, 'Romance');
INSERT INTO movie_genres (movie_id, genre) VALUES (527641, 'Drama');
INSERT INTO movie_image_urls (movie_id, image_url) VALUES (527641, 'https://image.tmdb.org/t/p/original/cYdHaKx6Ihj1BIvbxpCxIGXfZ02.jpg');
INSERT INTO movie_image_urls (movie_id, image_url) VALUES (527641, 'https://image.tmdb.org/t/p/original/d7wa3VpUpKDQ7GG9EMw8zSJCFoI.jpg');
INSERT INTO movie_image_urls (movie_id, image_url) VALUES (527641, 'https://image.tmdb.org/t/p/original/ia3jr9klkOYO6cIwOmpnI5mohcy.jpg');
INSERT INTO movie_image_urls (movie_id, image_url) VALUES (527641, 'https://image.tmdb.org/t/p/original/ixtfJ1Z0Kg0hJVtXRqLpFYUzxKI.jpg');

INSERT INTO movies (id, title, release_year, duration_minutes, country, language, synopsis, poster_image_url, backdrop_image_url) VALUES (16869, 'Inglourious Basterds', 2009, 153, 'Germany', 'German', 'In Nazi-occupied France during World War II, a group of Jewish-American soldiers known as "The Basterds" are chosen specifically to spread fear throughout the Third Reich by scalping and brutally killing Nazis. The Basterds, lead by Lt. Aldo Raine soon cross paths with a French-Jewish teenage girl who runs a movie theater in Paris which is targeted by the soldiers.', 'https://image.tmdb.org/t/p/w500/7sfbEnaARXDDhKm0CZ7D7uc2sbo.jpg', 'https://image.tmdb.org/t/p/original/hwNtEmmugU5Yd7hpfprNWI0DGIn.jpg') ON CONFLICT (id) DO UPDATE SET title = EXCLUDED.title, release_year = EXCLUDED.release_year, duration_minutes = EXCLUDED.duration_minutes, country = EXCLUDED.country, language = EXCLUDED.language, synopsis = EXCLUDED.synopsis, poster_image_url = EXCLUDED.poster_image_url, backdrop_image_url = EXCLUDED.backdrop_image_url;
INSERT INTO movie_directors (movie_id, director) VALUES (16869, 'Quentin Tarantino');
INSERT INTO movie_cast_members (movie_id, cast_member) VALUES (16869, 'Brad Pitt');
INSERT INTO movie_cast_members (movie_id, cast_member) VALUES (16869, 'Mélanie Laurent');
INSERT INTO movie_cast_members (movie_id, cast_member) VALUES (16869, 'Christoph Waltz');
INSERT INTO movie_cast_members (movie_id, cast_member) VALUES (16869, 'Eli Roth');
INSERT INTO movie_cast_members (movie_id, cast_member) VALUES (16869, 'Michael Fassbender');
INSERT INTO movie_genres (movie_id, genre) VALUES (16869, 'Drama');
INSERT INTO movie_genres (movie_id, genre) VALUES (16869, 'Thriller');
INSERT INTO movie_genres (movie_id, genre) VALUES (16869, 'War');
INSERT INTO movie_image_urls (movie_id, image_url) VALUES (16869, 'https://image.tmdb.org/t/p/original/bMJxwgLyD47CDQ6BFCT2AMMlID7.jpg');
INSERT INTO movie_image_urls (movie_id, image_url) VALUES (16869, 'https://image.tmdb.org/t/p/original/hg0MTIFs49ef179C9Y1HRtzqbbK.jpg');
INSERT INTO movie_image_urls (movie_id, image_url) VALUES (16869, 'https://image.tmdb.org/t/p/original/1Jpkm9qZcsT0mSyVXgs4VlGjPNI.jpg');
INSERT INTO movie_image_urls (movie_id, image_url) VALUES (16869, 'https://image.tmdb.org/t/p/original/8pEnePgGyfUqj8Qa6d91OZQ6Aih.jpg');

INSERT INTO movies (id, title, release_year, duration_minutes, country, language, synopsis, poster_image_url, backdrop_image_url) VALUES (24188, 'Il Sorpasso', 1962, 105, 'Italy', 'German', 'Roberto, a shy law student in Rome, meets Bruno, a forty-year-old exuberant, capricious man, who takes him for a drive through the Roman and Tuscany countries in the summer. When their journey starts to blend into their daily lives though, the pair’s newfound friendship is tested.', 'https://image.tmdb.org/t/p/w500/4h1ckrJQVcQYjeOkqS8i9BqZ9MI.jpg', 'https://image.tmdb.org/t/p/original/uUrV5KSjnZx47Dq7e6STr73iN4N.jpg') ON CONFLICT (id) DO UPDATE SET title = EXCLUDED.title, release_year = EXCLUDED.release_year, duration_minutes = EXCLUDED.duration_minutes, country = EXCLUDED.country, language = EXCLUDED.language, synopsis = EXCLUDED.synopsis, poster_image_url = EXCLUDED.poster_image_url, backdrop_image_url = EXCLUDED.backdrop_image_url;
INSERT INTO movie_directors (movie_id, director) VALUES (24188, 'Dino Risi');
INSERT INTO movie_cast_members (movie_id, cast_member) VALUES (24188, 'Vittorio Gassman');
INSERT INTO movie_cast_members (movie_id, cast_member) VALUES (24188, 'Jean-Louis Trintignant');
INSERT INTO movie_cast_members (movie_id, cast_member) VALUES (24188, 'Catherine Spaak');
INSERT INTO movie_cast_members (movie_id, cast_member) VALUES (24188, 'Claudio Gora');
INSERT INTO movie_cast_members (movie_id, cast_member) VALUES (24188, 'Luciana Angiolillo');
INSERT INTO movie_genres (movie_id, genre) VALUES (24188, 'Drama');
INSERT INTO movie_genres (movie_id, genre) VALUES (24188, 'Comedy');
INSERT INTO movie_genres (movie_id, genre) VALUES (24188, 'Adventure');
INSERT INTO movie_image_urls (movie_id, image_url) VALUES (24188, 'https://image.tmdb.org/t/p/original/kXMiytZZeEUf60V0xiGSO36Gawn.jpg');
INSERT INTO movie_image_urls (movie_id, image_url) VALUES (24188, 'https://image.tmdb.org/t/p/original/imOB2TajuLRGYplpxlKMOfce0jk.jpg');
INSERT INTO movie_image_urls (movie_id, image_url) VALUES (24188, 'https://image.tmdb.org/t/p/original/3gpdO3n6eOcTaJ8HIzX4QdGn6Ww.jpg');
INSERT INTO movie_image_urls (movie_id, image_url) VALUES (24188, 'https://image.tmdb.org/t/p/original/pikK054Qqeyibe8XqZQ3TX8X6Aa.jpg');

INSERT INTO movies (id, title, release_year, duration_minutes, country, language, synopsis, poster_image_url, backdrop_image_url) VALUES (92060, 'Michael Jackson''s Thriller', 1983, 14, 'United States of America', 'English', 'A night at the movies turns terrifying when Michael and his date are attacked by zombies. Released at the height of Thriller’s success, the short film redefined the music video, broke racial barriers, and became the first inducted into the U.S. National Film Registry.', 'https://image.tmdb.org/t/p/w500/dYHGoPMkZMVuBA4EydmDQMo1EEv.jpg', 'https://image.tmdb.org/t/p/original/aVefEnQsfNPUrgsuMszTDt165P0.jpg') ON CONFLICT (id) DO UPDATE SET title = EXCLUDED.title, release_year = EXCLUDED.release_year, duration_minutes = EXCLUDED.duration_minutes, country = EXCLUDED.country, language = EXCLUDED.language, synopsis = EXCLUDED.synopsis, poster_image_url = EXCLUDED.poster_image_url, backdrop_image_url = EXCLUDED.backdrop_image_url;
INSERT INTO movie_directors (movie_id, director) VALUES (92060, 'John Landis');
INSERT INTO movie_cast_members (movie_id, cast_member) VALUES (92060, 'Michael Jackson');
INSERT INTO movie_cast_members (movie_id, cast_member) VALUES (92060, 'Ola Ray');
INSERT INTO movie_cast_members (movie_id, cast_member) VALUES (92060, 'Vincent Price');
INSERT INTO movie_cast_members (movie_id, cast_member) VALUES (92060, 'Cynthia Garris');
INSERT INTO movie_cast_members (movie_id, cast_member) VALUES (92060, 'Mick Garris');
INSERT INTO movie_genres (movie_id, genre) VALUES (92060, 'Horror');
INSERT INTO movie_genres (movie_id, genre) VALUES (92060, 'Thriller');
INSERT INTO movie_genres (movie_id, genre) VALUES (92060, 'Music');
INSERT INTO movie_image_urls (movie_id, image_url) VALUES (92060, 'https://image.tmdb.org/t/p/original/5YQsTTlQOmKhYZm4Pm3D2EcVywR.jpg');
INSERT INTO movie_image_urls (movie_id, image_url) VALUES (92060, 'https://image.tmdb.org/t/p/original/pyviqHJMXSxo7R43lkZpSrvkQpm.jpg');
INSERT INTO movie_image_urls (movie_id, image_url) VALUES (92060, 'https://image.tmdb.org/t/p/original/jrrHMvAZfdDe8tG3cFqYnw9RjON.jpg');
INSERT INTO movie_image_urls (movie_id, image_url) VALUES (92060, 'https://image.tmdb.org/t/p/original/1OXoLCuzMc38hPpONtRlnnqgzU8.jpg');

INSERT INTO movies (id, title, release_year, duration_minutes, country, language, synopsis, poster_image_url, backdrop_image_url) VALUES (265177, 'Mommy', 2014, 138, 'Canada', 'French', 'A peculiar neighbor offers hope to a recent widow who is struggling to raise a teenager who is unpredictable and, sometimes, violent.', 'https://image.tmdb.org/t/p/w500/uPDP0cHGOpkr47rdCdHWo4CyiPj.jpg', 'https://image.tmdb.org/t/p/original/dIHezuC3AmylT8mkXQiWSjz2wJR.jpg') ON CONFLICT (id) DO UPDATE SET title = EXCLUDED.title, release_year = EXCLUDED.release_year, duration_minutes = EXCLUDED.duration_minutes, country = EXCLUDED.country, language = EXCLUDED.language, synopsis = EXCLUDED.synopsis, poster_image_url = EXCLUDED.poster_image_url, backdrop_image_url = EXCLUDED.backdrop_image_url;
INSERT INTO movie_directors (movie_id, director) VALUES (265177, 'Xavier Dolan');
INSERT INTO movie_cast_members (movie_id, cast_member) VALUES (265177, 'Anne Dorval');
INSERT INTO movie_cast_members (movie_id, cast_member) VALUES (265177, 'Suzanne Clément');
INSERT INTO movie_cast_members (movie_id, cast_member) VALUES (265177, 'Antoine Olivier Pilon');
INSERT INTO movie_cast_members (movie_id, cast_member) VALUES (265177, 'Patrick Huard');
INSERT INTO movie_cast_members (movie_id, cast_member) VALUES (265177, 'Alexandre Goyette');
INSERT INTO movie_genres (movie_id, genre) VALUES (265177, 'Drama');
INSERT INTO movie_image_urls (movie_id, image_url) VALUES (265177, 'https://image.tmdb.org/t/p/original/hb1GBVDwQIvSNpx1cQUFAIHfyBW.jpg');
INSERT INTO movie_image_urls (movie_id, image_url) VALUES (265177, 'https://image.tmdb.org/t/p/original/pwoj3pRch3KKvq8t2plgpe5GDH5.jpg');
INSERT INTO movie_image_urls (movie_id, image_url) VALUES (265177, 'https://image.tmdb.org/t/p/original/1pFOSZiOG7PJUY5Tafv0qxGKQXo.jpg');
INSERT INTO movie_image_urls (movie_id, image_url) VALUES (265177, 'https://image.tmdb.org/t/p/original/4DWNnfp6BsSdKnDmNI30ob2K2oN.jpg');

INSERT INTO movies (id, title, release_year, duration_minutes, country, language, synopsis, poster_image_url, backdrop_image_url) VALUES (16672, 'Woman in the Dunes', 1964, 147, 'Japan', 'Japanese', 'A vacationing entomologist suffers extreme physical and psychological trauma after being taken captive by the residents of a poor seaside village and made to live with a woman whose life task is shoveling sand for them.', 'https://image.tmdb.org/t/p/w500/xiBr3bIT2xpbuIKo5bLK7ebP4O1.jpg', 'https://image.tmdb.org/t/p/original/dxfFh9pTKDaYH2B6PwcR6ohCM1L.jpg') ON CONFLICT (id) DO UPDATE SET title = EXCLUDED.title, release_year = EXCLUDED.release_year, duration_minutes = EXCLUDED.duration_minutes, country = EXCLUDED.country, language = EXCLUDED.language, synopsis = EXCLUDED.synopsis, poster_image_url = EXCLUDED.poster_image_url, backdrop_image_url = EXCLUDED.backdrop_image_url;
INSERT INTO movie_directors (movie_id, director) VALUES (16672, 'Hiroshi Teshigahara');
INSERT INTO movie_cast_members (movie_id, cast_member) VALUES (16672, 'Eiji Okada');
INSERT INTO movie_cast_members (movie_id, cast_member) VALUES (16672, 'Kyôko Kishida');
INSERT INTO movie_cast_members (movie_id, cast_member) VALUES (16672, 'Hiroko Itō');
INSERT INTO movie_cast_members (movie_id, cast_member) VALUES (16672, 'Kōji Mitsui');
INSERT INTO movie_genres (movie_id, genre) VALUES (16672, 'Drama');
INSERT INTO movie_genres (movie_id, genre) VALUES (16672, 'Thriller');
INSERT INTO movie_image_urls (movie_id, image_url) VALUES (16672, 'https://image.tmdb.org/t/p/original/krRXMYtVU7UzGvI1kJ5VvzWfoBC.jpg');
INSERT INTO movie_image_urls (movie_id, image_url) VALUES (16672, 'https://image.tmdb.org/t/p/original/jijXrpYkKC2wuUaWgcu6cKyjk6j.jpg');
INSERT INTO movie_image_urls (movie_id, image_url) VALUES (16672, 'https://image.tmdb.org/t/p/original/il6ct5CYuLxTue1Sz0Mu9QM4AYc.jpg');
INSERT INTO movie_image_urls (movie_id, image_url) VALUES (16672, 'https://image.tmdb.org/t/p/original/wqiiMxlpy5byDQNiiJcnHJz7bpw.jpg');

INSERT INTO movies (id, title, release_year, duration_minutes, country, language, synopsis, poster_image_url, backdrop_image_url) VALUES (1160164, 'TAYLOR SWIFT | THE ERAS TOUR', 2023, 169, 'United States of America', 'English', 'A concert film documenting Taylor Swift''s record-breaking Eras Tour (2023-2024). Filmed during the Los Angeles shows, the film captures the tour''s ten acts, each representing a different musical era from Swift''s career. The film showcases over 40 songs, elaborate stage productions, and Swift''s performance.', 'https://image.tmdb.org/t/p/w500/jf3YO8hOqGHCupsREf5qymYq1n.jpg', 'https://image.tmdb.org/t/p/original/wVJG3u5Ru9tInxYiTCrJr4MpJ7Z.jpg') ON CONFLICT (id) DO UPDATE SET title = EXCLUDED.title, release_year = EXCLUDED.release_year, duration_minutes = EXCLUDED.duration_minutes, country = EXCLUDED.country, language = EXCLUDED.language, synopsis = EXCLUDED.synopsis, poster_image_url = EXCLUDED.poster_image_url, backdrop_image_url = EXCLUDED.backdrop_image_url;
INSERT INTO movie_directors (movie_id, director) VALUES (1160164, 'Sam Wrench');
INSERT INTO movie_cast_members (movie_id, cast_member) VALUES (1160164, 'Taylor Swift');
INSERT INTO movie_cast_members (movie_id, cast_member) VALUES (1160164, 'Mike Meadows');
INSERT INTO movie_cast_members (movie_id, cast_member) VALUES (1160164, 'Max Bernstein');
INSERT INTO movie_cast_members (movie_id, cast_member) VALUES (1160164, 'Paul Sidoti');
INSERT INTO movie_cast_members (movie_id, cast_member) VALUES (1160164, 'Amos Heller');
INSERT INTO movie_genres (movie_id, genre) VALUES (1160164, 'Music');
INSERT INTO movie_image_urls (movie_id, image_url) VALUES (1160164, 'https://image.tmdb.org/t/p/original/fn0bRHELeylB452pL2Mlo76YEzI.jpg');
INSERT INTO movie_image_urls (movie_id, image_url) VALUES (1160164, 'https://image.tmdb.org/t/p/original/uRKhh7JYMD6QWNt0NjmMfh7uLdm.jpg');
INSERT INTO movie_image_urls (movie_id, image_url) VALUES (1160164, 'https://image.tmdb.org/t/p/original/mowTk9LFSr8rW3EG2CUSwzuvx0g.jpg');
INSERT INTO movie_image_urls (movie_id, image_url) VALUES (1160164, 'https://image.tmdb.org/t/p/original/x9tsSyltV2N814LtABb41NjVMd7.jpg');

INSERT INTO movies (id, title, release_year, duration_minutes, country, language, synopsis, poster_image_url, backdrop_image_url) VALUES (37257, 'Witness for the Prosecution', 1957, 116, 'United States of America', 'German', 'An ailing barrister is thrust back into the courtroom in what becomes one of the most unusual and eventful murder cases of the lawyer''s career when he finds himself defending a man being tried for the murder of a socialite.', 'https://image.tmdb.org/t/p/w500/bCj4EfuehAlgBwVd3diyWyhuuau.jpg', 'https://image.tmdb.org/t/p/original/evUB9YKE5IPPtQOchcEF6hS90BO.jpg') ON CONFLICT (id) DO UPDATE SET title = EXCLUDED.title, release_year = EXCLUDED.release_year, duration_minutes = EXCLUDED.duration_minutes, country = EXCLUDED.country, language = EXCLUDED.language, synopsis = EXCLUDED.synopsis, poster_image_url = EXCLUDED.poster_image_url, backdrop_image_url = EXCLUDED.backdrop_image_url;
INSERT INTO movie_directors (movie_id, director) VALUES (37257, 'Billy Wilder');
INSERT INTO movie_cast_members (movie_id, cast_member) VALUES (37257, 'Tyrone Power');
INSERT INTO movie_cast_members (movie_id, cast_member) VALUES (37257, 'Marlene Dietrich');
INSERT INTO movie_cast_members (movie_id, cast_member) VALUES (37257, 'Charles Laughton');
INSERT INTO movie_cast_members (movie_id, cast_member) VALUES (37257, 'Elsa Lanchester');
INSERT INTO movie_cast_members (movie_id, cast_member) VALUES (37257, 'John Williams');
INSERT INTO movie_genres (movie_id, genre) VALUES (37257, 'Drama');
INSERT INTO movie_genres (movie_id, genre) VALUES (37257, 'Mystery');
INSERT INTO movie_genres (movie_id, genre) VALUES (37257, 'Crime');
INSERT INTO movie_image_urls (movie_id, image_url) VALUES (37257, 'https://image.tmdb.org/t/p/original/eQnGtBxR25DCncJPAA3ODpj34xl.jpg');
INSERT INTO movie_image_urls (movie_id, image_url) VALUES (37257, 'https://image.tmdb.org/t/p/original/rVreHs57dd8xonPeLlqXdHmYq4M.jpg');
INSERT INTO movie_image_urls (movie_id, image_url) VALUES (37257, 'https://image.tmdb.org/t/p/original/njljqEWdc30V02ARixzBhc8LUp5.jpg');
INSERT INTO movie_image_urls (movie_id, image_url) VALUES (37257, 'https://image.tmdb.org/t/p/original/wN9BvVFcWP997qnTu8n3Z1fl4uQ.jpg');

INSERT INTO movies (id, title, release_year, duration_minutes, country, language, synopsis, poster_image_url, backdrop_image_url) VALUES (1124, 'The Prestige', 2006, 130, 'United Kingdom', 'English', 'A mysterious story of two magicians whose intense rivalry leads them on a life-long battle for supremacy -- full of obsession, deceit and jealousy with dangerous and deadly consequences.', 'https://image.tmdb.org/t/p/w500/Ag2B2KHKQPukjH7WutmgnnSNurZ.jpg', 'https://image.tmdb.org/t/p/original/qc9zR02j2apoEwMdptMYBoAFYUC.jpg') ON CONFLICT (id) DO UPDATE SET title = EXCLUDED.title, release_year = EXCLUDED.release_year, duration_minutes = EXCLUDED.duration_minutes, country = EXCLUDED.country, language = EXCLUDED.language, synopsis = EXCLUDED.synopsis, poster_image_url = EXCLUDED.poster_image_url, backdrop_image_url = EXCLUDED.backdrop_image_url;
INSERT INTO movie_directors (movie_id, director) VALUES (1124, 'Christopher Nolan');
INSERT INTO movie_cast_members (movie_id, cast_member) VALUES (1124, 'Hugh Jackman');
INSERT INTO movie_cast_members (movie_id, cast_member) VALUES (1124, 'Christian Bale');
INSERT INTO movie_cast_members (movie_id, cast_member) VALUES (1124, 'Michael Caine');
INSERT INTO movie_cast_members (movie_id, cast_member) VALUES (1124, 'Piper Perabo');
INSERT INTO movie_cast_members (movie_id, cast_member) VALUES (1124, 'Rebecca Hall');
INSERT INTO movie_genres (movie_id, genre) VALUES (1124, 'Drama');
INSERT INTO movie_genres (movie_id, genre) VALUES (1124, 'Mystery');
INSERT INTO movie_genres (movie_id, genre) VALUES (1124, 'Science Fiction');
INSERT INTO movie_image_urls (movie_id, image_url) VALUES (1124, 'https://image.tmdb.org/t/p/original/z3br1ub7spqGMkxgjgJSdM4DC21.jpg');
INSERT INTO movie_image_urls (movie_id, image_url) VALUES (1124, 'https://image.tmdb.org/t/p/original/yCnJT53HMXAK87xzPAdjdYhZ3JE.jpg');
INSERT INTO movie_image_urls (movie_id, image_url) VALUES (1124, 'https://image.tmdb.org/t/p/original/xBDE2d6HM1aBKQRu4IT7SfPD9fs.jpg');
INSERT INTO movie_image_urls (movie_id, image_url) VALUES (1124, 'https://image.tmdb.org/t/p/original/imwFaRRUr0XhMCsirB38txGUkes.jpg');

INSERT INTO movies (id, title, release_year, duration_minutes, country, language, synopsis, poster_image_url, backdrop_image_url) VALUES (283566, 'Evangelion: 3.0+1.0 Thrice Upon a Time', 2021, 155, 'Japan', 'Japanese', 'In the aftermath of the Fourth Impact, stranded without their Evangelions, Shinji, Asuka and Rei find refuge in one of the rare pockets of humanity that still exist on the ruined planet Earth. There, each lives a life far different from their days as an Evangelion pilot. However, the danger to the world is far from over. A new impact is looming on the horizon—one that will prove to be the true end of Evangelion.', 'https://image.tmdb.org/t/p/w500/md5wZRRj8biHrGtyitgBZo7674t.jpg', 'https://image.tmdb.org/t/p/original/1EAxNqdkVnp48a7NUuNBHGflowM.jpg') ON CONFLICT (id) DO UPDATE SET title = EXCLUDED.title, release_year = EXCLUDED.release_year, duration_minutes = EXCLUDED.duration_minutes, country = EXCLUDED.country, language = EXCLUDED.language, synopsis = EXCLUDED.synopsis, poster_image_url = EXCLUDED.poster_image_url, backdrop_image_url = EXCLUDED.backdrop_image_url;
INSERT INTO movie_directors (movie_id, director) VALUES (283566, 'Kazuya Tsurumaki');
INSERT INTO movie_directors (movie_id, director) VALUES (283566, 'Mahiro Maeda');
INSERT INTO movie_directors (movie_id, director) VALUES (283566, 'Katsuichi Nakayama');
INSERT INTO movie_directors (movie_id, director) VALUES (283566, 'Hideaki Anno');
INSERT INTO movie_cast_members (movie_id, cast_member) VALUES (283566, 'Megumi Ogata');
INSERT INTO movie_cast_members (movie_id, cast_member) VALUES (283566, 'Yuko Miyamura');
INSERT INTO movie_cast_members (movie_id, cast_member) VALUES (283566, 'Maaya Sakamoto');
INSERT INTO movie_cast_members (movie_id, cast_member) VALUES (283566, 'Megumi Hayashibara');
INSERT INTO movie_cast_members (movie_id, cast_member) VALUES (283566, 'Kotono Mitsuishi');
INSERT INTO movie_genres (movie_id, genre) VALUES (283566, 'Animation');
INSERT INTO movie_genres (movie_id, genre) VALUES (283566, 'Action');
INSERT INTO movie_genres (movie_id, genre) VALUES (283566, 'Science Fiction');
INSERT INTO movie_genres (movie_id, genre) VALUES (283566, 'Drama');
INSERT INTO movie_image_urls (movie_id, image_url) VALUES (283566, 'https://image.tmdb.org/t/p/original/las0P4Dua54XrZ73VQmGUaH1z0U.jpg');
INSERT INTO movie_image_urls (movie_id, image_url) VALUES (283566, 'https://image.tmdb.org/t/p/original/e6td6DHhHq5nTKj9EPCczH8klpK.jpg');
INSERT INTO movie_image_urls (movie_id, image_url) VALUES (283566, 'https://image.tmdb.org/t/p/original/6rvPnOaHIEQ1r7bErnKpppn2d92.jpg');
INSERT INTO movie_image_urls (movie_id, image_url) VALUES (283566, 'https://image.tmdb.org/t/p/original/xv23X0uj6OwzdM8vi31xyjMceMN.jpg');

INSERT INTO movies (id, title, release_year, duration_minutes, country, language, synopsis, poster_image_url, backdrop_image_url) VALUES (694, 'The Shining', 1980, 144, 'United Kingdom', 'English', 'Jack Torrance accepts a caretaker job at the Overlook Hotel, where he, along with his wife Wendy and their son Danny, must live isolated from the rest of the world for the winter. But they aren''t prepared for the madness that lurks within.', 'https://image.tmdb.org/t/p/w500/uAR0AWqhQL1hQa69UDEbb2rE5Wx.jpg', 'https://image.tmdb.org/t/p/original/mmd1HnuvAzFc4iuVJcnBrhDNEKr.jpg') ON CONFLICT (id) DO UPDATE SET title = EXCLUDED.title, release_year = EXCLUDED.release_year, duration_minutes = EXCLUDED.duration_minutes, country = EXCLUDED.country, language = EXCLUDED.language, synopsis = EXCLUDED.synopsis, poster_image_url = EXCLUDED.poster_image_url, backdrop_image_url = EXCLUDED.backdrop_image_url;
INSERT INTO movie_directors (movie_id, director) VALUES (694, 'Stanley Kubrick');
INSERT INTO movie_cast_members (movie_id, cast_member) VALUES (694, 'Jack Nicholson');
INSERT INTO movie_cast_members (movie_id, cast_member) VALUES (694, 'Shelley Duvall');
INSERT INTO movie_cast_members (movie_id, cast_member) VALUES (694, 'Danny Lloyd');
INSERT INTO movie_cast_members (movie_id, cast_member) VALUES (694, 'Scatman Crothers');
INSERT INTO movie_cast_members (movie_id, cast_member) VALUES (694, 'Barry Nelson');
INSERT INTO movie_genres (movie_id, genre) VALUES (694, 'Horror');
INSERT INTO movie_genres (movie_id, genre) VALUES (694, 'Thriller');
INSERT INTO movie_image_urls (movie_id, image_url) VALUES (694, 'https://image.tmdb.org/t/p/original/AdKA2F1SzYPhSZdEbjH1Zh75UVQ.jpg');
INSERT INTO movie_image_urls (movie_id, image_url) VALUES (694, 'https://image.tmdb.org/t/p/original/x1vmewr9K7sXOvwhntlUoorf12k.jpg');
INSERT INTO movie_image_urls (movie_id, image_url) VALUES (694, 'https://image.tmdb.org/t/p/original/dQMjySqD3rC8hSueCw3inXRJmIU.jpg');
INSERT INTO movie_image_urls (movie_id, image_url) VALUES (694, 'https://image.tmdb.org/t/p/original/hWbC1ix65Ln7GySSvt6oe31A9GY.jpg');

INSERT INTO movies (id, title, release_year, duration_minutes, country, language, synopsis, poster_image_url, backdrop_image_url) VALUES (618344, 'Justice League Dark: Apokolips War', 2020, 90, 'United States of America', 'English', 'Earth is decimated after intergalactic tyrant Darkseid has devastated the Justice League in a poorly executed war by the DC Super Heroes. Now the remaining bastions of good – the Justice League, Teen Titans, Suicide Squad and assorted others – must regroup, strategize and take the war to Darkseid in order to save the planet and its surviving inhabitants.', 'https://image.tmdb.org/t/p/w500/c01Y4suApJ1Wic2xLmaq1QYcfoZ.jpg', 'https://image.tmdb.org/t/p/original/miChhr7EXynB2R5JLvMcz2oBgi2.jpg') ON CONFLICT (id) DO UPDATE SET title = EXCLUDED.title, release_year = EXCLUDED.release_year, duration_minutes = EXCLUDED.duration_minutes, country = EXCLUDED.country, language = EXCLUDED.language, synopsis = EXCLUDED.synopsis, poster_image_url = EXCLUDED.poster_image_url, backdrop_image_url = EXCLUDED.backdrop_image_url;
INSERT INTO movie_directors (movie_id, director) VALUES (618344, 'Matt Peters');
INSERT INTO movie_directors (movie_id, director) VALUES (618344, 'Christina Sotta');
INSERT INTO movie_cast_members (movie_id, cast_member) VALUES (618344, 'Matt Ryan');
INSERT INTO movie_cast_members (movie_id, cast_member) VALUES (618344, 'Jerry O''Connell');
INSERT INTO movie_cast_members (movie_id, cast_member) VALUES (618344, 'Taissa Farmiga');
INSERT INTO movie_cast_members (movie_id, cast_member) VALUES (618344, 'Jason O''Mara');
INSERT INTO movie_cast_members (movie_id, cast_member) VALUES (618344, 'Rosario Dawson');
INSERT INTO movie_genres (movie_id, genre) VALUES (618344, 'Animation');
INSERT INTO movie_genres (movie_id, genre) VALUES (618344, 'Action');
INSERT INTO movie_genres (movie_id, genre) VALUES (618344, 'Adventure');
INSERT INTO movie_genres (movie_id, genre) VALUES (618344, 'Fantasy');
INSERT INTO movie_image_urls (movie_id, image_url) VALUES (618344, 'https://image.tmdb.org/t/p/original/5FWDakqUBpVOtNUY9Id48iIszPk.jpg');
INSERT INTO movie_image_urls (movie_id, image_url) VALUES (618344, 'https://image.tmdb.org/t/p/original/sQkRiQo3nLrQYMXZodDjNUJKHZV.jpg');
INSERT INTO movie_image_urls (movie_id, image_url) VALUES (618344, 'https://image.tmdb.org/t/p/original/ygCVyAfj3xFu1lzma3QUftAttEb.jpg');
INSERT INTO movie_image_urls (movie_id, image_url) VALUES (618344, 'https://image.tmdb.org/t/p/original/A95j1q2bYsvRfIdCiTPPvNJVfjI.jpg');

INSERT INTO movies (id, title, release_year, duration_minutes, country, language, synopsis, poster_image_url, backdrop_image_url) VALUES (11, 'Star Wars', 1977, 121, 'United States of America', 'English', 'Princess Leia is captured and held hostage by the evil Imperial forces in their effort to take over the galactic Empire. Venturesome Luke Skywalker and dashing captain Han Solo team together with the loveable robot duo R2-D2 and C-3PO to rescue the beautiful princess and restore peace and justice in the Empire.', 'https://image.tmdb.org/t/p/w500/6FfCtAuVAW8XJjZ7eWeLibRLWTw.jpg', 'https://image.tmdb.org/t/p/original/yUiXA68FfQeA8cRBhd0Ao0jIRZt.jpg') ON CONFLICT (id) DO UPDATE SET title = EXCLUDED.title, release_year = EXCLUDED.release_year, duration_minutes = EXCLUDED.duration_minutes, country = EXCLUDED.country, language = EXCLUDED.language, synopsis = EXCLUDED.synopsis, poster_image_url = EXCLUDED.poster_image_url, backdrop_image_url = EXCLUDED.backdrop_image_url;
INSERT INTO movie_directors (movie_id, director) VALUES (11, 'George Lucas');
INSERT INTO movie_cast_members (movie_id, cast_member) VALUES (11, 'Mark Hamill');
INSERT INTO movie_cast_members (movie_id, cast_member) VALUES (11, 'Harrison Ford');
INSERT INTO movie_cast_members (movie_id, cast_member) VALUES (11, 'Carrie Fisher');
INSERT INTO movie_cast_members (movie_id, cast_member) VALUES (11, 'Peter Cushing');
INSERT INTO movie_cast_members (movie_id, cast_member) VALUES (11, 'Alec Guinness');
INSERT INTO movie_genres (movie_id, genre) VALUES (11, 'Adventure');
INSERT INTO movie_genres (movie_id, genre) VALUES (11, 'Action');
INSERT INTO movie_genres (movie_id, genre) VALUES (11, 'Science Fiction');
INSERT INTO movie_image_urls (movie_id, image_url) VALUES (11, 'https://image.tmdb.org/t/p/original/4qCqAdHcNKeAHcK8tJ8wNJZa9cx.jpg');
INSERT INTO movie_image_urls (movie_id, image_url) VALUES (11, 'https://image.tmdb.org/t/p/original/3H94YlnYWVLKQKEnfTBKvrCmHmt.jpg');
INSERT INTO movie_image_urls (movie_id, image_url) VALUES (11, 'https://image.tmdb.org/t/p/original/2w4xG178RpB4MDAIfTkqAuSJzec.jpg');
INSERT INTO movie_image_urls (movie_id, image_url) VALUES (11, 'https://image.tmdb.org/t/p/original/zqkmTXzjkAgXmEWLRsY4UpTWCeo.jpg');

INSERT INTO movies (id, title, release_year, duration_minutes, country, language, synopsis, poster_image_url, backdrop_image_url) VALUES (315162, 'Puss in Boots: The Last Wish', 2022, 103, 'United States of America', 'English', 'Puss in Boots discovers that his passion for adventure has taken its toll: He has burned through eight of his nine lives, leaving him with only one life left. Puss sets out on an epic journey to find the mythical Last Wish and restore his nine lives.', 'https://image.tmdb.org/t/p/w500/kuf6dutpsT0vSVehic3EZIqkOBt.jpg', 'https://image.tmdb.org/t/p/original/jr8tSoJGj33XLgFBy6lmZhpGQNu.jpg') ON CONFLICT (id) DO UPDATE SET title = EXCLUDED.title, release_year = EXCLUDED.release_year, duration_minutes = EXCLUDED.duration_minutes, country = EXCLUDED.country, language = EXCLUDED.language, synopsis = EXCLUDED.synopsis, poster_image_url = EXCLUDED.poster_image_url, backdrop_image_url = EXCLUDED.backdrop_image_url;
INSERT INTO movie_directors (movie_id, director) VALUES (315162, 'Joel Crawford');
INSERT INTO movie_cast_members (movie_id, cast_member) VALUES (315162, 'Antonio Banderas');
INSERT INTO movie_cast_members (movie_id, cast_member) VALUES (315162, 'Salma Hayek Pinault');
INSERT INTO movie_cast_members (movie_id, cast_member) VALUES (315162, 'Harvey Guillén');
INSERT INTO movie_cast_members (movie_id, cast_member) VALUES (315162, 'Wagner Moura');
INSERT INTO movie_cast_members (movie_id, cast_member) VALUES (315162, 'Florence Pugh');
INSERT INTO movie_genres (movie_id, genre) VALUES (315162, 'Animation');
INSERT INTO movie_genres (movie_id, genre) VALUES (315162, 'Adventure');
INSERT INTO movie_genres (movie_id, genre) VALUES (315162, 'Fantasy');
INSERT INTO movie_genres (movie_id, genre) VALUES (315162, 'Comedy');
INSERT INTO movie_genres (movie_id, genre) VALUES (315162, 'Family');
INSERT INTO movie_image_urls (movie_id, image_url) VALUES (315162, 'https://image.tmdb.org/t/p/original/vOL1LE7BHaLfHhgssZr9a9jrtEC.jpg');
INSERT INTO movie_image_urls (movie_id, image_url) VALUES (315162, 'https://image.tmdb.org/t/p/original/tGwO4xcBjhXC0p5qlkw37TrH6S6.jpg');
INSERT INTO movie_image_urls (movie_id, image_url) VALUES (315162, 'https://image.tmdb.org/t/p/original/r9PkFnRUIthgBp2JZZzD380MWZy.jpg');
INSERT INTO movie_image_urls (movie_id, image_url) VALUES (315162, 'https://image.tmdb.org/t/p/original/ouB7hwclG7QI3INoYJHaZL4vOaa.jpg');

INSERT INTO movies (id, title, release_year, duration_minutes, country, language, synopsis, poster_image_url, backdrop_image_url) VALUES (635302, 'Demon Slayer -Kimetsu no Yaiba- The Movie: Mugen Train', 2020, 117, 'Japan', 'Japanese', 'Tanjiro Kamado, joined with Inosuke Hashibira, a boy raised by boars who wears a boar''s head, and Zenitsu Agatsuma, a scared boy who reveals his true power when he sleeps, boards the Infinity Train on a new mission with the Fire Hashira, Kyojuro Rengoku, to defeat a demon who has been tormenting the people and killing the demon slayers who oppose it!', 'https://image.tmdb.org/t/p/w500/h8Rb9gBr48ODIwYUttZNYeMWeUU.jpg', 'https://image.tmdb.org/t/p/original/xPpXYnCWfjkt3zzE0dpCNME1pXF.jpg') ON CONFLICT (id) DO UPDATE SET title = EXCLUDED.title, release_year = EXCLUDED.release_year, duration_minutes = EXCLUDED.duration_minutes, country = EXCLUDED.country, language = EXCLUDED.language, synopsis = EXCLUDED.synopsis, poster_image_url = EXCLUDED.poster_image_url, backdrop_image_url = EXCLUDED.backdrop_image_url;
INSERT INTO movie_directors (movie_id, director) VALUES (635302, 'Haruo Sotozaki');
INSERT INTO movie_cast_members (movie_id, cast_member) VALUES (635302, 'Natsuki Hanae');
INSERT INTO movie_cast_members (movie_id, cast_member) VALUES (635302, 'Akari Kito');
INSERT INTO movie_cast_members (movie_id, cast_member) VALUES (635302, 'Hiro Shimono');
INSERT INTO movie_cast_members (movie_id, cast_member) VALUES (635302, 'Yoshitsugu Matsuoka');
INSERT INTO movie_cast_members (movie_id, cast_member) VALUES (635302, 'Satoshi Hino');
INSERT INTO movie_genres (movie_id, genre) VALUES (635302, 'Animation');
INSERT INTO movie_genres (movie_id, genre) VALUES (635302, 'Action');
INSERT INTO movie_genres (movie_id, genre) VALUES (635302, 'Fantasy');
INSERT INTO movie_image_urls (movie_id, image_url) VALUES (635302, 'https://image.tmdb.org/t/p/original/qjGrUmKW78MCFG8PTLDBp67S27p.jpg');
INSERT INTO movie_image_urls (movie_id, image_url) VALUES (635302, 'https://image.tmdb.org/t/p/original/3FVe3OAdgz060JaxIAaUl5lo6cx.jpg');
INSERT INTO movie_image_urls (movie_id, image_url) VALUES (635302, 'https://image.tmdb.org/t/p/original/mSxX4ypI7K1kpK50ARZ27kskiuy.jpg');
INSERT INTO movie_image_urls (movie_id, image_url) VALUES (635302, 'https://image.tmdb.org/t/p/original/fF4dOdQk6hUew6KYrjIPrZavZWV.jpg');

INSERT INTO movies (id, title, release_year, duration_minutes, country, language, synopsis, poster_image_url, backdrop_image_url) VALUES (11324, 'Shutter Island', 2010, 138, 'United States of America', 'English', 'World War II soldier-turned-U.S. Marshal Teddy Daniels investigates the disappearance of a patient from a hospital for the criminally insane, but his efforts are compromised by troubling visions and a mysterious doctor.', 'https://image.tmdb.org/t/p/w500/nrmXQ0zcZUL8jFLrakWc90IR8z9.jpg', 'https://image.tmdb.org/t/p/original/rbZvGN1A1QyZuoKzhCw8QPmf2q0.jpg') ON CONFLICT (id) DO UPDATE SET title = EXCLUDED.title, release_year = EXCLUDED.release_year, duration_minutes = EXCLUDED.duration_minutes, country = EXCLUDED.country, language = EXCLUDED.language, synopsis = EXCLUDED.synopsis, poster_image_url = EXCLUDED.poster_image_url, backdrop_image_url = EXCLUDED.backdrop_image_url;
INSERT INTO movie_directors (movie_id, director) VALUES (11324, 'Martin Scorsese');
INSERT INTO movie_cast_members (movie_id, cast_member) VALUES (11324, 'Leonardo DiCaprio');
INSERT INTO movie_cast_members (movie_id, cast_member) VALUES (11324, 'Mark Ruffalo');
INSERT INTO movie_cast_members (movie_id, cast_member) VALUES (11324, 'Ben Kingsley');
INSERT INTO movie_cast_members (movie_id, cast_member) VALUES (11324, 'Max von Sydow');
INSERT INTO movie_cast_members (movie_id, cast_member) VALUES (11324, 'Michelle Williams');
INSERT INTO movie_genres (movie_id, genre) VALUES (11324, 'Drama');
INSERT INTO movie_genres (movie_id, genre) VALUES (11324, 'Thriller');
INSERT INTO movie_genres (movie_id, genre) VALUES (11324, 'Mystery');
INSERT INTO movie_image_urls (movie_id, image_url) VALUES (11324, 'https://image.tmdb.org/t/p/original/8xt8AMb1OKC63AdhNSaYBWxB4Iq.jpg');
INSERT INTO movie_image_urls (movie_id, image_url) VALUES (11324, 'https://image.tmdb.org/t/p/original/yJXDsrRywSfwG7IyvytzHdeAYnR.jpg');
INSERT INTO movie_image_urls (movie_id, image_url) VALUES (11324, 'https://image.tmdb.org/t/p/original/6TMcyW2qbwvQfTGoQon7JNeaYOD.jpg');
INSERT INTO movie_image_urls (movie_id, image_url) VALUES (11324, 'https://image.tmdb.org/t/p/original/A9lezV9kggHeRlIFkQZXnDFpUUA.jpg');

INSERT INTO movies (id, title, release_year, duration_minutes, country, language, synopsis, poster_image_url, backdrop_image_url) VALUES (13494, 'Red Sonja', 2025, 111, 'United States of America', 'English', 'A young girl rises from the ashes of tragedy to become the most feared warrior woman of all time: the She-Devil with a Sword.', 'https://image.tmdb.org/t/p/w500/aE3yh4y0h96CZZpLo0UDFMWZAA9.jpg', 'https://image.tmdb.org/t/p/original/xSD0q1FiuZkvHuy7uscOLbmd1hR.jpg') ON CONFLICT (id) DO UPDATE SET title = EXCLUDED.title, release_year = EXCLUDED.release_year, duration_minutes = EXCLUDED.duration_minutes, country = EXCLUDED.country, language = EXCLUDED.language, synopsis = EXCLUDED.synopsis, poster_image_url = EXCLUDED.poster_image_url, backdrop_image_url = EXCLUDED.backdrop_image_url;
INSERT INTO movie_directors (movie_id, director) VALUES (13494, 'MJ Bassett');
INSERT INTO movie_cast_members (movie_id, cast_member) VALUES (13494, 'Matilda Lutz');
INSERT INTO movie_cast_members (movie_id, cast_member) VALUES (13494, 'Robert Sheehan');
INSERT INTO movie_cast_members (movie_id, cast_member) VALUES (13494, 'Wallis Day');
INSERT INTO movie_cast_members (movie_id, cast_member) VALUES (13494, 'Luke Pasqualino');
INSERT INTO movie_cast_members (movie_id, cast_member) VALUES (13494, 'Michael Bisping');
INSERT INTO movie_genres (movie_id, genre) VALUES (13494, 'Adventure');
INSERT INTO movie_genres (movie_id, genre) VALUES (13494, 'Action');
INSERT INTO movie_genres (movie_id, genre) VALUES (13494, 'Fantasy');
INSERT INTO movie_genres (movie_id, genre) VALUES (13494, 'Drama');
INSERT INTO movie_image_urls (movie_id, image_url) VALUES (13494, 'https://image.tmdb.org/t/p/original/jQv3Zp22u6kDa4nlTvItpQDsrNy.jpg');
INSERT INTO movie_image_urls (movie_id, image_url) VALUES (13494, 'https://image.tmdb.org/t/p/original/oxTbnNf4NcMkyyXUzIjFDy0M3xX.jpg');
INSERT INTO movie_image_urls (movie_id, image_url) VALUES (13494, 'https://image.tmdb.org/t/p/original/tg164IsHNutWqVp01wT2h33TakB.jpg');
INSERT INTO movie_image_urls (movie_id, image_url) VALUES (13494, 'https://image.tmdb.org/t/p/original/zisgiucpq1xsNpgmio3XVukIxHc.jpg');

INSERT INTO movies (id, title, release_year, duration_minutes, country, language, synopsis, poster_image_url, backdrop_image_url) VALUES (1625253, 'Football 17776', 2026, 15, NULL, 'en', 'In the distant future, three sentient space probes observe two humans traveling to watch an evolved form of American football.', 'https://image.tmdb.org/t/p/w500/p1X84NZKkwW72Fq7owNKRHmo5V7.jpg', NULL) ON CONFLICT (id) DO UPDATE SET title = EXCLUDED.title, release_year = EXCLUDED.release_year, duration_minutes = EXCLUDED.duration_minutes, country = EXCLUDED.country, language = EXCLUDED.language, synopsis = EXCLUDED.synopsis, poster_image_url = EXCLUDED.poster_image_url, backdrop_image_url = EXCLUDED.backdrop_image_url;
INSERT INTO movie_directors (movie_id, director) VALUES (1625253, 'Apollo Nava');
INSERT INTO movie_cast_members (movie_id, cast_member) VALUES (1625253, 'Tyler Riggers');
INSERT INTO movie_cast_members (movie_id, cast_member) VALUES (1625253, 'Juliette Dias');
INSERT INTO movie_cast_members (movie_id, cast_member) VALUES (1625253, 'Dallas Ordulu');
INSERT INTO movie_cast_members (movie_id, cast_member) VALUES (1625253, 'Maya Vasquez');
INSERT INTO movie_cast_members (movie_id, cast_member) VALUES (1625253, 'Alvin Flang');
INSERT INTO movie_genres (movie_id, genre) VALUES (1625253, 'Science Fiction');

INSERT INTO movies (id, title, release_year, duration_minutes, country, language, synopsis, poster_image_url, backdrop_image_url) VALUES (804370, 'Arco', 2025, 89, 'France', 'French', '10-year-old Arco lives in a far future. During his first flight in his rainbow suit, he loses control and falls into the past. Iris, a girl his age from 2075, comes to his rescue and tries by all means to help send him back to his era.', 'https://image.tmdb.org/t/p/w500/mWlvHFxTDhq9O5WSOHywa32QIez.jpg', 'https://image.tmdb.org/t/p/original/reQELo8rDiLIOoYIA7M6q7KGRW0.jpg') ON CONFLICT (id) DO UPDATE SET title = EXCLUDED.title, release_year = EXCLUDED.release_year, duration_minutes = EXCLUDED.duration_minutes, country = EXCLUDED.country, language = EXCLUDED.language, synopsis = EXCLUDED.synopsis, poster_image_url = EXCLUDED.poster_image_url, backdrop_image_url = EXCLUDED.backdrop_image_url;
INSERT INTO movie_directors (movie_id, director) VALUES (804370, 'Ugo Bienvenu');
INSERT INTO movie_cast_members (movie_id, cast_member) VALUES (804370, 'Margot Ringard Oldra');
INSERT INTO movie_cast_members (movie_id, cast_member) VALUES (804370, 'Oscar Tresanini');
INSERT INTO movie_cast_members (movie_id, cast_member) VALUES (804370, 'Nathanaël Perrot');
INSERT INTO movie_cast_members (movie_id, cast_member) VALUES (804370, 'Alma Jodorowsky');
INSERT INTO movie_cast_members (movie_id, cast_member) VALUES (804370, 'Swann Arlaud');
INSERT INTO movie_genres (movie_id, genre) VALUES (804370, 'Animation');
INSERT INTO movie_genres (movie_id, genre) VALUES (804370, 'Adventure');
INSERT INTO movie_genres (movie_id, genre) VALUES (804370, 'Fantasy');
INSERT INTO movie_genres (movie_id, genre) VALUES (804370, 'Family');
INSERT INTO movie_genres (movie_id, genre) VALUES (804370, 'Science Fiction');
INSERT INTO movie_image_urls (movie_id, image_url) VALUES (804370, 'https://image.tmdb.org/t/p/original/upvaYJFfSDmMUrG7rur3iUrHoli.jpg');
INSERT INTO movie_image_urls (movie_id, image_url) VALUES (804370, 'https://image.tmdb.org/t/p/original/fjjyBrvbgTAm7p8xpa1cxyykN57.jpg');
INSERT INTO movie_image_urls (movie_id, image_url) VALUES (804370, 'https://image.tmdb.org/t/p/original/dBbbPY9ITxqmTSS2cJO1lynejED.jpg');
INSERT INTO movie_image_urls (movie_id, image_url) VALUES (804370, 'https://image.tmdb.org/t/p/original/bmmldRpJq5aHw6LigQktx6RkHxX.jpg');

INSERT INTO movies (id, title, release_year, duration_minutes, country, language, synopsis, poster_image_url, backdrop_image_url) VALUES (281957, 'The Revenant', 2015, 157, 'Canada', 'English', 'In the 1820s, a frontiersman, Hugh Glass, sets out on a path of vengeance against those who left him for dead after a bear mauling.', 'https://image.tmdb.org/t/p/w500/ji3ecJphATlVgWNY0B0RVXZizdf.jpg', 'https://image.tmdb.org/t/p/original/mNQtUJv1F3u0uSKILFrGjIHqkxx.jpg') ON CONFLICT (id) DO UPDATE SET title = EXCLUDED.title, release_year = EXCLUDED.release_year, duration_minutes = EXCLUDED.duration_minutes, country = EXCLUDED.country, language = EXCLUDED.language, synopsis = EXCLUDED.synopsis, poster_image_url = EXCLUDED.poster_image_url, backdrop_image_url = EXCLUDED.backdrop_image_url;
INSERT INTO movie_directors (movie_id, director) VALUES (281957, 'Alejandro González Iñárritu');
INSERT INTO movie_cast_members (movie_id, cast_member) VALUES (281957, 'Leonardo DiCaprio');
INSERT INTO movie_cast_members (movie_id, cast_member) VALUES (281957, 'Tom Hardy');
INSERT INTO movie_cast_members (movie_id, cast_member) VALUES (281957, 'Domhnall Gleeson');
INSERT INTO movie_cast_members (movie_id, cast_member) VALUES (281957, 'Will Poulter');
INSERT INTO movie_cast_members (movie_id, cast_member) VALUES (281957, 'Forrest Goodluck');
INSERT INTO movie_genres (movie_id, genre) VALUES (281957, 'Western');
INSERT INTO movie_genres (movie_id, genre) VALUES (281957, 'Drama');
INSERT INTO movie_genres (movie_id, genre) VALUES (281957, 'Adventure');
INSERT INTO movie_image_urls (movie_id, image_url) VALUES (281957, 'https://image.tmdb.org/t/p/original/sGOw65ZmfgGfistCjuNsazjs6j9.jpg');
INSERT INTO movie_image_urls (movie_id, image_url) VALUES (281957, 'https://image.tmdb.org/t/p/original/h1wHQLdCguHPqcyixVBkUcb3OVy.jpg');
INSERT INTO movie_image_urls (movie_id, image_url) VALUES (281957, 'https://image.tmdb.org/t/p/original/5GaObez2Ei4YHo4NAGRlIdrJ94i.jpg');
INSERT INTO movie_image_urls (movie_id, image_url) VALUES (281957, 'https://image.tmdb.org/t/p/original/k6Dbqm8FMTvxBceqe3RnYHoXj7X.jpg');

INSERT INTO movies (id, title, release_year, duration_minutes, country, language, synopsis, poster_image_url, backdrop_image_url) VALUES (1220522, 'Dacoit', 2026, 152, 'India', 'Telugu', 'A man is convicted for a crime he didn''t commit owing to a betrayal by his better half. He hunts her down seeking vengeance, as their stories intertwine with a series of robberies.', 'https://image.tmdb.org/t/p/w500/lbrnJY7E0a9xxgj2cotNp6YI4dz.jpg', 'https://image.tmdb.org/t/p/original/xiygh1obva8ieo7cxXmpLbA2e7K.jpg') ON CONFLICT (id) DO UPDATE SET title = EXCLUDED.title, release_year = EXCLUDED.release_year, duration_minutes = EXCLUDED.duration_minutes, country = EXCLUDED.country, language = EXCLUDED.language, synopsis = EXCLUDED.synopsis, poster_image_url = EXCLUDED.poster_image_url, backdrop_image_url = EXCLUDED.backdrop_image_url;
INSERT INTO movie_directors (movie_id, director) VALUES (1220522, 'Shaneil Deo');
INSERT INTO movie_cast_members (movie_id, cast_member) VALUES (1220522, 'Adivi Sesh');
INSERT INTO movie_cast_members (movie_id, cast_member) VALUES (1220522, 'Mrunal Thakur');
INSERT INTO movie_cast_members (movie_id, cast_member) VALUES (1220522, 'Anurag Kashyap');
INSERT INTO movie_cast_members (movie_id, cast_member) VALUES (1220522, 'Prakash Raj');
INSERT INTO movie_cast_members (movie_id, cast_member) VALUES (1220522, 'Sunil Varma');
INSERT INTO movie_genres (movie_id, genre) VALUES (1220522, 'Action');
INSERT INTO movie_genres (movie_id, genre) VALUES (1220522, 'Romance');
INSERT INTO movie_genres (movie_id, genre) VALUES (1220522, 'Thriller');

INSERT INTO movies (id, title, release_year, duration_minutes, country, language, synopsis, poster_image_url, backdrop_image_url) VALUES (650524, 'Back to the Past', 2025, 107, 'Hong Kong', 'Cantonese', 'In the Qin Dynasty, time-traveller Hong Siu-lung has lived in seclusion with his family for twenty years. Yet every step he takes remains under the watchful eye of his former disciple, now the Qin Emperor. On the brink of ultimate power after conquering the six warring states, the emperor is suddenly ambushed by a mysterious team wielding advanced weapons clearly originating from Hong’s time. Drawn together by fate again, Hong and Qin Emperor are forced to confront the long-buried conflict between them, because the future now depends on how they settle their past.', 'https://image.tmdb.org/t/p/w500/h3OUaPfCaFmzwB2eMHik50RsXlP.jpg', 'https://image.tmdb.org/t/p/original/gpJr8wRED8BpBVaxM0eODQEBNwC.jpg') ON CONFLICT (id) DO UPDATE SET title = EXCLUDED.title, release_year = EXCLUDED.release_year, duration_minutes = EXCLUDED.duration_minutes, country = EXCLUDED.country, language = EXCLUDED.language, synopsis = EXCLUDED.synopsis, poster_image_url = EXCLUDED.poster_image_url, backdrop_image_url = EXCLUDED.backdrop_image_url;
INSERT INTO movie_directors (movie_id, director) VALUES (650524, 'Jack Lai Jan-Lung');
INSERT INTO movie_directors (movie_id, director) VALUES (650524, 'Ng Yuen-Fai');
INSERT INTO movie_cast_members (movie_id, cast_member) VALUES (650524, 'Louis Koo');
INSERT INTO movie_cast_members (movie_id, cast_member) VALUES (650524, 'Raymond Lam Fung');
INSERT INTO movie_cast_members (movie_id, cast_member) VALUES (650524, 'Bai Baihe');
INSERT INTO movie_cast_members (movie_id, cast_member) VALUES (650524, 'Jessica Hsuan');
INSERT INTO movie_cast_members (movie_id, cast_member) VALUES (650524, 'Sonija Kwok Sin-Nae');
INSERT INTO movie_genres (movie_id, genre) VALUES (650524, 'Science Fiction');
INSERT INTO movie_genres (movie_id, genre) VALUES (650524, 'Action');
INSERT INTO movie_genres (movie_id, genre) VALUES (650524, 'Comedy');
INSERT INTO movie_image_urls (movie_id, image_url) VALUES (650524, 'https://image.tmdb.org/t/p/original/3SHj3Q0RkYgzvE5HS9KVrCl0yJu.jpg');
INSERT INTO movie_image_urls (movie_id, image_url) VALUES (650524, 'https://image.tmdb.org/t/p/original/47WNOX6AGfYqw7QgSLV4OnWi1yz.jpg');
INSERT INTO movie_image_urls (movie_id, image_url) VALUES (650524, 'https://image.tmdb.org/t/p/original/byhNiBoJy4y2GCH3GIqbysu9mUo.jpg');
INSERT INTO movie_image_urls (movie_id, image_url) VALUES (650524, 'https://image.tmdb.org/t/p/original/l3DA0RP4w1yyiPLe4w3fVWVtXGj.jpg');

INSERT INTO movies (id, title, release_year, duration_minutes, country, language, synopsis, poster_image_url, backdrop_image_url) VALUES (1209511, 'Love Insurance Kompany', 2026, 156, 'India', 'Tamil', 'In the year 2040, a love-based app that is premised on ensuring love for all people is used widely by the population. When Vibe Vassey, the voice behind the app''s AI finds out about it''s misconception to true love, he begins on a quest to prove that love does not come from a screen, it comes from within.', 'https://image.tmdb.org/t/p/w500/5h35Cef8Poahc69PgzrKOm7eg5M.jpg', 'https://image.tmdb.org/t/p/original/woos7rldBAKG99HmcbNZNpMjwNk.jpg') ON CONFLICT (id) DO UPDATE SET title = EXCLUDED.title, release_year = EXCLUDED.release_year, duration_minutes = EXCLUDED.duration_minutes, country = EXCLUDED.country, language = EXCLUDED.language, synopsis = EXCLUDED.synopsis, poster_image_url = EXCLUDED.poster_image_url, backdrop_image_url = EXCLUDED.backdrop_image_url;
INSERT INTO movie_directors (movie_id, director) VALUES (1209511, 'Vignesh Shivan');
INSERT INTO movie_cast_members (movie_id, cast_member) VALUES (1209511, 'Pradeep Ranganathan');
INSERT INTO movie_cast_members (movie_id, cast_member) VALUES (1209511, 'Krithi Shetty');
INSERT INTO movie_cast_members (movie_id, cast_member) VALUES (1209511, 'S. J. Suryah');
INSERT INTO movie_cast_members (movie_id, cast_member) VALUES (1209511, 'Yogi Babu');
INSERT INTO movie_cast_members (movie_id, cast_member) VALUES (1209511, 'Gouri G Kishan');
INSERT INTO movie_genres (movie_id, genre) VALUES (1209511, 'Romance');
INSERT INTO movie_genres (movie_id, genre) VALUES (1209511, 'Science Fiction');
INSERT INTO movie_genres (movie_id, genre) VALUES (1209511, 'Comedy');
INSERT INTO movie_image_urls (movie_id, image_url) VALUES (1209511, 'https://image.tmdb.org/t/p/original/xFdLd3g1U49yAPxhN6FlpAiOyx8.jpg');
INSERT INTO movie_image_urls (movie_id, image_url) VALUES (1209511, 'https://image.tmdb.org/t/p/original/qKSD5OkgZBTVB9heQ1lf2FytLTq.jpg');
INSERT INTO movie_image_urls (movie_id, image_url) VALUES (1209511, 'https://image.tmdb.org/t/p/original/3C1E0kT64MfxSef1c4mb0ilRFt4.jpg');

INSERT INTO movies (id, title, release_year, duration_minutes, country, language, synopsis, poster_image_url, backdrop_image_url) VALUES (1217584, 'Torrente for President', 2026, 103, 'Spain', 'Spanish', 'Years have passed since his last adventure, but José Luis Torrente, the most politically incorrect former cop in Spain, still sees himself as a national hero.', 'https://image.tmdb.org/t/p/w500/yrDKwAdZRJjoQ9RZwzRGPpMC7U1.jpg', 'https://image.tmdb.org/t/p/original/y1Vj3R6puWZebFH8OQirt6hMtwj.jpg') ON CONFLICT (id) DO UPDATE SET title = EXCLUDED.title, release_year = EXCLUDED.release_year, duration_minutes = EXCLUDED.duration_minutes, country = EXCLUDED.country, language = EXCLUDED.language, synopsis = EXCLUDED.synopsis, poster_image_url = EXCLUDED.poster_image_url, backdrop_image_url = EXCLUDED.backdrop_image_url;
INSERT INTO movie_directors (movie_id, director) VALUES (1217584, 'Santiago Segura');
INSERT INTO movie_cast_members (movie_id, cast_member) VALUES (1217584, 'Santiago Segura');
INSERT INTO movie_cast_members (movie_id, cast_member) VALUES (1217584, 'Fernando Esteso');
INSERT INTO movie_cast_members (movie_id, cast_member) VALUES (1217584, 'Gabino Diego');
INSERT INTO movie_cast_members (movie_id, cast_member) VALUES (1217584, 'Carlos Areces');
INSERT INTO movie_cast_members (movie_id, cast_member) VALUES (1217584, 'Josele Román');
INSERT INTO movie_genres (movie_id, genre) VALUES (1217584, 'Comedy');
INSERT INTO movie_image_urls (movie_id, image_url) VALUES (1217584, 'https://image.tmdb.org/t/p/original/mFO3Y2l0INn1jHHGq8qKmrVJkY9.jpg');

INSERT INTO movies (id, title, release_year, duration_minutes, country, language, synopsis, poster_image_url, backdrop_image_url) VALUES (1288072, 'Keeper', 2025, 99, 'Canada', 'English', 'Liz and Malcolm escape for a romantic anniversary weekend at a secluded cabin. When Malcolm suddenly returns to the city, Liz finds herself isolated and in the presence of an unspeakable evil that reveals the cabin''s horrifying secrets.', 'https://image.tmdb.org/t/p/w500/mbGHijUc0C3fcM12l6ro6FgxIvg.jpg', 'https://image.tmdb.org/t/p/original/8GjH1BU5PtoqAlhMeXQ46eq9z1D.jpg') ON CONFLICT (id) DO UPDATE SET title = EXCLUDED.title, release_year = EXCLUDED.release_year, duration_minutes = EXCLUDED.duration_minutes, country = EXCLUDED.country, language = EXCLUDED.language, synopsis = EXCLUDED.synopsis, poster_image_url = EXCLUDED.poster_image_url, backdrop_image_url = EXCLUDED.backdrop_image_url;
INSERT INTO movie_directors (movie_id, director) VALUES (1288072, 'Osgood Perkins');
INSERT INTO movie_cast_members (movie_id, cast_member) VALUES (1288072, 'Tatiana Maslany');
INSERT INTO movie_cast_members (movie_id, cast_member) VALUES (1288072, 'Rossif Sutherland');
INSERT INTO movie_cast_members (movie_id, cast_member) VALUES (1288072, 'Birkett Turton');
INSERT INTO movie_cast_members (movie_id, cast_member) VALUES (1288072, 'Eden Weiss');
INSERT INTO movie_cast_members (movie_id, cast_member) VALUES (1288072, 'Cassandra Ebner');
INSERT INTO movie_genres (movie_id, genre) VALUES (1288072, 'Horror');
INSERT INTO movie_genres (movie_id, genre) VALUES (1288072, 'Mystery');
INSERT INTO movie_image_urls (movie_id, image_url) VALUES (1288072, 'https://image.tmdb.org/t/p/original/78tftbMaRfNXqhnDLkKRrFEmSGm.jpg');
INSERT INTO movie_image_urls (movie_id, image_url) VALUES (1288072, 'https://image.tmdb.org/t/p/original/1L17tPJJ2JCHDAYwCQ0o178YJXV.jpg');
INSERT INTO movie_image_urls (movie_id, image_url) VALUES (1288072, 'https://image.tmdb.org/t/p/original/kUuWEOgqlVqcXsXujJPK8C6kjum.jpg');
INSERT INTO movie_image_urls (movie_id, image_url) VALUES (1288072, 'https://image.tmdb.org/t/p/original/4Wxm2eYL7Z1mEQnsuUl9FytIvr8.jpg');

INSERT INTO movies (id, title, release_year, duration_minutes, country, language, synopsis, poster_image_url, backdrop_image_url) VALUES (1641962, 'Untold: Chess Mates', 2026, 75, 'United States of America', 'English', 'Magnus Carlsen, widely regarded as the greatest chess player of all time, is challenged by Hans Niemann, a rising star who capitalizes on the meteoric growth of online chess. Niemann’s ascension culminated in an epic, controversy-shrouded victory over Carlsen at the 2022 Sinquefield Cup, which eventually led to allegations and revelations of cheating. Determined to clear his name, Niemann fights his way back to the top of the chess world, setting the stage for a high-stakes rematch with Carlsen in 2024.', 'https://image.tmdb.org/t/p/w500/oC68KgbyFiraKJRdUedQI9aXBF.jpg', 'https://image.tmdb.org/t/p/original/8SEs6yUgrE5shU8tqXuR2MQIdlc.jpg') ON CONFLICT (id) DO UPDATE SET title = EXCLUDED.title, release_year = EXCLUDED.release_year, duration_minutes = EXCLUDED.duration_minutes, country = EXCLUDED.country, language = EXCLUDED.language, synopsis = EXCLUDED.synopsis, poster_image_url = EXCLUDED.poster_image_url, backdrop_image_url = EXCLUDED.backdrop_image_url;
INSERT INTO movie_directors (movie_id, director) VALUES (1641962, 'Thomas Tancred');
INSERT INTO movie_cast_members (movie_id, cast_member) VALUES (1641962, 'Magnus Carlsen');
INSERT INTO movie_cast_members (movie_id, cast_member) VALUES (1641962, 'Hans Niemann');
INSERT INTO movie_cast_members (movie_id, cast_member) VALUES (1641962, 'Danny Rensch');
INSERT INTO movie_cast_members (movie_id, cast_member) VALUES (1641962, 'Erik Allebest');
INSERT INTO movie_cast_members (movie_id, cast_member) VALUES (1641962, 'Hikaru Nakamura');
INSERT INTO movie_genres (movie_id, genre) VALUES (1641962, 'Documentary');
INSERT INTO movie_image_urls (movie_id, image_url) VALUES (1641962, 'https://image.tmdb.org/t/p/original/6sTORLEGSi0qfqrsBiJ6u4a3y2O.jpg');
INSERT INTO movie_image_urls (movie_id, image_url) VALUES (1641962, 'https://image.tmdb.org/t/p/original/7U87dOrW4Kegr3LomRJLtMFrMQR.jpg');
INSERT INTO movie_image_urls (movie_id, image_url) VALUES (1641962, 'https://image.tmdb.org/t/p/original/SIbjkLB2y4GmQvqiAlLhe6CpdM.jpg');
INSERT INTO movie_image_urls (movie_id, image_url) VALUES (1641962, 'https://image.tmdb.org/t/p/original/pFn30SGRvoniEtT8XAnsR2oKjRT.jpg');

INSERT INTO movies (id, title, release_year, duration_minutes, country, language, synopsis, poster_image_url, backdrop_image_url) VALUES (1653996, 'Perros y Diablos', 2026, 1, NULL, 'es', 'Synopsis unavailable.', 'https://image.tmdb.org/t/p/w500/7ateP8tehPJOk7kdvIuH4co99Ls.jpg', 'https://image.tmdb.org/t/p/original/26zvwI9PFVW3b7hEz16A7isxjv6.jpg') ON CONFLICT (id) DO UPDATE SET title = EXCLUDED.title, release_year = EXCLUDED.release_year, duration_minutes = EXCLUDED.duration_minutes, country = EXCLUDED.country, language = EXCLUDED.language, synopsis = EXCLUDED.synopsis, poster_image_url = EXCLUDED.poster_image_url, backdrop_image_url = EXCLUDED.backdrop_image_url;
INSERT INTO movie_directors (movie_id, director) VALUES (1653996, 'Unknown');
INSERT INTO movie_cast_members (movie_id, cast_member) VALUES (1653996, 'Aquilino Gamazo');
INSERT INTO movie_cast_members (movie_id, cast_member) VALUES (1653996, 'Antonio Coca');
INSERT INTO movie_cast_members (movie_id, cast_member) VALUES (1653996, 'Joaquín Núñez');
INSERT INTO movie_genres (movie_id, genre) VALUES (1653996, 'Drama');
INSERT INTO movie_genres (movie_id, genre) VALUES (1653996, 'Thriller');
INSERT INTO movie_image_urls (movie_id, image_url) VALUES (1653996, 'https://image.tmdb.org/t/p/original/6H8ECI0daR7IMlidsgtwujaoa95.jpg');
INSERT INTO movie_image_urls (movie_id, image_url) VALUES (1653996, 'https://image.tmdb.org/t/p/original/w29sYvFujcFHfsMi3La7k5gisi8.jpg');
INSERT INTO movie_image_urls (movie_id, image_url) VALUES (1653996, 'https://image.tmdb.org/t/p/original/cz3qHmppiL6TxIWSYnPaWmc5p27.jpg');

INSERT INTO movies (id, title, release_year, duration_minutes, country, language, synopsis, poster_image_url, backdrop_image_url) VALUES (1131759, 'Omniscient Reader: The Prophecy', 2025, 117, 'South Korea', 'Korean', 'Kim Dok-ja, an ordinary man in his 20s, is the only reader of an obscure web novel titled "Three Ways to Survive the Apocalypse". After having read the last chapter, the novel suddenly becomes reality, and its omnipotent hero Yu Jung-hyeok appears before Kim. As the only person who knows how to survive in this world, Kim and his companions strive to save the world by writing his own, new ending.', 'https://image.tmdb.org/t/p/w500/uXdKubg6wHG9poAsKweUM1zQpdy.jpg', 'https://image.tmdb.org/t/p/original/mZGsJUzQ4dONUBccxhImBqxaSQt.jpg') ON CONFLICT (id) DO UPDATE SET title = EXCLUDED.title, release_year = EXCLUDED.release_year, duration_minutes = EXCLUDED.duration_minutes, country = EXCLUDED.country, language = EXCLUDED.language, synopsis = EXCLUDED.synopsis, poster_image_url = EXCLUDED.poster_image_url, backdrop_image_url = EXCLUDED.backdrop_image_url;
INSERT INTO movie_directors (movie_id, director) VALUES (1131759, 'Kim Byung-woo');
INSERT INTO movie_cast_members (movie_id, cast_member) VALUES (1131759, 'Ahn Hyo-seop');
INSERT INTO movie_cast_members (movie_id, cast_member) VALUES (1131759, 'Lee Min-ho');
INSERT INTO movie_cast_members (movie_id, cast_member) VALUES (1131759, 'Chae Soo-bin');
INSERT INTO movie_cast_members (movie_id, cast_member) VALUES (1131759, 'Shin Seung-ho');
INSERT INTO movie_cast_members (movie_id, cast_member) VALUES (1131759, 'Nana');
INSERT INTO movie_genres (movie_id, genre) VALUES (1131759, 'Action');
INSERT INTO movie_genres (movie_id, genre) VALUES (1131759, 'Adventure');
INSERT INTO movie_genres (movie_id, genre) VALUES (1131759, 'Fantasy');
INSERT INTO movie_image_urls (movie_id, image_url) VALUES (1131759, 'https://image.tmdb.org/t/p/original/5ZikntVjT9m4x9ABQ5HDtCh72nq.jpg');
INSERT INTO movie_image_urls (movie_id, image_url) VALUES (1131759, 'https://image.tmdb.org/t/p/original/fP6L6V42980QmuoyyGXCmWphwpT.jpg');
INSERT INTO movie_image_urls (movie_id, image_url) VALUES (1131759, 'https://image.tmdb.org/t/p/original/nUFOjWElW4lqIdlR5oMcqneLLKS.jpg');
INSERT INTO movie_image_urls (movie_id, image_url) VALUES (1131759, 'https://image.tmdb.org/t/p/original/dUyqNdM8gMsRICA5xNLzIBv4O3E.jpg');

INSERT INTO movies (id, title, release_year, duration_minutes, country, language, synopsis, poster_image_url, backdrop_image_url) VALUES (1280282, 'Gabby''s Dollhouse: The Movie', 2025, 98, 'United States of America', 'Spanish', 'Gabby heads out on a road trip with her Grandma Gigi to the urban wonderland of Cat Francisco. But when Gabby''s dollhouse, her most prized possession, ends up in the hands of an eccentric cat lady named Vera, Gabby sets off on an adventure through the real world to get the Gabby Cats back together and save the dollhouse before it''s too late.', 'https://image.tmdb.org/t/p/w500/t6LLguAmu6iZUN8pWhT7Q0IcaQ5.jpg', 'https://image.tmdb.org/t/p/original/MrcSSzWGsXf2IUJpjPPFLlNbjX.jpg') ON CONFLICT (id) DO UPDATE SET title = EXCLUDED.title, release_year = EXCLUDED.release_year, duration_minutes = EXCLUDED.duration_minutes, country = EXCLUDED.country, language = EXCLUDED.language, synopsis = EXCLUDED.synopsis, poster_image_url = EXCLUDED.poster_image_url, backdrop_image_url = EXCLUDED.backdrop_image_url;
INSERT INTO movie_directors (movie_id, director) VALUES (1280282, 'Ryan Crego');
INSERT INTO movie_cast_members (movie_id, cast_member) VALUES (1280282, 'Laila Lockhart Kraner');
INSERT INTO movie_cast_members (movie_id, cast_member) VALUES (1280282, 'Gloria Estefan');
INSERT INTO movie_cast_members (movie_id, cast_member) VALUES (1280282, 'Kristen Wiig');
INSERT INTO movie_cast_members (movie_id, cast_member) VALUES (1280282, 'Logan Bailey');
INSERT INTO movie_cast_members (movie_id, cast_member) VALUES (1280282, 'Eduardo Franco');
INSERT INTO movie_genres (movie_id, genre) VALUES (1280282, 'Family');
INSERT INTO movie_genres (movie_id, genre) VALUES (1280282, 'Comedy');
INSERT INTO movie_genres (movie_id, genre) VALUES (1280282, 'Adventure');
INSERT INTO movie_genres (movie_id, genre) VALUES (1280282, 'Animation');
INSERT INTO movie_image_urls (movie_id, image_url) VALUES (1280282, 'https://image.tmdb.org/t/p/original/QMPXmdRN70FXB7TuJUiFRgX25o.jpg');
INSERT INTO movie_image_urls (movie_id, image_url) VALUES (1280282, 'https://image.tmdb.org/t/p/original/sHUng6Kvz1ktDDIT9x0Vy8jgRvx.jpg');
INSERT INTO movie_image_urls (movie_id, image_url) VALUES (1280282, 'https://image.tmdb.org/t/p/original/y6VF7VV2lndz85SrY5jBQ3bNyOM.jpg');
INSERT INTO movie_image_urls (movie_id, image_url) VALUES (1280282, 'https://image.tmdb.org/t/p/original/4nBxazVPqf88v4omVqGJSUoX0lE.jpg');

INSERT INTO movies (id, title, release_year, duration_minutes, country, language, synopsis, poster_image_url, backdrop_image_url) VALUES (1198984, 'We Bury the Dead', 2026, 95, 'Australia', 'English', 'After a catastrophic military disaster, the dead don''t just rise - they hunt. Ava searches for her missing husband, but what she finds is far more terrifying.', 'https://image.tmdb.org/t/p/w500/xZqo0yPARmyF8TACVNyaOACkYWG.jpg', 'https://image.tmdb.org/t/p/original/vbkW4KerpshPZnP84w9qwSfYrhu.jpg') ON CONFLICT (id) DO UPDATE SET title = EXCLUDED.title, release_year = EXCLUDED.release_year, duration_minutes = EXCLUDED.duration_minutes, country = EXCLUDED.country, language = EXCLUDED.language, synopsis = EXCLUDED.synopsis, poster_image_url = EXCLUDED.poster_image_url, backdrop_image_url = EXCLUDED.backdrop_image_url;
INSERT INTO movie_directors (movie_id, director) VALUES (1198984, 'Zak Hilditch');
INSERT INTO movie_cast_members (movie_id, cast_member) VALUES (1198984, 'Daisy Ridley');
INSERT INTO movie_cast_members (movie_id, cast_member) VALUES (1198984, 'Brenton Thwaites');
INSERT INTO movie_cast_members (movie_id, cast_member) VALUES (1198984, 'Mark Coles Smith');
INSERT INTO movie_cast_members (movie_id, cast_member) VALUES (1198984, 'Matt Whelan');
INSERT INTO movie_cast_members (movie_id, cast_member) VALUES (1198984, 'Chloe Hurst');
INSERT INTO movie_genres (movie_id, genre) VALUES (1198984, 'Horror');
INSERT INTO movie_genres (movie_id, genre) VALUES (1198984, 'Thriller');
INSERT INTO movie_image_urls (movie_id, image_url) VALUES (1198984, 'https://image.tmdb.org/t/p/original/mwEzYW8XeYpJgOlrUnsKkU7mHnF.jpg');
INSERT INTO movie_image_urls (movie_id, image_url) VALUES (1198984, 'https://image.tmdb.org/t/p/original/5twuHUUZGHwC0I5ic7wVNQTu5K2.jpg');
INSERT INTO movie_image_urls (movie_id, image_url) VALUES (1198984, 'https://image.tmdb.org/t/p/original/fnp33lIOt9RzzMZAiGNOFVfvxX8.jpg');
INSERT INTO movie_image_urls (movie_id, image_url) VALUES (1198984, 'https://image.tmdb.org/t/p/original/fnp75XyEe1bnU4u77kcU7PESEnJ.jpg');

INSERT INTO movies (id, title, release_year, duration_minutes, country, language, synopsis, poster_image_url, backdrop_image_url) VALUES (1208348, 'Rental Family', 2025, 110, 'United States of America', 'English', 'An American actor in Tokyo struggles to find purpose until he lands an unusual gig: working for a Japanese ''rental family'' agency, playing stand-in roles for strangers. As he immerses himself in his clients'' worlds, he begins to form genuine bonds that blur the lines between performance and reality.', 'https://image.tmdb.org/t/p/w500/A5lswNlytTUrnMWsuD0NFfhZlf3.jpg', 'https://image.tmdb.org/t/p/original/euoXeFAOt9o7yAWA9zGZk7DdZWZ.jpg') ON CONFLICT (id) DO UPDATE SET title = EXCLUDED.title, release_year = EXCLUDED.release_year, duration_minutes = EXCLUDED.duration_minutes, country = EXCLUDED.country, language = EXCLUDED.language, synopsis = EXCLUDED.synopsis, poster_image_url = EXCLUDED.poster_image_url, backdrop_image_url = EXCLUDED.backdrop_image_url;
INSERT INTO movie_directors (movie_id, director) VALUES (1208348, 'Hikari');
INSERT INTO movie_cast_members (movie_id, cast_member) VALUES (1208348, 'Brendan Fraser');
INSERT INTO movie_cast_members (movie_id, cast_member) VALUES (1208348, 'Takehiro Hira');
INSERT INTO movie_cast_members (movie_id, cast_member) VALUES (1208348, 'Mari Yamamoto');
INSERT INTO movie_cast_members (movie_id, cast_member) VALUES (1208348, 'Shannon Mahina Gorman');
INSERT INTO movie_cast_members (movie_id, cast_member) VALUES (1208348, 'Akira Emoto');
INSERT INTO movie_genres (movie_id, genre) VALUES (1208348, 'Drama');
INSERT INTO movie_genres (movie_id, genre) VALUES (1208348, 'Comedy');
INSERT INTO movie_image_urls (movie_id, image_url) VALUES (1208348, 'https://image.tmdb.org/t/p/original/ufuabtiOem0kHeYz6b8x8MjBb2L.jpg');
INSERT INTO movie_image_urls (movie_id, image_url) VALUES (1208348, 'https://image.tmdb.org/t/p/original/c30cOCYtnydXAQBGFmdMQisy5pB.jpg');
INSERT INTO movie_image_urls (movie_id, image_url) VALUES (1208348, 'https://image.tmdb.org/t/p/original/s1mwdEYODtFcyvfYr8vwXp9HZn1.jpg');
INSERT INTO movie_image_urls (movie_id, image_url) VALUES (1208348, 'https://image.tmdb.org/t/p/original/epLsirMAOGcNy1Fy2S554fai9yy.jpg');

INSERT INTO movies (id, title, release_year, duration_minutes, country, language, synopsis, poster_image_url, backdrop_image_url) VALUES (1220564, 'The Secret Agent', 2025, 161, 'Brazil', 'German', 'Brazil, 1977. Marcelo, a technology expert in his early 40s, is on the run. Hoping to reunite with his son, he travels to Recife during Carnival but soon realizes that the city is not the safe haven he was expecting.', 'https://image.tmdb.org/t/p/w500/rZqolYhxMEe6TZZTjSmFw9crDTD.jpg', 'https://image.tmdb.org/t/p/original/b4uXVgLCOxx2c9VbyppdSD9G3Xq.jpg') ON CONFLICT (id) DO UPDATE SET title = EXCLUDED.title, release_year = EXCLUDED.release_year, duration_minutes = EXCLUDED.duration_minutes, country = EXCLUDED.country, language = EXCLUDED.language, synopsis = EXCLUDED.synopsis, poster_image_url = EXCLUDED.poster_image_url, backdrop_image_url = EXCLUDED.backdrop_image_url;
INSERT INTO movie_directors (movie_id, director) VALUES (1220564, 'Kleber Mendonça Filho');
INSERT INTO movie_cast_members (movie_id, cast_member) VALUES (1220564, 'Wagner Moura');
INSERT INTO movie_cast_members (movie_id, cast_member) VALUES (1220564, 'Tânia Maria');
INSERT INTO movie_cast_members (movie_id, cast_member) VALUES (1220564, 'Alice Carvalho');
INSERT INTO movie_cast_members (movie_id, cast_member) VALUES (1220564, 'Maria Fernanda Cândido');
INSERT INTO movie_cast_members (movie_id, cast_member) VALUES (1220564, 'Gabriel Leone');
INSERT INTO movie_genres (movie_id, genre) VALUES (1220564, 'Crime');
INSERT INTO movie_genres (movie_id, genre) VALUES (1220564, 'Drama');
INSERT INTO movie_genres (movie_id, genre) VALUES (1220564, 'Thriller');
INSERT INTO movie_image_urls (movie_id, image_url) VALUES (1220564, 'https://image.tmdb.org/t/p/original/eeGRpU64sIrRApjWXvTpK5Lep2K.jpg');
INSERT INTO movie_image_urls (movie_id, image_url) VALUES (1220564, 'https://image.tmdb.org/t/p/original/nnx7q1ucLOfFrpAYvGmSEtbWf3L.jpg');
INSERT INTO movie_image_urls (movie_id, image_url) VALUES (1220564, 'https://image.tmdb.org/t/p/original/qilrq5ItzoLflhESoIRnBhtjEe0.jpg');
INSERT INTO movie_image_urls (movie_id, image_url) VALUES (1220564, 'https://image.tmdb.org/t/p/original/2lrDdwTHuh1IJjaVEbiKAXNMCV5.jpg');

INSERT INTO movies (id, title, release_year, duration_minutes, country, language, synopsis, poster_image_url, backdrop_image_url) VALUES (1359607, 'Miss Kobayashi''s Dragon Maid: A lonely dragon wants to be loved', 2025, 104, 'Japan', 'Japanese', 'Miss Kobayashi, Tohru, Kanna, and Iruru''s peaceful lives are shattered when Kanna''s father, Kimun Kamui, leader of the Chaos Forces, arrives and forces her to return to the Dragon World to fix a past mistake. With a war brewing between Chaos and Harmony, Kanna must find a way to unite the two worlds but is torn between her loyalty to her friends and her father''s demands. Miss Kobayashi, however, refuses to let her go and tries to mend Kanna and Kamui''s broken bond. As dragons clash, Iruru uncovers a hidden force manipulating the war. Can they stop the war before it consumes both worlds?', 'https://image.tmdb.org/t/p/w500/kN0V877loq6kkDybVbi3KcrjwgE.jpg', 'https://image.tmdb.org/t/p/original/nBKrBDxNx10SuAKPLRtBXoRku5y.jpg') ON CONFLICT (id) DO UPDATE SET title = EXCLUDED.title, release_year = EXCLUDED.release_year, duration_minutes = EXCLUDED.duration_minutes, country = EXCLUDED.country, language = EXCLUDED.language, synopsis = EXCLUDED.synopsis, poster_image_url = EXCLUDED.poster_image_url, backdrop_image_url = EXCLUDED.backdrop_image_url;
INSERT INTO movie_directors (movie_id, director) VALUES (1359607, 'Tatsuya Ishihara');
INSERT INTO movie_cast_members (movie_id, cast_member) VALUES (1359607, 'Maria Naganawa');
INSERT INTO movie_cast_members (movie_id, cast_member) VALUES (1359607, 'Mutsumi Tamura');
INSERT INTO movie_cast_members (movie_id, cast_member) VALUES (1359607, 'Yuuki Kuwahara');
INSERT INTO movie_cast_members (movie_id, cast_member) VALUES (1359607, 'Yuuki Takada');
INSERT INTO movie_cast_members (movie_id, cast_member) VALUES (1359607, 'Minami Takahashi');
INSERT INTO movie_genres (movie_id, genre) VALUES (1359607, 'Animation');
INSERT INTO movie_genres (movie_id, genre) VALUES (1359607, 'Comedy');
INSERT INTO movie_genres (movie_id, genre) VALUES (1359607, 'Fantasy');
INSERT INTO movie_image_urls (movie_id, image_url) VALUES (1359607, 'https://image.tmdb.org/t/p/original/opnSfeQZs4V0mWXfhBgnY3XH5NU.jpg');
INSERT INTO movie_image_urls (movie_id, image_url) VALUES (1359607, 'https://image.tmdb.org/t/p/original/ap3OGdodcULDqqvt0Z2HI46x1n6.jpg');
INSERT INTO movie_image_urls (movie_id, image_url) VALUES (1359607, 'https://image.tmdb.org/t/p/original/a21ZxvaFbqU3Hbn2QD8wq6OTuBJ.jpg');
INSERT INTO movie_image_urls (movie_id, image_url) VALUES (1359607, 'https://image.tmdb.org/t/p/original/4MXD8llAyT8WXDAECEL9ERb9wDV.jpg');

INSERT INTO movies (id, title, release_year, duration_minutes, country, language, synopsis, poster_image_url, backdrop_image_url) VALUES (235, 'Stand by Me', 1986, 89, 'United States of America', 'English', 'After learning that a boy their age has been accidentally killed near their rural homes, four boys decide to go see the body. Gordie, Vern, Chris, and Teddy encounter a mean junk man and a marsh full of leeches, but they also learn more about one another and their very different home lives. Just a lark at first, the boys'' adventure evolves into a defining event in their lives.', 'https://image.tmdb.org/t/p/w500/vz0w9BSehcqjDcJOjRaCk7fgJe7.jpg', 'https://image.tmdb.org/t/p/original/yjGllQUm28R4X9xD9T5xMszirgw.jpg') ON CONFLICT (id) DO UPDATE SET title = EXCLUDED.title, release_year = EXCLUDED.release_year, duration_minutes = EXCLUDED.duration_minutes, country = EXCLUDED.country, language = EXCLUDED.language, synopsis = EXCLUDED.synopsis, poster_image_url = EXCLUDED.poster_image_url, backdrop_image_url = EXCLUDED.backdrop_image_url;
INSERT INTO movie_directors (movie_id, director) VALUES (235, 'Rob Reiner');
INSERT INTO movie_cast_members (movie_id, cast_member) VALUES (235, 'Wil Wheaton');
INSERT INTO movie_cast_members (movie_id, cast_member) VALUES (235, 'River Phoenix');
INSERT INTO movie_cast_members (movie_id, cast_member) VALUES (235, 'Corey Feldman');
INSERT INTO movie_cast_members (movie_id, cast_member) VALUES (235, 'Jerry O''Connell');
INSERT INTO movie_cast_members (movie_id, cast_member) VALUES (235, 'Kiefer Sutherland');
INSERT INTO movie_genres (movie_id, genre) VALUES (235, 'Crime');
INSERT INTO movie_genres (movie_id, genre) VALUES (235, 'Drama');
INSERT INTO movie_image_urls (movie_id, image_url) VALUES (235, 'https://image.tmdb.org/t/p/original/bTvvPSjOCaoMKq8dO8qwCm0924Y.jpg');
INSERT INTO movie_image_urls (movie_id, image_url) VALUES (235, 'https://image.tmdb.org/t/p/original/ljIF1JjdUUJtVW55x77vWSJxizQ.jpg');
INSERT INTO movie_image_urls (movie_id, image_url) VALUES (235, 'https://image.tmdb.org/t/p/original/7sFjHJSPMjWS7OdeceTzz2ojKB7.jpg');
INSERT INTO movie_image_urls (movie_id, image_url) VALUES (235, 'https://image.tmdb.org/t/p/original/sI3Yg60TyO9NolXHN38uuE5hFr3.jpg');

INSERT INTO movies (id, title, release_year, duration_minutes, country, language, synopsis, poster_image_url, backdrop_image_url) VALUES (11963, 'Three Days of the Condor', 1975, 117, 'United States of America', 'English', 'When bookish CIA researcher Joe Turner finds all his co-workers dead, he, together with a woman he has kidnapped, must work together to outwit those responsible until he determines who he can really trust.', 'https://image.tmdb.org/t/p/w500/zinwtZqdb7gnc4zMu8dfkK1fMN3.jpg', 'https://image.tmdb.org/t/p/original/paaOfARLLJTV2IfqsPwM7pxxSHp.jpg') ON CONFLICT (id) DO UPDATE SET title = EXCLUDED.title, release_year = EXCLUDED.release_year, duration_minutes = EXCLUDED.duration_minutes, country = EXCLUDED.country, language = EXCLUDED.language, synopsis = EXCLUDED.synopsis, poster_image_url = EXCLUDED.poster_image_url, backdrop_image_url = EXCLUDED.backdrop_image_url;
INSERT INTO movie_directors (movie_id, director) VALUES (11963, 'Sydney Pollack');
INSERT INTO movie_cast_members (movie_id, cast_member) VALUES (11963, 'Robert Redford');
INSERT INTO movie_cast_members (movie_id, cast_member) VALUES (11963, 'Faye Dunaway');
INSERT INTO movie_cast_members (movie_id, cast_member) VALUES (11963, 'Cliff Robertson');
INSERT INTO movie_cast_members (movie_id, cast_member) VALUES (11963, 'Max von Sydow');
INSERT INTO movie_cast_members (movie_id, cast_member) VALUES (11963, 'John Houseman');
INSERT INTO movie_genres (movie_id, genre) VALUES (11963, 'Thriller');
INSERT INTO movie_genres (movie_id, genre) VALUES (11963, 'Mystery');
INSERT INTO movie_image_urls (movie_id, image_url) VALUES (11963, 'https://image.tmdb.org/t/p/original/zTVHYPqZ5gM5VaaT0JhfiJGN5Yq.jpg');
INSERT INTO movie_image_urls (movie_id, image_url) VALUES (11963, 'https://image.tmdb.org/t/p/original/1AucK1DsQ24B2S5oAfsLc1KN6iS.jpg');
INSERT INTO movie_image_urls (movie_id, image_url) VALUES (11963, 'https://image.tmdb.org/t/p/original/a87Nx4Ea7GyQXbxTZ78lGjBQ9VD.jpg');
INSERT INTO movie_image_urls (movie_id, image_url) VALUES (11963, 'https://image.tmdb.org/t/p/original/8hVVLsHRb95kJsXXEY323xi5sZv.jpg');

INSERT INTO movies (id, title, release_year, duration_minutes, country, language, synopsis, poster_image_url, backdrop_image_url) VALUES (1235304, 'Colours of Time', 2025, 126, 'France', 'French', 'United by the unexpected inheritance of a house in Normandy, four estranged cousins discover their family history by retracing their ancestor''s steps.', 'https://image.tmdb.org/t/p/w500/vaZBgB1Z3dkdu0LuvId0VoEHCBA.jpg', 'https://image.tmdb.org/t/p/original/lUUQXoOyR6BQD9HatKz63wec2QT.jpg') ON CONFLICT (id) DO UPDATE SET title = EXCLUDED.title, release_year = EXCLUDED.release_year, duration_minutes = EXCLUDED.duration_minutes, country = EXCLUDED.country, language = EXCLUDED.language, synopsis = EXCLUDED.synopsis, poster_image_url = EXCLUDED.poster_image_url, backdrop_image_url = EXCLUDED.backdrop_image_url;
INSERT INTO movie_directors (movie_id, director) VALUES (1235304, 'Cédric Klapisch');
INSERT INTO movie_cast_members (movie_id, cast_member) VALUES (1235304, 'Suzanne Lindon');
INSERT INTO movie_cast_members (movie_id, cast_member) VALUES (1235304, 'Abraham Wapler');
INSERT INTO movie_cast_members (movie_id, cast_member) VALUES (1235304, 'Vincent Macaigne');
INSERT INTO movie_cast_members (movie_id, cast_member) VALUES (1235304, 'Julia Piaton');
INSERT INTO movie_cast_members (movie_id, cast_member) VALUES (1235304, 'Zinedine Soualem');
INSERT INTO movie_genres (movie_id, genre) VALUES (1235304, 'Drama');
INSERT INTO movie_genres (movie_id, genre) VALUES (1235304, 'Comedy');
INSERT INTO movie_image_urls (movie_id, image_url) VALUES (1235304, 'https://image.tmdb.org/t/p/original/uyQjVZX8WBpjQDaISHATu1694AG.jpg');
INSERT INTO movie_image_urls (movie_id, image_url) VALUES (1235304, 'https://image.tmdb.org/t/p/original/b28RiKlALbdC2Dmnndt93MBt76h.jpg');
INSERT INTO movie_image_urls (movie_id, image_url) VALUES (1235304, 'https://image.tmdb.org/t/p/original/76CNZjnkTUU3O4pUwZCyuaQ40l8.jpg');
INSERT INTO movie_image_urls (movie_id, image_url) VALUES (1235304, 'https://image.tmdb.org/t/p/original/qfYbhXdDgqVJGxbHvXBc1q41S5s.jpg');

INSERT INTO movies (id, title, release_year, duration_minutes, country, language, synopsis, poster_image_url, backdrop_image_url) VALUES (1389881, 'The Cure', 2026, 91, 'United States of America', 'English', 'An adopted 16-year-old with a mysterious illness learns her bio-tech billionaire parents are harvesting her blood for nefarious purposes.', 'https://image.tmdb.org/t/p/w500/enxF32km4P9gXYhAUXWgoVfQqg5.jpg', 'https://image.tmdb.org/t/p/original/q0YwDyjYc7ymp1xml95ZPxIHUej.jpg') ON CONFLICT (id) DO UPDATE SET title = EXCLUDED.title, release_year = EXCLUDED.release_year, duration_minutes = EXCLUDED.duration_minutes, country = EXCLUDED.country, language = EXCLUDED.language, synopsis = EXCLUDED.synopsis, poster_image_url = EXCLUDED.poster_image_url, backdrop_image_url = EXCLUDED.backdrop_image_url;
INSERT INTO movie_directors (movie_id, director) VALUES (1389881, 'Nancy Leopardi');
INSERT INTO movie_cast_members (movie_id, cast_member) VALUES (1389881, 'David Dastmalchian');
INSERT INTO movie_cast_members (movie_id, cast_member) VALUES (1389881, 'Ashley Greene');
INSERT INTO movie_cast_members (movie_id, cast_member) VALUES (1389881, 'Samantha Cochran');
INSERT INTO movie_cast_members (movie_id, cast_member) VALUES (1389881, 'Sydney Taylor');
INSERT INTO movie_cast_members (movie_id, cast_member) VALUES (1389881, 'Tyler Lawrence Gray');
INSERT INTO movie_genres (movie_id, genre) VALUES (1389881, 'Horror');
INSERT INTO movie_genres (movie_id, genre) VALUES (1389881, 'Thriller');
INSERT INTO movie_image_urls (movie_id, image_url) VALUES (1389881, 'https://image.tmdb.org/t/p/original/8hOM1CcCbSGHPNXVCPyVeIEYda4.jpg');
INSERT INTO movie_image_urls (movie_id, image_url) VALUES (1389881, 'https://image.tmdb.org/t/p/original/y32ZhFyy5p0wgU1MByJ76KP4ePr.jpg');
INSERT INTO movie_image_urls (movie_id, image_url) VALUES (1389881, 'https://image.tmdb.org/t/p/original/bwr6dnB8woyiQO1PfP1a9264fKI.jpg');
INSERT INTO movie_image_urls (movie_id, image_url) VALUES (1389881, 'https://image.tmdb.org/t/p/original/oWgViBoKxhKuU9kfLFHnEeLY5nR.jpg');

INSERT INTO movies (id, title, release_year, duration_minutes, country, language, synopsis, poster_image_url, backdrop_image_url) VALUES (649, 'Belle de Jour', 1967, 100, 'France', 'French', 'Beautiful young housewife Séverine Serizy cannot reconcile her masochistic fantasies with her everyday life alongside dutiful husband Pierre. When her lovestruck friend Henri mentions a secretive high-class brothel run by Madame Anais, Séverine begins to work there during the day under the name Belle de Jour. But when one of her clients grows possessive, she must try to go back to her normal life.', 'https://image.tmdb.org/t/p/w500/iUAFECovwPA0cVV9bo4uNGLJSGL.jpg', 'https://image.tmdb.org/t/p/original/9fJPLvrUV32MzpfDwXk7cOnj8hM.jpg') ON CONFLICT (id) DO UPDATE SET title = EXCLUDED.title, release_year = EXCLUDED.release_year, duration_minutes = EXCLUDED.duration_minutes, country = EXCLUDED.country, language = EXCLUDED.language, synopsis = EXCLUDED.synopsis, poster_image_url = EXCLUDED.poster_image_url, backdrop_image_url = EXCLUDED.backdrop_image_url;
INSERT INTO movie_directors (movie_id, director) VALUES (649, 'Luis Buñuel');
INSERT INTO movie_cast_members (movie_id, cast_member) VALUES (649, 'Catherine Deneuve');
INSERT INTO movie_cast_members (movie_id, cast_member) VALUES (649, 'Jean Sorel');
INSERT INTO movie_cast_members (movie_id, cast_member) VALUES (649, 'Michel Piccoli');
INSERT INTO movie_cast_members (movie_id, cast_member) VALUES (649, 'Geneviève Page');
INSERT INTO movie_cast_members (movie_id, cast_member) VALUES (649, 'Pierre Clémenti');
INSERT INTO movie_genres (movie_id, genre) VALUES (649, 'Drama');
INSERT INTO movie_genres (movie_id, genre) VALUES (649, 'Romance');
INSERT INTO movie_image_urls (movie_id, image_url) VALUES (649, 'https://image.tmdb.org/t/p/original/9TWSRQdtK7qfhLU24aPqCb7Dl8y.jpg');
INSERT INTO movie_image_urls (movie_id, image_url) VALUES (649, 'https://image.tmdb.org/t/p/original/4Zc7ja5d4eGTT0rpx1pOCVLiRgW.jpg');
INSERT INTO movie_image_urls (movie_id, image_url) VALUES (649, 'https://image.tmdb.org/t/p/original/35t5QGiekW1E9WkrIlDJ8JVT0tq.jpg');
INSERT INTO movie_image_urls (movie_id, image_url) VALUES (649, 'https://image.tmdb.org/t/p/original/eMm0Hgu36N97A1H0l7gbdGXHc7k.jpg');

INSERT INTO movies (id, title, release_year, duration_minutes, country, language, synopsis, poster_image_url, backdrop_image_url) VALUES (5511, 'Le Samouraï', 1967, 105, 'France', 'French', 'After carrying out a flawlessly planned hit, Jef Costello, a contract killer with samurai instincts, finds himself caught between a persistent police investigator and a ruthless employer, and not even his armor of fedora and trench coat can protect him.', 'https://image.tmdb.org/t/p/w500/5Fa6o5nfUPEatQ9b3OwEvdEdR7T.jpg', 'https://image.tmdb.org/t/p/original/znLq5iyuMVvHwDdgZf6HyVUNjWB.jpg') ON CONFLICT (id) DO UPDATE SET title = EXCLUDED.title, release_year = EXCLUDED.release_year, duration_minutes = EXCLUDED.duration_minutes, country = EXCLUDED.country, language = EXCLUDED.language, synopsis = EXCLUDED.synopsis, poster_image_url = EXCLUDED.poster_image_url, backdrop_image_url = EXCLUDED.backdrop_image_url;
INSERT INTO movie_directors (movie_id, director) VALUES (5511, 'Jean-Pierre Melville');
INSERT INTO movie_cast_members (movie_id, cast_member) VALUES (5511, 'Alain Delon');
INSERT INTO movie_cast_members (movie_id, cast_member) VALUES (5511, 'François Périer');
INSERT INTO movie_cast_members (movie_id, cast_member) VALUES (5511, 'Nathalie Delon');
INSERT INTO movie_cast_members (movie_id, cast_member) VALUES (5511, 'Cathy Rosier');
INSERT INTO movie_cast_members (movie_id, cast_member) VALUES (5511, 'Michel Boisrond');
INSERT INTO movie_genres (movie_id, genre) VALUES (5511, 'Crime');
INSERT INTO movie_genres (movie_id, genre) VALUES (5511, 'Thriller');
INSERT INTO movie_genres (movie_id, genre) VALUES (5511, 'Drama');
INSERT INTO movie_image_urls (movie_id, image_url) VALUES (5511, 'https://image.tmdb.org/t/p/original/A5EqXNPFo2hkYowbqbY8blQdYc6.jpg');
INSERT INTO movie_image_urls (movie_id, image_url) VALUES (5511, 'https://image.tmdb.org/t/p/original/mS9FGjj8kYKgZktQfGQB6Qvi8qc.jpg');
INSERT INTO movie_image_urls (movie_id, image_url) VALUES (5511, 'https://image.tmdb.org/t/p/original/dVFkUk7gwm5wKSXtUxxiZtOnSyb.jpg');
INSERT INTO movie_image_urls (movie_id, image_url) VALUES (5511, 'https://image.tmdb.org/t/p/original/5CeVg4796IbQucbzOtz4lZ06bZZ.jpg');

INSERT INTO movies (id, title, release_year, duration_minutes, country, language, synopsis, poster_image_url, backdrop_image_url) VALUES (1317512, 'The World of Love', 2025, 119, 'South Korea', 'Korean', 'Jooin, a 17-year-old student confused by love, unleashes chaos with some words spoken in a moment of anger. Anonymous notes questioning her actions begin to arrive, altering her quiet life.', 'https://image.tmdb.org/t/p/w500/cg679vCkXY9RH2iINLvdG68tzsQ.jpg', 'https://image.tmdb.org/t/p/original/rYYUi8m3YdPxDRbjs3xU5ct3Rzi.jpg') ON CONFLICT (id) DO UPDATE SET title = EXCLUDED.title, release_year = EXCLUDED.release_year, duration_minutes = EXCLUDED.duration_minutes, country = EXCLUDED.country, language = EXCLUDED.language, synopsis = EXCLUDED.synopsis, poster_image_url = EXCLUDED.poster_image_url, backdrop_image_url = EXCLUDED.backdrop_image_url;
INSERT INTO movie_directors (movie_id, director) VALUES (1317512, 'Yoon Ga-eun');
INSERT INTO movie_cast_members (movie_id, cast_member) VALUES (1317512, 'Seo Su-bin');
INSERT INTO movie_cast_members (movie_id, cast_member) VALUES (1317512, 'Jang Hye-jin');
INSERT INTO movie_cast_members (movie_id, cast_member) VALUES (1317512, 'Kim Jeong-sik');
INSERT INTO movie_cast_members (movie_id, cast_member) VALUES (1317512, 'Kang Chae-yun');
INSERT INTO movie_cast_members (movie_id, cast_member) VALUES (1317512, 'Lee Jae-hee');
INSERT INTO movie_genres (movie_id, genre) VALUES (1317512, 'Drama');
INSERT INTO movie_image_urls (movie_id, image_url) VALUES (1317512, 'https://image.tmdb.org/t/p/original/ngU92713nvaHFakggcEuFYmy8Sc.jpg');
INSERT INTO movie_image_urls (movie_id, image_url) VALUES (1317512, 'https://image.tmdb.org/t/p/original/xKHCuiTyQNqXREHZ6DgByouFXTe.jpg');
INSERT INTO movie_image_urls (movie_id, image_url) VALUES (1317512, 'https://image.tmdb.org/t/p/original/xprEhdpLGHpcWnU2YYpCgHhpCJs.jpg');
INSERT INTO movie_image_urls (movie_id, image_url) VALUES (1317512, 'https://image.tmdb.org/t/p/original/69bqdc0JYcEKRV25xHexaYGFoAv.jpg');

INSERT INTO movies (id, title, release_year, duration_minutes, country, language, synopsis, poster_image_url, backdrop_image_url) VALUES (38985, 'Sorcerer', 1977, 122, 'United States of America', 'English', 'Four men from different parts of the globe, all hiding from their pasts in the same remote South American town, agree to risk their lives transporting several cases of dynamite (which is so old that it is dripping unstable nitroglycerin) across dangerous jungle terrain.', 'https://image.tmdb.org/t/p/w500/xDQWVAxQPflZPrnXznfJZ2cyYxp.jpg', 'https://image.tmdb.org/t/p/original/g7prwSflNODkHZI6792MYoU4qoh.jpg') ON CONFLICT (id) DO UPDATE SET title = EXCLUDED.title, release_year = EXCLUDED.release_year, duration_minutes = EXCLUDED.duration_minutes, country = EXCLUDED.country, language = EXCLUDED.language, synopsis = EXCLUDED.synopsis, poster_image_url = EXCLUDED.poster_image_url, backdrop_image_url = EXCLUDED.backdrop_image_url;
INSERT INTO movie_directors (movie_id, director) VALUES (38985, 'William Friedkin');
INSERT INTO movie_cast_members (movie_id, cast_member) VALUES (38985, 'Roy Scheider');
INSERT INTO movie_cast_members (movie_id, cast_member) VALUES (38985, 'Bruno Cremer');
INSERT INTO movie_cast_members (movie_id, cast_member) VALUES (38985, 'Francisco Rabal');
INSERT INTO movie_cast_members (movie_id, cast_member) VALUES (38985, 'Amidou');
INSERT INTO movie_cast_members (movie_id, cast_member) VALUES (38985, 'Ramon Bieri');
INSERT INTO movie_genres (movie_id, genre) VALUES (38985, 'Thriller');
INSERT INTO movie_genres (movie_id, genre) VALUES (38985, 'Adventure');
INSERT INTO movie_genres (movie_id, genre) VALUES (38985, 'Drama');
INSERT INTO movie_image_urls (movie_id, image_url) VALUES (38985, 'https://image.tmdb.org/t/p/original/5CQ6Qn1ujXRs21BtvAuJxHfL1sF.jpg');
INSERT INTO movie_image_urls (movie_id, image_url) VALUES (38985, 'https://image.tmdb.org/t/p/original/timC3dQaGGjzlT1owtHoFwZLc9z.jpg');
INSERT INTO movie_image_urls (movie_id, image_url) VALUES (38985, 'https://image.tmdb.org/t/p/original/vW4UjPmMCUaFd6hC5ZrGb9mVS7h.jpg');
INSERT INTO movie_image_urls (movie_id, image_url) VALUES (38985, 'https://image.tmdb.org/t/p/original/44l3KrtT7b06zvZSMh5p9QV2cXy.jpg');

INSERT INTO movies (id, title, release_year, duration_minutes, country, language, synopsis, poster_image_url, backdrop_image_url) VALUES (1278853, 'Woodwalkers 2', 2026, 102, 'Austria', 'German', 'For shapeshifter Carag and his friends Brandon, Holly, and Lou, a new school year begins at Clearwater High. But first, the Woodwalker Council must decide whether Carag''s mentor and patron of the school, Andrew Milling, is guilty of attacking humans. Carag is in a dilemma: he wants to put a stop to Milling''s actions, but Milling promises to take him to his true puma family if he covers for him before the council.', 'https://image.tmdb.org/t/p/w500/9WrGxlyXnoV0ecLiA76wNaga8pK.jpg', 'https://image.tmdb.org/t/p/original/sueKcqeTG4tk7yeDXCHDvkYS8rl.jpg') ON CONFLICT (id) DO UPDATE SET title = EXCLUDED.title, release_year = EXCLUDED.release_year, duration_minutes = EXCLUDED.duration_minutes, country = EXCLUDED.country, language = EXCLUDED.language, synopsis = EXCLUDED.synopsis, poster_image_url = EXCLUDED.poster_image_url, backdrop_image_url = EXCLUDED.backdrop_image_url;
INSERT INTO movie_directors (movie_id, director) VALUES (1278853, 'Sven Unterwaldt Jr.');
INSERT INTO movie_cast_members (movie_id, cast_member) VALUES (1278853, 'Emile Chérif');
INSERT INTO movie_cast_members (movie_id, cast_member) VALUES (1278853, 'Lilli Falk');
INSERT INTO movie_cast_members (movie_id, cast_member) VALUES (1278853, 'Johan von Ehrlich');
INSERT INTO movie_cast_members (movie_id, cast_member) VALUES (1278853, 'Sophie Lelenta');
INSERT INTO movie_cast_members (movie_id, cast_member) VALUES (1278853, 'Olivia Sinclair');
INSERT INTO movie_genres (movie_id, genre) VALUES (1278853, 'Fantasy');
INSERT INTO movie_genres (movie_id, genre) VALUES (1278853, 'Family');
INSERT INTO movie_genres (movie_id, genre) VALUES (1278853, 'Adventure');
INSERT INTO movie_image_urls (movie_id, image_url) VALUES (1278853, 'https://image.tmdb.org/t/p/original/1FOoHuh0URikwhWkIteU79eFW5M.jpg');
INSERT INTO movie_image_urls (movie_id, image_url) VALUES (1278853, 'https://image.tmdb.org/t/p/original/yGdDtkGNGyPFVhJDb8H3GENmSlu.jpg');
INSERT INTO movie_image_urls (movie_id, image_url) VALUES (1278853, 'https://image.tmdb.org/t/p/original/xcSBa0TN1WaotP2l1526UtFVopc.jpg');
INSERT INTO movie_image_urls (movie_id, image_url) VALUES (1278853, 'https://image.tmdb.org/t/p/original/74Q8jBE527VjbIicH1ewrWfAPnK.jpg');

INSERT INTO movies (id, title, release_year, duration_minutes, country, language, synopsis, poster_image_url, backdrop_image_url) VALUES (1248723, 'The Golden Key: A New Pinocchio Story', 2026, 102, 'Russia', 'Russian', 'A screen adaptation of the beloved international fairy tale by Alexei Tolstoy in a new way. The story of everyone''s favorite hero Pinocchio, his dad Carlo and their friends, told with the help of modern life-action technologies.', 'https://image.tmdb.org/t/p/w500/An3iR7yPP6GKQi2SDscWlEMFXAC.jpg', 'https://image.tmdb.org/t/p/original/r3oPwy5HILetFqKlTI6BElFoAWf.jpg') ON CONFLICT (id) DO UPDATE SET title = EXCLUDED.title, release_year = EXCLUDED.release_year, duration_minutes = EXCLUDED.duration_minutes, country = EXCLUDED.country, language = EXCLUDED.language, synopsis = EXCLUDED.synopsis, poster_image_url = EXCLUDED.poster_image_url, backdrop_image_url = EXCLUDED.backdrop_image_url;
INSERT INTO movie_directors (movie_id, director) VALUES (1248723, 'Igor Voloshin');
INSERT INTO movie_cast_members (movie_id, cast_member) VALUES (1248723, 'Vitaliya Kornienko');
INSERT INTO movie_cast_members (movie_id, cast_member) VALUES (1248723, 'Aleksandr Yatsenko');
INSERT INTO movie_cast_members (movie_id, cast_member) VALUES (1248723, 'Fyodor Bondarchuk');
INSERT INTO movie_cast_members (movie_id, cast_member) VALUES (1248723, 'Alexander Petrov');
INSERT INTO movie_cast_members (movie_id, cast_member) VALUES (1248723, 'Viktoriya Isakova');
INSERT INTO movie_genres (movie_id, genre) VALUES (1248723, 'Family');
INSERT INTO movie_genres (movie_id, genre) VALUES (1248723, 'Drama');
INSERT INTO movie_genres (movie_id, genre) VALUES (1248723, 'Adventure');
INSERT INTO movie_genres (movie_id, genre) VALUES (1248723, 'Fantasy');
INSERT INTO movie_image_urls (movie_id, image_url) VALUES (1248723, 'https://image.tmdb.org/t/p/original/xLesHxWNjoPduf4I9mvG43PAELy.jpg');
INSERT INTO movie_image_urls (movie_id, image_url) VALUES (1248723, 'https://image.tmdb.org/t/p/original/7lAR4CSEdc9l7Spfox7xPHHMQcj.jpg');
INSERT INTO movie_image_urls (movie_id, image_url) VALUES (1248723, 'https://image.tmdb.org/t/p/original/x1Xdq4uoawyaliHXi5hlUxgjJqz.jpg');
INSERT INTO movie_image_urls (movie_id, image_url) VALUES (1248723, 'https://image.tmdb.org/t/p/original/emeBxLEs95t3XMTB0PdBvcGkafy.jpg');

INSERT INTO movies (id, title, release_year, duration_minutes, country, language, synopsis, poster_image_url, backdrop_image_url) VALUES (1337985, 'A Pale View of Hills', 2025, 123, 'Japan', 'English', 'Dual timelines explore a Japanese widow''s memories spanning post-war Nagasaki in 1950s and England during 1980s Cold War era, unraveling secrets that intertwine her past and present experiences across borders.', 'https://image.tmdb.org/t/p/w500/9A9FOqFH4UX9EGPxg9SFxO9gnag.jpg', 'https://image.tmdb.org/t/p/original/nsxQDz5wRZe87anZRk54BsIfVmz.jpg') ON CONFLICT (id) DO UPDATE SET title = EXCLUDED.title, release_year = EXCLUDED.release_year, duration_minutes = EXCLUDED.duration_minutes, country = EXCLUDED.country, language = EXCLUDED.language, synopsis = EXCLUDED.synopsis, poster_image_url = EXCLUDED.poster_image_url, backdrop_image_url = EXCLUDED.backdrop_image_url;
INSERT INTO movie_directors (movie_id, director) VALUES (1337985, 'Kei Ishikawa');
INSERT INTO movie_cast_members (movie_id, cast_member) VALUES (1337985, 'Suzu Hirose');
INSERT INTO movie_cast_members (movie_id, cast_member) VALUES (1337985, 'Fumi Nikaido');
INSERT INTO movie_cast_members (movie_id, cast_member) VALUES (1337985, 'Yoh Yoshida');
INSERT INTO movie_cast_members (movie_id, cast_member) VALUES (1337985, 'Camilla Aiko');
INSERT INTO movie_cast_members (movie_id, cast_member) VALUES (1337985, 'Kouhei Matsushita');
INSERT INTO movie_genres (movie_id, genre) VALUES (1337985, 'Drama');
INSERT INTO movie_genres (movie_id, genre) VALUES (1337985, 'History');
INSERT INTO movie_image_urls (movie_id, image_url) VALUES (1337985, 'https://image.tmdb.org/t/p/original/w94lnreSjvNWBu7zEEWo9yW7iqk.jpg');
INSERT INTO movie_image_urls (movie_id, image_url) VALUES (1337985, 'https://image.tmdb.org/t/p/original/fuxT98s9mys8NcFOz0JP91otCw4.jpg');
INSERT INTO movie_image_urls (movie_id, image_url) VALUES (1337985, 'https://image.tmdb.org/t/p/original/dRHSSEJteb5GWIxwnVTvUMnFotj.jpg');
INSERT INTO movie_image_urls (movie_id, image_url) VALUES (1337985, 'https://image.tmdb.org/t/p/original/zE2idSWolzERMZiUYEPdRbl9EoT.jpg');

INSERT INTO movies (id, title, release_year, duration_minutes, country, language, synopsis, poster_image_url, backdrop_image_url) VALUES (1211442, 'Rebuilding', 2025, 96, 'United Kingdom', 'English', 'After wildfires take his ranch, a cowboy named Dusty winds up in a FEMA camp, finding community with others who lost homes, including his daughter and ex-wife.', 'https://image.tmdb.org/t/p/w500/7cDCGKBA6XANFDw4km9GvDnFBHw.jpg', 'https://image.tmdb.org/t/p/original/zfhAzbZXg24Z9INMcRfkr45mH91.jpg') ON CONFLICT (id) DO UPDATE SET title = EXCLUDED.title, release_year = EXCLUDED.release_year, duration_minutes = EXCLUDED.duration_minutes, country = EXCLUDED.country, language = EXCLUDED.language, synopsis = EXCLUDED.synopsis, poster_image_url = EXCLUDED.poster_image_url, backdrop_image_url = EXCLUDED.backdrop_image_url;
INSERT INTO movie_directors (movie_id, director) VALUES (1211442, 'Max Walker-Silverman');
INSERT INTO movie_cast_members (movie_id, cast_member) VALUES (1211442, 'Josh O''Connor');
INSERT INTO movie_cast_members (movie_id, cast_member) VALUES (1211442, 'Meghann Fahy');
INSERT INTO movie_cast_members (movie_id, cast_member) VALUES (1211442, 'Lily LaTorre');
INSERT INTO movie_cast_members (movie_id, cast_member) VALUES (1211442, 'Kali Reis');
INSERT INTO movie_cast_members (movie_id, cast_member) VALUES (1211442, 'Amy Madigan');
INSERT INTO movie_genres (movie_id, genre) VALUES (1211442, 'Drama');
INSERT INTO movie_image_urls (movie_id, image_url) VALUES (1211442, 'https://image.tmdb.org/t/p/original/lrO6WUYyUuQ8WMAM2DeTF4ulOqU.jpg');
INSERT INTO movie_image_urls (movie_id, image_url) VALUES (1211442, 'https://image.tmdb.org/t/p/original/640740w4mD64wXoWvRU55q3pVHR.jpg');
INSERT INTO movie_image_urls (movie_id, image_url) VALUES (1211442, 'https://image.tmdb.org/t/p/original/3vu3ivTzIUJ8Tnqaeol3P8wL3VT.jpg');
INSERT INTO movie_image_urls (movie_id, image_url) VALUES (1211442, 'https://image.tmdb.org/t/p/original/wx5Em6MOVhi7a17j1DTLXxEFoDX.jpg');

INSERT INTO movies (id, title, release_year, duration_minutes, country, language, synopsis, poster_image_url, backdrop_image_url) VALUES (1007757, 'Swapped', 2026, 102, 'United States of America', 'English', 'A tiny woodland creature and a majestic bird suddenly swap bodies, forcing them to team up to survive the wildest adventure of their lives.', 'https://image.tmdb.org/t/p/w500/tHhxWxge06goXU6ZQH1hj7vK8Hd.jpg', 'https://image.tmdb.org/t/p/original/r4Tfw8CPeeI4EIHI3wH9qNkycZd.jpg') ON CONFLICT (id) DO UPDATE SET title = EXCLUDED.title, release_year = EXCLUDED.release_year, duration_minutes = EXCLUDED.duration_minutes, country = EXCLUDED.country, language = EXCLUDED.language, synopsis = EXCLUDED.synopsis, poster_image_url = EXCLUDED.poster_image_url, backdrop_image_url = EXCLUDED.backdrop_image_url;
INSERT INTO movie_directors (movie_id, director) VALUES (1007757, 'Nathan Greno');
INSERT INTO movie_cast_members (movie_id, cast_member) VALUES (1007757, 'Michael B. Jordan');
INSERT INTO movie_cast_members (movie_id, cast_member) VALUES (1007757, 'Juno Temple');
INSERT INTO movie_cast_members (movie_id, cast_member) VALUES (1007757, 'Tracy Morgan');
INSERT INTO movie_cast_members (movie_id, cast_member) VALUES (1007757, 'Cedric the Entertainer');
INSERT INTO movie_cast_members (movie_id, cast_member) VALUES (1007757, 'Justina Machado');
INSERT INTO movie_genres (movie_id, genre) VALUES (1007757, 'Animation');
INSERT INTO movie_genres (movie_id, genre) VALUES (1007757, 'Adventure');
INSERT INTO movie_genres (movie_id, genre) VALUES (1007757, 'Comedy');
INSERT INTO movie_genres (movie_id, genre) VALUES (1007757, 'Family');
INSERT INTO movie_genres (movie_id, genre) VALUES (1007757, 'Fantasy');
INSERT INTO movie_image_urls (movie_id, image_url) VALUES (1007757, 'https://image.tmdb.org/t/p/original/vEj17NojVGuu2V6VpNXW2B4STPM.jpg');
INSERT INTO movie_image_urls (movie_id, image_url) VALUES (1007757, 'https://image.tmdb.org/t/p/original/jUuOJdc99nNyHswQ5TXHLwrxbyj.jpg');
INSERT INTO movie_image_urls (movie_id, image_url) VALUES (1007757, 'https://image.tmdb.org/t/p/original/idSpi0uC5d1eulFxMrKI9iY2Qg8.jpg');

INSERT INTO movies (id, title, release_year, duration_minutes, country, language, synopsis, poster_image_url, backdrop_image_url) VALUES (1239134, 'Bhooth Bangla', 2026, 173, 'India', 'Hindi', 'A man inherits a palace in rural Mangalpur and plans his sister''s wedding there, but strange supernatural events and panicked locals force him to investigate the property''s mysterious past.', 'https://image.tmdb.org/t/p/w500/ArIS4vwUxdhm3j7tsTHmffdfU8W.jpg', 'https://image.tmdb.org/t/p/original/A2tzVTVtnTvpji96IZmleN78KKv.jpg') ON CONFLICT (id) DO UPDATE SET title = EXCLUDED.title, release_year = EXCLUDED.release_year, duration_minutes = EXCLUDED.duration_minutes, country = EXCLUDED.country, language = EXCLUDED.language, synopsis = EXCLUDED.synopsis, poster_image_url = EXCLUDED.poster_image_url, backdrop_image_url = EXCLUDED.backdrop_image_url;
INSERT INTO movie_directors (movie_id, director) VALUES (1239134, 'Priyadarshan');
INSERT INTO movie_cast_members (movie_id, cast_member) VALUES (1239134, 'Akshay Kumar');
INSERT INTO movie_cast_members (movie_id, cast_member) VALUES (1239134, 'Wamiqa Gabbi');
INSERT INTO movie_cast_members (movie_id, cast_member) VALUES (1239134, 'Paresh Rawal');
INSERT INTO movie_cast_members (movie_id, cast_member) VALUES (1239134, 'Tabu');
INSERT INTO movie_cast_members (movie_id, cast_member) VALUES (1239134, 'Jisshu Sengupta');
INSERT INTO movie_genres (movie_id, genre) VALUES (1239134, 'Horror');
INSERT INTO movie_genres (movie_id, genre) VALUES (1239134, 'Comedy');
INSERT INTO movie_image_urls (movie_id, image_url) VALUES (1239134, 'https://image.tmdb.org/t/p/original/upLz7Mxu9QjLCQrQDc8FgQzmCqq.jpg');
INSERT INTO movie_image_urls (movie_id, image_url) VALUES (1239134, 'https://image.tmdb.org/t/p/original/pzDmQHNzE9j9yUOQZjlIL5YaQnj.jpg');

INSERT INTO movies (id, title, release_year, duration_minutes, country, language, synopsis, poster_image_url, backdrop_image_url) VALUES (1397364, 'La Grazia', 2025, 133, 'Italy', 'Italian', 'As his tenure as President of Italy nears its end, Mariano De Santis faces wrenching decisions-both political and deeply personal. Amid these moral quandaries, he must confront his own conscience and seek guidance from those closest to him, including his confidante and daughter, Dorotea.', 'https://image.tmdb.org/t/p/w500/u5RgunQiA4hvDfTeWO9pS0lm4K4.jpg', 'https://image.tmdb.org/t/p/original/baIjN7xPyw2In1CuHACTgzcsF20.jpg') ON CONFLICT (id) DO UPDATE SET title = EXCLUDED.title, release_year = EXCLUDED.release_year, duration_minutes = EXCLUDED.duration_minutes, country = EXCLUDED.country, language = EXCLUDED.language, synopsis = EXCLUDED.synopsis, poster_image_url = EXCLUDED.poster_image_url, backdrop_image_url = EXCLUDED.backdrop_image_url;
INSERT INTO movie_directors (movie_id, director) VALUES (1397364, 'Paolo Sorrentino');
INSERT INTO movie_cast_members (movie_id, cast_member) VALUES (1397364, 'Toni Servillo');
INSERT INTO movie_cast_members (movie_id, cast_member) VALUES (1397364, 'Anna Ferzetti');
INSERT INTO movie_cast_members (movie_id, cast_member) VALUES (1397364, 'Massimo Venturiello');
INSERT INTO movie_cast_members (movie_id, cast_member) VALUES (1397364, 'Milvia Marigliano');
INSERT INTO movie_cast_members (movie_id, cast_member) VALUES (1397364, 'Orlando Cinque');
INSERT INTO movie_genres (movie_id, genre) VALUES (1397364, 'Drama');
INSERT INTO movie_image_urls (movie_id, image_url) VALUES (1397364, 'https://image.tmdb.org/t/p/original/uwL3tcowB3YLdoLRBNQxvscUfzm.jpg');
INSERT INTO movie_image_urls (movie_id, image_url) VALUES (1397364, 'https://image.tmdb.org/t/p/original/rSG0XYZYyImip9cl0SybFMBC4Vd.jpg');
INSERT INTO movie_image_urls (movie_id, image_url) VALUES (1397364, 'https://image.tmdb.org/t/p/original/pTvo6F7VYnMGPkjyQCqwXSbAxtl.jpg');
INSERT INTO movie_image_urls (movie_id, image_url) VALUES (1397364, 'https://image.tmdb.org/t/p/original/dOMw2Z6iLX4NANmHv7wYNn0F9Ey.jpg');

INSERT INTO movies (id, title, release_year, duration_minutes, country, language, synopsis, poster_image_url, backdrop_image_url) VALUES (12720, 'Suicide Club', 2001, 99, 'Japan', 'Japanese', 'When the bizarre mass suicide of 54 high school girls throwing themselves in front of a subway train appears to instigate a string of suicides around the country, Detective Kuroda strives to find the answer, which isn''t as simple as he had hoped.', 'https://image.tmdb.org/t/p/w500/oMjWlKHzR9cwhf3oCUy9j57o67O.jpg', 'https://image.tmdb.org/t/p/original/pK8jgMF9o5SBq7grQzVnpeqib7Y.jpg') ON CONFLICT (id) DO UPDATE SET title = EXCLUDED.title, release_year = EXCLUDED.release_year, duration_minutes = EXCLUDED.duration_minutes, country = EXCLUDED.country, language = EXCLUDED.language, synopsis = EXCLUDED.synopsis, poster_image_url = EXCLUDED.poster_image_url, backdrop_image_url = EXCLUDED.backdrop_image_url;
INSERT INTO movie_directors (movie_id, director) VALUES (12720, 'Sion Sono');
INSERT INTO movie_cast_members (movie_id, cast_member) VALUES (12720, 'Ryo Ishibashi');
INSERT INTO movie_cast_members (movie_id, cast_member) VALUES (12720, 'Masatoshi Nagase');
INSERT INTO movie_cast_members (movie_id, cast_member) VALUES (12720, 'Mai Hosho');
INSERT INTO movie_cast_members (movie_id, cast_member) VALUES (12720, 'Tamao Sato');
INSERT INTO movie_cast_members (movie_id, cast_member) VALUES (12720, 'Takashi Nomura');
INSERT INTO movie_genres (movie_id, genre) VALUES (12720, 'Drama');
INSERT INTO movie_genres (movie_id, genre) VALUES (12720, 'Horror');
INSERT INTO movie_genres (movie_id, genre) VALUES (12720, 'Thriller');
INSERT INTO movie_image_urls (movie_id, image_url) VALUES (12720, 'https://image.tmdb.org/t/p/original/k5WesdtbQloMSCBlaKJ7EsHjbqm.jpg');
INSERT INTO movie_image_urls (movie_id, image_url) VALUES (12720, 'https://image.tmdb.org/t/p/original/dsUILJlIZxrh3gYXJ8mP7pfpWtk.jpg');
INSERT INTO movie_image_urls (movie_id, image_url) VALUES (12720, 'https://image.tmdb.org/t/p/original/2VQSKjAz6TKBQOt69rxxKEPI185.jpg');
INSERT INTO movie_image_urls (movie_id, image_url) VALUES (12720, 'https://image.tmdb.org/t/p/original/isTIfL5jboooeSBpkZBJtYzmyTq.jpg');

INSERT INTO movies (id, title, release_year, duration_minutes, country, language, synopsis, poster_image_url, backdrop_image_url) VALUES (1127384, 'Deep Water', 2026, 106, 'United States of America', 'English', 'A group of international passengers on a flight from Los Angeles to Shanghai is forced to make an emergency landing in shark-infested waters. The terrified group is forced to work together and overcome their differences if they hope to escape their sinking plane and the frenzy of sharks drawn to the wreckage.', 'https://image.tmdb.org/t/p/w500/cyI2Ugpq98WZN1GEYeWkn4ztXOc.jpg', 'https://image.tmdb.org/t/p/original/iYjlQzWbcFIjWe2WifbEPb4kErp.jpg') ON CONFLICT (id) DO UPDATE SET title = EXCLUDED.title, release_year = EXCLUDED.release_year, duration_minutes = EXCLUDED.duration_minutes, country = EXCLUDED.country, language = EXCLUDED.language, synopsis = EXCLUDED.synopsis, poster_image_url = EXCLUDED.poster_image_url, backdrop_image_url = EXCLUDED.backdrop_image_url;
INSERT INTO movie_directors (movie_id, director) VALUES (1127384, 'Renny Harlin');
INSERT INTO movie_cast_members (movie_id, cast_member) VALUES (1127384, 'Aaron Eckhart');
INSERT INTO movie_cast_members (movie_id, cast_member) VALUES (1127384, 'Molly Belle Wright');
INSERT INTO movie_cast_members (movie_id, cast_member) VALUES (1127384, 'Kelly Gale');
INSERT INTO movie_cast_members (movie_id, cast_member) VALUES (1127384, 'Ben Kingsley');
INSERT INTO movie_cast_members (movie_id, cast_member) VALUES (1127384, 'Angus Sampson');
INSERT INTO movie_genres (movie_id, genre) VALUES (1127384, 'Thriller');
INSERT INTO movie_genres (movie_id, genre) VALUES (1127384, 'Horror');

INSERT INTO movies (id, title, release_year, duration_minutes, country, language, synopsis, poster_image_url, backdrop_image_url) VALUES (1661632, 'Rosana: mejor vivir sin miedo', 2026, 1, NULL, 'Spanish', 'Synopsis unavailable.', 'https://image.tmdb.org/t/p/w500/qVDBC2k6KPWApQM9JpivfA7ydXL.jpg', NULL) ON CONFLICT (id) DO UPDATE SET title = EXCLUDED.title, release_year = EXCLUDED.release_year, duration_minutes = EXCLUDED.duration_minutes, country = EXCLUDED.country, language = EXCLUDED.language, synopsis = EXCLUDED.synopsis, poster_image_url = EXCLUDED.poster_image_url, backdrop_image_url = EXCLUDED.backdrop_image_url;
INSERT INTO movie_directors (movie_id, director) VALUES (1661632, 'Rosana');
INSERT INTO movie_directors (movie_id, director) VALUES (1661632, 'Javier Palomo');
INSERT INTO movie_cast_members (movie_id, cast_member) VALUES (1661632, 'Rosana');
INSERT INTO movie_genres (movie_id, genre) VALUES (1661632, 'Documentary');
INSERT INTO movie_genres (movie_id, genre) VALUES (1661632, 'Music');

INSERT INTO movies (id, title, release_year, duration_minutes, country, language, synopsis, poster_image_url, backdrop_image_url) VALUES (1180906, 'Desert Dawn', 2025, 89, 'United States of America', 'English', 'A newly appointed small-town sheriff and his begrudging deputy get tangled up in a web of lies and corruption involving shady businessmen and the cartel while investigating the murder of a mysterious woman.', 'https://image.tmdb.org/t/p/w500/6MpAklfzhbIqonqt54MyGciDTjS.jpg', 'https://image.tmdb.org/t/p/original/dOi9s5qoWTEf3PgOPfbvgGsosMX.jpg') ON CONFLICT (id) DO UPDATE SET title = EXCLUDED.title, release_year = EXCLUDED.release_year, duration_minutes = EXCLUDED.duration_minutes, country = EXCLUDED.country, language = EXCLUDED.language, synopsis = EXCLUDED.synopsis, poster_image_url = EXCLUDED.poster_image_url, backdrop_image_url = EXCLUDED.backdrop_image_url;
INSERT INTO movie_directors (movie_id, director) VALUES (1180906, 'Marty Murray');
INSERT INTO movie_cast_members (movie_id, cast_member) VALUES (1180906, 'Kellan Lutz');
INSERT INTO movie_cast_members (movie_id, cast_member) VALUES (1180906, 'Cam Gigandet');
INSERT INTO movie_cast_members (movie_id, cast_member) VALUES (1180906, 'Chad Michael Collins');
INSERT INTO movie_cast_members (movie_id, cast_member) VALUES (1180906, 'Texas Battle');
INSERT INTO movie_cast_members (movie_id, cast_member) VALUES (1180906, 'Mike Ferguson');
INSERT INTO movie_genres (movie_id, genre) VALUES (1180906, 'Action');
INSERT INTO movie_genres (movie_id, genre) VALUES (1180906, 'Crime');
INSERT INTO movie_genres (movie_id, genre) VALUES (1180906, 'Mystery');
INSERT INTO movie_genres (movie_id, genre) VALUES (1180906, 'Thriller');
INSERT INTO movie_image_urls (movie_id, image_url) VALUES (1180906, 'https://image.tmdb.org/t/p/original/rmnXHATxXuG29FNf1zK4Tywyl3r.jpg');
INSERT INTO movie_image_urls (movie_id, image_url) VALUES (1180906, 'https://image.tmdb.org/t/p/original/gCthLSruP9CNqzOq8spIdwHLrcu.jpg');
INSERT INTO movie_image_urls (movie_id, image_url) VALUES (1180906, 'https://image.tmdb.org/t/p/original/bFmziv84NfEVEGTK8c6EVY3bxve.jpg');
INSERT INTO movie_image_urls (movie_id, image_url) VALUES (1180906, 'https://image.tmdb.org/t/p/original/oCD4PHBbJwEpiXEHoIGFGJGYQAt.jpg');

INSERT INTO movies (id, title, release_year, duration_minutes, country, language, synopsis, poster_image_url, backdrop_image_url) VALUES (1254808, 'Nouvelle Vague', 2025, 106, 'France', 'English', 'After writing for Cahiers du cinéma, a young Jean-Luc Godard decides making films is the best film criticism. He convinces producer Georges de Beauregard to fund a low-budget feature, and creates a treatment with fellow New Wave filmmaker François Truffaut about a gangster couple. The result? Breathless, one of the first features of the Nouvelle Vague era of French cinema.', 'https://image.tmdb.org/t/p/w500/AfE7DZ0DPgme6I58dlYp1Bo9xeN.jpg', 'https://image.tmdb.org/t/p/original/c15Fg4jvclF5VjxCi1mtjUg4a6H.jpg') ON CONFLICT (id) DO UPDATE SET title = EXCLUDED.title, release_year = EXCLUDED.release_year, duration_minutes = EXCLUDED.duration_minutes, country = EXCLUDED.country, language = EXCLUDED.language, synopsis = EXCLUDED.synopsis, poster_image_url = EXCLUDED.poster_image_url, backdrop_image_url = EXCLUDED.backdrop_image_url;
INSERT INTO movie_directors (movie_id, director) VALUES (1254808, 'Richard Linklater');
INSERT INTO movie_cast_members (movie_id, cast_member) VALUES (1254808, 'Guillaume Marbeck');
INSERT INTO movie_cast_members (movie_id, cast_member) VALUES (1254808, 'Zoey Deutch');
INSERT INTO movie_cast_members (movie_id, cast_member) VALUES (1254808, 'Aubry Dullin');
INSERT INTO movie_cast_members (movie_id, cast_member) VALUES (1254808, 'Adrien Rouyard');
INSERT INTO movie_cast_members (movie_id, cast_member) VALUES (1254808, 'Antoine Besson');
INSERT INTO movie_genres (movie_id, genre) VALUES (1254808, 'Comedy');
INSERT INTO movie_genres (movie_id, genre) VALUES (1254808, 'Drama');
INSERT INTO movie_genres (movie_id, genre) VALUES (1254808, 'History');
INSERT INTO movie_image_urls (movie_id, image_url) VALUES (1254808, 'https://image.tmdb.org/t/p/original/e5B7WzFfUD9DnZV71DeZtNXh4RI.jpg');
INSERT INTO movie_image_urls (movie_id, image_url) VALUES (1254808, 'https://image.tmdb.org/t/p/original/e1NeVMcrYQbHnQpouyganTvaO7q.jpg');
INSERT INTO movie_image_urls (movie_id, image_url) VALUES (1254808, 'https://image.tmdb.org/t/p/original/6hNUi7feufuz68qKVREYH5R3uYO.jpg');
INSERT INTO movie_image_urls (movie_id, image_url) VALUES (1254808, 'https://image.tmdb.org/t/p/original/1EtRbPrRQwixzq0ymWXLW3vKwSf.jpg');

INSERT INTO movies (id, title, release_year, duration_minutes, country, language, synopsis, poster_image_url, backdrop_image_url) VALUES (1084577, 'Balls Up', 2026, 104, 'United States of America', 'English', 'Two American marketing executives are fired for blowing a client sponsorship opportunity and decide to use their free tickets to a major soccer match. Their drunken debauchery leads them to be hunted by every person across the country.', 'https://image.tmdb.org/t/p/w500/xwvJ3WzdJ1OCuDoY8LAxBUlQyig.jpg', 'https://image.tmdb.org/t/p/original/fam5UIiujCY6LMSaIgyL3KtB95u.jpg') ON CONFLICT (id) DO UPDATE SET title = EXCLUDED.title, release_year = EXCLUDED.release_year, duration_minutes = EXCLUDED.duration_minutes, country = EXCLUDED.country, language = EXCLUDED.language, synopsis = EXCLUDED.synopsis, poster_image_url = EXCLUDED.poster_image_url, backdrop_image_url = EXCLUDED.backdrop_image_url;
INSERT INTO movie_directors (movie_id, director) VALUES (1084577, 'Peter Farrelly');
INSERT INTO movie_cast_members (movie_id, cast_member) VALUES (1084577, 'Mark Wahlberg');
INSERT INTO movie_cast_members (movie_id, cast_member) VALUES (1084577, 'Paul Walter Hauser');
INSERT INTO movie_cast_members (movie_id, cast_member) VALUES (1084577, 'Molly Shannon');
INSERT INTO movie_cast_members (movie_id, cast_member) VALUES (1084577, 'Eva De Dominici');
INSERT INTO movie_cast_members (movie_id, cast_member) VALUES (1084577, 'Benjamin Bratt');
INSERT INTO movie_genres (movie_id, genre) VALUES (1084577, 'Action');
INSERT INTO movie_genres (movie_id, genre) VALUES (1084577, 'Comedy');
INSERT INTO movie_image_urls (movie_id, image_url) VALUES (1084577, 'https://image.tmdb.org/t/p/original/vwWp57VmlGtfGCFnSHHzh55JhoP.jpg');
INSERT INTO movie_image_urls (movie_id, image_url) VALUES (1084577, 'https://image.tmdb.org/t/p/original/x3pAuL5RwxjcNqUl3LaPSEGH5ol.jpg');
INSERT INTO movie_image_urls (movie_id, image_url) VALUES (1084577, 'https://image.tmdb.org/t/p/original/1rZlgBWizuMAXCB28OX3FLyAruM.jpg');

INSERT INTO movies (id, title, release_year, duration_minutes, country, language, synopsis, poster_image_url, backdrop_image_url) VALUES (1584215, 'The Internship', 2026, 91, 'United States of America', 'English', 'A CIA-trained assassin recruits other graduates from her secret childhood program, The Internship, to violently destroy the organization. The CIA fights back with deadly force.', 'https://image.tmdb.org/t/p/w500/fYqSOkix4rbDiZW0ACNnvZCpT6X.jpg', 'https://image.tmdb.org/t/p/original/eUERZRVjCTNdgnESlQxyaOJ2d4K.jpg') ON CONFLICT (id) DO UPDATE SET title = EXCLUDED.title, release_year = EXCLUDED.release_year, duration_minutes = EXCLUDED.duration_minutes, country = EXCLUDED.country, language = EXCLUDED.language, synopsis = EXCLUDED.synopsis, poster_image_url = EXCLUDED.poster_image_url, backdrop_image_url = EXCLUDED.backdrop_image_url;
INSERT INTO movie_directors (movie_id, director) VALUES (1584215, 'James Bamford');
INSERT INTO movie_cast_members (movie_id, cast_member) VALUES (1584215, 'Lizzy Greene');
INSERT INTO movie_cast_members (movie_id, cast_member) VALUES (1584215, 'Megan Boone');
INSERT INTO movie_cast_members (movie_id, cast_member) VALUES (1584215, 'Sky Katz');
INSERT INTO movie_cast_members (movie_id, cast_member) VALUES (1584215, 'Philip Winchester');
INSERT INTO movie_cast_members (movie_id, cast_member) VALUES (1584215, 'Alix Villaret');
INSERT INTO movie_genres (movie_id, genre) VALUES (1584215, 'Action');
INSERT INTO movie_image_urls (movie_id, image_url) VALUES (1584215, 'https://image.tmdb.org/t/p/original/5eqnrbV7V76weYdYyJjy27vSZLp.jpg');
INSERT INTO movie_image_urls (movie_id, image_url) VALUES (1584215, 'https://image.tmdb.org/t/p/original/hSqTU1jKnqLsXniT8OmFFEJ6h01.jpg');
INSERT INTO movie_image_urls (movie_id, image_url) VALUES (1584215, 'https://image.tmdb.org/t/p/original/2EptPFNLmu61CzCSHW6J5vDqJRw.jpg');
INSERT INTO movie_image_urls (movie_id, image_url) VALUES (1584215, 'https://image.tmdb.org/t/p/original/pKPOsCPQad6ITy3uzCVozwIOsTE.jpg');

INSERT INTO movies (id, title, release_year, duration_minutes, country, language, synopsis, poster_image_url, backdrop_image_url) VALUES (1291608, 'Dhurandhar', 2025, 212, 'India', 'English', 'A mysterious traveler slips into the heart of Karachi''s underbelly and rises through its ranks with lethal precision, only to tear the notorious ISI-Underworld nexus apart from within.', 'https://image.tmdb.org/t/p/w500/snBOuXDdhmTvlzMUvP9Em3Pp1u1.jpg', 'https://image.tmdb.org/t/p/original/4DfxcN4w0FuYZHQ3JAHzpHWia1U.jpg') ON CONFLICT (id) DO UPDATE SET title = EXCLUDED.title, release_year = EXCLUDED.release_year, duration_minutes = EXCLUDED.duration_minutes, country = EXCLUDED.country, language = EXCLUDED.language, synopsis = EXCLUDED.synopsis, poster_image_url = EXCLUDED.poster_image_url, backdrop_image_url = EXCLUDED.backdrop_image_url;
INSERT INTO movie_directors (movie_id, director) VALUES (1291608, 'Aditya Dhar');
INSERT INTO movie_cast_members (movie_id, cast_member) VALUES (1291608, 'Ranveer Singh');
INSERT INTO movie_cast_members (movie_id, cast_member) VALUES (1291608, 'Akshaye Khanna');
INSERT INTO movie_cast_members (movie_id, cast_member) VALUES (1291608, 'R. Madhavan');
INSERT INTO movie_cast_members (movie_id, cast_member) VALUES (1291608, 'Arjun Rampal');
INSERT INTO movie_cast_members (movie_id, cast_member) VALUES (1291608, 'Sanjay Dutt');
INSERT INTO movie_genres (movie_id, genre) VALUES (1291608, 'Action');
INSERT INTO movie_genres (movie_id, genre) VALUES (1291608, 'Crime');
INSERT INTO movie_genres (movie_id, genre) VALUES (1291608, 'Thriller');
INSERT INTO movie_image_urls (movie_id, image_url) VALUES (1291608, 'https://image.tmdb.org/t/p/original/44vAkiq5KwVyQmP3GW9hqwUpJ1K.jpg');
INSERT INTO movie_image_urls (movie_id, image_url) VALUES (1291608, 'https://image.tmdb.org/t/p/original/kiEz0fvjqEI5QgH6j3PIAABR8Yv.jpg');
INSERT INTO movie_image_urls (movie_id, image_url) VALUES (1291608, 'https://image.tmdb.org/t/p/original/pA097xlFayEAOEZswdWeSwlg4b9.jpg');
INSERT INTO movie_image_urls (movie_id, image_url) VALUES (1291608, 'https://image.tmdb.org/t/p/original/snYOXem8pUGOffnLbbGq4aB1pg4.jpg');

INSERT INTO movies (id, title, release_year, duration_minutes, country, language, synopsis, poster_image_url, backdrop_image_url) VALUES (798645, 'The Running Man', 2025, 133, 'United States of America', 'Hungarian', 'Desperate to save his sick daughter, working-class Ben Richards is convinced by The Running Man''s charming but ruthless producer to enter the deadly competition game as a last resort. But Ben''s defiance, instincts, and grit turn him into an unexpected fan favorite — and a threat to the entire system. As ratings skyrocket, so does the danger, and Ben must outwit not just the Hunters, but a nation addicted to watching him fall.', 'https://image.tmdb.org/t/p/w500/dKL78O9zxczVgjtNcQ9UkbYLzqX.jpg', 'https://image.tmdb.org/t/p/original/aHj7d7wSLqrg5cjAcgHhiGr97Ih.jpg') ON CONFLICT (id) DO UPDATE SET title = EXCLUDED.title, release_year = EXCLUDED.release_year, duration_minutes = EXCLUDED.duration_minutes, country = EXCLUDED.country, language = EXCLUDED.language, synopsis = EXCLUDED.synopsis, poster_image_url = EXCLUDED.poster_image_url, backdrop_image_url = EXCLUDED.backdrop_image_url;
INSERT INTO movie_directors (movie_id, director) VALUES (798645, 'Edgar Wright');
INSERT INTO movie_cast_members (movie_id, cast_member) VALUES (798645, 'Glen Powell');
INSERT INTO movie_cast_members (movie_id, cast_member) VALUES (798645, 'William H. Macy');
INSERT INTO movie_cast_members (movie_id, cast_member) VALUES (798645, 'Lee Pace');
INSERT INTO movie_cast_members (movie_id, cast_member) VALUES (798645, 'Michael Cera');
INSERT INTO movie_cast_members (movie_id, cast_member) VALUES (798645, 'Emilia Jones');
INSERT INTO movie_genres (movie_id, genre) VALUES (798645, 'Action');
INSERT INTO movie_genres (movie_id, genre) VALUES (798645, 'Thriller');
INSERT INTO movie_genres (movie_id, genre) VALUES (798645, 'Science Fiction');
INSERT INTO movie_image_urls (movie_id, image_url) VALUES (798645, 'https://image.tmdb.org/t/p/original/jFhdb45moOI78fkvtRNybjs1H4h.jpg');
INSERT INTO movie_image_urls (movie_id, image_url) VALUES (798645, 'https://image.tmdb.org/t/p/original/at7Vtn4EKNSNNWfQFKEulLraera.jpg');
INSERT INTO movie_image_urls (movie_id, image_url) VALUES (798645, 'https://image.tmdb.org/t/p/original/lGnPqsK1C3XQkF5ZBCWqAzfuuRc.jpg');
INSERT INTO movie_image_urls (movie_id, image_url) VALUES (798645, 'https://image.tmdb.org/t/p/original/pGM6vH7RP2TYaAgWeIRFlbFLKeT.jpg');

INSERT INTO movies (id, title, release_year, duration_minutes, country, language, synopsis, poster_image_url, backdrop_image_url) VALUES (1228246, 'Five Nights at Freddy''s 2', 2025, 104, 'United States of America', 'English', 'One year since the supernatural nightmare at Freddy Fazbear''s Pizza, the stories about what transpired there have been twisted into a campy local legend, inspiring the town''s first ever Fazfest. With the truth kept from her, Abby sneaks out to reconnect with Freddy, Bonnie, Chica, and Foxy, setting into motion a terrifying series of events that will reveal dark secrets about the real origin of Freddy''s, and unleash a decades-hidden horror.', 'https://image.tmdb.org/t/p/w500/udAxQEORq2I5wxI97N2TEqdhzBE.jpg', 'https://image.tmdb.org/t/p/original/54BOXpX2ieTXMDzHymdDMnUIzYG.jpg') ON CONFLICT (id) DO UPDATE SET title = EXCLUDED.title, release_year = EXCLUDED.release_year, duration_minutes = EXCLUDED.duration_minutes, country = EXCLUDED.country, language = EXCLUDED.language, synopsis = EXCLUDED.synopsis, poster_image_url = EXCLUDED.poster_image_url, backdrop_image_url = EXCLUDED.backdrop_image_url;
INSERT INTO movie_directors (movie_id, director) VALUES (1228246, 'Emma Tammi');
INSERT INTO movie_cast_members (movie_id, cast_member) VALUES (1228246, 'Josh Hutcherson');
INSERT INTO movie_cast_members (movie_id, cast_member) VALUES (1228246, 'Piper Rubio');
INSERT INTO movie_cast_members (movie_id, cast_member) VALUES (1228246, 'Elizabeth Lail');
INSERT INTO movie_cast_members (movie_id, cast_member) VALUES (1228246, 'Matthew Lillard');
INSERT INTO movie_cast_members (movie_id, cast_member) VALUES (1228246, 'Freddy Carter');
INSERT INTO movie_genres (movie_id, genre) VALUES (1228246, 'Horror');
INSERT INTO movie_genres (movie_id, genre) VALUES (1228246, 'Thriller');
INSERT INTO movie_image_urls (movie_id, image_url) VALUES (1228246, 'https://image.tmdb.org/t/p/original/gFVLyx2EX9jrnV2RY8rF9Y3W9aH.jpg');
INSERT INTO movie_image_urls (movie_id, image_url) VALUES (1228246, 'https://image.tmdb.org/t/p/original/igxgTccNiUGmIBVO9kjivuVPp52.jpg');
INSERT INTO movie_image_urls (movie_id, image_url) VALUES (1228246, 'https://image.tmdb.org/t/p/original/1Z0nATltcUBA3Hvr4kWwptZJrPa.jpg');
INSERT INTO movie_image_urls (movie_id, image_url) VALUES (1228246, 'https://image.tmdb.org/t/p/original/laWV5ohHOxYnCkvrJcZf6IDOIDO.jpg');

INSERT INTO movies (id, title, release_year, duration_minutes, country, language, synopsis, poster_image_url, backdrop_image_url) VALUES (646315, 'The Legendary Lighter', 2019, 109, 'South Korea', 'Korean', 'A man who used to be called Lighter cleans up his act from his days as a gangster and struggles to start over.', 'https://image.tmdb.org/t/p/w500/h5fCwKCnKAKxdX6onTnrU6MeYe8.jpg', 'https://image.tmdb.org/t/p/original/pe3cTrUeAHHLycZVEmFjT9kEV7a.jpg') ON CONFLICT (id) DO UPDATE SET title = EXCLUDED.title, release_year = EXCLUDED.release_year, duration_minutes = EXCLUDED.duration_minutes, country = EXCLUDED.country, language = EXCLUDED.language, synopsis = EXCLUDED.synopsis, poster_image_url = EXCLUDED.poster_image_url, backdrop_image_url = EXCLUDED.backdrop_image_url;
INSERT INTO movie_directors (movie_id, director) VALUES (646315, 'Chae Ki-jun');
INSERT INTO movie_cast_members (movie_id, cast_member) VALUES (646315, 'Kim Hae-joon');
INSERT INTO movie_cast_members (movie_id, cast_member) VALUES (646315, 'Park Sharon');
INSERT INTO movie_cast_members (movie_id, cast_member) VALUES (646315, 'Lee Dong-ju');
INSERT INTO movie_cast_members (movie_id, cast_member) VALUES (646315, 'Hong Dal-pyo');
INSERT INTO movie_genres (movie_id, genre) VALUES (646315, 'Action');

INSERT INTO movies (id, title, release_year, duration_minutes, country, language, synopsis, poster_image_url, backdrop_image_url) VALUES (1061474, 'Superman', 2025, 130, 'United States of America', 'English', 'Superman, a journalist in Metropolis, embarks on a journey to reconcile his Kryptonian heritage with his human upbringing as Clark Kent.', 'https://image.tmdb.org/t/p/w500/ldyfo0BKmz5rWtJJKCvwaNS4cJT.jpg', 'https://image.tmdb.org/t/p/original/eU7IfdWq8KQy0oNd4kKXS0QUR08.jpg') ON CONFLICT (id) DO UPDATE SET title = EXCLUDED.title, release_year = EXCLUDED.release_year, duration_minutes = EXCLUDED.duration_minutes, country = EXCLUDED.country, language = EXCLUDED.language, synopsis = EXCLUDED.synopsis, poster_image_url = EXCLUDED.poster_image_url, backdrop_image_url = EXCLUDED.backdrop_image_url;
INSERT INTO movie_directors (movie_id, director) VALUES (1061474, 'James Gunn');
INSERT INTO movie_cast_members (movie_id, cast_member) VALUES (1061474, 'David Corenswet');
INSERT INTO movie_cast_members (movie_id, cast_member) VALUES (1061474, 'Rachel Brosnahan');
INSERT INTO movie_cast_members (movie_id, cast_member) VALUES (1061474, 'Nicholas Hoult');
INSERT INTO movie_cast_members (movie_id, cast_member) VALUES (1061474, 'Edi Gathegi');
INSERT INTO movie_cast_members (movie_id, cast_member) VALUES (1061474, 'Nathan Fillion');
INSERT INTO movie_genres (movie_id, genre) VALUES (1061474, 'Science Fiction');
INSERT INTO movie_genres (movie_id, genre) VALUES (1061474, 'Adventure');
INSERT INTO movie_genres (movie_id, genre) VALUES (1061474, 'Action');
INSERT INTO movie_image_urls (movie_id, image_url) VALUES (1061474, 'https://image.tmdb.org/t/p/original/yRBc6WY3r1Fz5Cjd6DhSvzqunED.jpg');
INSERT INTO movie_image_urls (movie_id, image_url) VALUES (1061474, 'https://image.tmdb.org/t/p/original/ApRxyHFuvv5yghedxXPJSm9FEDe.jpg');
INSERT INTO movie_image_urls (movie_id, image_url) VALUES (1061474, 'https://image.tmdb.org/t/p/original/eGX66zonvc4bXg3rM08RUxdYSDx.jpg');
INSERT INTO movie_image_urls (movie_id, image_url) VALUES (1061474, 'https://image.tmdb.org/t/p/original/aJDLz1748CIMZkCkyISYe5Hl6I7.jpg');

INSERT INTO movies (id, title, release_year, duration_minutes, country, language, synopsis, poster_image_url, backdrop_image_url) VALUES (1022789, 'Inside Out 2', 2024, 97, 'United States of America', 'English', 'Teenager Riley''s mind headquarters is undergoing a sudden demolition to make room for something entirely unexpected: new Emotions! Joy, Sadness, Anger, Fear and Disgust, who’ve long been running a successful operation by all accounts, aren’t sure how to feel when Anxiety shows up. And it looks like she’s not alone.', 'https://image.tmdb.org/t/p/w500/vpnVM9B6NMmQpWeZvzLvDESb2QY.jpg', 'https://image.tmdb.org/t/p/original/p5ozvmdgsmbWe0H8Xk7Rc8SCwAB.jpg') ON CONFLICT (id) DO UPDATE SET title = EXCLUDED.title, release_year = EXCLUDED.release_year, duration_minutes = EXCLUDED.duration_minutes, country = EXCLUDED.country, language = EXCLUDED.language, synopsis = EXCLUDED.synopsis, poster_image_url = EXCLUDED.poster_image_url, backdrop_image_url = EXCLUDED.backdrop_image_url;
INSERT INTO movie_directors (movie_id, director) VALUES (1022789, 'Kelsey Mann');
INSERT INTO movie_cast_members (movie_id, cast_member) VALUES (1022789, 'Amy Poehler');
INSERT INTO movie_cast_members (movie_id, cast_member) VALUES (1022789, 'Maya Hawke');
INSERT INTO movie_cast_members (movie_id, cast_member) VALUES (1022789, 'Kensington Tallman');
INSERT INTO movie_cast_members (movie_id, cast_member) VALUES (1022789, 'Liza Lapira');
INSERT INTO movie_cast_members (movie_id, cast_member) VALUES (1022789, 'Tony Hale');
INSERT INTO movie_genres (movie_id, genre) VALUES (1022789, 'Animation');
INSERT INTO movie_genres (movie_id, genre) VALUES (1022789, 'Adventure');
INSERT INTO movie_genres (movie_id, genre) VALUES (1022789, 'Comedy');
INSERT INTO movie_genres (movie_id, genre) VALUES (1022789, 'Family');
INSERT INTO movie_image_urls (movie_id, image_url) VALUES (1022789, 'https://image.tmdb.org/t/p/original/xg27NrXi7VXCGUr7MG75UqLl6Vg.jpg');
INSERT INTO movie_image_urls (movie_id, image_url) VALUES (1022789, 'https://image.tmdb.org/t/p/original/uVu2fBc114un7F1GD76RBouWyBP.jpg');
INSERT INTO movie_image_urls (movie_id, image_url) VALUES (1022789, 'https://image.tmdb.org/t/p/original/coATv42PoiLqAFKStJiMZs2r6Zb.jpg');
INSERT INTO movie_image_urls (movie_id, image_url) VALUES (1022789, 'https://image.tmdb.org/t/p/original/stKGOm8UyhuLPR9sZLjs5AkmncA.jpg');

INSERT INTO movies (id, title, release_year, duration_minutes, country, language, synopsis, poster_image_url, backdrop_image_url) VALUES (38, 'Eternal Sunshine of the Spotless Mind', 2004, 108, 'United States of America', 'English', 'Joel Barish, heartbroken that his girlfriend underwent a procedure to erase him from her memory, decides to do the same. However, as he watches his memories of her fade away, he realises that he still loves her, and may be too late to correct his mistake.', 'https://image.tmdb.org/t/p/w500/5MwkWH9tYHv3mV9OdYTMR5qreIz.jpg', 'https://image.tmdb.org/t/p/original/W1ffLQGHoxfAOq0ZYdPtJlvAdb.jpg') ON CONFLICT (id) DO UPDATE SET title = EXCLUDED.title, release_year = EXCLUDED.release_year, duration_minutes = EXCLUDED.duration_minutes, country = EXCLUDED.country, language = EXCLUDED.language, synopsis = EXCLUDED.synopsis, poster_image_url = EXCLUDED.poster_image_url, backdrop_image_url = EXCLUDED.backdrop_image_url;
INSERT INTO movie_directors (movie_id, director) VALUES (38, 'Michel Gondry');
INSERT INTO movie_cast_members (movie_id, cast_member) VALUES (38, 'Jim Carrey');
INSERT INTO movie_cast_members (movie_id, cast_member) VALUES (38, 'Kate Winslet');
INSERT INTO movie_cast_members (movie_id, cast_member) VALUES (38, 'Kirsten Dunst');
INSERT INTO movie_cast_members (movie_id, cast_member) VALUES (38, 'Mark Ruffalo');
INSERT INTO movie_cast_members (movie_id, cast_member) VALUES (38, 'Elijah Wood');
INSERT INTO movie_genres (movie_id, genre) VALUES (38, 'Science Fiction');
INSERT INTO movie_genres (movie_id, genre) VALUES (38, 'Drama');
INSERT INTO movie_genres (movie_id, genre) VALUES (38, 'Romance');
INSERT INTO movie_image_urls (movie_id, image_url) VALUES (38, 'https://image.tmdb.org/t/p/original/744ybMaYRry1IQKoDakMc4GEU4L.jpg');
INSERT INTO movie_image_urls (movie_id, image_url) VALUES (38, 'https://image.tmdb.org/t/p/original/jzZcW65MZQfAgvbEoX8EWCvlxpk.jpg');
INSERT INTO movie_image_urls (movie_id, image_url) VALUES (38, 'https://image.tmdb.org/t/p/original/8AE7M2lMsyvowfT36porzGtmOtI.jpg');
INSERT INTO movie_image_urls (movie_id, image_url) VALUES (38, 'https://image.tmdb.org/t/p/original/jz9Kep0xWjiA6QDHSsd43ASxNfj.jpg');

INSERT INTO movies (id, title, release_year, duration_minutes, country, language, synopsis, poster_image_url, backdrop_image_url) VALUES (28322, 'Madness', 1980, 89, 'Italy', 'Italian', 'An escaped convicted murderer invades the cottage of a man, his wife and the wife''s sister, whereupon he proceeds to torment this already dysfunctional trio with rape and violence.', 'https://image.tmdb.org/t/p/w500/gV0J0Fqw2mYMtQbzb0ruxv9MAeZ.jpg', 'https://image.tmdb.org/t/p/original/7TJjD2X9GTEqyLVIJKLS85J2V47.jpg') ON CONFLICT (id) DO UPDATE SET title = EXCLUDED.title, release_year = EXCLUDED.release_year, duration_minutes = EXCLUDED.duration_minutes, country = EXCLUDED.country, language = EXCLUDED.language, synopsis = EXCLUDED.synopsis, poster_image_url = EXCLUDED.poster_image_url, backdrop_image_url = EXCLUDED.backdrop_image_url;
INSERT INTO movie_directors (movie_id, director) VALUES (28322, 'Fernando Di Leo');
INSERT INTO movie_cast_members (movie_id, cast_member) VALUES (28322, 'Joe Dallesandro');
INSERT INTO movie_cast_members (movie_id, cast_member) VALUES (28322, 'Patrizia Behn');
INSERT INTO movie_cast_members (movie_id, cast_member) VALUES (28322, 'Gianni Macchia');
INSERT INTO movie_cast_members (movie_id, cast_member) VALUES (28322, 'Lorraine De Selle');
INSERT INTO movie_cast_members (movie_id, cast_member) VALUES (28322, 'Omero Capanna');
INSERT INTO movie_genres (movie_id, genre) VALUES (28322, 'Thriller');
INSERT INTO movie_genres (movie_id, genre) VALUES (28322, 'Action');
INSERT INTO movie_genres (movie_id, genre) VALUES (28322, 'Crime');
INSERT INTO movie_image_urls (movie_id, image_url) VALUES (28322, 'https://image.tmdb.org/t/p/original/pA8ylEfOtWzNn3PxF6eTlorocV1.jpg');
INSERT INTO movie_image_urls (movie_id, image_url) VALUES (28322, 'https://image.tmdb.org/t/p/original/5MzzgfHfRjuzR1FeKjUG6Wk8IVx.jpg');

INSERT INTO movies (id, title, release_year, duration_minutes, country, language, synopsis, poster_image_url, backdrop_image_url) VALUES (1087192, 'How to Train Your Dragon', 2025, 125, 'United States of America', 'English', 'On the rugged isle of Berk, where Vikings and dragons have been bitter enemies for generations, Hiccup stands apart, defying centuries of tradition when he befriends Toothless, a feared Night Fury dragon. Their unlikely bond reveals the true nature of dragons, challenging the very foundations of Viking society.', 'https://image.tmdb.org/t/p/w500/41dfWUWtg1kUZcJYe6Zk6ewxzMu.jpg', 'https://image.tmdb.org/t/p/original/79PNOxNXSe5e0bhEj11QJPlsdCN.jpg') ON CONFLICT (id) DO UPDATE SET title = EXCLUDED.title, release_year = EXCLUDED.release_year, duration_minutes = EXCLUDED.duration_minutes, country = EXCLUDED.country, language = EXCLUDED.language, synopsis = EXCLUDED.synopsis, poster_image_url = EXCLUDED.poster_image_url, backdrop_image_url = EXCLUDED.backdrop_image_url;
INSERT INTO movie_directors (movie_id, director) VALUES (1087192, 'Dean DeBlois');
INSERT INTO movie_cast_members (movie_id, cast_member) VALUES (1087192, 'Mason Thames');
INSERT INTO movie_cast_members (movie_id, cast_member) VALUES (1087192, 'Nico Parker');
INSERT INTO movie_cast_members (movie_id, cast_member) VALUES (1087192, 'Gerard Butler');
INSERT INTO movie_cast_members (movie_id, cast_member) VALUES (1087192, 'Nick Frost');
INSERT INTO movie_cast_members (movie_id, cast_member) VALUES (1087192, 'Gabriel Howell');
INSERT INTO movie_genres (movie_id, genre) VALUES (1087192, 'Fantasy');
INSERT INTO movie_genres (movie_id, genre) VALUES (1087192, 'Family');
INSERT INTO movie_genres (movie_id, genre) VALUES (1087192, 'Action');
INSERT INTO movie_genres (movie_id, genre) VALUES (1087192, 'Adventure');
INSERT INTO movie_image_urls (movie_id, image_url) VALUES (1087192, 'https://image.tmdb.org/t/p/original/8J6UlIFcU7eZfq9iCLbgc8Auklg.jpg');
INSERT INTO movie_image_urls (movie_id, image_url) VALUES (1087192, 'https://image.tmdb.org/t/p/original/AeDzjt00Hfh9CuW7TIUdYBJmWYM.jpg');
INSERT INTO movie_image_urls (movie_id, image_url) VALUES (1087192, 'https://image.tmdb.org/t/p/original/ovZasZ9EeZcp6UsrElkQ63hFCd.jpg');
INSERT INTO movie_image_urls (movie_id, image_url) VALUES (1087192, 'https://image.tmdb.org/t/p/original/7HqLLVjdjhXS0Qoz1SgZofhkIpE.jpg');

INSERT INTO movies (id, title, release_year, duration_minutes, country, language, synopsis, poster_image_url, backdrop_image_url) VALUES (1426297, 'Play Dead', 2025, 72, 'Argentina', 'Spanish', 'A woman wakes up injured in a basement surrounded by corpses. To survive, she pretends to be dead while a grotesque ritual unfolds in the house above.', 'https://image.tmdb.org/t/p/w500/ixWeYfvXT9AbfM0QPb9kwbVLbLV.jpg', 'https://image.tmdb.org/t/p/original/lZ3vcm5HtPX8BeHs4axZABJrYJa.jpg') ON CONFLICT (id) DO UPDATE SET title = EXCLUDED.title, release_year = EXCLUDED.release_year, duration_minutes = EXCLUDED.duration_minutes, country = EXCLUDED.country, language = EXCLUDED.language, synopsis = EXCLUDED.synopsis, poster_image_url = EXCLUDED.poster_image_url, backdrop_image_url = EXCLUDED.backdrop_image_url;
INSERT INTO movie_directors (movie_id, director) VALUES (1426297, 'Carlos Goitia');
INSERT INTO movie_cast_members (movie_id, cast_member) VALUES (1426297, 'Paula Brasca');
INSERT INTO movie_cast_members (movie_id, cast_member) VALUES (1426297, 'Damián Del Castillo');
INSERT INTO movie_cast_members (movie_id, cast_member) VALUES (1426297, 'Marta Quarleri');
INSERT INTO movie_cast_members (movie_id, cast_member) VALUES (1426297, 'Milagros Ribet');
INSERT INTO movie_cast_members (movie_id, cast_member) VALUES (1426297, 'Catalina Motto');
INSERT INTO movie_genres (movie_id, genre) VALUES (1426297, 'Horror');
INSERT INTO movie_image_urls (movie_id, image_url) VALUES (1426297, 'https://image.tmdb.org/t/p/original/nWO2ficokN3xyRHnlPIS2lneRAh.jpg');
INSERT INTO movie_image_urls (movie_id, image_url) VALUES (1426297, 'https://image.tmdb.org/t/p/original/hp9ee1UVeK9hmBkMCRhvbZ78ztV.jpg');
INSERT INTO movie_image_urls (movie_id, image_url) VALUES (1426297, 'https://image.tmdb.org/t/p/original/lmWuTktRZjLERHbag6KHFjUW9IK.jpg');
INSERT INTO movie_image_urls (movie_id, image_url) VALUES (1426297, 'https://image.tmdb.org/t/p/original/yE61TcPIHZ9iCxi9bRvh1MAZfML.jpg');

INSERT INTO movies (id, title, release_year, duration_minutes, country, language, synopsis, poster_image_url, backdrop_image_url) VALUES (876566, 'The House', 2021, 90, 'Germany', 'German', 'A married couple retreats to a luxury, high-tech, fully automated house on a remote island. The house AI system goes rogue and turns against them.', 'https://image.tmdb.org/t/p/w500/3TQR2KEWbtBtabKIBwadrVmLydY.jpg', 'https://image.tmdb.org/t/p/original/cPTKakDEmF1pv58EgWYZu2TLYs6.jpg') ON CONFLICT (id) DO UPDATE SET title = EXCLUDED.title, release_year = EXCLUDED.release_year, duration_minutes = EXCLUDED.duration_minutes, country = EXCLUDED.country, language = EXCLUDED.language, synopsis = EXCLUDED.synopsis, poster_image_url = EXCLUDED.poster_image_url, backdrop_image_url = EXCLUDED.backdrop_image_url;
INSERT INTO movie_directors (movie_id, director) VALUES (876566, 'Rick Ostermann');
INSERT INTO movie_cast_members (movie_id, cast_member) VALUES (876566, 'Tobias Moretti');
INSERT INTO movie_cast_members (movie_id, cast_member) VALUES (876566, 'Valery Tscheplanowa');
INSERT INTO movie_cast_members (movie_id, cast_member) VALUES (876566, 'Hans-Jochen Wagner');
INSERT INTO movie_cast_members (movie_id, cast_member) VALUES (876566, 'Lisa Vicari');
INSERT INTO movie_cast_members (movie_id, cast_member) VALUES (876566, 'Max von der Groeben');
INSERT INTO movie_genres (movie_id, genre) VALUES (876566, 'Thriller');
INSERT INTO movie_genres (movie_id, genre) VALUES (876566, 'Drama');
INSERT INTO movie_genres (movie_id, genre) VALUES (876566, 'Science Fiction');
INSERT INTO movie_image_urls (movie_id, image_url) VALUES (876566, 'https://image.tmdb.org/t/p/original/aY3lKgcmy1qLygisvXj9QWJaLW0.jpg');
INSERT INTO movie_image_urls (movie_id, image_url) VALUES (876566, 'https://image.tmdb.org/t/p/original/aiEFHci8ayYXhQlPPmdEoXPlwDH.jpg');

INSERT INTO movies (id, title, release_year, duration_minutes, country, language, synopsis, poster_image_url, backdrop_image_url) VALUES (50014, 'The Help', 2011, 146, 'United States of America', 'English', 'Aibileen Clark is a middle-aged African-American maid who has spent her life raising white children and has recently lost her only son; Minny Jackson is an African-American maid who has often offended her employers despite her family''s struggles with money and her desperate need for jobs; and Eugenia "Skeeter" Phelan is a young white woman who has recently moved back home after graduating college to find out her childhood maid has mysteriously disappeared. These three stories intertwine to explain how life in Jackson, Mississippi revolves around "the help"; yet they are always kept at a certain distance because of racial lines.', 'https://image.tmdb.org/t/p/w500/3kmfoWWEc9Vtyuaf9v5VipRgdjx.jpg', 'https://image.tmdb.org/t/p/original/k2ZdjMXmqnw4RJeh8cwxCvcznJZ.jpg') ON CONFLICT (id) DO UPDATE SET title = EXCLUDED.title, release_year = EXCLUDED.release_year, duration_minutes = EXCLUDED.duration_minutes, country = EXCLUDED.country, language = EXCLUDED.language, synopsis = EXCLUDED.synopsis, poster_image_url = EXCLUDED.poster_image_url, backdrop_image_url = EXCLUDED.backdrop_image_url;
INSERT INTO movie_directors (movie_id, director) VALUES (50014, 'Tate Taylor');
INSERT INTO movie_cast_members (movie_id, cast_member) VALUES (50014, 'Emma Stone');
INSERT INTO movie_cast_members (movie_id, cast_member) VALUES (50014, 'Viola Davis');
INSERT INTO movie_cast_members (movie_id, cast_member) VALUES (50014, 'Bryce Dallas Howard');
INSERT INTO movie_cast_members (movie_id, cast_member) VALUES (50014, 'Octavia Spencer');
INSERT INTO movie_cast_members (movie_id, cast_member) VALUES (50014, 'Jessica Chastain');
INSERT INTO movie_genres (movie_id, genre) VALUES (50014, 'Drama');
INSERT INTO movie_image_urls (movie_id, image_url) VALUES (50014, 'https://image.tmdb.org/t/p/original/1adMMIIpDy14hfT8nUGTjqg8Gd0.jpg');
INSERT INTO movie_image_urls (movie_id, image_url) VALUES (50014, 'https://image.tmdb.org/t/p/original/yNDtUGvWVf6hAZeZowWOJTD65z4.jpg');
INSERT INTO movie_image_urls (movie_id, image_url) VALUES (50014, 'https://image.tmdb.org/t/p/original/wyvUmyzqGOBDyqLHRSukGDjI7bH.jpg');
INSERT INTO movie_image_urls (movie_id, image_url) VALUES (50014, 'https://image.tmdb.org/t/p/original/yDwL5qAHeSyaozgXXcYnAOp4AUF.jpg');

INSERT INTO movies (id, title, release_year, duration_minutes, country, language, synopsis, poster_image_url, backdrop_image_url) VALUES (441130, 'Wolfwalkers', 2020, 102, 'France', 'English', 'In a time of superstition and magic, when wolves are seen as demonic and nature an evil to be tamed, a young apprentice hunter comes to Ireland with her father to wipe out the last pack. But when she saves a wild native girl, their friendship leads her to discover the world of the Wolfwalkers and transform her into the very thing her father is tasked to destroy.', 'https://image.tmdb.org/t/p/w500/vqGiNbdc2sDwsnivMMYzwAoSSu6.jpg', 'https://image.tmdb.org/t/p/original/3zTbERSBLh7waK9811RTKGAcG86.jpg') ON CONFLICT (id) DO UPDATE SET title = EXCLUDED.title, release_year = EXCLUDED.release_year, duration_minutes = EXCLUDED.duration_minutes, country = EXCLUDED.country, language = EXCLUDED.language, synopsis = EXCLUDED.synopsis, poster_image_url = EXCLUDED.poster_image_url, backdrop_image_url = EXCLUDED.backdrop_image_url;
INSERT INTO movie_directors (movie_id, director) VALUES (441130, 'Tomm Moore');
INSERT INTO movie_directors (movie_id, director) VALUES (441130, 'Ross Stewart');
INSERT INTO movie_cast_members (movie_id, cast_member) VALUES (441130, 'Honor Kneafsey');
INSERT INTO movie_cast_members (movie_id, cast_member) VALUES (441130, 'Eva Whittaker');
INSERT INTO movie_cast_members (movie_id, cast_member) VALUES (441130, 'Sean Bean');
INSERT INTO movie_cast_members (movie_id, cast_member) VALUES (441130, 'Simon McBurney');
INSERT INTO movie_cast_members (movie_id, cast_member) VALUES (441130, 'Tommy Tiernan');
INSERT INTO movie_genres (movie_id, genre) VALUES (441130, 'Animation');
INSERT INTO movie_genres (movie_id, genre) VALUES (441130, 'Family');
INSERT INTO movie_genres (movie_id, genre) VALUES (441130, 'Adventure');
INSERT INTO movie_genres (movie_id, genre) VALUES (441130, 'Fantasy');
INSERT INTO movie_image_urls (movie_id, image_url) VALUES (441130, 'https://image.tmdb.org/t/p/original/vp5I07UnTnscbPKXa0wXpSzsdiz.jpg');
INSERT INTO movie_image_urls (movie_id, image_url) VALUES (441130, 'https://image.tmdb.org/t/p/original/yeJhRNtE4XW2lOoVVFO9iuDr3AL.jpg');
INSERT INTO movie_image_urls (movie_id, image_url) VALUES (441130, 'https://image.tmdb.org/t/p/original/yHtB4KHNigx3ZoxDvQbW2SOXGfq.jpg');
INSERT INTO movie_image_urls (movie_id, image_url) VALUES (441130, 'https://image.tmdb.org/t/p/original/myl723CISgGA6dhEzewbOSkD19E.jpg');

INSERT INTO movies (id, title, release_year, duration_minutes, country, language, synopsis, poster_image_url, backdrop_image_url) VALUES (354912, 'Coco', 2017, 105, 'United States of America', 'English', 'Despite his family’s baffling generations-old ban on music, Miguel dreams of becoming an accomplished musician like his idol, Ernesto de la Cruz. Desperate to prove his talent, Miguel finds himself in the stunning and colorful Land of the Dead following a mysterious chain of events. Along the way, he meets charming trickster Hector, and together, they set off on an extraordinary journey to unlock the real story behind Miguel''s family history.', 'https://image.tmdb.org/t/p/w500/6Ryitt95xrO8KXuqRGm1fUuNwqF.jpg', 'https://image.tmdb.org/t/p/original/g7CHF8gTLGooTbP4GznIGwaqAGL.jpg') ON CONFLICT (id) DO UPDATE SET title = EXCLUDED.title, release_year = EXCLUDED.release_year, duration_minutes = EXCLUDED.duration_minutes, country = EXCLUDED.country, language = EXCLUDED.language, synopsis = EXCLUDED.synopsis, poster_image_url = EXCLUDED.poster_image_url, backdrop_image_url = EXCLUDED.backdrop_image_url;
INSERT INTO movie_directors (movie_id, director) VALUES (354912, 'Lee Unkrich');
INSERT INTO movie_cast_members (movie_id, cast_member) VALUES (354912, 'Anthony Gonzalez');
INSERT INTO movie_cast_members (movie_id, cast_member) VALUES (354912, 'Gael García Bernal');
INSERT INTO movie_cast_members (movie_id, cast_member) VALUES (354912, 'Benjamin Bratt');
INSERT INTO movie_cast_members (movie_id, cast_member) VALUES (354912, 'Alanna Ubach');
INSERT INTO movie_cast_members (movie_id, cast_member) VALUES (354912, 'Renée Victor');
INSERT INTO movie_genres (movie_id, genre) VALUES (354912, 'Family');
INSERT INTO movie_genres (movie_id, genre) VALUES (354912, 'Animation');
INSERT INTO movie_genres (movie_id, genre) VALUES (354912, 'Music');
INSERT INTO movie_genres (movie_id, genre) VALUES (354912, 'Adventure');
INSERT INTO movie_image_urls (movie_id, image_url) VALUES (354912, 'https://image.tmdb.org/t/p/original/bnkf3C2ZMF6i7MLOemWqEHDMqfh.jpg');
INSERT INTO movie_image_urls (movie_id, image_url) VALUES (354912, 'https://image.tmdb.org/t/p/original/lxfCCC41yC4KEHBYtB7E0YsWA9c.jpg');
INSERT INTO movie_image_urls (movie_id, image_url) VALUES (354912, 'https://image.tmdb.org/t/p/original/gKZAQ3b9yApxFunUBlS5Mp74QG4.jpg');
INSERT INTO movie_image_urls (movie_id, image_url) VALUES (354912, 'https://image.tmdb.org/t/p/original/askg3SMvhqEl4OL52YuvdtY40Yb.jpg');

INSERT INTO movies (id, title, release_year, duration_minutes, country, language, synopsis, poster_image_url, backdrop_image_url) VALUES (324786, 'Hacksaw Ridge', 2016, 139, 'Australia', 'Japanese', 'WWII American Army Medic Desmond T. Doss, who served during the Battle of Okinawa, refuses to kill people and becomes the first Conscientious Objector in American history to receive the Congressional Medal of Honor.', 'https://image.tmdb.org/t/p/w500/fnOMP6mjmOmZwmlC1n0K7ivrzt1.jpg', 'https://image.tmdb.org/t/p/original/vDKRMZGFTKP9nQolzeSB1rB1w6p.jpg') ON CONFLICT (id) DO UPDATE SET title = EXCLUDED.title, release_year = EXCLUDED.release_year, duration_minutes = EXCLUDED.duration_minutes, country = EXCLUDED.country, language = EXCLUDED.language, synopsis = EXCLUDED.synopsis, poster_image_url = EXCLUDED.poster_image_url, backdrop_image_url = EXCLUDED.backdrop_image_url;
INSERT INTO movie_directors (movie_id, director) VALUES (324786, 'Mel Gibson');
INSERT INTO movie_cast_members (movie_id, cast_member) VALUES (324786, 'Andrew Garfield');
INSERT INTO movie_cast_members (movie_id, cast_member) VALUES (324786, 'Sam Worthington');
INSERT INTO movie_cast_members (movie_id, cast_member) VALUES (324786, 'Vince Vaughn');
INSERT INTO movie_cast_members (movie_id, cast_member) VALUES (324786, 'Teresa Palmer');
INSERT INTO movie_cast_members (movie_id, cast_member) VALUES (324786, 'Luke Bracey');
INSERT INTO movie_genres (movie_id, genre) VALUES (324786, 'Drama');
INSERT INTO movie_genres (movie_id, genre) VALUES (324786, 'History');
INSERT INTO movie_genres (movie_id, genre) VALUES (324786, 'War');
INSERT INTO movie_image_urls (movie_id, image_url) VALUES (324786, 'https://image.tmdb.org/t/p/original/rshlQ6LfPRSWFhpGL4s5ZkIPR51.jpg');
INSERT INTO movie_image_urls (movie_id, image_url) VALUES (324786, 'https://image.tmdb.org/t/p/original/6O0lsCK90jZCyPvyYSt8Szzlnd6.jpg');
INSERT INTO movie_image_urls (movie_id, image_url) VALUES (324786, 'https://image.tmdb.org/t/p/original/cGmM5fp19o1wjq83MHqcFuGwIxX.jpg');
INSERT INTO movie_image_urls (movie_id, image_url) VALUES (324786, 'https://image.tmdb.org/t/p/original/63WHE1W3dX4kSR65cTqVDdyXG3t.jpg');

INSERT INTO movies (id, title, release_year, duration_minutes, country, language, synopsis, poster_image_url, backdrop_image_url) VALUES (68718, 'Django Unchained', 2012, 165, 'United States of America', 'English', 'With the help of a German bounty hunter, a freed slave sets out to rescue his wife from a brutal Mississippi plantation owner.', 'https://image.tmdb.org/t/p/w500/7oWY8VDWW7thTzWh3OKYRkWUlD5.jpg', 'https://image.tmdb.org/t/p/original/s4cJQaj40SwMifUrrdtdOJsjnRO.jpg') ON CONFLICT (id) DO UPDATE SET title = EXCLUDED.title, release_year = EXCLUDED.release_year, duration_minutes = EXCLUDED.duration_minutes, country = EXCLUDED.country, language = EXCLUDED.language, synopsis = EXCLUDED.synopsis, poster_image_url = EXCLUDED.poster_image_url, backdrop_image_url = EXCLUDED.backdrop_image_url;
INSERT INTO movie_directors (movie_id, director) VALUES (68718, 'Quentin Tarantino');
INSERT INTO movie_cast_members (movie_id, cast_member) VALUES (68718, 'Jamie Foxx');
INSERT INTO movie_cast_members (movie_id, cast_member) VALUES (68718, 'Christoph Waltz');
INSERT INTO movie_cast_members (movie_id, cast_member) VALUES (68718, 'Leonardo DiCaprio');
INSERT INTO movie_cast_members (movie_id, cast_member) VALUES (68718, 'Kerry Washington');
INSERT INTO movie_cast_members (movie_id, cast_member) VALUES (68718, 'Samuel L. Jackson');
INSERT INTO movie_genres (movie_id, genre) VALUES (68718, 'Drama');
INSERT INTO movie_genres (movie_id, genre) VALUES (68718, 'Western');
INSERT INTO movie_image_urls (movie_id, image_url) VALUES (68718, 'https://image.tmdb.org/t/p/original/5Lbm0gpFDRAPIV1Cth6ln9iL1ou.jpg');
INSERT INTO movie_image_urls (movie_id, image_url) VALUES (68718, 'https://image.tmdb.org/t/p/original/2oZklIzUbvZXXzIFzv7Hi68d6xf.jpg');
INSERT INTO movie_image_urls (movie_id, image_url) VALUES (68718, 'https://image.tmdb.org/t/p/original/n2eUT4zQA2yYcKOgAFidgOyiFoH.jpg');
INSERT INTO movie_image_urls (movie_id, image_url) VALUES (68718, 'https://image.tmdb.org/t/p/original/w6Fs4bIje1naeILo9KwAc1Y6bvP.jpg');

INSERT INTO movies (id, title, release_year, duration_minutes, country, language, synopsis, poster_image_url, backdrop_image_url) VALUES (313106, 'Doctor Who: The Day of the Doctor', 2013, 77, 'United Kingdom', 'English', 'In 2013, something terrible is awakening in London''s National Gallery; in 1562, a murderous plot is afoot in Elizabethan England; and somewhere in space an ancient battle reaches its devastating conclusion. All of reality is at stake as the Doctor''s own dangerous past comes back to haunt him.', 'https://image.tmdb.org/t/p/w500/6c0CjymaupC5xerJCemuaSV4CLj.jpg', 'https://image.tmdb.org/t/p/original/tbF57JNof8j3X14GhZtqafkrziU.jpg') ON CONFLICT (id) DO UPDATE SET title = EXCLUDED.title, release_year = EXCLUDED.release_year, duration_minutes = EXCLUDED.duration_minutes, country = EXCLUDED.country, language = EXCLUDED.language, synopsis = EXCLUDED.synopsis, poster_image_url = EXCLUDED.poster_image_url, backdrop_image_url = EXCLUDED.backdrop_image_url;
INSERT INTO movie_directors (movie_id, director) VALUES (313106, 'Nick Hurran');
INSERT INTO movie_cast_members (movie_id, cast_member) VALUES (313106, 'Matt Smith');
INSERT INTO movie_cast_members (movie_id, cast_member) VALUES (313106, 'David Tennant');
INSERT INTO movie_cast_members (movie_id, cast_member) VALUES (313106, 'John Hurt');
INSERT INTO movie_cast_members (movie_id, cast_member) VALUES (313106, 'Jenna Coleman');
INSERT INTO movie_cast_members (movie_id, cast_member) VALUES (313106, 'Billie Piper');
INSERT INTO movie_genres (movie_id, genre) VALUES (313106, 'Science Fiction');
INSERT INTO movie_genres (movie_id, genre) VALUES (313106, 'Adventure');
INSERT INTO movie_image_urls (movie_id, image_url) VALUES (313106, 'https://image.tmdb.org/t/p/original/pYgoRxh7wi4ylzs0hbeTNk7wlta.jpg');
INSERT INTO movie_image_urls (movie_id, image_url) VALUES (313106, 'https://image.tmdb.org/t/p/original/nRyZHJYZwSP3Mji41p2BGXjczdv.jpg');
INSERT INTO movie_image_urls (movie_id, image_url) VALUES (313106, 'https://image.tmdb.org/t/p/original/im2FXsN5UDiHcoHY0UlOL25cY50.jpg');
INSERT INTO movie_image_urls (movie_id, image_url) VALUES (313106, 'https://image.tmdb.org/t/p/original/kEhvZWQrb4tAM7C4Mt3HIUlAytM.jpg');

INSERT INTO movies (id, title, release_year, duration_minutes, country, language, synopsis, poster_image_url, backdrop_image_url) VALUES (290098, 'The Handmaiden', 2016, 145, 'South Korea', 'Japanese', '1930s Korea, in the period of Japanese occupation, a new girl, Sookee, is hired as a handmaiden to a Japanese heiress, Hideko, who lives a secluded life on a large countryside estate with her domineering Uncle Kouzuki. But the maid has a secret. She is a pickpocket recruited by a swindler posing as a Japanese Count to help him seduce the Lady to steal her fortune.', 'https://image.tmdb.org/t/p/w500/dLlH4aNHdnmf62umnInL8xPlPzw.jpg', 'https://image.tmdb.org/t/p/original/3upEZ0ltY7WwOSFVXrtiP34D48p.jpg') ON CONFLICT (id) DO UPDATE SET title = EXCLUDED.title, release_year = EXCLUDED.release_year, duration_minutes = EXCLUDED.duration_minutes, country = EXCLUDED.country, language = EXCLUDED.language, synopsis = EXCLUDED.synopsis, poster_image_url = EXCLUDED.poster_image_url, backdrop_image_url = EXCLUDED.backdrop_image_url;
INSERT INTO movie_directors (movie_id, director) VALUES (290098, 'Park Chan-wook');
INSERT INTO movie_cast_members (movie_id, cast_member) VALUES (290098, 'Kim Min-hee');
INSERT INTO movie_cast_members (movie_id, cast_member) VALUES (290098, 'Kim Tae-ri');
INSERT INTO movie_cast_members (movie_id, cast_member) VALUES (290098, 'Ha Jung-woo');
INSERT INTO movie_cast_members (movie_id, cast_member) VALUES (290098, 'Cho Jin-woong');
INSERT INTO movie_cast_members (movie_id, cast_member) VALUES (290098, 'Kim Hae-sook');
INSERT INTO movie_genres (movie_id, genre) VALUES (290098, 'Thriller');
INSERT INTO movie_genres (movie_id, genre) VALUES (290098, 'Drama');
INSERT INTO movie_genres (movie_id, genre) VALUES (290098, 'Romance');
INSERT INTO movie_image_urls (movie_id, image_url) VALUES (290098, 'https://image.tmdb.org/t/p/original/jnFmHDHmPZrQ7vyHmxXHcoxp25j.jpg');
INSERT INTO movie_image_urls (movie_id, image_url) VALUES (290098, 'https://image.tmdb.org/t/p/original/9o9ci7ZH9chSy8B7YXCBYih8Kkd.jpg');
INSERT INTO movie_image_urls (movie_id, image_url) VALUES (290098, 'https://image.tmdb.org/t/p/original/nOK0uEDnp99ZYl2ihCZwviNaSv2.jpg');
INSERT INTO movie_image_urls (movie_id, image_url) VALUES (290098, 'https://image.tmdb.org/t/p/original/eUKJrORgXWAMFoBwTqJgwqSFprs.jpg');

INSERT INTO movies (id, title, release_year, duration_minutes, country, language, synopsis, poster_image_url, backdrop_image_url) VALUES (284, 'The Apartment', 1960, 125, 'United States of America', 'English', 'Bud Baxter is a minor clerk in a huge New York insurance company, until he discovers a quick way to climb the corporate ladder. He lends out his apartment to the executives as a place to take their mistresses. Although he often has to deal with the aftermath of their visits, one night he''s left with a major problem to solve.', 'https://image.tmdb.org/t/p/w500/hhSRt1KKfRT0yEhEtRW3qp31JFU.jpg', 'https://image.tmdb.org/t/p/original/vRTKNKNWLZ22fAgPa5kY8wT2b1F.jpg') ON CONFLICT (id) DO UPDATE SET title = EXCLUDED.title, release_year = EXCLUDED.release_year, duration_minutes = EXCLUDED.duration_minutes, country = EXCLUDED.country, language = EXCLUDED.language, synopsis = EXCLUDED.synopsis, poster_image_url = EXCLUDED.poster_image_url, backdrop_image_url = EXCLUDED.backdrop_image_url;
INSERT INTO movie_directors (movie_id, director) VALUES (284, 'Billy Wilder');
INSERT INTO movie_cast_members (movie_id, cast_member) VALUES (284, 'Jack Lemmon');
INSERT INTO movie_cast_members (movie_id, cast_member) VALUES (284, 'Shirley MacLaine');
INSERT INTO movie_cast_members (movie_id, cast_member) VALUES (284, 'Fred MacMurray');
INSERT INTO movie_cast_members (movie_id, cast_member) VALUES (284, 'Ray Walston');
INSERT INTO movie_cast_members (movie_id, cast_member) VALUES (284, 'Jack Kruschen');
INSERT INTO movie_genres (movie_id, genre) VALUES (284, 'Comedy');
INSERT INTO movie_genres (movie_id, genre) VALUES (284, 'Drama');
INSERT INTO movie_genres (movie_id, genre) VALUES (284, 'Romance');
INSERT INTO movie_image_urls (movie_id, image_url) VALUES (284, 'https://image.tmdb.org/t/p/original/rzdQXrK37OBArogzCk7inEaW0mS.jpg');
INSERT INTO movie_image_urls (movie_id, image_url) VALUES (284, 'https://image.tmdb.org/t/p/original/6FQmuTDPd7YxGKYjiesh54VeJ69.jpg');
INSERT INTO movie_image_urls (movie_id, image_url) VALUES (284, 'https://image.tmdb.org/t/p/original/2L8U8rUyWeFTb6n1egTNeJsEsvj.jpg');
INSERT INTO movie_image_urls (movie_id, image_url) VALUES (284, 'https://image.tmdb.org/t/p/original/1HSgkvoOyr47cSNKgDLbRYhEoMq.jpg');

INSERT INTO movies (id, title, release_year, duration_minutes, country, language, synopsis, poster_image_url, backdrop_image_url) VALUES (620683, 'My Mom Is a Character 3', 2019, 111, 'Brazil', 'Portuguese', 'Dona Hermínia will have to rediscover and reinvent herself because her children are forming new families. This supermom will have to deal with a new life scenario: Marcelina is pregnant and Juliano is getting married.', 'https://image.tmdb.org/t/p/w500/zw77BFPGJ73Lig8GwRzYj1XHq53.jpg', 'https://image.tmdb.org/t/p/original/19vTfircuojU00I6xtRdy3DrF1e.jpg') ON CONFLICT (id) DO UPDATE SET title = EXCLUDED.title, release_year = EXCLUDED.release_year, duration_minutes = EXCLUDED.duration_minutes, country = EXCLUDED.country, language = EXCLUDED.language, synopsis = EXCLUDED.synopsis, poster_image_url = EXCLUDED.poster_image_url, backdrop_image_url = EXCLUDED.backdrop_image_url;
INSERT INTO movie_directors (movie_id, director) VALUES (620683, 'Susana Garcia');
INSERT INTO movie_cast_members (movie_id, cast_member) VALUES (620683, 'Paulo Gustavo');
INSERT INTO movie_cast_members (movie_id, cast_member) VALUES (620683, 'Mariana Xavier');
INSERT INTO movie_cast_members (movie_id, cast_member) VALUES (620683, 'Rodrigo Pandolfo');
INSERT INTO movie_cast_members (movie_id, cast_member) VALUES (620683, 'Herson Capri');
INSERT INTO movie_cast_members (movie_id, cast_member) VALUES (620683, 'Samantha Schmütz');
INSERT INTO movie_genres (movie_id, genre) VALUES (620683, 'Comedy');
INSERT INTO movie_image_urls (movie_id, image_url) VALUES (620683, 'https://image.tmdb.org/t/p/original/oTWT3IBGc95jmH3aH5QDXeAe9mR.jpg');
INSERT INTO movie_image_urls (movie_id, image_url) VALUES (620683, 'https://image.tmdb.org/t/p/original/n3wplZRjGiKqY1UY1IAJVs5dM3L.jpg');

INSERT INTO movies (id, title, release_year, duration_minutes, country, language, synopsis, poster_image_url, backdrop_image_url) VALUES (185, 'A Clockwork Orange', 1971, 137, 'United Kingdom', 'English', 'In a near-future Britain, young Alexander DeLarge and his pals get their kicks beating and raping anyone they please. When not destroying the lives of others, Alex swoons to the music of Beethoven. The state, eager to crack down on juvenile crime, gives an incarcerated Alex the option to undergo an invasive procedure that''ll rob him of all personal agency. In a time when conscience is a commodity, can Alex change his tune?', 'https://image.tmdb.org/t/p/w500/4sHeTAp65WrSSuc05nRBKddhBxO.jpg', 'https://image.tmdb.org/t/p/original/nLFxvLokHe3bQmrmAfljIfax2jQ.jpg') ON CONFLICT (id) DO UPDATE SET title = EXCLUDED.title, release_year = EXCLUDED.release_year, duration_minutes = EXCLUDED.duration_minutes, country = EXCLUDED.country, language = EXCLUDED.language, synopsis = EXCLUDED.synopsis, poster_image_url = EXCLUDED.poster_image_url, backdrop_image_url = EXCLUDED.backdrop_image_url;
INSERT INTO movie_directors (movie_id, director) VALUES (185, 'Stanley Kubrick');
INSERT INTO movie_cast_members (movie_id, cast_member) VALUES (185, 'Malcolm McDowell');
INSERT INTO movie_cast_members (movie_id, cast_member) VALUES (185, 'Patrick Magee');
INSERT INTO movie_cast_members (movie_id, cast_member) VALUES (185, 'Carl Duering');
INSERT INTO movie_cast_members (movie_id, cast_member) VALUES (185, 'Michael Bates');
INSERT INTO movie_cast_members (movie_id, cast_member) VALUES (185, 'Warren Clarke');
INSERT INTO movie_genres (movie_id, genre) VALUES (185, 'Science Fiction');
INSERT INTO movie_genres (movie_id, genre) VALUES (185, 'Crime');
INSERT INTO movie_image_urls (movie_id, image_url) VALUES (185, 'https://image.tmdb.org/t/p/original/3hwKS7e21hzEnXZaOs2FE6e97bc.jpg');
INSERT INTO movie_image_urls (movie_id, image_url) VALUES (185, 'https://image.tmdb.org/t/p/original/a6r0DnAQdnR0758H1V4tbhHdB8Q.jpg');
INSERT INTO movie_image_urls (movie_id, image_url) VALUES (185, 'https://image.tmdb.org/t/p/original/3w2v0iNPPNeIKOV5wu1NU1DDHHy.jpg');
INSERT INTO movie_image_urls (movie_id, image_url) VALUES (185, 'https://image.tmdb.org/t/p/original/keblhZFIZYiWflmURWNHEuS2jqL.jpg');

INSERT INTO movies (id, title, release_year, duration_minutes, country, language, synopsis, poster_image_url, backdrop_image_url) VALUES (537061, 'Steven Universe: The Movie', 2019, 83, 'United States of America', 'English', 'Two years after bringing peace to the galaxy, Steven Universe sees his past come back to haunt him in the form of a deranged Gem who wants to destroy the Earth.', 'https://image.tmdb.org/t/p/w500/8mRgpubxHqnqvENK4Bei30xMDvy.jpg', 'https://image.tmdb.org/t/p/original/re3ZvlKJg04iLpLRf1xTKHS2wLU.jpg') ON CONFLICT (id) DO UPDATE SET title = EXCLUDED.title, release_year = EXCLUDED.release_year, duration_minutes = EXCLUDED.duration_minutes, country = EXCLUDED.country, language = EXCLUDED.language, synopsis = EXCLUDED.synopsis, poster_image_url = EXCLUDED.poster_image_url, backdrop_image_url = EXCLUDED.backdrop_image_url;
INSERT INTO movie_directors (movie_id, director) VALUES (537061, 'Rebecca Sugar');
INSERT INTO movie_cast_members (movie_id, cast_member) VALUES (537061, 'Zach Callison');
INSERT INTO movie_cast_members (movie_id, cast_member) VALUES (537061, 'Deedee Magno Hall');
INSERT INTO movie_cast_members (movie_id, cast_member) VALUES (537061, 'Estelle');
INSERT INTO movie_cast_members (movie_id, cast_member) VALUES (537061, 'Michaela Dietz');
INSERT INTO movie_cast_members (movie_id, cast_member) VALUES (537061, 'Sarah Stiles');
INSERT INTO movie_genres (movie_id, genre) VALUES (537061, 'TV Movie');
INSERT INTO movie_genres (movie_id, genre) VALUES (537061, 'Animation');
INSERT INTO movie_genres (movie_id, genre) VALUES (537061, 'Family');
INSERT INTO movie_genres (movie_id, genre) VALUES (537061, 'Adventure');
INSERT INTO movie_genres (movie_id, genre) VALUES (537061, 'Fantasy');
INSERT INTO movie_image_urls (movie_id, image_url) VALUES (537061, 'https://image.tmdb.org/t/p/original/zSDNtZwJeGUXNhkqAClC1bkJXUQ.jpg');
INSERT INTO movie_image_urls (movie_id, image_url) VALUES (537061, 'https://image.tmdb.org/t/p/original/dgoPOh3Ot0Ou89DWFjzy2kaJmJM.jpg');
INSERT INTO movie_image_urls (movie_id, image_url) VALUES (537061, 'https://image.tmdb.org/t/p/original/f1UW2wPFF73iss6buHJDCs2AOlH.jpg');
INSERT INTO movie_image_urls (movie_id, image_url) VALUES (537061, 'https://image.tmdb.org/t/p/original/dymE9LUx7aQNTw2lwcKwBscKr6U.jpg');

INSERT INTO movies (id, title, release_year, duration_minutes, country, language, synopsis, poster_image_url, backdrop_image_url) VALUES (77, 'Memento', 2000, 113, 'United States of America', 'English', 'Leonard Shelby is tracking down the man who raped and murdered his wife. The difficulty of locating his wife''s killer, however, is compounded by the fact that he suffers from a rare, untreatable form of short-term memory loss. Although he can recall details of life before his accident, Leonard cannot remember what happened fifteen minutes ago, where he''s going, or why.', 'https://image.tmdb.org/t/p/w500/fKTPH2WvH8nHTXeBYBVhawtRqtR.jpg', 'https://image.tmdb.org/t/p/original/7Wev9JMo6R5XAfz2KDvXb7oPMmy.jpg') ON CONFLICT (id) DO UPDATE SET title = EXCLUDED.title, release_year = EXCLUDED.release_year, duration_minutes = EXCLUDED.duration_minutes, country = EXCLUDED.country, language = EXCLUDED.language, synopsis = EXCLUDED.synopsis, poster_image_url = EXCLUDED.poster_image_url, backdrop_image_url = EXCLUDED.backdrop_image_url;
INSERT INTO movie_directors (movie_id, director) VALUES (77, 'Christopher Nolan');
INSERT INTO movie_cast_members (movie_id, cast_member) VALUES (77, 'Guy Pearce');
INSERT INTO movie_cast_members (movie_id, cast_member) VALUES (77, 'Carrie-Anne Moss');
INSERT INTO movie_cast_members (movie_id, cast_member) VALUES (77, 'Joe Pantoliano');
INSERT INTO movie_cast_members (movie_id, cast_member) VALUES (77, 'Mark Boone Junior');
INSERT INTO movie_cast_members (movie_id, cast_member) VALUES (77, 'Russ Fega');
INSERT INTO movie_genres (movie_id, genre) VALUES (77, 'Mystery');
INSERT INTO movie_genres (movie_id, genre) VALUES (77, 'Thriller');
INSERT INTO movie_image_urls (movie_id, image_url) VALUES (77, 'https://image.tmdb.org/t/p/original/8pwCb7amg8Tvr9FZZJGt7J4OwLV.jpg');
INSERT INTO movie_image_urls (movie_id, image_url) VALUES (77, 'https://image.tmdb.org/t/p/original/v4u9FnSOpLEjPIAhbKClM45LJoJ.jpg');
INSERT INTO movie_image_urls (movie_id, image_url) VALUES (77, 'https://image.tmdb.org/t/p/original/q2CtXYjp9IlnfBcPktNkBPsuAEO.jpg');
INSERT INTO movie_image_urls (movie_id, image_url) VALUES (77, 'https://image.tmdb.org/t/p/original/5wmhPm9UmAFsVAwYjk5ZDjuqoW0.jpg');

INSERT INTO movies (id, title, release_year, duration_minutes, country, language, synopsis, poster_image_url, backdrop_image_url) VALUES (5156, 'Bicycle Thieves', 1948, 89, 'Italy', 'Italian', 'Unemployed Antonio is elated when he finally finds work hanging posters around war-torn Rome. However on his first day, his bicycle—essential to his work—gets stolen. His job is doomed unless he can find the thief. With the help of his son, Antonio combs the city, becoming desperate for justice.', 'https://image.tmdb.org/t/p/w500/iPdVqIpmR3bRvOQJPrn4pr2KR3q.jpg', 'https://image.tmdb.org/t/p/original/nd6ItWuWGmTKhHXuxVC8kp86CmQ.jpg') ON CONFLICT (id) DO UPDATE SET title = EXCLUDED.title, release_year = EXCLUDED.release_year, duration_minutes = EXCLUDED.duration_minutes, country = EXCLUDED.country, language = EXCLUDED.language, synopsis = EXCLUDED.synopsis, poster_image_url = EXCLUDED.poster_image_url, backdrop_image_url = EXCLUDED.backdrop_image_url;
INSERT INTO movie_directors (movie_id, director) VALUES (5156, 'Vittorio De Sica');
INSERT INTO movie_cast_members (movie_id, cast_member) VALUES (5156, 'Lamberto Maggiorani');
INSERT INTO movie_cast_members (movie_id, cast_member) VALUES (5156, 'Enzo Staiola');
INSERT INTO movie_cast_members (movie_id, cast_member) VALUES (5156, 'Lianella Carell');
INSERT INTO movie_cast_members (movie_id, cast_member) VALUES (5156, 'Gino Saltamerenda');
INSERT INTO movie_cast_members (movie_id, cast_member) VALUES (5156, 'Vittorio Antonucci');
INSERT INTO movie_genres (movie_id, genre) VALUES (5156, 'Drama');
INSERT INTO movie_image_urls (movie_id, image_url) VALUES (5156, 'https://image.tmdb.org/t/p/original/kcirw5ZVgSvsG59ESoiCvoAyK4b.jpg');
INSERT INTO movie_image_urls (movie_id, image_url) VALUES (5156, 'https://image.tmdb.org/t/p/original/kTUUiKGKrdRhJsCcYT3Ivtfuuzh.jpg');
INSERT INTO movie_image_urls (movie_id, image_url) VALUES (5156, 'https://image.tmdb.org/t/p/original/cNASYs5so2myDIQO3IZF7xfzeEw.jpg');
INSERT INTO movie_image_urls (movie_id, image_url) VALUES (5156, 'https://image.tmdb.org/t/p/original/loNjs84HrviWIyHNYMNfLKHkon0.jpg');

INSERT INTO movies (id, title, release_year, duration_minutes, country, language, synopsis, poster_image_url, backdrop_image_url) VALUES (522924, 'The Art of Racing in the Rain', 2019, 109, 'United States of America', 'Italian', 'A family dog – with a near-human soul and a philosopher''s mind – evaluates his life through the lessons learned by his human owner, a race-car driver.', 'https://image.tmdb.org/t/p/w500/mi5VN4ww0JZgRFJIaPxxTGKjUg7.jpg', 'https://image.tmdb.org/t/p/original/96sS0woEzf0zFSWjHVblOhsBfGd.jpg') ON CONFLICT (id) DO UPDATE SET title = EXCLUDED.title, release_year = EXCLUDED.release_year, duration_minutes = EXCLUDED.duration_minutes, country = EXCLUDED.country, language = EXCLUDED.language, synopsis = EXCLUDED.synopsis, poster_image_url = EXCLUDED.poster_image_url, backdrop_image_url = EXCLUDED.backdrop_image_url;
INSERT INTO movie_directors (movie_id, director) VALUES (522924, 'Simon Curtis');
INSERT INTO movie_cast_members (movie_id, cast_member) VALUES (522924, 'Kevin Costner');
INSERT INTO movie_cast_members (movie_id, cast_member) VALUES (522924, 'Milo Ventimiglia');
INSERT INTO movie_cast_members (movie_id, cast_member) VALUES (522924, 'Amanda Seyfried');
INSERT INTO movie_cast_members (movie_id, cast_member) VALUES (522924, 'Ryan Kiera Armstrong');
INSERT INTO movie_cast_members (movie_id, cast_member) VALUES (522924, 'Lily Dodsworth-Evans');
INSERT INTO movie_genres (movie_id, genre) VALUES (522924, 'Drama');
INSERT INTO movie_genres (movie_id, genre) VALUES (522924, 'Romance');
INSERT INTO movie_image_urls (movie_id, image_url) VALUES (522924, 'https://image.tmdb.org/t/p/original/bCL2aG1XmB2xERqHqlcAauXUFuw.jpg');
INSERT INTO movie_image_urls (movie_id, image_url) VALUES (522924, 'https://image.tmdb.org/t/p/original/yv7XGQctTMrFM5ZiEm80zk3Jlw2.jpg');
INSERT INTO movie_image_urls (movie_id, image_url) VALUES (522924, 'https://image.tmdb.org/t/p/original/6esNUoXh4xQvucB7o7e3TCfjI65.jpg');
INSERT INTO movie_image_urls (movie_id, image_url) VALUES (522924, 'https://image.tmdb.org/t/p/original/drQBho4tkOpv3QinGOV482v1Ogl.jpg');

INSERT INTO movies (id, title, release_year, duration_minutes, country, language, synopsis, poster_image_url, backdrop_image_url) VALUES (26451, 'Investigation of a Citizen Above Suspicion', 1970, 111, 'Italy', 'Italian', 'Rome, Italy. After committing a heinous crime, a senior police officer exposes evidence incriminating him because his moral commitment prevents him from circumventing the law and the social order it protects.', 'https://image.tmdb.org/t/p/w500/vPTZwlq1IC4o1DCsEZEl2uGljzm.jpg', 'https://image.tmdb.org/t/p/original/7SUT9mYb7SD88Gz7rFeLbjC2YeG.jpg') ON CONFLICT (id) DO UPDATE SET title = EXCLUDED.title, release_year = EXCLUDED.release_year, duration_minutes = EXCLUDED.duration_minutes, country = EXCLUDED.country, language = EXCLUDED.language, synopsis = EXCLUDED.synopsis, poster_image_url = EXCLUDED.poster_image_url, backdrop_image_url = EXCLUDED.backdrop_image_url;
INSERT INTO movie_directors (movie_id, director) VALUES (26451, 'Elio Petri');
INSERT INTO movie_cast_members (movie_id, cast_member) VALUES (26451, 'Gian Maria Volonté');
INSERT INTO movie_cast_members (movie_id, cast_member) VALUES (26451, 'Florinda Bolkan');
INSERT INTO movie_cast_members (movie_id, cast_member) VALUES (26451, 'Gianni Santuccio');
INSERT INTO movie_cast_members (movie_id, cast_member) VALUES (26451, 'Orazio Orlando');
INSERT INTO movie_cast_members (movie_id, cast_member) VALUES (26451, 'Sergio Tramonti');
INSERT INTO movie_genres (movie_id, genre) VALUES (26451, 'Drama');
INSERT INTO movie_genres (movie_id, genre) VALUES (26451, 'Thriller');
INSERT INTO movie_image_urls (movie_id, image_url) VALUES (26451, 'https://image.tmdb.org/t/p/original/txKj2q2bBUl7KqPkcSx19qB7Ylw.jpg');
INSERT INTO movie_image_urls (movie_id, image_url) VALUES (26451, 'https://image.tmdb.org/t/p/original/4QPW3pHjqOr0moCN3TJXbaKbNFp.jpg');
INSERT INTO movie_image_urls (movie_id, image_url) VALUES (26451, 'https://image.tmdb.org/t/p/original/2Z3hHXg62v6FnNWhI4Nre5L6kEQ.jpg');
INSERT INTO movie_image_urls (movie_id, image_url) VALUES (26451, 'https://image.tmdb.org/t/p/original/5oXJSUCxZC91Wjmt86RvtP8dNBa.jpg');

INSERT INTO movies (id, title, release_year, duration_minutes, country, language, synopsis, poster_image_url, backdrop_image_url) VALUES (629, 'The Usual Suspects', 1995, 106, 'United States of America', 'Spanish', 'Held in an L.A. interrogation room, Verbal Kint attempts to convince the feds that a mythic crime lord, Keyser Soze, not only exists, but was also responsible for drawing him and his four partners into a multi-million dollar heist that ended with an explosion in San Pedro harbor – leaving few survivors. Verbal lures his interrogators with an incredible story of the crime lord''s almost supernatural prowess.', 'https://image.tmdb.org/t/p/w500/99X2SgyFunJFXGAYnDv3sb9pnUD.jpg', 'https://image.tmdb.org/t/p/original/hy0Hx9fMPk2fmw26Li60z1S2giU.jpg') ON CONFLICT (id) DO UPDATE SET title = EXCLUDED.title, release_year = EXCLUDED.release_year, duration_minutes = EXCLUDED.duration_minutes, country = EXCLUDED.country, language = EXCLUDED.language, synopsis = EXCLUDED.synopsis, poster_image_url = EXCLUDED.poster_image_url, backdrop_image_url = EXCLUDED.backdrop_image_url;
INSERT INTO movie_directors (movie_id, director) VALUES (629, 'Bryan Singer');
INSERT INTO movie_cast_members (movie_id, cast_member) VALUES (629, 'Stephen Baldwin');
INSERT INTO movie_cast_members (movie_id, cast_member) VALUES (629, 'Gabriel Byrne');
INSERT INTO movie_cast_members (movie_id, cast_member) VALUES (629, 'Benicio del Toro');
INSERT INTO movie_cast_members (movie_id, cast_member) VALUES (629, 'Kevin Pollak');
INSERT INTO movie_cast_members (movie_id, cast_member) VALUES (629, 'Kevin Spacey');
INSERT INTO movie_genres (movie_id, genre) VALUES (629, 'Drama');
INSERT INTO movie_genres (movie_id, genre) VALUES (629, 'Crime');
INSERT INTO movie_genres (movie_id, genre) VALUES (629, 'Thriller');
INSERT INTO movie_image_urls (movie_id, image_url) VALUES (629, 'https://image.tmdb.org/t/p/original/9jrHaaXWB37VcA4KGemP8iF7bFB.jpg');
INSERT INTO movie_image_urls (movie_id, image_url) VALUES (629, 'https://image.tmdb.org/t/p/original/7S7PE3vK9Eh5uzCYBDGk5qTJeYW.jpg');
INSERT INTO movie_image_urls (movie_id, image_url) VALUES (629, 'https://image.tmdb.org/t/p/original/6CLV2HakYO1tyAV5GUHOeNPyaTd.jpg');
INSERT INTO movie_image_urls (movie_id, image_url) VALUES (629, 'https://image.tmdb.org/t/p/original/9fAGAdr2BYErmbcYqtmyZxwAu0H.jpg');

INSERT INTO movies (id, title, release_year, duration_minutes, country, language, synopsis, poster_image_url, backdrop_image_url) VALUES (348, 'Alien', 1979, 117, 'United States of America', 'English', 'During its return to the earth, commercial spaceship Nostromo intercepts a distress signal from a distant planet. When a three-member team of the crew discovers a chamber containing thousands of eggs on the planet, a creature inside one of the eggs attacks an explorer. The entire crew is unaware of the impending nightmare set to descend upon them when the alien parasite planted inside its unfortunate host is birthed.', 'https://image.tmdb.org/t/p/w500/vfrQk5IPloGg1v9Rzbh2Eg3VGyM.jpg', 'https://image.tmdb.org/t/p/original/AmR3JG1VQVxU8TfAvljUhfSFUOx.jpg') ON CONFLICT (id) DO UPDATE SET title = EXCLUDED.title, release_year = EXCLUDED.release_year, duration_minutes = EXCLUDED.duration_minutes, country = EXCLUDED.country, language = EXCLUDED.language, synopsis = EXCLUDED.synopsis, poster_image_url = EXCLUDED.poster_image_url, backdrop_image_url = EXCLUDED.backdrop_image_url;
INSERT INTO movie_directors (movie_id, director) VALUES (348, 'Ridley Scott');
INSERT INTO movie_cast_members (movie_id, cast_member) VALUES (348, 'Tom Skerritt');
INSERT INTO movie_cast_members (movie_id, cast_member) VALUES (348, 'Sigourney Weaver');
INSERT INTO movie_cast_members (movie_id, cast_member) VALUES (348, 'Veronica Cartwright');
INSERT INTO movie_cast_members (movie_id, cast_member) VALUES (348, 'Harry Dean Stanton');
INSERT INTO movie_cast_members (movie_id, cast_member) VALUES (348, 'John Hurt');
INSERT INTO movie_genres (movie_id, genre) VALUES (348, 'Horror');
INSERT INTO movie_genres (movie_id, genre) VALUES (348, 'Science Fiction');
INSERT INTO movie_image_urls (movie_id, image_url) VALUES (348, 'https://image.tmdb.org/t/p/original/cEobq5QrnOJjO6giDs8q4RxmMKh.jpg');
INSERT INTO movie_image_urls (movie_id, image_url) VALUES (348, 'https://image.tmdb.org/t/p/original/3BNbh8ODH68JRLEc4YveMHuTcH1.jpg');
INSERT INTO movie_image_urls (movie_id, image_url) VALUES (348, 'https://image.tmdb.org/t/p/original/3epzWQQbtQWWY8Lq8tJ0GTrhjls.jpg');
INSERT INTO movie_image_urls (movie_id, image_url) VALUES (348, 'https://image.tmdb.org/t/p/original/zo1X8fCK0E6EQIH5mzkLqNwgXHz.jpg');

INSERT INTO movies (id, title, release_year, duration_minutes, country, language, synopsis, poster_image_url, backdrop_image_url) VALUES (18148, 'Tokyo Story', 1953, 137, 'Japan', 'English', 'The elderly Shukishi and his wife, Tomi, take the long journey from their small seaside village to visit their adult children in Tokyo. Their elder son, Koichi, a doctor, and their daughter, Shige, a hairdresser, don''t have much time to spend with their aged parents, and so it falls to Noriko, the widow of their younger son who was killed in the war, to keep her in-laws company.', 'https://image.tmdb.org/t/p/w500/g2YbTYKpY7N2yDSk7BfXZ18I5QV.jpg', 'https://image.tmdb.org/t/p/original/jLq0ol1f0ZKXni9R9GsPBcyPrNN.jpg') ON CONFLICT (id) DO UPDATE SET title = EXCLUDED.title, release_year = EXCLUDED.release_year, duration_minutes = EXCLUDED.duration_minutes, country = EXCLUDED.country, language = EXCLUDED.language, synopsis = EXCLUDED.synopsis, poster_image_url = EXCLUDED.poster_image_url, backdrop_image_url = EXCLUDED.backdrop_image_url;
INSERT INTO movie_directors (movie_id, director) VALUES (18148, 'Yasujirō Ozu');
INSERT INTO movie_cast_members (movie_id, cast_member) VALUES (18148, 'Chishū Ryū');
INSERT INTO movie_cast_members (movie_id, cast_member) VALUES (18148, 'Chieko Higashiyama');
INSERT INTO movie_cast_members (movie_id, cast_member) VALUES (18148, 'Setsuko Hara');
INSERT INTO movie_cast_members (movie_id, cast_member) VALUES (18148, 'Haruko Sugimura');
INSERT INTO movie_cast_members (movie_id, cast_member) VALUES (18148, 'So Yamamura');
INSERT INTO movie_genres (movie_id, genre) VALUES (18148, 'Drama');
INSERT INTO movie_image_urls (movie_id, image_url) VALUES (18148, 'https://image.tmdb.org/t/p/original/zbJcTaWAYJt6W1S5W3dUE8D9KTI.jpg');
INSERT INTO movie_image_urls (movie_id, image_url) VALUES (18148, 'https://image.tmdb.org/t/p/original/y9pHdZ3j32cSJMCAgEUC3br5Hh3.jpg');
INSERT INTO movie_image_urls (movie_id, image_url) VALUES (18148, 'https://image.tmdb.org/t/p/original/y0u47fA6Do8ymNWKGXsQWGbnmIM.jpg');
INSERT INTO movie_image_urls (movie_id, image_url) VALUES (18148, 'https://image.tmdb.org/t/p/original/H8T7fNWS8Wadf6ERBMEHWYcFp7.jpg');

INSERT INTO movies (id, title, release_year, duration_minutes, country, language, synopsis, poster_image_url, backdrop_image_url) VALUES (490, 'The Seventh Seal', 1957, 96, 'Sweden', 'Swedish', 'When disillusioned Swedish knight Antonius Block returns home from the Crusades to find his country in the grips of the Black Death, he challenges Death to a chess match for his life. Tormented by the belief that God does not exist, Block sets off on a journey, meeting up with traveling players Jof and his wife, Mia, and becoming determined to evade Death long enough to commit one redemptive act while he still lives.', 'https://image.tmdb.org/t/p/w500/wcZ21zrOsy0b52AfAF50XpTiv75.jpg', 'https://image.tmdb.org/t/p/original/6s2BqtDvp1BMiP70zCDU5OW6hMy.jpg') ON CONFLICT (id) DO UPDATE SET title = EXCLUDED.title, release_year = EXCLUDED.release_year, duration_minutes = EXCLUDED.duration_minutes, country = EXCLUDED.country, language = EXCLUDED.language, synopsis = EXCLUDED.synopsis, poster_image_url = EXCLUDED.poster_image_url, backdrop_image_url = EXCLUDED.backdrop_image_url;
INSERT INTO movie_directors (movie_id, director) VALUES (490, 'Ingmar Bergman');
INSERT INTO movie_cast_members (movie_id, cast_member) VALUES (490, 'Gunnar Björnstrand');
INSERT INTO movie_cast_members (movie_id, cast_member) VALUES (490, 'Bengt Ekerot');
INSERT INTO movie_cast_members (movie_id, cast_member) VALUES (490, 'Nils Poppe');
INSERT INTO movie_cast_members (movie_id, cast_member) VALUES (490, 'Max von Sydow');
INSERT INTO movie_cast_members (movie_id, cast_member) VALUES (490, 'Bibi Andersson');
INSERT INTO movie_genres (movie_id, genre) VALUES (490, 'Fantasy');
INSERT INTO movie_genres (movie_id, genre) VALUES (490, 'Drama');
INSERT INTO movie_image_urls (movie_id, image_url) VALUES (490, 'https://image.tmdb.org/t/p/original/x65EFCmLfdB2Z6qQLJghCUChwMT.jpg');
INSERT INTO movie_image_urls (movie_id, image_url) VALUES (490, 'https://image.tmdb.org/t/p/original/cWgr0qB0vLrA82DXFKMMBv5ThBl.jpg');
INSERT INTO movie_image_urls (movie_id, image_url) VALUES (490, 'https://image.tmdb.org/t/p/original/6QBzwIOl9NniZ3Lq7LZ8E1mI9Dh.jpg');
INSERT INTO movie_image_urls (movie_id, image_url) VALUES (490, 'https://image.tmdb.org/t/p/original/7tBfYcZH4P4AA1oFzjflUTSDZgx.jpg');

INSERT INTO movies (id, title, release_year, duration_minutes, country, language, synopsis, poster_image_url, backdrop_image_url) VALUES (1422, 'The Departed', 2006, 151, 'Hong Kong', 'English', 'To take down South Boston''s Irish Mafia, the police send in one of their own to infiltrate the underworld, not realizing the syndicate has done likewise. While an undercover cop curries favor with the mob kingpin, a career criminal rises through the police ranks. But both sides soon discover there''s a mole among them.', 'https://image.tmdb.org/t/p/w500/nT97ifVT2J1yMQmeq20Qblg61T.jpg', 'https://image.tmdb.org/t/p/original/6WRrGYalXXveItfpnipYdayFkQB.jpg') ON CONFLICT (id) DO UPDATE SET title = EXCLUDED.title, release_year = EXCLUDED.release_year, duration_minutes = EXCLUDED.duration_minutes, country = EXCLUDED.country, language = EXCLUDED.language, synopsis = EXCLUDED.synopsis, poster_image_url = EXCLUDED.poster_image_url, backdrop_image_url = EXCLUDED.backdrop_image_url;
INSERT INTO movie_directors (movie_id, director) VALUES (1422, 'Martin Scorsese');
INSERT INTO movie_cast_members (movie_id, cast_member) VALUES (1422, 'Leonardo DiCaprio');
INSERT INTO movie_cast_members (movie_id, cast_member) VALUES (1422, 'Matt Damon');
INSERT INTO movie_cast_members (movie_id, cast_member) VALUES (1422, 'Jack Nicholson');
INSERT INTO movie_cast_members (movie_id, cast_member) VALUES (1422, 'Mark Wahlberg');
INSERT INTO movie_cast_members (movie_id, cast_member) VALUES (1422, 'Martin Sheen');
INSERT INTO movie_genres (movie_id, genre) VALUES (1422, 'Drama');
INSERT INTO movie_genres (movie_id, genre) VALUES (1422, 'Thriller');
INSERT INTO movie_genres (movie_id, genre) VALUES (1422, 'Crime');
INSERT INTO movie_image_urls (movie_id, image_url) VALUES (1422, 'https://image.tmdb.org/t/p/original/cDFtxTxEtE3ljadfQ5SwtRTi8Iw.jpg');
INSERT INTO movie_image_urls (movie_id, image_url) VALUES (1422, 'https://image.tmdb.org/t/p/original/9RuC3UD6mNZ0p1J6RbfJDUkQ03i.jpg');
INSERT INTO movie_image_urls (movie_id, image_url) VALUES (1422, 'https://image.tmdb.org/t/p/original/bbT3xRFp0tX66e6X0eiQW3zRk1q.jpg');
INSERT INTO movie_image_urls (movie_id, image_url) VALUES (1422, 'https://image.tmdb.org/t/p/original/3hrN7YwGcYPw03vecvC2RbkgGFl.jpg');

INSERT INTO movies (id, title, release_year, duration_minutes, country, language, synopsis, poster_image_url, backdrop_image_url) VALUES (855, 'Black Hawk Down', 2001, 145, 'United Kingdom', 'English', 'When U.S. Rangers and an elite Delta Force team attempt to kidnap two underlings of a Somali warlord, their Black Hawk helicopters are shot down, and the Americans suffer heavy casualties, facing intense fighting from the militia on the ground.', 'https://image.tmdb.org/t/p/w500/7fU5dSqKRL4XHeEUz62rCKBfYok.jpg', 'https://image.tmdb.org/t/p/original/o6f1sJ0ZYg6TA2tMgoHdupB68QB.jpg') ON CONFLICT (id) DO UPDATE SET title = EXCLUDED.title, release_year = EXCLUDED.release_year, duration_minutes = EXCLUDED.duration_minutes, country = EXCLUDED.country, language = EXCLUDED.language, synopsis = EXCLUDED.synopsis, poster_image_url = EXCLUDED.poster_image_url, backdrop_image_url = EXCLUDED.backdrop_image_url;
INSERT INTO movie_directors (movie_id, director) VALUES (855, 'Ridley Scott');
INSERT INTO movie_cast_members (movie_id, cast_member) VALUES (855, 'Josh Hartnett');
INSERT INTO movie_cast_members (movie_id, cast_member) VALUES (855, 'Eric Bana');
INSERT INTO movie_cast_members (movie_id, cast_member) VALUES (855, 'Ewan McGregor');
INSERT INTO movie_cast_members (movie_id, cast_member) VALUES (855, 'Tom Sizemore');
INSERT INTO movie_cast_members (movie_id, cast_member) VALUES (855, 'William Fichtner');
INSERT INTO movie_genres (movie_id, genre) VALUES (855, 'Action');
INSERT INTO movie_genres (movie_id, genre) VALUES (855, 'War');
INSERT INTO movie_genres (movie_id, genre) VALUES (855, 'History');
INSERT INTO movie_image_urls (movie_id, image_url) VALUES (855, 'https://image.tmdb.org/t/p/original/7jaNOECZG8uS1tlq69HsY5xY8P9.jpg');
INSERT INTO movie_image_urls (movie_id, image_url) VALUES (855, 'https://image.tmdb.org/t/p/original/1xdkRnSdULZnHkuhMJOG04l2VS9.jpg');
INSERT INTO movie_image_urls (movie_id, image_url) VALUES (855, 'https://image.tmdb.org/t/p/original/mReQOInw7jOOstY6Y9HLUvlXMXD.jpg');
INSERT INTO movie_image_urls (movie_id, image_url) VALUES (855, 'https://image.tmdb.org/t/p/original/dd11uT1rtjQfEwEAvWiNfXgzXtD.jpg');

INSERT INTO movies (id, title, release_year, duration_minutes, country, language, synopsis, poster_image_url, backdrop_image_url) VALUES (1271895, '96 Minutes', 2025, 117, 'Taiwan', 'Mandarin', 'Former bomb disposal expert, Song Kang-Ren, and his fiancée, Huang Xin, board a high-speed train that contains a bomb. At the same time, Liu Kai, a well-known physics teacher who was involved in an affair scandal, also boards this same train in order to win back his wife, Ting Juan, who took the prior high-speed rail to return home in frustration… After all, can the bomb be successfully defused this time? and resolve the crisis?', 'https://image.tmdb.org/t/p/w500/gWKZ1iLhukvLoh8XY2N4tMvRQ2M.jpg', 'https://image.tmdb.org/t/p/original/lAtuFCx6cYkNBmTMSNnLE0qlCLx.jpg') ON CONFLICT (id) DO UPDATE SET title = EXCLUDED.title, release_year = EXCLUDED.release_year, duration_minutes = EXCLUDED.duration_minutes, country = EXCLUDED.country, language = EXCLUDED.language, synopsis = EXCLUDED.synopsis, poster_image_url = EXCLUDED.poster_image_url, backdrop_image_url = EXCLUDED.backdrop_image_url;
INSERT INTO movie_directors (movie_id, director) VALUES (1271895, 'Hung Tzu-hsuan');
INSERT INTO movie_cast_members (movie_id, cast_member) VALUES (1271895, 'Austin Lin');
INSERT INTO movie_cast_members (movie_id, cast_member) VALUES (1271895, 'Vivian Sung');
INSERT INTO movie_cast_members (movie_id, cast_member) VALUES (1271895, 'Edison Wang');
INSERT INTO movie_cast_members (movie_id, cast_member) VALUES (1271895, 'Lee Lee-zen');
INSERT INTO movie_cast_members (movie_id, cast_member) VALUES (1271895, 'Eleven Yao');
INSERT INTO movie_genres (movie_id, genre) VALUES (1271895, 'Action');
INSERT INTO movie_genres (movie_id, genre) VALUES (1271895, 'Crime');
INSERT INTO movie_genres (movie_id, genre) VALUES (1271895, 'Romance');
INSERT INTO movie_image_urls (movie_id, image_url) VALUES (1271895, 'https://image.tmdb.org/t/p/original/jpbFGX79CEFvtV7Xn7Urn0iGY0b.jpg');
INSERT INTO movie_image_urls (movie_id, image_url) VALUES (1271895, 'https://image.tmdb.org/t/p/original/dy8IFyfuaZoL5vWEXCoj0Uqafro.jpg');
INSERT INTO movie_image_urls (movie_id, image_url) VALUES (1271895, 'https://image.tmdb.org/t/p/original/r1fgAwOytdkm0dyMPXLDPqa6guU.jpg');
INSERT INTO movie_image_urls (movie_id, image_url) VALUES (1271895, 'https://image.tmdb.org/t/p/original/aRM8Y1m2OOqpK6AMUJH9L5xHwfh.jpg');

INSERT INTO movies (id, title, release_year, duration_minutes, country, language, synopsis, poster_image_url, backdrop_image_url) VALUES (1658217, 'Sawsawan', 2026, 72, 'Philippines', 'Tagalog', 'Karen plays Dolor, a street food vendor with big dreams. Men flock Dolor''s stall not just for her dipping sauce but for the secret pleasure that comes with it.', 'https://image.tmdb.org/t/p/w500/6L9hxSBK7JNISnvhrnnHb4BYRd6.jpg', 'https://image.tmdb.org/t/p/original/3JywdyUB4QsMdK9rHqiU2kAGSVg.jpg') ON CONFLICT (id) DO UPDATE SET title = EXCLUDED.title, release_year = EXCLUDED.release_year, duration_minutes = EXCLUDED.duration_minutes, country = EXCLUDED.country, language = EXCLUDED.language, synopsis = EXCLUDED.synopsis, poster_image_url = EXCLUDED.poster_image_url, backdrop_image_url = EXCLUDED.backdrop_image_url;
INSERT INTO movie_directors (movie_id, director) VALUES (1658217, 'Rodante Pajemna Jr.');
INSERT INTO movie_cast_members (movie_id, cast_member) VALUES (1658217, 'Karen Lopez');
INSERT INTO movie_cast_members (movie_id, cast_member) VALUES (1658217, 'Rhian Rivera');
INSERT INTO movie_cast_members (movie_id, cast_member) VALUES (1658217, 'Allen Legazpi');
INSERT INTO movie_cast_members (movie_id, cast_member) VALUES (1658217, 'Amor Lapus');
INSERT INTO movie_cast_members (movie_id, cast_member) VALUES (1658217, 'Jio Yoshida');
INSERT INTO movie_genres (movie_id, genre) VALUES (1658217, 'Drama');
INSERT INTO movie_image_urls (movie_id, image_url) VALUES (1658217, 'https://image.tmdb.org/t/p/original/ioqZLPnurjkN67u2PcwTjhPMCi6.jpg');
INSERT INTO movie_image_urls (movie_id, image_url) VALUES (1658217, 'https://image.tmdb.org/t/p/original/gZACfRXHRGuvLFTnH6rl9rOJ56b.jpg');

INSERT INTO movies (id, title, release_year, duration_minutes, country, language, synopsis, poster_image_url, backdrop_image_url) VALUES (1235746, 'Dead of Winter', 2025, 98, 'Germany', 'English', 'A widowed fisherwoman, travelling alone through snowbound northern Minnesota, interrupts the kidnapping of a teenage girl. Hours from the nearest town and with no phone service, she realizes that she is the young girl''s only hope.', 'https://image.tmdb.org/t/p/w500/5DcrN62sGAiRJxt8rXSRlSRLwIE.jpg', 'https://image.tmdb.org/t/p/original/81T9IcPK3bF2RbJyKURa4rF4sxM.jpg') ON CONFLICT (id) DO UPDATE SET title = EXCLUDED.title, release_year = EXCLUDED.release_year, duration_minutes = EXCLUDED.duration_minutes, country = EXCLUDED.country, language = EXCLUDED.language, synopsis = EXCLUDED.synopsis, poster_image_url = EXCLUDED.poster_image_url, backdrop_image_url = EXCLUDED.backdrop_image_url;
INSERT INTO movie_directors (movie_id, director) VALUES (1235746, 'Brian Kirk');
INSERT INTO movie_cast_members (movie_id, cast_member) VALUES (1235746, 'Emma Thompson');
INSERT INTO movie_cast_members (movie_id, cast_member) VALUES (1235746, 'Judy Greer');
INSERT INTO movie_cast_members (movie_id, cast_member) VALUES (1235746, 'Marc Menchaca');
INSERT INTO movie_cast_members (movie_id, cast_member) VALUES (1235746, 'Laurel Marsden');
INSERT INTO movie_cast_members (movie_id, cast_member) VALUES (1235746, 'Gaia Wise');
INSERT INTO movie_genres (movie_id, genre) VALUES (1235746, 'Thriller');
INSERT INTO movie_genres (movie_id, genre) VALUES (1235746, 'Action');
INSERT INTO movie_image_urls (movie_id, image_url) VALUES (1235746, 'https://image.tmdb.org/t/p/original/fJgFwZXxNtwZQwZNYgRE20qtSMF.jpg');
INSERT INTO movie_image_urls (movie_id, image_url) VALUES (1235746, 'https://image.tmdb.org/t/p/original/1Kc2o8wTcsFDAzk6lOnbpm2ZByK.jpg');
INSERT INTO movie_image_urls (movie_id, image_url) VALUES (1235746, 'https://image.tmdb.org/t/p/original/ajdB8AoHKrYlOR4yMDMZYLFyfdj.jpg');
INSERT INTO movie_image_urls (movie_id, image_url) VALUES (1235746, 'https://image.tmdb.org/t/p/original/gsnXIR81YmKAvWxQsWfl3zCsS1i.jpg');

INSERT INTO movies (id, title, release_year, duration_minutes, country, language, synopsis, poster_image_url, backdrop_image_url) VALUES (402, 'Basic Instinct', 1992, 128, 'United States of America', 'English', 'Catherine, a novelist with an insatiable sexual appetite, becomes a prime suspect when her boyfriend is brutally murdered -- a crime she had described in her latest story.', 'https://image.tmdb.org/t/p/w500/76Ts0yoHk8kVQj9MMnoMixhRWoh.jpg', 'https://image.tmdb.org/t/p/original/7FRraud59N3s10bbf9bfYjvwx3v.jpg') ON CONFLICT (id) DO UPDATE SET title = EXCLUDED.title, release_year = EXCLUDED.release_year, duration_minutes = EXCLUDED.duration_minutes, country = EXCLUDED.country, language = EXCLUDED.language, synopsis = EXCLUDED.synopsis, poster_image_url = EXCLUDED.poster_image_url, backdrop_image_url = EXCLUDED.backdrop_image_url;
INSERT INTO movie_directors (movie_id, director) VALUES (402, 'Paul Verhoeven');
INSERT INTO movie_cast_members (movie_id, cast_member) VALUES (402, 'Michael Douglas');
INSERT INTO movie_cast_members (movie_id, cast_member) VALUES (402, 'Sharon Stone');
INSERT INTO movie_cast_members (movie_id, cast_member) VALUES (402, 'George Dzundza');
INSERT INTO movie_cast_members (movie_id, cast_member) VALUES (402, 'Jeanne Tripplehorn');
INSERT INTO movie_cast_members (movie_id, cast_member) VALUES (402, 'Denis Arndt');
INSERT INTO movie_genres (movie_id, genre) VALUES (402, 'Thriller');
INSERT INTO movie_genres (movie_id, genre) VALUES (402, 'Mystery');
INSERT INTO movie_image_urls (movie_id, image_url) VALUES (402, 'https://image.tmdb.org/t/p/original/oWg0GthfAmuTwZJBvNExpqtRhr8.jpg');
INSERT INTO movie_image_urls (movie_id, image_url) VALUES (402, 'https://image.tmdb.org/t/p/original/lBZlIW0xg1AP66IkvCL0X4IuXfY.jpg');
INSERT INTO movie_image_urls (movie_id, image_url) VALUES (402, 'https://image.tmdb.org/t/p/original/bFX45H8IaqIcSIXQanh92knx74U.jpg');
INSERT INTO movie_image_urls (movie_id, image_url) VALUES (402, 'https://image.tmdb.org/t/p/original/8UjZdkSANL1x1SGrjvKiA7yhYBN.jpg');

INSERT INTO movies (id, title, release_year, duration_minutes, country, language, synopsis, poster_image_url, backdrop_image_url) VALUES (1480790, 'The Sin Trade', 2026, 1, 'China', 'Mandarin', 'In the late 1990s, detective Chi Feng navigates a violent turf war between rival trafficking syndicates to dismantle both criminal groups and rescue a group of abducted women.', 'https://image.tmdb.org/t/p/w500/8tR18t50eaZU4UI3rPJuZknroJ4.jpg', 'https://image.tmdb.org/t/p/original/Yjxlvqb1QxyUGCOzm9SIkq53Wr.jpg') ON CONFLICT (id) DO UPDATE SET title = EXCLUDED.title, release_year = EXCLUDED.release_year, duration_minutes = EXCLUDED.duration_minutes, country = EXCLUDED.country, language = EXCLUDED.language, synopsis = EXCLUDED.synopsis, poster_image_url = EXCLUDED.poster_image_url, backdrop_image_url = EXCLUDED.backdrop_image_url;
INSERT INTO movie_directors (movie_id, director) VALUES (1480790, 'Cheng Siyi');
INSERT INTO movie_cast_members (movie_id, cast_member) VALUES (1480790, 'Ashton Chen');
INSERT INTO movie_cast_members (movie_id, cast_member) VALUES (1480790, 'Wang Zhener');
INSERT INTO movie_cast_members (movie_id, cast_member) VALUES (1480790, 'Liu Fengchao');
INSERT INTO movie_cast_members (movie_id, cast_member) VALUES (1480790, 'Liu Yitong');
INSERT INTO movie_cast_members (movie_id, cast_member) VALUES (1480790, 'Wei Xiaodong');
INSERT INTO movie_genres (movie_id, genre) VALUES (1480790, 'Crime');
INSERT INTO movie_genres (movie_id, genre) VALUES (1480790, 'Action');
INSERT INTO movie_genres (movie_id, genre) VALUES (1480790, 'Mystery');
INSERT INTO movie_image_urls (movie_id, image_url) VALUES (1480790, 'https://image.tmdb.org/t/p/original/420XAckGqRzyETGR3EQgcm8j1rf.jpg');

INSERT INTO movies (id, title, release_year, duration_minutes, country, language, synopsis, poster_image_url, backdrop_image_url) VALUES (50620, 'The Twilight Saga: Breaking Dawn - Part 2', 2012, 115, 'United States of America', 'English', 'After the birth of Renesmee, the Cullens gather other vampire clans in order to protect the child from a false allegation that puts the family in front of the Volturi.', 'https://image.tmdb.org/t/p/w500/7IGdPaKujv0BjI0Zd0m0a4CzEjJ.jpg', 'https://image.tmdb.org/t/p/original/qkl57wzSFrpi2sRpoc2mZJbMuLP.jpg') ON CONFLICT (id) DO UPDATE SET title = EXCLUDED.title, release_year = EXCLUDED.release_year, duration_minutes = EXCLUDED.duration_minutes, country = EXCLUDED.country, language = EXCLUDED.language, synopsis = EXCLUDED.synopsis, poster_image_url = EXCLUDED.poster_image_url, backdrop_image_url = EXCLUDED.backdrop_image_url;
INSERT INTO movie_directors (movie_id, director) VALUES (50620, 'Bill Condon');
INSERT INTO movie_cast_members (movie_id, cast_member) VALUES (50620, 'Kristen Stewart');
INSERT INTO movie_cast_members (movie_id, cast_member) VALUES (50620, 'Robert Pattinson');
INSERT INTO movie_cast_members (movie_id, cast_member) VALUES (50620, 'Taylor Lautner');
INSERT INTO movie_cast_members (movie_id, cast_member) VALUES (50620, 'Peter Facinelli');
INSERT INTO movie_cast_members (movie_id, cast_member) VALUES (50620, 'Elizabeth Reaser');
INSERT INTO movie_genres (movie_id, genre) VALUES (50620, 'Fantasy');
INSERT INTO movie_genres (movie_id, genre) VALUES (50620, 'Drama');
INSERT INTO movie_genres (movie_id, genre) VALUES (50620, 'Romance');
INSERT INTO movie_image_urls (movie_id, image_url) VALUES (50620, 'https://image.tmdb.org/t/p/original/vLeIBMqPI8IokldjjBlPcraGRsh.jpg');
INSERT INTO movie_image_urls (movie_id, image_url) VALUES (50620, 'https://image.tmdb.org/t/p/original/mEiU6D7cnt1rbIraRLljHF7m5DX.jpg');
INSERT INTO movie_image_urls (movie_id, image_url) VALUES (50620, 'https://image.tmdb.org/t/p/original/8djizpJJLWJxaLkVw3Von6pHo7D.jpg');
INSERT INTO movie_image_urls (movie_id, image_url) VALUES (50620, 'https://image.tmdb.org/t/p/original/uT4tCItFwqENLn5oEjiQLREqXJ1.jpg');

INSERT INTO movies (id, title, release_year, duration_minutes, country, language, synopsis, poster_image_url, backdrop_image_url) VALUES (1309083, 'Dolly', 2026, 83, 'United States of America', 'English', 'Young Macy is abducted by a deranged, monstrous figure who wants to raise her as its child.', 'https://image.tmdb.org/t/p/w500/sTPUg3XtdcKRAS5Vwsi1GYPFhNZ.jpg', 'https://image.tmdb.org/t/p/original/rhuEN18ZimDOva3guaWZA4hYgLB.jpg') ON CONFLICT (id) DO UPDATE SET title = EXCLUDED.title, release_year = EXCLUDED.release_year, duration_minutes = EXCLUDED.duration_minutes, country = EXCLUDED.country, language = EXCLUDED.language, synopsis = EXCLUDED.synopsis, poster_image_url = EXCLUDED.poster_image_url, backdrop_image_url = EXCLUDED.backdrop_image_url;
INSERT INTO movie_directors (movie_id, director) VALUES (1309083, 'Rod Blackhurst');
INSERT INTO movie_cast_members (movie_id, cast_member) VALUES (1309083, 'Max Lindsey');
INSERT INTO movie_cast_members (movie_id, cast_member) VALUES (1309083, 'Fabianne Therese');
INSERT INTO movie_cast_members (movie_id, cast_member) VALUES (1309083, 'Seann William Scott');
INSERT INTO movie_cast_members (movie_id, cast_member) VALUES (1309083, 'Ethan Suplee');
INSERT INTO movie_cast_members (movie_id, cast_member) VALUES (1309083, 'Russ Tiller');
INSERT INTO movie_genres (movie_id, genre) VALUES (1309083, 'Horror');
INSERT INTO movie_image_urls (movie_id, image_url) VALUES (1309083, 'https://image.tmdb.org/t/p/original/rHB0KfqqUTDCLuSEUw9Z1G2AC3n.jpg');
INSERT INTO movie_image_urls (movie_id, image_url) VALUES (1309083, 'https://image.tmdb.org/t/p/original/mlk2v9SwsOAPxfiIirxFnqP8FrJ.jpg');
INSERT INTO movie_image_urls (movie_id, image_url) VALUES (1309083, 'https://image.tmdb.org/t/p/original/22ZYgiYCIrKcbR1ddqYml4lsRm9.jpg');
INSERT INTO movie_image_urls (movie_id, image_url) VALUES (1309083, 'https://image.tmdb.org/t/p/original/c5bIYi63SW1zYIY2n18ed95DyVo.jpg');

INSERT INTO movies (id, title, release_year, duration_minutes, country, language, synopsis, poster_image_url, backdrop_image_url) VALUES (855435, 'Faces of Death', 2026, 98, 'United States of America', 'English', 'A woman, employed as a website content moderator, comes across a series of violent videos reproducing death scenes from a film.', 'https://image.tmdb.org/t/p/w500/vPVY3S57lEooBLJCg6KGdMHkUxm.jpg', 'https://image.tmdb.org/t/p/original/dbn9NfGWKw8eHJFjzkm4VC72odt.jpg') ON CONFLICT (id) DO UPDATE SET title = EXCLUDED.title, release_year = EXCLUDED.release_year, duration_minutes = EXCLUDED.duration_minutes, country = EXCLUDED.country, language = EXCLUDED.language, synopsis = EXCLUDED.synopsis, poster_image_url = EXCLUDED.poster_image_url, backdrop_image_url = EXCLUDED.backdrop_image_url;
INSERT INTO movie_directors (movie_id, director) VALUES (855435, 'Daniel Goldhaber');
INSERT INTO movie_cast_members (movie_id, cast_member) VALUES (855435, 'Barbie Ferreira');
INSERT INTO movie_cast_members (movie_id, cast_member) VALUES (855435, 'Dacre Montgomery');
INSERT INTO movie_cast_members (movie_id, cast_member) VALUES (855435, 'Josie Totah');
INSERT INTO movie_cast_members (movie_id, cast_member) VALUES (855435, 'Aaron Holliday');
INSERT INTO movie_cast_members (movie_id, cast_member) VALUES (855435, 'Jermaine Fowler');
INSERT INTO movie_genres (movie_id, genre) VALUES (855435, 'Horror');
INSERT INTO movie_genres (movie_id, genre) VALUES (855435, 'Thriller');
INSERT INTO movie_image_urls (movie_id, image_url) VALUES (855435, 'https://image.tmdb.org/t/p/original/mJ2IMkkK1cCF2Nb1HjZrSF9GlbV.jpg');
INSERT INTO movie_image_urls (movie_id, image_url) VALUES (855435, 'https://image.tmdb.org/t/p/original/psPBK1m0ipNmhCxGjqJBXVJKaG7.jpg');
INSERT INTO movie_image_urls (movie_id, image_url) VALUES (855435, 'https://image.tmdb.org/t/p/original/xG5DI7YwLC7p54w8KNoE9AMXLpQ.jpg');
INSERT INTO movie_image_urls (movie_id, image_url) VALUES (855435, 'https://image.tmdb.org/t/p/original/5xMOKJnftiIH6tPLISge8r4J7iP.jpg');

INSERT INTO movies (id, title, release_year, duration_minutes, country, language, synopsis, poster_image_url, backdrop_image_url) VALUES (1472951, 'Infiltrate', 2026, 93, 'Canada', 'French', 'In a city overrun by crime, government Agent Lily Chen is forced to choose between her duty and her family when her husband is kidnapped, and she’s blackmailed into assassinating high-level criminals to save him. As she delves deeper into the criminal underworld, Lily’s relentless pursuit of justice unravels a web of corruption, leading to a final, life-altering decision that will change her world forever.', 'https://image.tmdb.org/t/p/w500/8Cw8GF9wG63kF8pRRXwOx2kXGt.jpg', 'https://image.tmdb.org/t/p/original/cfDHxkco8RrslL0Vk2XPTwTVFCe.jpg') ON CONFLICT (id) DO UPDATE SET title = EXCLUDED.title, release_year = EXCLUDED.release_year, duration_minutes = EXCLUDED.duration_minutes, country = EXCLUDED.country, language = EXCLUDED.language, synopsis = EXCLUDED.synopsis, poster_image_url = EXCLUDED.poster_image_url, backdrop_image_url = EXCLUDED.backdrop_image_url;
INSERT INTO movie_directors (movie_id, director) VALUES (1472951, 'James Mark');
INSERT INTO movie_cast_members (movie_id, cast_member) VALUES (1472951, 'Orphée Ladouceur-Nguyen');
INSERT INTO movie_cast_members (movie_id, cast_member) VALUES (1472951, 'Alain Moussi');
INSERT INTO movie_cast_members (movie_id, cast_member) VALUES (1472951, 'Tim Rozon');
INSERT INTO movie_cast_members (movie_id, cast_member) VALUES (1472951, 'Finn McCager Higgins');
INSERT INTO movie_cast_members (movie_id, cast_member) VALUES (1472951, 'Lisa Berry');
INSERT INTO movie_genres (movie_id, genre) VALUES (1472951, 'Action');
INSERT INTO movie_genres (movie_id, genre) VALUES (1472951, 'Thriller');
INSERT INTO movie_image_urls (movie_id, image_url) VALUES (1472951, 'https://image.tmdb.org/t/p/original/fmOEZBDAPvZodUbuGmEhHQ0kBQr.jpg');
INSERT INTO movie_image_urls (movie_id, image_url) VALUES (1472951, 'https://image.tmdb.org/t/p/original/yHdGoujsmyi0uBggIKenI90x37x.jpg');

INSERT INTO movies (id, title, release_year, duration_minutes, country, language, synopsis, poster_image_url, backdrop_image_url) VALUES (1629369, 'The Truth and Tragedy of Moriah Wilson', 2026, 97, 'United States of America', 'English', 'An intimate, arresting portrait of cyclist Moriah Wilson—raised by a fierce, loving family—whose singular drive becomes her superpower, carrying her to athletic brilliance and, devastatingly, toward a life cut short by murder.', 'https://image.tmdb.org/t/p/w500/zoa2XatA43nKhF1kx8nVcVyH1M0.jpg', 'https://image.tmdb.org/t/p/original/xQFxoGYtwMBAq89DPa9gUcLlOdA.jpg') ON CONFLICT (id) DO UPDATE SET title = EXCLUDED.title, release_year = EXCLUDED.release_year, duration_minutes = EXCLUDED.duration_minutes, country = EXCLUDED.country, language = EXCLUDED.language, synopsis = EXCLUDED.synopsis, poster_image_url = EXCLUDED.poster_image_url, backdrop_image_url = EXCLUDED.backdrop_image_url;
INSERT INTO movie_directors (movie_id, director) VALUES (1629369, 'Marina Zenovich');
INSERT INTO movie_cast_members (movie_id, cast_member) VALUES (1629369, 'Olivia Sinnott');
INSERT INTO movie_genres (movie_id, genre) VALUES (1629369, 'Documentary');
INSERT INTO movie_genres (movie_id, genre) VALUES (1629369, 'Crime');
INSERT INTO movie_image_urls (movie_id, image_url) VALUES (1629369, 'https://image.tmdb.org/t/p/original/6ThYbkDc7ElTQLRNnzBMkHsdHIu.jpg');

INSERT INTO movies (id, title, release_year, duration_minutes, country, language, synopsis, poster_image_url, backdrop_image_url) VALUES (1295400, 'The Last Viking', 2025, 116, 'Denmark', 'Danish', 'After serving fourteen years for robbery, Anker is released from prison and reunites with his mentally ill brother Manfred, who alone knows where the stolen money is hidden but has forgotten its location, sending them on a journey to recover the loot and confront who they are.', 'https://image.tmdb.org/t/p/w500/92ztdPsf98i0tLcONIX92yuh3MQ.jpg', 'https://image.tmdb.org/t/p/original/zo1SfeASCrbHFaXJN9y1RW7uU2m.jpg') ON CONFLICT (id) DO UPDATE SET title = EXCLUDED.title, release_year = EXCLUDED.release_year, duration_minutes = EXCLUDED.duration_minutes, country = EXCLUDED.country, language = EXCLUDED.language, synopsis = EXCLUDED.synopsis, poster_image_url = EXCLUDED.poster_image_url, backdrop_image_url = EXCLUDED.backdrop_image_url;
INSERT INTO movie_directors (movie_id, director) VALUES (1295400, 'Anders Thomas Jensen');
INSERT INTO movie_cast_members (movie_id, cast_member) VALUES (1295400, 'Mads Mikkelsen');
INSERT INTO movie_cast_members (movie_id, cast_member) VALUES (1295400, 'Nikolaj Lie Kaas');
INSERT INTO movie_cast_members (movie_id, cast_member) VALUES (1295400, 'Sofie Gråbøl');
INSERT INTO movie_cast_members (movie_id, cast_member) VALUES (1295400, 'Søren Malling');
INSERT INTO movie_cast_members (movie_id, cast_member) VALUES (1295400, 'Bodil Jørgensen');
INSERT INTO movie_genres (movie_id, genre) VALUES (1295400, 'Comedy');
INSERT INTO movie_genres (movie_id, genre) VALUES (1295400, 'Crime');
INSERT INTO movie_genres (movie_id, genre) VALUES (1295400, 'Drama');
INSERT INTO movie_image_urls (movie_id, image_url) VALUES (1295400, 'https://image.tmdb.org/t/p/original/ywA9MWOdNXOmMQqs9rp3LPyh0ES.jpg');
INSERT INTO movie_image_urls (movie_id, image_url) VALUES (1295400, 'https://image.tmdb.org/t/p/original/fe0UhbWWZgAFHL1OuHmLUFPE5hb.jpg');
INSERT INTO movie_image_urls (movie_id, image_url) VALUES (1295400, 'https://image.tmdb.org/t/p/original/6cTWwNXj5WgEfwaYyDREC6AUFVP.jpg');
INSERT INTO movie_image_urls (movie_id, image_url) VALUES (1295400, 'https://image.tmdb.org/t/p/original/dcf2MSKj9wW074jXP7cljI78gMC.jpg');

INSERT INTO movies (id, title, release_year, duration_minutes, country, language, synopsis, poster_image_url, backdrop_image_url) VALUES (1374686, 'Light of the World', 2025, 84, 'United States of America', 'English', 'It''s 30 AD and everyone is expectantly awaiting the coming Messiah. While Jesus isn''t exactly what they imagined, there is something special about this man. Soon, John, James, Andrew, Peter, and others begin to follow Jesus on an unexpected adventure. This beautifully animated story of Jesus is told through the eyes of his beloved young friend, the Apostle John.', 'https://image.tmdb.org/t/p/w500/3vUqo90FCIHXPiXnQJEeqzg5EDV.jpg', 'https://image.tmdb.org/t/p/original/xeIkV4e4joAmlRJhqJu2N8jR6zC.jpg') ON CONFLICT (id) DO UPDATE SET title = EXCLUDED.title, release_year = EXCLUDED.release_year, duration_minutes = EXCLUDED.duration_minutes, country = EXCLUDED.country, language = EXCLUDED.language, synopsis = EXCLUDED.synopsis, poster_image_url = EXCLUDED.poster_image_url, backdrop_image_url = EXCLUDED.backdrop_image_url;
INSERT INTO movie_directors (movie_id, director) VALUES (1374686, 'Tom Bancroft');
INSERT INTO movie_directors (movie_id, director) VALUES (1374686, 'John J. Schafer');
INSERT INTO movie_cast_members (movie_id, cast_member) VALUES (1374686, 'Ian Hanlin');
INSERT INTO movie_cast_members (movie_id, cast_member) VALUES (1374686, 'Benjamin Jacobson');
INSERT INTO movie_cast_members (movie_id, cast_member) VALUES (1374686, 'Vincent Tong');
INSERT INTO movie_cast_members (movie_id, cast_member) VALUES (1374686, 'Michael Benyaer');
INSERT INTO movie_cast_members (movie_id, cast_member) VALUES (1374686, 'David A. Kaye');
INSERT INTO movie_genres (movie_id, genre) VALUES (1374686, 'Animation');
INSERT INTO movie_genres (movie_id, genre) VALUES (1374686, 'Fantasy');
INSERT INTO movie_genres (movie_id, genre) VALUES (1374686, 'Drama');
INSERT INTO movie_genres (movie_id, genre) VALUES (1374686, 'Music');
INSERT INTO movie_image_urls (movie_id, image_url) VALUES (1374686, 'https://image.tmdb.org/t/p/original/6cuwIyIPxSfwynCLmQJt9g7AqDR.jpg');
INSERT INTO movie_image_urls (movie_id, image_url) VALUES (1374686, 'https://image.tmdb.org/t/p/original/rpJBKopJWzkSh3CnruaEL37fdyF.jpg');
INSERT INTO movie_image_urls (movie_id, image_url) VALUES (1374686, 'https://image.tmdb.org/t/p/original/S4FCr7u9Y0Qv8ceMhStWdrtPlT.jpg');
INSERT INTO movie_image_urls (movie_id, image_url) VALUES (1374686, 'https://image.tmdb.org/t/p/original/oBppyaoTX5aHPRyzRcTVfaYGvmL.jpg');

INSERT INTO movies (id, title, release_year, duration_minutes, country, language, synopsis, poster_image_url, backdrop_image_url) VALUES (1437985, 'Open Season 2', 2025, 1, 'France', 'French', 'Two years after moving to the French countryside and seeing hunting banned, Adelaide and Simon discover that living close to nature can be rewarding, peaceful... and unbelievably boring. Desperate to make new friends, they''re overjoyed when Bernard''s witty, wealthy son Stan and his smart, aristocratic wife Bennie move to town—with kids the same age as theirs. But what seems like a gift from heaven turns out to be a Trojan horse: Stan and Bennie are die-hard coursers, determined to hunt on horseback with their hounds wherever they please. Chaos ensues. The clash becomes a full-blown war as Stan buys up land, bribes the locals, and plans to turn the forest into a playground for the ultra-rich. With help from Bernard and his old hunting buddies, can Addie and Simon rally the villagers and spark a rural revolt to save their peaceful corner of the world?', 'https://image.tmdb.org/t/p/w500/cjy5vFVr2FmkNVjHaeKROFgJxGH.jpg', 'https://image.tmdb.org/t/p/original/255neTizAGgmgHPXQenAL3bITLT.jpg') ON CONFLICT (id) DO UPDATE SET title = EXCLUDED.title, release_year = EXCLUDED.release_year, duration_minutes = EXCLUDED.duration_minutes, country = EXCLUDED.country, language = EXCLUDED.language, synopsis = EXCLUDED.synopsis, poster_image_url = EXCLUDED.poster_image_url, backdrop_image_url = EXCLUDED.backdrop_image_url;
INSERT INTO movie_directors (movie_id, director) VALUES (1437985, 'Frédéric Forestier');
INSERT INTO movie_directors (movie_id, director) VALUES (1437985, 'Antonin Fourlon');
INSERT INTO movie_cast_members (movie_id, cast_member) VALUES (1437985, 'Didier Bourdon');
INSERT INTO movie_cast_members (movie_id, cast_member) VALUES (1437985, 'Camille Lou');
INSERT INTO movie_cast_members (movie_id, cast_member) VALUES (1437985, 'Hakim Jemili');
INSERT INTO movie_cast_members (movie_id, cast_member) VALUES (1437985, 'Thierry Lhermitte');
INSERT INTO movie_cast_members (movie_id, cast_member) VALUES (1437985, 'Julien Pestel');
INSERT INTO movie_genres (movie_id, genre) VALUES (1437985, 'Comedy');
INSERT INTO movie_image_urls (movie_id, image_url) VALUES (1437985, 'https://image.tmdb.org/t/p/original/5bKwPDi6HG9HXEHKdBvJ911PysC.jpg');
INSERT INTO movie_image_urls (movie_id, image_url) VALUES (1437985, 'https://image.tmdb.org/t/p/original/nABJiQaUieY63EYueemftxCSK2j.jpg');
INSERT INTO movie_image_urls (movie_id, image_url) VALUES (1437985, 'https://image.tmdb.org/t/p/original/iHs0yijTVGs99csnMNFjdJpLrVH.jpg');
INSERT INTO movie_image_urls (movie_id, image_url) VALUES (1437985, 'https://image.tmdb.org/t/p/original/fwcRHUhUuViJ2ntt5prQHSsnI1D.jpg');

INSERT INTO movies (id, title, release_year, duration_minutes, country, language, synopsis, poster_image_url, backdrop_image_url) VALUES (1561687, 'Made in Korea', 2026, 113, 'India', 'English', 'A woman from a small town in Tamil Nadu moves to South Korea — a place she always dreamed of — but struggles to find her footing in a foreign land.', 'https://image.tmdb.org/t/p/w500/foEObhyAMM3dxYeBEr242EdQDB7.jpg', 'https://image.tmdb.org/t/p/original/5MaWBfAxdlbsqDpq8mjCBNVoLM3.jpg') ON CONFLICT (id) DO UPDATE SET title = EXCLUDED.title, release_year = EXCLUDED.release_year, duration_minutes = EXCLUDED.duration_minutes, country = EXCLUDED.country, language = EXCLUDED.language, synopsis = EXCLUDED.synopsis, poster_image_url = EXCLUDED.poster_image_url, backdrop_image_url = EXCLUDED.backdrop_image_url;
INSERT INTO movie_directors (movie_id, director) VALUES (1561687, 'Ra. Karthik');
INSERT INTO movie_cast_members (movie_id, cast_member) VALUES (1561687, 'Priyanka Arul Mohan');
INSERT INTO movie_cast_members (movie_id, cast_member) VALUES (1561687, 'Rishikanth');
INSERT INTO movie_cast_members (movie_id, cast_member) VALUES (1561687, 'Park Hye-jin');
INSERT INTO movie_cast_members (movie_id, cast_member) VALUES (1561687, 'Baek Si-hun');
INSERT INTO movie_cast_members (movie_id, cast_member) VALUES (1561687, 'Jang Jae-hyeon');
INSERT INTO movie_genres (movie_id, genre) VALUES (1561687, 'Drama');
INSERT INTO movie_image_urls (movie_id, image_url) VALUES (1561687, 'https://image.tmdb.org/t/p/original/kw29lboK1WPFBWL9cTiOuT3MgAL.jpg');
INSERT INTO movie_image_urls (movie_id, image_url) VALUES (1561687, 'https://image.tmdb.org/t/p/original/aOZlZ5ceIpUVjJaFBl0vQjGTieI.jpg');
INSERT INTO movie_image_urls (movie_id, image_url) VALUES (1561687, 'https://image.tmdb.org/t/p/original/3m5jkyQMvpYZ0WV7UF9g9XdLlzK.jpg');
INSERT INTO movie_image_urls (movie_id, image_url) VALUES (1561687, 'https://image.tmdb.org/t/p/original/79RGONG7v4SbbqnEvIAtNj4a1MJ.jpg');

INSERT INTO movies (id, title, release_year, duration_minutes, country, language, synopsis, poster_image_url, backdrop_image_url) VALUES (1181107, 'The King of Kings', 2025, 102, 'South Korea', 'English', 'Charles Dickens tells his young son Walter the greatest story ever told, and what begins as a bedtime tale becomes a life-changing journey. Through vivid imagination, the boy walks alongside Jesus, witnessing His miracles, facing His trials, and understanding His ultimate sacrifice.', 'https://image.tmdb.org/t/p/w500/ccw7CCIAvcZV431CP7NhHAHuiHR.jpg', 'https://image.tmdb.org/t/p/original/mr2LvZydvor6CDZhrpJLRYMCcBc.jpg') ON CONFLICT (id) DO UPDATE SET title = EXCLUDED.title, release_year = EXCLUDED.release_year, duration_minutes = EXCLUDED.duration_minutes, country = EXCLUDED.country, language = EXCLUDED.language, synopsis = EXCLUDED.synopsis, poster_image_url = EXCLUDED.poster_image_url, backdrop_image_url = EXCLUDED.backdrop_image_url;
INSERT INTO movie_directors (movie_id, director) VALUES (1181107, 'Jang Seong-ho');
INSERT INTO movie_cast_members (movie_id, cast_member) VALUES (1181107, 'Oscar Isaac');
INSERT INTO movie_cast_members (movie_id, cast_member) VALUES (1181107, 'Kenneth Branagh');
INSERT INTO movie_cast_members (movie_id, cast_member) VALUES (1181107, 'Uma Thurman');
INSERT INTO movie_cast_members (movie_id, cast_member) VALUES (1181107, 'Pierce Brosnan');
INSERT INTO movie_cast_members (movie_id, cast_member) VALUES (1181107, 'Roman Griffin Davis');
INSERT INTO movie_genres (movie_id, genre) VALUES (1181107, 'Animation');
INSERT INTO movie_genres (movie_id, genre) VALUES (1181107, 'Family');
INSERT INTO movie_genres (movie_id, genre) VALUES (1181107, 'Fantasy');
INSERT INTO movie_genres (movie_id, genre) VALUES (1181107, 'Drama');
INSERT INTO movie_genres (movie_id, genre) VALUES (1181107, 'Adventure');
INSERT INTO movie_image_urls (movie_id, image_url) VALUES (1181107, 'https://image.tmdb.org/t/p/original/7Z1xOTJ9LXf5BJ5kqTWgUxbxRUj.jpg');
INSERT INTO movie_image_urls (movie_id, image_url) VALUES (1181107, 'https://image.tmdb.org/t/p/original/gN0eu6s2qIzsHgznnsgMIfbPw3u.jpg');
INSERT INTO movie_image_urls (movie_id, image_url) VALUES (1181107, 'https://image.tmdb.org/t/p/original/zZqonQ0gqATv4h1X3Xnh7k9t8RR.jpg');
INSERT INTO movie_image_urls (movie_id, image_url) VALUES (1181107, 'https://image.tmdb.org/t/p/original/xbaX0TST7sm6Mc8GmP7ch2S1ZsF.jpg');

INSERT INTO movies (id, title, release_year, duration_minutes, country, language, synopsis, poster_image_url, backdrop_image_url) VALUES (1404684, 'Juste une illusion', 2026, 116, 'France', 'French', '1985. Vincent, almost 13, lives in the suburbs of Paris in a middle-class family, between a distant older brother and parents in constant conflict. Although he is no longer a child and not yet an adult, the film follows his reflections and doubts about identity, friendship, family, and his questions about religion, desire, and love.', 'https://image.tmdb.org/t/p/w500/my4QdEBuhYpYLR4M7AkJWJGcxxx.jpg', 'https://image.tmdb.org/t/p/original/jCCqS6qKVhofuQCKBfsRvP3zP7R.jpg') ON CONFLICT (id) DO UPDATE SET title = EXCLUDED.title, release_year = EXCLUDED.release_year, duration_minutes = EXCLUDED.duration_minutes, country = EXCLUDED.country, language = EXCLUDED.language, synopsis = EXCLUDED.synopsis, poster_image_url = EXCLUDED.poster_image_url, backdrop_image_url = EXCLUDED.backdrop_image_url;
INSERT INTO movie_directors (movie_id, director) VALUES (1404684, 'Olivier Nakache');
INSERT INTO movie_directors (movie_id, director) VALUES (1404684, 'Éric Toledano');
INSERT INTO movie_cast_members (movie_id, cast_member) VALUES (1404684, 'Louis Garrel');
INSERT INTO movie_cast_members (movie_id, cast_member) VALUES (1404684, 'Camille Cottin');
INSERT INTO movie_cast_members (movie_id, cast_member) VALUES (1404684, 'Simon Boublil');
INSERT INTO movie_cast_members (movie_id, cast_member) VALUES (1404684, 'Alexis Rosenstiehl');
INSERT INTO movie_cast_members (movie_id, cast_member) VALUES (1404684, 'Pierre Lottin');
INSERT INTO movie_genres (movie_id, genre) VALUES (1404684, 'Comedy');
INSERT INTO movie_genres (movie_id, genre) VALUES (1404684, 'Drama');
INSERT INTO movie_image_urls (movie_id, image_url) VALUES (1404684, 'https://image.tmdb.org/t/p/original/l1fhfzNclQcp4oBz550KMY0CTre.jpg');
INSERT INTO movie_image_urls (movie_id, image_url) VALUES (1404684, 'https://image.tmdb.org/t/p/original/tzfnhFjypg1JTX61Foe1XYCSIlr.jpg');
INSERT INTO movie_image_urls (movie_id, image_url) VALUES (1404684, 'https://image.tmdb.org/t/p/original/3ZJW3mLqfG8kBxt6illE8I2qW7t.jpg');
INSERT INTO movie_image_urls (movie_id, image_url) VALUES (1404684, 'https://image.tmdb.org/t/p/original/fmprosgpjQCChlEq635eJXj650d.jpg');

INSERT INTO movies (id, title, release_year, duration_minutes, country, language, synopsis, poster_image_url, backdrop_image_url) VALUES (1266800, 'The Desert Child', 2026, 1, 'France', 'French', '14-year-old Sun has written and successfully published a story based on an incredible story told by her late grandfather about a wild child called Hadara, who is saved by a group of ostriches when he becomes separated from his family in a storm, and is then raised in the desert amid a host of wild animals, including his best friend, a desert fox. When Sun is invited to travel to the Sahara by a local community who has heard about her book, she meets Kharouba, a Nomad girl of her own age, and realizes there may be much more to Hadara than just a character in a bedtime story.', 'https://image.tmdb.org/t/p/w500/PODwO3sxLAMU9NyffIdYOzxYVW.jpg', 'https://image.tmdb.org/t/p/original/zCjJt8IZeT8CLDr9DQJAoF79M6L.jpg') ON CONFLICT (id) DO UPDATE SET title = EXCLUDED.title, release_year = EXCLUDED.release_year, duration_minutes = EXCLUDED.duration_minutes, country = EXCLUDED.country, language = EXCLUDED.language, synopsis = EXCLUDED.synopsis, poster_image_url = EXCLUDED.poster_image_url, backdrop_image_url = EXCLUDED.backdrop_image_url;
INSERT INTO movie_directors (movie_id, director) VALUES (1266800, 'Gilles de Maistre');
INSERT INTO movie_cast_members (movie_id, cast_member) VALUES (1266800, 'Kev Adams');
INSERT INTO movie_cast_members (movie_id, cast_member) VALUES (1266800, 'Nahel Tran');
INSERT INTO movie_cast_members (movie_id, cast_member) VALUES (1266800, 'Nahïl Bouazzaoui');
INSERT INTO movie_cast_members (movie_id, cast_member) VALUES (1266800, 'Neige de Maistre');
INSERT INTO movie_cast_members (movie_id, cast_member) VALUES (1266800, 'Adriane Gradziel');
INSERT INTO movie_genres (movie_id, genre) VALUES (1266800, 'Family');
INSERT INTO movie_genres (movie_id, genre) VALUES (1266800, 'Adventure');
INSERT INTO movie_image_urls (movie_id, image_url) VALUES (1266800, 'https://image.tmdb.org/t/p/original/raTby3MY67GCHiF1S0VSwq01fds.jpg');
INSERT INTO movie_image_urls (movie_id, image_url) VALUES (1266800, 'https://image.tmdb.org/t/p/original/zE8s6YG8TaNjz5CnKGQLwWGNlp.jpg');
INSERT INTO movie_image_urls (movie_id, image_url) VALUES (1266800, 'https://image.tmdb.org/t/p/original/gRUMXMb4xM2BUzBFmbkz3mlddPO.jpg');
INSERT INTO movie_image_urls (movie_id, image_url) VALUES (1266800, 'https://image.tmdb.org/t/p/original/seGcpD92pzh7M7O4GO4Onj2des5.jpg');

INSERT INTO movies (id, title, release_year, duration_minutes, country, language, synopsis, poster_image_url, backdrop_image_url) VALUES (524635, 'The Chronology of Water', 2025, 129, 'United States of America', 'English', 'Plagued by an abusive childhood, a woman finds escape in competitive swimming, sexual experimentation, toxic relationships, and addiction before ultimately finding her voice through writing.', 'https://image.tmdb.org/t/p/w500/pU3GZI6C9lxzxUnBccIQLThDLVY.jpg', 'https://image.tmdb.org/t/p/original/vTiI8auKiV8KnewOqySCZkXB19t.jpg') ON CONFLICT (id) DO UPDATE SET title = EXCLUDED.title, release_year = EXCLUDED.release_year, duration_minutes = EXCLUDED.duration_minutes, country = EXCLUDED.country, language = EXCLUDED.language, synopsis = EXCLUDED.synopsis, poster_image_url = EXCLUDED.poster_image_url, backdrop_image_url = EXCLUDED.backdrop_image_url;
INSERT INTO movie_directors (movie_id, director) VALUES (524635, 'Kristen Stewart');
INSERT INTO movie_cast_members (movie_id, cast_member) VALUES (524635, 'Imogen Poots');
INSERT INTO movie_cast_members (movie_id, cast_member) VALUES (524635, 'Thora Birch');
INSERT INTO movie_cast_members (movie_id, cast_member) VALUES (524635, 'Jim Belushi');
INSERT INTO movie_cast_members (movie_id, cast_member) VALUES (524635, 'Tom Sturridge');
INSERT INTO movie_cast_members (movie_id, cast_member) VALUES (524635, 'Earl Cave');
INSERT INTO movie_genres (movie_id, genre) VALUES (524635, 'Drama');
INSERT INTO movie_image_urls (movie_id, image_url) VALUES (524635, 'https://image.tmdb.org/t/p/original/tdc5VmJPYCWqBshhrze6NAexEZi.jpg');
INSERT INTO movie_image_urls (movie_id, image_url) VALUES (524635, 'https://image.tmdb.org/t/p/original/mrVsasXR1TRVm2MkRt0RhzZiVhl.jpg');
INSERT INTO movie_image_urls (movie_id, image_url) VALUES (524635, 'https://image.tmdb.org/t/p/original/mvI4SRWPHoCsWyMvz3UVgtlPpYO.jpg');
INSERT INTO movie_image_urls (movie_id, image_url) VALUES (524635, 'https://image.tmdb.org/t/p/original/33f8vilhmfcPskkZhSA4uc1z6ui.jpg');

INSERT INTO movies (id, title, release_year, duration_minutes, country, language, synopsis, poster_image_url, backdrop_image_url) VALUES (1357759, 'Girl', 2025, 125, 'Taiwan', 'Mandarin', 'Hsiao-lee, a young girl, finds solace in her friendship with Li-li, who embodies the dreams Hsiao-lee had suppressed. However, Hsiao-lee''s aspirations are challenged by her mother''s past, which mirrors her own struggles and traps her in a cycle of despair.', 'https://image.tmdb.org/t/p/w500/ntCbuPFFBO6rRcOktSPTmeX0iuf.jpg', 'https://image.tmdb.org/t/p/original/3r2CNASRlOvK2QqqpqVUsixN4aq.jpg') ON CONFLICT (id) DO UPDATE SET title = EXCLUDED.title, release_year = EXCLUDED.release_year, duration_minutes = EXCLUDED.duration_minutes, country = EXCLUDED.country, language = EXCLUDED.language, synopsis = EXCLUDED.synopsis, poster_image_url = EXCLUDED.poster_image_url, backdrop_image_url = EXCLUDED.backdrop_image_url;
INSERT INTO movie_directors (movie_id, director) VALUES (1357759, 'Shu Qi');
INSERT INTO movie_cast_members (movie_id, cast_member) VALUES (1357759, 'Roy Chiu');
INSERT INTO movie_cast_members (movie_id, cast_member) VALUES (1357759, '9m88');
INSERT INTO movie_cast_members (movie_id, cast_member) VALUES (1357759, 'Bai Xiao-Ying');
INSERT INTO movie_cast_members (movie_id, cast_member) VALUES (1357759, 'Audrey Lin');
INSERT INTO movie_cast_members (movie_id, cast_member) VALUES (1357759, 'Lai Yu-fei');
INSERT INTO movie_genres (movie_id, genre) VALUES (1357759, 'Drama');
INSERT INTO movie_image_urls (movie_id, image_url) VALUES (1357759, 'https://image.tmdb.org/t/p/original/zzLMDceSaKkmi8gPoJyLNvTcSlZ.jpg');
INSERT INTO movie_image_urls (movie_id, image_url) VALUES (1357759, 'https://image.tmdb.org/t/p/original/b8VE0s93kX4XZRTzVVnjmGipiSm.jpg');
INSERT INTO movie_image_urls (movie_id, image_url) VALUES (1357759, 'https://image.tmdb.org/t/p/original/rxbiCW3A1KDGZgvHySt0i3BqOlA.jpg');
INSERT INTO movie_image_urls (movie_id, image_url) VALUES (1357759, 'https://image.tmdb.org/t/p/original/8NNkv8g9BCKpUQpHP8Phcy20yLj.jpg');

INSERT INTO movies (id, title, release_year, duration_minutes, country, language, synopsis, poster_image_url, backdrop_image_url) VALUES (1390300, 'Over Your Dead Body', 2026, 105, 'United States of America', 'English', 'A dysfunctional couple head to a remote cabin to "reconnect", but each has secret intentions to kill the other.', 'https://image.tmdb.org/t/p/w500/l5iroeWTrP9tspGYQonagH7Tcds.jpg', 'https://image.tmdb.org/t/p/original/13gOQoctecr8rt2IJbcPH4JudNa.jpg') ON CONFLICT (id) DO UPDATE SET title = EXCLUDED.title, release_year = EXCLUDED.release_year, duration_minutes = EXCLUDED.duration_minutes, country = EXCLUDED.country, language = EXCLUDED.language, synopsis = EXCLUDED.synopsis, poster_image_url = EXCLUDED.poster_image_url, backdrop_image_url = EXCLUDED.backdrop_image_url;
INSERT INTO movie_directors (movie_id, director) VALUES (1390300, 'Jorma Taccone');
INSERT INTO movie_cast_members (movie_id, cast_member) VALUES (1390300, 'Jason Segel');
INSERT INTO movie_cast_members (movie_id, cast_member) VALUES (1390300, 'Samara Weaving');
INSERT INTO movie_cast_members (movie_id, cast_member) VALUES (1390300, 'Timothy Olyphant');
INSERT INTO movie_cast_members (movie_id, cast_member) VALUES (1390300, 'Juliette Lewis');
INSERT INTO movie_cast_members (movie_id, cast_member) VALUES (1390300, 'Paul Guilfoyle');
INSERT INTO movie_genres (movie_id, genre) VALUES (1390300, 'Comedy');
INSERT INTO movie_genres (movie_id, genre) VALUES (1390300, 'Action');
INSERT INTO movie_genres (movie_id, genre) VALUES (1390300, 'Thriller');
INSERT INTO movie_image_urls (movie_id, image_url) VALUES (1390300, 'https://image.tmdb.org/t/p/original/dNsFOwLQqJVZNIRdhzI4aS8dLSw.jpg');
INSERT INTO movie_image_urls (movie_id, image_url) VALUES (1390300, 'https://image.tmdb.org/t/p/original/ph1F0H6zHCciwTJwowivbbHDg3m.jpg');
INSERT INTO movie_image_urls (movie_id, image_url) VALUES (1390300, 'https://image.tmdb.org/t/p/original/j4jmAkT8Ui4bq5z7eRoGVEc5r8Y.jpg');
INSERT INTO movie_image_urls (movie_id, image_url) VALUES (1390300, 'https://image.tmdb.org/t/p/original/qxFysvxVghESyRg1m59gUMP9TdA.jpg');

INSERT INTO movies (id, title, release_year, duration_minutes, country, language, synopsis, poster_image_url, backdrop_image_url) VALUES (11986, 'Betty Blue', 1986, 120, 'France', 'French', 'A lackadaisical handyman and aspiring novelist tries to support his younger girlfriend as she slowly succumbs to madness.', 'https://image.tmdb.org/t/p/w500/dGkxgj2ozlD4yRtsJL35EUXegFv.jpg', 'https://image.tmdb.org/t/p/original/hZVBkgxgezyKEkWIbPVLiWAOsrl.jpg') ON CONFLICT (id) DO UPDATE SET title = EXCLUDED.title, release_year = EXCLUDED.release_year, duration_minutes = EXCLUDED.duration_minutes, country = EXCLUDED.country, language = EXCLUDED.language, synopsis = EXCLUDED.synopsis, poster_image_url = EXCLUDED.poster_image_url, backdrop_image_url = EXCLUDED.backdrop_image_url;
INSERT INTO movie_directors (movie_id, director) VALUES (11986, 'Jean-Jacques Beineix');
INSERT INTO movie_cast_members (movie_id, cast_member) VALUES (11986, 'Jean-Hugues Anglade');
INSERT INTO movie_cast_members (movie_id, cast_member) VALUES (11986, 'Béatrice Dalle');
INSERT INTO movie_cast_members (movie_id, cast_member) VALUES (11986, 'Gérard Darmon');
INSERT INTO movie_cast_members (movie_id, cast_member) VALUES (11986, 'Consuelo De Haviland');
INSERT INTO movie_cast_members (movie_id, cast_member) VALUES (11986, 'Clémentine Célarié');
INSERT INTO movie_genres (movie_id, genre) VALUES (11986, 'Drama');
INSERT INTO movie_genres (movie_id, genre) VALUES (11986, 'Romance');
INSERT INTO movie_image_urls (movie_id, image_url) VALUES (11986, 'https://image.tmdb.org/t/p/original/mO6hAevE3sKtfoHgiC2uAyUL9TQ.jpg');
INSERT INTO movie_image_urls (movie_id, image_url) VALUES (11986, 'https://image.tmdb.org/t/p/original/5onE1sgREAd9PJ9FvYnqAQSHTeg.jpg');
INSERT INTO movie_image_urls (movie_id, image_url) VALUES (11986, 'https://image.tmdb.org/t/p/original/tl7YRLNYk6otWKH5dWq8bkPnAoE.jpg');
INSERT INTO movie_image_urls (movie_id, image_url) VALUES (11986, 'https://image.tmdb.org/t/p/original/6QKZjzs6mQ9VURLu6MOqx53m0FI.jpg');

INSERT INTO movies (id, title, release_year, duration_minutes, country, language, synopsis, poster_image_url, backdrop_image_url) VALUES (1393151, 'Mr. Nobody Against Putin', 2025, 90, 'Denmark', 'Russian', 'As Russia launches its full-scale invasion of Ukraine, primary schools across Russia’s hinterlands are transformed into recruitment stages for the war. Facing the ethical dilemma of working in a system defined by propaganda and violence, a brave teacher goes undercover to film what’s really happening in his own school.', 'https://image.tmdb.org/t/p/w500/ss4NEGmPxgm4D73iMFeyjbE1m9b.jpg', 'https://image.tmdb.org/t/p/original/3A0dDfZq5WxdDGt8qzmhFXqVZxJ.jpg') ON CONFLICT (id) DO UPDATE SET title = EXCLUDED.title, release_year = EXCLUDED.release_year, duration_minutes = EXCLUDED.duration_minutes, country = EXCLUDED.country, language = EXCLUDED.language, synopsis = EXCLUDED.synopsis, poster_image_url = EXCLUDED.poster_image_url, backdrop_image_url = EXCLUDED.backdrop_image_url;
INSERT INTO movie_directors (movie_id, director) VALUES (1393151, 'David Borenstein');
INSERT INTO movie_cast_members (movie_id, cast_member) VALUES (1393151, 'Pavel Talankin');
INSERT INTO movie_cast_members (movie_id, cast_member) VALUES (1393151, 'Vladimir Putin');
INSERT INTO movie_cast_members (movie_id, cast_member) VALUES (1393151, 'Roman Abalin');
INSERT INTO movie_cast_members (movie_id, cast_member) VALUES (1393151, 'Lavrentiy Beria');
INSERT INTO movie_cast_members (movie_id, cast_member) VALUES (1393151, 'Viktor Abakumov');
INSERT INTO movie_genres (movie_id, genre) VALUES (1393151, 'Documentary');
INSERT INTO movie_image_urls (movie_id, image_url) VALUES (1393151, 'https://image.tmdb.org/t/p/original/AdE2CYFRBjL4eSkvm5skLhD5i0Q.jpg');
INSERT INTO movie_image_urls (movie_id, image_url) VALUES (1393151, 'https://image.tmdb.org/t/p/original/2UKC0hqrYbbwo4BVOg360blC4Rz.jpg');
INSERT INTO movie_image_urls (movie_id, image_url) VALUES (1393151, 'https://image.tmdb.org/t/p/original/gEMlxU017eHfj8pJ6SICYARUfge.jpg');
INSERT INTO movie_image_urls (movie_id, image_url) VALUES (1393151, 'https://image.tmdb.org/t/p/original/mkv92AONGpa6gsODfBzY6nyFFkA.jpg');

INSERT INTO movies (id, title, release_year, duration_minutes, country, language, synopsis, poster_image_url, backdrop_image_url) VALUES (1221061, 'Sound of Falling', 2025, 148, 'Germany', 'German', 'Four adolescent girls each spend their youth in the same farmhouse over the last century. Though separated by decades, resonances between their lives emerge: their desires and distress, secrets and truths, encounters with another’s gaze and defiant gaze in return.', 'https://image.tmdb.org/t/p/w500/mv2edAI0vmheVVcv4mIVW5X8GNP.jpg', 'https://image.tmdb.org/t/p/original/cXr5YOMJKZBkokgNogHjEyFZLc6.jpg') ON CONFLICT (id) DO UPDATE SET title = EXCLUDED.title, release_year = EXCLUDED.release_year, duration_minutes = EXCLUDED.duration_minutes, country = EXCLUDED.country, language = EXCLUDED.language, synopsis = EXCLUDED.synopsis, poster_image_url = EXCLUDED.poster_image_url, backdrop_image_url = EXCLUDED.backdrop_image_url;
INSERT INTO movie_directors (movie_id, director) VALUES (1221061, 'Mascha Schilinski');
INSERT INTO movie_cast_members (movie_id, cast_member) VALUES (1221061, 'Luise Heyer');
INSERT INTO movie_cast_members (movie_id, cast_member) VALUES (1221061, 'Lena Urzendowsky');
INSERT INTO movie_cast_members (movie_id, cast_member) VALUES (1221061, 'Claudia Geisler-Bading');
INSERT INTO movie_cast_members (movie_id, cast_member) VALUES (1221061, 'Lea Drinda');
INSERT INTO movie_cast_members (movie_id, cast_member) VALUES (1221061, 'Hanna Heckt');
INSERT INTO movie_genres (movie_id, genre) VALUES (1221061, 'Drama');
INSERT INTO movie_image_urls (movie_id, image_url) VALUES (1221061, 'https://image.tmdb.org/t/p/original/iJN7ifV3JWNZE1isqaKieIOMBzv.jpg');
INSERT INTO movie_image_urls (movie_id, image_url) VALUES (1221061, 'https://image.tmdb.org/t/p/original/mIOBMSAnozVV6HbmdqPqb5CFbDP.jpg');
INSERT INTO movie_image_urls (movie_id, image_url) VALUES (1221061, 'https://image.tmdb.org/t/p/original/1hXcizMqZnI3aUWGz0fL07OQgah.jpg');
INSERT INTO movie_image_urls (movie_id, image_url) VALUES (1221061, 'https://image.tmdb.org/t/p/original/dJpQUhXtDh8sbeRS8t9XibBQ2XD.jpg');

INSERT INTO movies (id, title, release_year, duration_minutes, country, language, synopsis, poster_image_url, backdrop_image_url) VALUES (1259983, 'Guru', 2026, 126, 'France', 'French', 'Matt, a charismatic coach, captivates crowds until he spirals into a disturbing downward spiral.', 'https://image.tmdb.org/t/p/w500/oy9SBxmzL6pG5Lckh9o2Wa1IWBr.jpg', 'https://image.tmdb.org/t/p/original/omOIzarzHL4srQeLd5oPlzEReuf.jpg') ON CONFLICT (id) DO UPDATE SET title = EXCLUDED.title, release_year = EXCLUDED.release_year, duration_minutes = EXCLUDED.duration_minutes, country = EXCLUDED.country, language = EXCLUDED.language, synopsis = EXCLUDED.synopsis, poster_image_url = EXCLUDED.poster_image_url, backdrop_image_url = EXCLUDED.backdrop_image_url;
INSERT INTO movie_directors (movie_id, director) VALUES (1259983, 'Yann Gozlan');
INSERT INTO movie_cast_members (movie_id, cast_member) VALUES (1259983, 'Pierre Niney');
INSERT INTO movie_cast_members (movie_id, cast_member) VALUES (1259983, 'Marion Barbeau');
INSERT INTO movie_cast_members (movie_id, cast_member) VALUES (1259983, 'Anthony Bajon');
INSERT INTO movie_cast_members (movie_id, cast_member) VALUES (1259983, 'Christophe Montenez');
INSERT INTO movie_cast_members (movie_id, cast_member) VALUES (1259983, 'Jonathan Turnbull');
INSERT INTO movie_genres (movie_id, genre) VALUES (1259983, 'Drama');
INSERT INTO movie_genres (movie_id, genre) VALUES (1259983, 'Thriller');
INSERT INTO movie_image_urls (movie_id, image_url) VALUES (1259983, 'https://image.tmdb.org/t/p/original/9c6rFIs6gRaYDnwbgadm57hsP9q.jpg');
INSERT INTO movie_image_urls (movie_id, image_url) VALUES (1259983, 'https://image.tmdb.org/t/p/original/rDP3WCvo9HkIFFqL09v7d6aRAFU.jpg');

INSERT INTO movies (id, title, release_year, duration_minutes, country, language, synopsis, poster_image_url, backdrop_image_url) VALUES (1214684, 'Kiss of the Spider Woman', 2025, 128, 'United Kingdom', 'English', 'Valentín, a political prisoner, shares a cell with Molina, a window dresser convicted of public indecency. The two form an unlikely bond as Molina recounts the plot of a Hollywood musical starring his favorite silver screen diva, Ingrid Luna.', 'https://image.tmdb.org/t/p/w500/nLQcyl6XTu17CfT6g739PbsePDO.jpg', 'https://image.tmdb.org/t/p/original/o6ZPIWSnNWqoTjy8lSgGc1KHkLv.jpg') ON CONFLICT (id) DO UPDATE SET title = EXCLUDED.title, release_year = EXCLUDED.release_year, duration_minutes = EXCLUDED.duration_minutes, country = EXCLUDED.country, language = EXCLUDED.language, synopsis = EXCLUDED.synopsis, poster_image_url = EXCLUDED.poster_image_url, backdrop_image_url = EXCLUDED.backdrop_image_url;
INSERT INTO movie_directors (movie_id, director) VALUES (1214684, 'Bill Condon');
INSERT INTO movie_cast_members (movie_id, cast_member) VALUES (1214684, 'Diego Luna');
INSERT INTO movie_cast_members (movie_id, cast_member) VALUES (1214684, 'Tonatiuh');
INSERT INTO movie_cast_members (movie_id, cast_member) VALUES (1214684, 'Jennifer Lopez');
INSERT INTO movie_cast_members (movie_id, cast_member) VALUES (1214684, 'Bruno Bichir');
INSERT INTO movie_cast_members (movie_id, cast_member) VALUES (1214684, 'Josefina Scaglione');
INSERT INTO movie_genres (movie_id, genre) VALUES (1214684, 'Romance');
INSERT INTO movie_genres (movie_id, genre) VALUES (1214684, 'Music');
INSERT INTO movie_genres (movie_id, genre) VALUES (1214684, 'Drama');
INSERT INTO movie_genres (movie_id, genre) VALUES (1214684, 'Thriller');
INSERT INTO movie_image_urls (movie_id, image_url) VALUES (1214684, 'https://image.tmdb.org/t/p/original/eYjnrIyL7Ih0ZgpVL2X2x0SndBM.jpg');
INSERT INTO movie_image_urls (movie_id, image_url) VALUES (1214684, 'https://image.tmdb.org/t/p/original/mW7L8SV1fMxT01xWyX5lfzcF5mH.jpg');
INSERT INTO movie_image_urls (movie_id, image_url) VALUES (1214684, 'https://image.tmdb.org/t/p/original/maPCXfcvugEAbLJPy1JU5vRc44q.jpg');
INSERT INTO movie_image_urls (movie_id, image_url) VALUES (1214684, 'https://image.tmdb.org/t/p/original/i9WyAlafg4Pz2FUHfJHIzo32Qwi.jpg');

INSERT INTO movies (id, title, release_year, duration_minutes, country, language, synopsis, poster_image_url, backdrop_image_url) VALUES (961077, 'The Little Sister', 2025, 112, 'France', 'French', 'Fatima, 17, the youngest daughter of a French-Algerian family in a Paris suburb, leaves school for a prestigious prep class. She plays football, has a secret boyfriend, but hides that she loves women. In Paris, new freedoms clash with family tradition and faith, forcing her to find her own path.', 'https://image.tmdb.org/t/p/w500/lI3wYg9pcGmrX1IPjcz4PO9TI09.jpg', 'https://image.tmdb.org/t/p/original/vzIKxaav4Q5KBDDfYpphMzRQEOG.jpg') ON CONFLICT (id) DO UPDATE SET title = EXCLUDED.title, release_year = EXCLUDED.release_year, duration_minutes = EXCLUDED.duration_minutes, country = EXCLUDED.country, language = EXCLUDED.language, synopsis = EXCLUDED.synopsis, poster_image_url = EXCLUDED.poster_image_url, backdrop_image_url = EXCLUDED.backdrop_image_url;
INSERT INTO movie_directors (movie_id, director) VALUES (961077, 'Hafsia Herzi');
INSERT INTO movie_cast_members (movie_id, cast_member) VALUES (961077, 'Nadia Melliti');
INSERT INTO movie_cast_members (movie_id, cast_member) VALUES (961077, 'Park Ji-min');
INSERT INTO movie_cast_members (movie_id, cast_member) VALUES (961077, 'Amina Ben Mohamed');
INSERT INTO movie_cast_members (movie_id, cast_member) VALUES (961077, 'Rita Benmannana');
INSERT INTO movie_cast_members (movie_id, cast_member) VALUES (961077, 'Melissa Guers');
INSERT INTO movie_genres (movie_id, genre) VALUES (961077, 'Drama');
INSERT INTO movie_genres (movie_id, genre) VALUES (961077, 'Romance');
INSERT INTO movie_image_urls (movie_id, image_url) VALUES (961077, 'https://image.tmdb.org/t/p/original/5mxQJ4t8Nv08HyY9iCldVRero4D.jpg');
INSERT INTO movie_image_urls (movie_id, image_url) VALUES (961077, 'https://image.tmdb.org/t/p/original/zTzgDnCxLLXB0lw27SR9mb8HJvK.jpg');
INSERT INTO movie_image_urls (movie_id, image_url) VALUES (961077, 'https://image.tmdb.org/t/p/original/8WfltEhkeSDn45SQyInf1t0kKUE.jpg');
INSERT INTO movie_image_urls (movie_id, image_url) VALUES (961077, 'https://image.tmdb.org/t/p/original/esHMpy4lQQ9ngpp3l4JTVMNGs45.jpg');

INSERT INTO movies (id, title, release_year, duration_minutes, country, language, synopsis, poster_image_url, backdrop_image_url) VALUES (1602727, 'Night King', 2026, 133, 'Hong Kong', 'Japanese', 'The once-glamourous Club EJ suddenly experiences a hostile takeover. Much like the nightclub industry, the glory days are over for the club’s manager, despite having stood tall in East Tsim Sha Tsui for decades. To make matters worse, the new CEO is none other than his cutthroat ex-wife.', 'https://image.tmdb.org/t/p/w500/eNeXDdsY02ZODAEUZayNZU7bPRd.jpg', 'https://image.tmdb.org/t/p/original/i9ptnJUIQkMqAe2XBDiFYDYEHn7.jpg') ON CONFLICT (id) DO UPDATE SET title = EXCLUDED.title, release_year = EXCLUDED.release_year, duration_minutes = EXCLUDED.duration_minutes, country = EXCLUDED.country, language = EXCLUDED.language, synopsis = EXCLUDED.synopsis, poster_image_url = EXCLUDED.poster_image_url, backdrop_image_url = EXCLUDED.backdrop_image_url;
INSERT INTO movie_directors (movie_id, director) VALUES (1602727, 'Jack Ng Wai-Lun');
INSERT INTO movie_cast_members (movie_id, cast_member) VALUES (1602727, 'Dayo Wong Chi-Wah');
INSERT INTO movie_cast_members (movie_id, cast_member) VALUES (1602727, 'Sammi Cheng Sau-Man');
INSERT INTO movie_cast_members (movie_id, cast_member) VALUES (1602727, 'Louise Wong Tan-Nei');
INSERT INTO movie_cast_members (movie_id, cast_member) VALUES (1602727, 'Fish Liew Chi-Yu');
INSERT INTO movie_cast_members (movie_id, cast_member) VALUES (1602727, 'Yeung Wai-Lun');
INSERT INTO movie_genres (movie_id, genre) VALUES (1602727, 'Comedy');
INSERT INTO movie_genres (movie_id, genre) VALUES (1602727, 'Drama');
INSERT INTO movie_image_urls (movie_id, image_url) VALUES (1602727, 'https://image.tmdb.org/t/p/original/wmgYLcf7cn4j2NEvdPNcQwRrqv1.jpg');

INSERT INTO movies (id, title, release_year, duration_minutes, country, language, synopsis, poster_image_url, backdrop_image_url) VALUES (1399462, 'Calle Malaga', 2025, 116, 'Morocco', 'Arabic', 'Maria Angeles, a 79-year-old Spanish woman, lives alone in Tangier, Morocco, and enjoys her daily routine. However, her life is turned upside down when her daughter arrives from Madrid to sell the apartment in which she has always lived. Determined to stay, she does everything she can to get her home and her belongings back and, unexpectedly, rediscovers love and sensuality.', 'https://image.tmdb.org/t/p/w500/fWagBXNDk44UaupYtwQOAvDwGiT.jpg', 'https://image.tmdb.org/t/p/original/81jteI5xIztDCFPhMXBTmT5MdW9.jpg') ON CONFLICT (id) DO UPDATE SET title = EXCLUDED.title, release_year = EXCLUDED.release_year, duration_minutes = EXCLUDED.duration_minutes, country = EXCLUDED.country, language = EXCLUDED.language, synopsis = EXCLUDED.synopsis, poster_image_url = EXCLUDED.poster_image_url, backdrop_image_url = EXCLUDED.backdrop_image_url;
INSERT INTO movie_directors (movie_id, director) VALUES (1399462, 'Maryam Touzani');
INSERT INTO movie_cast_members (movie_id, cast_member) VALUES (1399462, 'Carmen Maura');
INSERT INTO movie_cast_members (movie_id, cast_member) VALUES (1399462, 'Marta Etura');
INSERT INTO movie_cast_members (movie_id, cast_member) VALUES (1399462, 'Ahmed Boulane');
INSERT INTO movie_cast_members (movie_id, cast_member) VALUES (1399462, 'Miguel Garcés');
INSERT INTO movie_cast_members (movie_id, cast_member) VALUES (1399462, 'María Alfonsa Rosso');
INSERT INTO movie_genres (movie_id, genre) VALUES (1399462, 'Drama');
INSERT INTO movie_image_urls (movie_id, image_url) VALUES (1399462, 'https://image.tmdb.org/t/p/original/7ftWLrXsdOPMQGOFlMplaBJbsqA.jpg');
INSERT INTO movie_image_urls (movie_id, image_url) VALUES (1399462, 'https://image.tmdb.org/t/p/original/yIn5dnwQXInfzvdcAUiLRKq0X3T.jpg');
INSERT INTO movie_image_urls (movie_id, image_url) VALUES (1399462, 'https://image.tmdb.org/t/p/original/2hy0wlH0iimNPQLHNBKmPbfVI5i.jpg');
INSERT INTO movie_image_urls (movie_id, image_url) VALUES (1399462, 'https://image.tmdb.org/t/p/original/bS2Mau9AN9cfof5lOO1sgc6jBN.jpg');

INSERT INTO movies (id, title, release_year, duration_minutes, country, language, synopsis, poster_image_url, backdrop_image_url) VALUES (1507724, 'Labyrinth', 2026, 116, 'Japan', 'Japanese', 'Shiori is a typical high school student who dreams of online stardom, but struggles to capture attention. After an embarrassing video of her goes viral, she gets trapped in her smartphone and replaced by a charismatic alter ego. As the doppelganger charms the internet and devises a nefarious plot to replace mankind with brainrot, Shiori must partner with other online outcasts to stop her digital counterpart and reclaim her life in the real world.', 'https://image.tmdb.org/t/p/w500/v65HkSHy6WmjRHSOWn5cKuEKEgq.jpg', 'https://image.tmdb.org/t/p/original/p8Lvakn7T67emHXOBeI9XldkY9O.jpg') ON CONFLICT (id) DO UPDATE SET title = EXCLUDED.title, release_year = EXCLUDED.release_year, duration_minutes = EXCLUDED.duration_minutes, country = EXCLUDED.country, language = EXCLUDED.language, synopsis = EXCLUDED.synopsis, poster_image_url = EXCLUDED.poster_image_url, backdrop_image_url = EXCLUDED.backdrop_image_url;
INSERT INTO movie_directors (movie_id, director) VALUES (1507724, 'Shoji Kawamori');
INSERT INTO movie_cast_members (movie_id, cast_member) VALUES (1507724, 'SUZUKA');
INSERT INTO movie_cast_members (movie_id, cast_member) VALUES (1507724, 'Taizo Harada');
INSERT INTO movie_cast_members (movie_id, cast_member) VALUES (1507724, 'Aoi Ito');
INSERT INTO movie_cast_members (movie_id, cast_member) VALUES (1507724, 'Jun Saito');
INSERT INTO movie_cast_members (movie_id, cast_member) VALUES (1507724, 'Takuto Teranishi');
INSERT INTO movie_genres (movie_id, genre) VALUES (1507724, 'Animation');
INSERT INTO movie_genres (movie_id, genre) VALUES (1507724, 'Science Fiction');
INSERT INTO movie_image_urls (movie_id, image_url) VALUES (1507724, 'https://image.tmdb.org/t/p/original/80BGnKFgg4bm5l6Yxl7GDTVBT1q.jpg');

INSERT INTO movies (id, title, release_year, duration_minutes, country, language, synopsis, poster_image_url, backdrop_image_url) VALUES (1315657, 'Yellow Letters', 2026, 128, 'France', 'Turkish', 'The marriage of Derya and Aziz is under pressure after losing their jobs because of state arbitrariness and moving to Istanbul to live with Aziz''s parents. They and their 13-year-old daughter Ezgi have to redefine their way of life.', 'https://image.tmdb.org/t/p/w500/8Sxp3QIdamyoAfgLsUaGCQ1Z1ID.jpg', 'https://image.tmdb.org/t/p/original/jF0cgfoBkmJyknP2nii2NdhChWs.jpg') ON CONFLICT (id) DO UPDATE SET title = EXCLUDED.title, release_year = EXCLUDED.release_year, duration_minutes = EXCLUDED.duration_minutes, country = EXCLUDED.country, language = EXCLUDED.language, synopsis = EXCLUDED.synopsis, poster_image_url = EXCLUDED.poster_image_url, backdrop_image_url = EXCLUDED.backdrop_image_url;
INSERT INTO movie_directors (movie_id, director) VALUES (1315657, 'İlker Çatak');
INSERT INTO movie_cast_members (movie_id, cast_member) VALUES (1315657, 'Özgü Namal');
INSERT INTO movie_cast_members (movie_id, cast_member) VALUES (1315657, 'Tansu Biçer');
INSERT INTO movie_cast_members (movie_id, cast_member) VALUES (1315657, 'Leyla Smyrna Cabas');
INSERT INTO movie_cast_members (movie_id, cast_member) VALUES (1315657, 'İpek Bilgin');
INSERT INTO movie_cast_members (movie_id, cast_member) VALUES (1315657, 'Kerem Can');
INSERT INTO movie_genres (movie_id, genre) VALUES (1315657, 'Drama');
INSERT INTO movie_image_urls (movie_id, image_url) VALUES (1315657, 'https://image.tmdb.org/t/p/original/kEJ59WWHIFOWzK6E7LXIggdjcFJ.jpg');
INSERT INTO movie_image_urls (movie_id, image_url) VALUES (1315657, 'https://image.tmdb.org/t/p/original/9MfB3OrpY2rGKOhumDq3tTdalPx.jpg');
INSERT INTO movie_image_urls (movie_id, image_url) VALUES (1315657, 'https://image.tmdb.org/t/p/original/Ak8sYjXYGd3z8VvOtxhNh6sTBcn.jpg');
INSERT INTO movie_image_urls (movie_id, image_url) VALUES (1315657, 'https://image.tmdb.org/t/p/original/yI7lkaN4Yl8g4wwNAxZNLIvVdYv.jpg');

INSERT INTO movies (id, title, release_year, duration_minutes, country, language, synopsis, poster_image_url, backdrop_image_url) VALUES (1451867, 'Ghost Elephants', 2026, 99, 'United States of America', 'English', 'In Angola''s mist-shrouded highlands, three KhoiSan master trackers embark on a spiritual quest to rediscover the legendary "ghost elephants" of Lisima, creatures presumed lost but remembered in ancestral trance, ritual, and memory.', 'https://image.tmdb.org/t/p/w500/h2zN5Oo89DjwY9Q4F8zto5MlnNb.jpg', 'https://image.tmdb.org/t/p/original/qEqvcwXH5skWfed1rgZq45FL36G.jpg') ON CONFLICT (id) DO UPDATE SET title = EXCLUDED.title, release_year = EXCLUDED.release_year, duration_minutes = EXCLUDED.duration_minutes, country = EXCLUDED.country, language = EXCLUDED.language, synopsis = EXCLUDED.synopsis, poster_image_url = EXCLUDED.poster_image_url, backdrop_image_url = EXCLUDED.backdrop_image_url;
INSERT INTO movie_directors (movie_id, director) VALUES (1451867, 'Werner Herzog');
INSERT INTO movie_cast_members (movie_id, cast_member) VALUES (1451867, 'Werner Herzog');
INSERT INTO movie_cast_members (movie_id, cast_member) VALUES (1451867, 'Steve Boyes');
INSERT INTO movie_cast_members (movie_id, cast_member) VALUES (1451867, 'Kerllen Costa');
INSERT INTO movie_cast_members (movie_id, cast_member) VALUES (1451867, 'Xui');
INSERT INTO movie_cast_members (movie_id, cast_member) VALUES (1451867, 'Xui Dawid');
INSERT INTO movie_genres (movie_id, genre) VALUES (1451867, 'Documentary');
INSERT INTO movie_image_urls (movie_id, image_url) VALUES (1451867, 'https://image.tmdb.org/t/p/original/w02oVhvU4mhDck9uvNqSLJxaOiN.jpg');
INSERT INTO movie_image_urls (movie_id, image_url) VALUES (1451867, 'https://image.tmdb.org/t/p/original/vMlRHRvudHtoRDmSLRZe21qvqKm.jpg');
INSERT INTO movie_image_urls (movie_id, image_url) VALUES (1451867, 'https://image.tmdb.org/t/p/original/mHNIS1LftmPAWajRZWkexAnKIJj.jpg');
INSERT INTO movie_image_urls (movie_id, image_url) VALUES (1451867, 'https://image.tmdb.org/t/p/original/fBPKKHIFo2BCdISPKlEY2iDD2zZ.jpg');

INSERT INTO movies (id, title, release_year, duration_minutes, country, language, synopsis, poster_image_url, backdrop_image_url) VALUES (1365683, 'Primavera', 2025, 111, 'France', 'Italian', 'In 18th-century Venice, 20-year-old violin virtuoso Cecilia lives at the Pièta orphanage, where, despite her talent, she remains confined, knowing that marriage is the only way out. Yet, her life takes a turn after she meets Antonio Vivaldi, a brilliant and ambitious composer who becomes the new violin teacher. Guided by Vivaldi and his music, Cecilia finds the strength to challenge the destiny that once seemed inevitable.', 'https://image.tmdb.org/t/p/w500/6Giqb3a9ITCKhlkNeWtfzGWOxU0.jpg', 'https://image.tmdb.org/t/p/original/tjRhxRyaF7LgGnNP2lrAIo3cQSb.jpg') ON CONFLICT (id) DO UPDATE SET title = EXCLUDED.title, release_year = EXCLUDED.release_year, duration_minutes = EXCLUDED.duration_minutes, country = EXCLUDED.country, language = EXCLUDED.language, synopsis = EXCLUDED.synopsis, poster_image_url = EXCLUDED.poster_image_url, backdrop_image_url = EXCLUDED.backdrop_image_url;
INSERT INTO movie_directors (movie_id, director) VALUES (1365683, 'Damiano Michieletto');
INSERT INTO movie_cast_members (movie_id, cast_member) VALUES (1365683, 'Tecla Insolia');
INSERT INTO movie_cast_members (movie_id, cast_member) VALUES (1365683, 'Michele Riondino');
INSERT INTO movie_cast_members (movie_id, cast_member) VALUES (1365683, 'Fabrizia Sacchi');
INSERT INTO movie_cast_members (movie_id, cast_member) VALUES (1365683, 'Andrea Pennacchi');
INSERT INTO movie_cast_members (movie_id, cast_member) VALUES (1365683, 'Valentina Bellè');
INSERT INTO movie_genres (movie_id, genre) VALUES (1365683, 'Music');
INSERT INTO movie_genres (movie_id, genre) VALUES (1365683, 'Drama');
INSERT INTO movie_genres (movie_id, genre) VALUES (1365683, 'History');
INSERT INTO movie_image_urls (movie_id, image_url) VALUES (1365683, 'https://image.tmdb.org/t/p/original/5SLpCR2n83HLnM6i0afaKxnlXHk.jpg');
INSERT INTO movie_image_urls (movie_id, image_url) VALUES (1365683, 'https://image.tmdb.org/t/p/original/k6Q4r6wGwnyv0KCburN9TakPDzy.jpg');
INSERT INTO movie_image_urls (movie_id, image_url) VALUES (1365683, 'https://image.tmdb.org/t/p/original/fYdjFwVoJ3M2obObxna2O3fCMCH.jpg');
INSERT INTO movie_image_urls (movie_id, image_url) VALUES (1365683, 'https://image.tmdb.org/t/p/original/dqXzdNJ37GrS2RPGJE4oBACJtzx.jpg');

INSERT INTO movies (id, title, release_year, duration_minutes, country, language, synopsis, poster_image_url, backdrop_image_url) VALUES (1515899, 'Billie Eilish - Hit Me Hard and Soft: The Tour (Live in 3D)', 2026, 1, 'United States of America', 'English', 'Captured during Billie Eilish''s sold-out world tour, a concert experience from one of the most celebrated and successful artists of her generation, presented in immersive 3D.', 'https://image.tmdb.org/t/p/w500/m9JQjDufp397fjWD0fh9LdbYhMg.jpg', 'https://image.tmdb.org/t/p/original/omssu8qHikO7im78hKAgy7I7M6F.jpg') ON CONFLICT (id) DO UPDATE SET title = EXCLUDED.title, release_year = EXCLUDED.release_year, duration_minutes = EXCLUDED.duration_minutes, country = EXCLUDED.country, language = EXCLUDED.language, synopsis = EXCLUDED.synopsis, poster_image_url = EXCLUDED.poster_image_url, backdrop_image_url = EXCLUDED.backdrop_image_url;
INSERT INTO movie_directors (movie_id, director) VALUES (1515899, 'James Cameron');
INSERT INTO movie_directors (movie_id, director) VALUES (1515899, 'Billie Eilish');
INSERT INTO movie_cast_members (movie_id, cast_member) VALUES (1515899, 'Billie Eilish');
INSERT INTO movie_cast_members (movie_id, cast_member) VALUES (1515899, 'James Cameron');
INSERT INTO movie_cast_members (movie_id, cast_member) VALUES (1515899, 'FINNEAS');
INSERT INTO movie_cast_members (movie_id, cast_member) VALUES (1515899, 'Maggie Baird');
INSERT INTO movie_genres (movie_id, genre) VALUES (1515899, 'Music');
INSERT INTO movie_genres (movie_id, genre) VALUES (1515899, 'Documentary');
INSERT INTO movie_image_urls (movie_id, image_url) VALUES (1515899, 'https://image.tmdb.org/t/p/original/uRs7s4CowsDqium4ses8tc5QNO5.jpg');
INSERT INTO movie_image_urls (movie_id, image_url) VALUES (1515899, 'https://image.tmdb.org/t/p/original/i7wkTWg5QN0voflx2DHgiZJVCjU.jpg');
INSERT INTO movie_image_urls (movie_id, image_url) VALUES (1515899, 'https://image.tmdb.org/t/p/original/jjgwF5wuCyOlnlJKOJfyYfFeZcE.jpg');
INSERT INTO movie_image_urls (movie_id, image_url) VALUES (1515899, 'https://image.tmdb.org/t/p/original/bFDvWfXHBFwwYkwQl585cYSyeB0.jpg');

INSERT INTO movies (id, title, release_year, duration_minutes, country, language, synopsis, poster_image_url, backdrop_image_url) VALUES (1264349, 'Bushido', 2024, 129, 'Japan', 'Japanese', 'Kakunoshin, renowned for his skills with a sword and in the game of go, embodies the samurai code. Falsely accused of a theft, he is forced to become a lowly ronin. Years later, when a case of missing gold pulls him into a new web of intrigue, Kakunoshin uncovers the truth behind his downfall. With the real culprit exposed, the go board flips, and a hellstorm of righteous vengeance follows.', 'https://image.tmdb.org/t/p/w500/6RabgolHlvyUTQH5nuUBGJR0Yk.jpg', 'https://image.tmdb.org/t/p/original/fzfxWt7H9fUfBmrWJ6T6pwTBPzQ.jpg') ON CONFLICT (id) DO UPDATE SET title = EXCLUDED.title, release_year = EXCLUDED.release_year, duration_minutes = EXCLUDED.duration_minutes, country = EXCLUDED.country, language = EXCLUDED.language, synopsis = EXCLUDED.synopsis, poster_image_url = EXCLUDED.poster_image_url, backdrop_image_url = EXCLUDED.backdrop_image_url;
INSERT INTO movie_directors (movie_id, director) VALUES (1264349, 'Kazuya Shiraishi');
INSERT INTO movie_cast_members (movie_id, cast_member) VALUES (1264349, 'Tsuyoshi Kusanagi');
INSERT INTO movie_cast_members (movie_id, cast_member) VALUES (1264349, 'Kaya Kiyohara');
INSERT INTO movie_cast_members (movie_id, cast_member) VALUES (1264349, 'Jun Kunimura');
INSERT INTO movie_cast_members (movie_id, cast_member) VALUES (1264349, 'Taishi Nakagawa');
INSERT INTO movie_cast_members (movie_id, cast_member) VALUES (1264349, 'Eita Okuno');
INSERT INTO movie_genres (movie_id, genre) VALUES (1264349, 'Drama');
INSERT INTO movie_genres (movie_id, genre) VALUES (1264349, 'History');
INSERT INTO movie_image_urls (movie_id, image_url) VALUES (1264349, 'https://image.tmdb.org/t/p/original/thUxSfkUN2JegDybYlOLHt9YCc1.jpg');

INSERT INTO movies (id, title, release_year, duration_minutes, country, language, synopsis, poster_image_url, backdrop_image_url) VALUES (1392527, 'Renoir', 2025, 120, 'Japan', 'English', 'In 1987 Tokyo, a quirky and sensitive 11-year-old girl copes with a terminally ill father and stressed-out working mother while encountering various adults dealing with their own struggles.', 'https://image.tmdb.org/t/p/w500/4VEFRIKge0iDjv8hT1BZEx2qG4h.jpg', 'https://image.tmdb.org/t/p/original/pq2giNpWsJWmwF9u8gRNU2Bzt76.jpg') ON CONFLICT (id) DO UPDATE SET title = EXCLUDED.title, release_year = EXCLUDED.release_year, duration_minutes = EXCLUDED.duration_minutes, country = EXCLUDED.country, language = EXCLUDED.language, synopsis = EXCLUDED.synopsis, poster_image_url = EXCLUDED.poster_image_url, backdrop_image_url = EXCLUDED.backdrop_image_url;
INSERT INTO movie_directors (movie_id, director) VALUES (1392527, 'Chie Hayakawa');
INSERT INTO movie_cast_members (movie_id, cast_member) VALUES (1392527, 'Yui Suzuki');
INSERT INTO movie_cast_members (movie_id, cast_member) VALUES (1392527, 'Hikari Ishida');
INSERT INTO movie_cast_members (movie_id, cast_member) VALUES (1392527, 'Lily Franky');
INSERT INTO movie_cast_members (movie_id, cast_member) VALUES (1392527, 'Ayumu Nakajima');
INSERT INTO movie_cast_members (movie_id, cast_member) VALUES (1392527, 'Yuumi Kawai');
INSERT INTO movie_genres (movie_id, genre) VALUES (1392527, 'Drama');
INSERT INTO movie_image_urls (movie_id, image_url) VALUES (1392527, 'https://image.tmdb.org/t/p/original/a3KRLcTHE4OQgT0mmAtucVuuTYQ.jpg');
INSERT INTO movie_image_urls (movie_id, image_url) VALUES (1392527, 'https://image.tmdb.org/t/p/original/wHuUADlRnCtumu2DWzg6l6TrMzO.jpg');
INSERT INTO movie_image_urls (movie_id, image_url) VALUES (1392527, 'https://image.tmdb.org/t/p/original/1QVULEtqpBnWyBnAFC8m75SyU69.jpg');
INSERT INTO movie_image_urls (movie_id, image_url) VALUES (1392527, 'https://image.tmdb.org/t/p/original/iVudZtQ8aL1wMxYC5eePEatwmLt.jpg');

INSERT INTO movies (id, title, release_year, duration_minutes, country, language, synopsis, poster_image_url, backdrop_image_url) VALUES (1448560, 'Wildcat', 2025, 99, 'United Kingdom', 'English', 'An ex-black ops team reunite to pull off a desperate heist in order to save the life of their leader’s eight-year-old daughter.', 'https://image.tmdb.org/t/p/w500/h893ImjM6Fsv5DFhKJdlZFZIJno.jpg', 'https://image.tmdb.org/t/p/original/pAyImoslSnpMgjRwhaS5ZEdl8UI.jpg') ON CONFLICT (id) DO UPDATE SET title = EXCLUDED.title, release_year = EXCLUDED.release_year, duration_minutes = EXCLUDED.duration_minutes, country = EXCLUDED.country, language = EXCLUDED.language, synopsis = EXCLUDED.synopsis, poster_image_url = EXCLUDED.poster_image_url, backdrop_image_url = EXCLUDED.backdrop_image_url;
INSERT INTO movie_directors (movie_id, director) VALUES (1448560, 'James Nunn');
INSERT INTO movie_cast_members (movie_id, cast_member) VALUES (1448560, 'Kate Beckinsale');
INSERT INTO movie_cast_members (movie_id, cast_member) VALUES (1448560, 'Lewis Tan');
INSERT INTO movie_cast_members (movie_id, cast_member) VALUES (1448560, 'Alice Krige');
INSERT INTO movie_cast_members (movie_id, cast_member) VALUES (1448560, 'Charles Dance');
INSERT INTO movie_cast_members (movie_id, cast_member) VALUES (1448560, 'Rasmus Hardiker');
INSERT INTO movie_genres (movie_id, genre) VALUES (1448560, 'Action');
INSERT INTO movie_genres (movie_id, genre) VALUES (1448560, 'Thriller');
INSERT INTO movie_image_urls (movie_id, image_url) VALUES (1448560, 'https://image.tmdb.org/t/p/original/w9D45Y8WkmeGmuExerGNq3Owy8U.jpg');
INSERT INTO movie_image_urls (movie_id, image_url) VALUES (1448560, 'https://image.tmdb.org/t/p/original/rXFLeEPgrrV5PT1LoXgzSoGvQ8c.jpg');
INSERT INTO movie_image_urls (movie_id, image_url) VALUES (1448560, 'https://image.tmdb.org/t/p/original/nv6VRUyrLavYhMhDJ8RWy6Ds2my.jpg');

INSERT INTO movies (id, title, release_year, duration_minutes, country, language, synopsis, poster_image_url, backdrop_image_url) VALUES (597, 'Titanic', 1997, 194, 'United States of America', 'English', '101-year-old Rose DeWitt Bukater tells the story of her life aboard the Titanic, 84 years later. A young Rose boards the ship with her mother and fiancé. Meanwhile, Jack Dawson and Fabrizio De Rossi win third-class tickets aboard the ship. Rose tells the whole story from Titanic''s departure through to its death—on its first and last voyage—on April 15, 1912.', 'https://image.tmdb.org/t/p/w500/9xjZS2rlVxm8SFx8kPC3aIGCOYQ.jpg', 'https://image.tmdb.org/t/p/original/qBChUbS8ksbJoPTfZpogsnxG5tY.jpg') ON CONFLICT (id) DO UPDATE SET title = EXCLUDED.title, release_year = EXCLUDED.release_year, duration_minutes = EXCLUDED.duration_minutes, country = EXCLUDED.country, language = EXCLUDED.language, synopsis = EXCLUDED.synopsis, poster_image_url = EXCLUDED.poster_image_url, backdrop_image_url = EXCLUDED.backdrop_image_url;
INSERT INTO movie_directors (movie_id, director) VALUES (597, 'James Cameron');
INSERT INTO movie_cast_members (movie_id, cast_member) VALUES (597, 'Leonardo DiCaprio');
INSERT INTO movie_cast_members (movie_id, cast_member) VALUES (597, 'Kate Winslet');
INSERT INTO movie_cast_members (movie_id, cast_member) VALUES (597, 'Billy Zane');
INSERT INTO movie_cast_members (movie_id, cast_member) VALUES (597, 'Kathy Bates');
INSERT INTO movie_cast_members (movie_id, cast_member) VALUES (597, 'Frances Fisher');
INSERT INTO movie_genres (movie_id, genre) VALUES (597, 'Drama');
INSERT INTO movie_genres (movie_id, genre) VALUES (597, 'Romance');
INSERT INTO movie_image_urls (movie_id, image_url) VALUES (597, 'https://image.tmdb.org/t/p/original/xnHVX37XZEp33hhCbYlQFq7ux1J.jpg');
INSERT INTO movie_image_urls (movie_id, image_url) VALUES (597, 'https://image.tmdb.org/t/p/original/rzdPqYx7Um4FUZeD8wpXqjAUcEm.jpg');
INSERT INTO movie_image_urls (movie_id, image_url) VALUES (597, 'https://image.tmdb.org/t/p/original/sCzcYW9h55WcesOqA12cgEr9Exw.jpg');
INSERT INTO movie_image_urls (movie_id, image_url) VALUES (597, 'https://image.tmdb.org/t/p/original/tupgjqhWx5oieQrdyesO3aclUX9.jpg');

INSERT INTO movies (id, title, release_year, duration_minutes, country, language, synopsis, poster_image_url, backdrop_image_url) VALUES (1062722, 'Frankenstein', 2025, 150, 'United States of America', 'Danish', 'Dr. Victor Frankenstein, a brilliant but egotistical scientist, brings a creature to life in a monstrous experiment that ultimately leads to the undoing of both the creator and his tragic creation.', 'https://image.tmdb.org/t/p/w500/g4JtvGlQO7DByTI6frUobqvSL3R.jpg', 'https://image.tmdb.org/t/p/original/hpXBJxLD2SEf8l2CspmSeiHrBKX.jpg') ON CONFLICT (id) DO UPDATE SET title = EXCLUDED.title, release_year = EXCLUDED.release_year, duration_minutes = EXCLUDED.duration_minutes, country = EXCLUDED.country, language = EXCLUDED.language, synopsis = EXCLUDED.synopsis, poster_image_url = EXCLUDED.poster_image_url, backdrop_image_url = EXCLUDED.backdrop_image_url;
INSERT INTO movie_directors (movie_id, director) VALUES (1062722, 'Guillermo del Toro');
INSERT INTO movie_cast_members (movie_id, cast_member) VALUES (1062722, 'Oscar Isaac');
INSERT INTO movie_cast_members (movie_id, cast_member) VALUES (1062722, 'Jacob Elordi');
INSERT INTO movie_cast_members (movie_id, cast_member) VALUES (1062722, 'Christoph Waltz');
INSERT INTO movie_cast_members (movie_id, cast_member) VALUES (1062722, 'Mia Goth');
INSERT INTO movie_cast_members (movie_id, cast_member) VALUES (1062722, 'Felix Kammerer');
INSERT INTO movie_genres (movie_id, genre) VALUES (1062722, 'Drama');
INSERT INTO movie_genres (movie_id, genre) VALUES (1062722, 'Fantasy');
INSERT INTO movie_genres (movie_id, genre) VALUES (1062722, 'Horror');
INSERT INTO movie_image_urls (movie_id, image_url) VALUES (1062722, 'https://image.tmdb.org/t/p/original/ceyakefyCRAgyeFhefa2bz6d9QO.jpg');
INSERT INTO movie_image_urls (movie_id, image_url) VALUES (1062722, 'https://image.tmdb.org/t/p/original/vrjRcY43fHBNQqx0El0ZZzo7HZb.jpg');
INSERT INTO movie_image_urls (movie_id, image_url) VALUES (1062722, 'https://image.tmdb.org/t/p/original/sy7Y4jCDsGPCzoQIEmxqAgPjAgr.jpg');
INSERT INTO movie_image_urls (movie_id, image_url) VALUES (1062722, 'https://image.tmdb.org/t/p/original/i9JWf8ivhykQzQZNwp2qdwExdhd.jpg');

INSERT INTO movies (id, title, release_year, duration_minutes, country, language, synopsis, poster_image_url, backdrop_image_url) VALUES (808, 'Shrek', 2001, 90, 'United States of America', 'English', 'It ain''t easy bein'' green -- especially if you''re a likable (albeit smelly) ogre named Shrek. On a mission to retrieve a gorgeous princess from the clutches of a fire-breathing dragon, Shrek teams up with an unlikely compatriot -- a wisecracking donkey.', 'https://image.tmdb.org/t/p/w500/iB64vpL3dIObOtMZgX3RqdVdQDc.jpg', 'https://image.tmdb.org/t/p/original/40Wtp7kMG6mZ4d5T1jfrd8qrvD4.jpg') ON CONFLICT (id) DO UPDATE SET title = EXCLUDED.title, release_year = EXCLUDED.release_year, duration_minutes = EXCLUDED.duration_minutes, country = EXCLUDED.country, language = EXCLUDED.language, synopsis = EXCLUDED.synopsis, poster_image_url = EXCLUDED.poster_image_url, backdrop_image_url = EXCLUDED.backdrop_image_url;
INSERT INTO movie_directors (movie_id, director) VALUES (808, 'Andrew Adamson');
INSERT INTO movie_directors (movie_id, director) VALUES (808, 'Vicky Jenson');
INSERT INTO movie_cast_members (movie_id, cast_member) VALUES (808, 'Mike Myers');
INSERT INTO movie_cast_members (movie_id, cast_member) VALUES (808, 'Eddie Murphy');
INSERT INTO movie_cast_members (movie_id, cast_member) VALUES (808, 'Cameron Diaz');
INSERT INTO movie_cast_members (movie_id, cast_member) VALUES (808, 'John Lithgow');
INSERT INTO movie_cast_members (movie_id, cast_member) VALUES (808, 'Vincent Cassel');
INSERT INTO movie_genres (movie_id, genre) VALUES (808, 'Animation');
INSERT INTO movie_genres (movie_id, genre) VALUES (808, 'Comedy');
INSERT INTO movie_genres (movie_id, genre) VALUES (808, 'Fantasy');
INSERT INTO movie_genres (movie_id, genre) VALUES (808, 'Adventure');
INSERT INTO movie_genres (movie_id, genre) VALUES (808, 'Family');
INSERT INTO movie_image_urls (movie_id, image_url) VALUES (808, 'https://image.tmdb.org/t/p/original/sRvXNDItGlWCqtO3j6wks52FmbD.jpg');
INSERT INTO movie_image_urls (movie_id, image_url) VALUES (808, 'https://image.tmdb.org/t/p/original/w0eKUOEog2ImtktCHAMUZws8qif.jpg');
INSERT INTO movie_image_urls (movie_id, image_url) VALUES (808, 'https://image.tmdb.org/t/p/original/bNTHSd3UqqLzIVwbDOGPnx3ScfF.jpg');
INSERT INTO movie_image_urls (movie_id, image_url) VALUES (808, 'https://image.tmdb.org/t/p/original/2l5UHZBcp9cx1PwKLdisJ0gV9jB.jpg');

INSERT INTO movies (id, title, release_year, duration_minutes, country, language, synopsis, poster_image_url, backdrop_image_url) VALUES (872585, 'Oppenheimer', 2023, 181, 'United Kingdom', 'Dutch', 'The story of J. Robert Oppenheimer''s role in the development of the atomic bomb during World War II.', 'https://image.tmdb.org/t/p/w500/8Gxv8gSFCU0XGDykEGv7zR1n2ua.jpg', 'https://image.tmdb.org/t/p/original/neeNHeXjMF5fXoCJRsOmkNGC7q.jpg') ON CONFLICT (id) DO UPDATE SET title = EXCLUDED.title, release_year = EXCLUDED.release_year, duration_minutes = EXCLUDED.duration_minutes, country = EXCLUDED.country, language = EXCLUDED.language, synopsis = EXCLUDED.synopsis, poster_image_url = EXCLUDED.poster_image_url, backdrop_image_url = EXCLUDED.backdrop_image_url;
INSERT INTO movie_directors (movie_id, director) VALUES (872585, 'Christopher Nolan');
INSERT INTO movie_cast_members (movie_id, cast_member) VALUES (872585, 'Cillian Murphy');
INSERT INTO movie_cast_members (movie_id, cast_member) VALUES (872585, 'Emily Blunt');
INSERT INTO movie_cast_members (movie_id, cast_member) VALUES (872585, 'Matt Damon');
INSERT INTO movie_cast_members (movie_id, cast_member) VALUES (872585, 'Robert Downey Jr.');
INSERT INTO movie_cast_members (movie_id, cast_member) VALUES (872585, 'Florence Pugh');
INSERT INTO movie_genres (movie_id, genre) VALUES (872585, 'Drama');
INSERT INTO movie_genres (movie_id, genre) VALUES (872585, 'History');
INSERT INTO movie_image_urls (movie_id, image_url) VALUES (872585, 'https://image.tmdb.org/t/p/original/cUIqZd6jJCbO94Txt1CkTs7MSeP.jpg');
INSERT INTO movie_image_urls (movie_id, image_url) VALUES (872585, 'https://image.tmdb.org/t/p/original/ycnO0cjsAROSGJKuMODgRtWsHQw.jpg');
INSERT INTO movie_image_urls (movie_id, image_url) VALUES (872585, 'https://image.tmdb.org/t/p/original/fm6KqXpk3M2HVveHwCrBSSBaO0V.jpg');
INSERT INTO movie_image_urls (movie_id, image_url) VALUES (872585, 'https://image.tmdb.org/t/p/original/8ohejkcQkNgkJgLn71Ws6Kd35g0.jpg');

INSERT INTO movies (id, title, release_year, duration_minutes, country, language, synopsis, poster_image_url, backdrop_image_url) VALUES (560016, 'Monkey Man', 2024, 122, 'Canada', 'Hindi', 'Kid is an anonymous young man who ekes out a meager living in an underground fight club where, night after night, wearing a gorilla mask, he is beaten bloody by more popular fighters for cash. After years of suppressed rage, Kid discovers a way to infiltrate the enclave of the city’s sinister elite. As his childhood trauma boils over, his mysteriously scarred hands unleash an explosive campaign of retribution to settle the score with the men who took everything from him.', 'https://image.tmdb.org/t/p/w500/4lhR4L2vzzjl68P1zJyCH755Oz4.jpg', 'https://image.tmdb.org/t/p/original/9NSXdVHeSfSHUv49OzLispFcpz1.jpg') ON CONFLICT (id) DO UPDATE SET title = EXCLUDED.title, release_year = EXCLUDED.release_year, duration_minutes = EXCLUDED.duration_minutes, country = EXCLUDED.country, language = EXCLUDED.language, synopsis = EXCLUDED.synopsis, poster_image_url = EXCLUDED.poster_image_url, backdrop_image_url = EXCLUDED.backdrop_image_url;
INSERT INTO movie_directors (movie_id, director) VALUES (560016, 'Dev Patel');
INSERT INTO movie_cast_members (movie_id, cast_member) VALUES (560016, 'Dev Patel');
INSERT INTO movie_cast_members (movie_id, cast_member) VALUES (560016, 'Sikandar Kher');
INSERT INTO movie_cast_members (movie_id, cast_member) VALUES (560016, 'Makrand Deshpande');
INSERT INTO movie_cast_members (movie_id, cast_member) VALUES (560016, 'Pitobash');
INSERT INTO movie_cast_members (movie_id, cast_member) VALUES (560016, 'Vipin Sharma');
INSERT INTO movie_genres (movie_id, genre) VALUES (560016, 'Action');
INSERT INTO movie_genres (movie_id, genre) VALUES (560016, 'Thriller');
INSERT INTO movie_image_urls (movie_id, image_url) VALUES (560016, 'https://image.tmdb.org/t/p/original/qwU4cRX74cN6Z9XvDEOoYsoEAoN.jpg');
INSERT INTO movie_image_urls (movie_id, image_url) VALUES (560016, 'https://image.tmdb.org/t/p/original/3SqOjJkPpECHdYAOgtSpYZdTx0M.jpg');
INSERT INTO movie_image_urls (movie_id, image_url) VALUES (560016, 'https://image.tmdb.org/t/p/original/uJVGCcquEGwaZKOhYEycEnkE4to.jpg');
INSERT INTO movie_image_urls (movie_id, image_url) VALUES (560016, 'https://image.tmdb.org/t/p/original/4jHWJIn7miCLAa87UEegGanTkJm.jpg');

INSERT INTO movies (id, title, release_year, duration_minutes, country, language, synopsis, poster_image_url, backdrop_image_url) VALUES (519182, 'Despicable Me 4', 2024, 94, 'United States of America', 'English', 'Gru and Lucy and their girls—Margo, Edith and Agnes—welcome a new member to the Gru family, Gru Jr., who is intent on tormenting his dad. Gru also faces a new nemesis in Maxime Le Mal and his femme fatale girlfriend Valentina, forcing the family to go on the run.', 'https://image.tmdb.org/t/p/w500/wWba3TaojhK7NdycRhoQpsG0FaH.jpg', 'https://image.tmdb.org/t/p/original/twsxsfao6ZOVvT8LfudH603MMi6.jpg') ON CONFLICT (id) DO UPDATE SET title = EXCLUDED.title, release_year = EXCLUDED.release_year, duration_minutes = EXCLUDED.duration_minutes, country = EXCLUDED.country, language = EXCLUDED.language, synopsis = EXCLUDED.synopsis, poster_image_url = EXCLUDED.poster_image_url, backdrop_image_url = EXCLUDED.backdrop_image_url;
INSERT INTO movie_directors (movie_id, director) VALUES (519182, 'Chris Renaud');
INSERT INTO movie_cast_members (movie_id, cast_member) VALUES (519182, 'Steve Carell');
INSERT INTO movie_cast_members (movie_id, cast_member) VALUES (519182, 'Kristen Wiig');
INSERT INTO movie_cast_members (movie_id, cast_member) VALUES (519182, 'Will Ferrell');
INSERT INTO movie_cast_members (movie_id, cast_member) VALUES (519182, 'Sofía Vergara');
INSERT INTO movie_cast_members (movie_id, cast_member) VALUES (519182, 'Miranda Cosgrove');
INSERT INTO movie_genres (movie_id, genre) VALUES (519182, 'Family');
INSERT INTO movie_genres (movie_id, genre) VALUES (519182, 'Comedy');
INSERT INTO movie_genres (movie_id, genre) VALUES (519182, 'Animation');
INSERT INTO movie_genres (movie_id, genre) VALUES (519182, 'Science Fiction');
INSERT INTO movie_genres (movie_id, genre) VALUES (519182, 'Adventure');
INSERT INTO movie_image_urls (movie_id, image_url) VALUES (519182, 'https://image.tmdb.org/t/p/original/lgkPzcOSnTvjeMnuFzozRO5HHw1.jpg');
INSERT INTO movie_image_urls (movie_id, image_url) VALUES (519182, 'https://image.tmdb.org/t/p/original/oJ5KpxHJMrd2seTczW1qmAt1Cx7.jpg');
INSERT INTO movie_image_urls (movie_id, image_url) VALUES (519182, 'https://image.tmdb.org/t/p/original/mFP1aLKpwo0Bkt7aD3FHcp537ft.jpg');
INSERT INTO movie_image_urls (movie_id, image_url) VALUES (519182, 'https://image.tmdb.org/t/p/original/fHTfh1D4OG7kSwGjGFJ9RIJH1xJ.jpg');

INSERT INTO movies (id, title, release_year, duration_minutes, country, language, synopsis, poster_image_url, backdrop_image_url) VALUES (552524, 'Lilo & Stitch', 2025, 108, 'United States of America', 'English', 'The wildly funny and touching story of a lonely Hawaiian girl and the fugitive alien who helps to mend her broken family.', 'https://image.tmdb.org/t/p/w500/ckQzKpQJO4ZQDCN5evdpKcfm7Ys.jpg', 'https://image.tmdb.org/t/p/original/7Zx3wDG5bBtcfk8lcnCWDOLM4Y4.jpg') ON CONFLICT (id) DO UPDATE SET title = EXCLUDED.title, release_year = EXCLUDED.release_year, duration_minutes = EXCLUDED.duration_minutes, country = EXCLUDED.country, language = EXCLUDED.language, synopsis = EXCLUDED.synopsis, poster_image_url = EXCLUDED.poster_image_url, backdrop_image_url = EXCLUDED.backdrop_image_url;
INSERT INTO movie_directors (movie_id, director) VALUES (552524, 'Dean Fleischer Camp');
INSERT INTO movie_cast_members (movie_id, cast_member) VALUES (552524, 'Maia Kealoha');
INSERT INTO movie_cast_members (movie_id, cast_member) VALUES (552524, 'Sydney Agudong');
INSERT INTO movie_cast_members (movie_id, cast_member) VALUES (552524, 'Chris Sanders');
INSERT INTO movie_cast_members (movie_id, cast_member) VALUES (552524, 'Zach Galifianakis');
INSERT INTO movie_cast_members (movie_id, cast_member) VALUES (552524, 'Billy Magnussen');
INSERT INTO movie_genres (movie_id, genre) VALUES (552524, 'Family');
INSERT INTO movie_genres (movie_id, genre) VALUES (552524, 'Science Fiction');
INSERT INTO movie_genres (movie_id, genre) VALUES (552524, 'Comedy');
INSERT INTO movie_image_urls (movie_id, image_url) VALUES (552524, 'https://image.tmdb.org/t/p/original/njQqnET10MgZFd92sK3zXkATv08.jpg');
INSERT INTO movie_image_urls (movie_id, image_url) VALUES (552524, 'https://image.tmdb.org/t/p/original/eWzAK6Wn6c0vFVjurk54N9ruANY.jpg');
INSERT INTO movie_image_urls (movie_id, image_url) VALUES (552524, 'https://image.tmdb.org/t/p/original/9qqYLAHCpA4gLUl7Irhm2SBZr5X.jpg');
INSERT INTO movie_image_urls (movie_id, image_url) VALUES (552524, 'https://image.tmdb.org/t/p/original/vLyM1S514Om8SvRHtWkFB10gfvp.jpg');

INSERT INTO movies (id, title, release_year, duration_minutes, country, language, synopsis, poster_image_url, backdrop_image_url) VALUES (1145758, 'Birder', 2023, 87, 'United States of America', 'English', 'A birdwatcher invades a nude queer campground on a remote lake in the New Hampshire wilds. He wears whatever he needs to ensnare the locals in his dark fetish in this nightmarish erotic thriller. Consent has never been more deadly.', 'https://image.tmdb.org/t/p/w500/h3N0NwMV1GyxOrtSwABQDqqA74.jpg', 'https://image.tmdb.org/t/p/original/A6ki5Sk12qgFvejikLv16kmqxqk.jpg') ON CONFLICT (id) DO UPDATE SET title = EXCLUDED.title, release_year = EXCLUDED.release_year, duration_minutes = EXCLUDED.duration_minutes, country = EXCLUDED.country, language = EXCLUDED.language, synopsis = EXCLUDED.synopsis, poster_image_url = EXCLUDED.poster_image_url, backdrop_image_url = EXCLUDED.backdrop_image_url;
INSERT INTO movie_directors (movie_id, director) VALUES (1145758, 'Nate Dushku');
INSERT INTO movie_cast_members (movie_id, cast_member) VALUES (1145758, 'Michael Emery');
INSERT INTO movie_cast_members (movie_id, cast_member) VALUES (1145758, 'David J. Cork');
INSERT INTO movie_cast_members (movie_id, cast_member) VALUES (1145758, 'Cody Sloan');
INSERT INTO movie_cast_members (movie_id, cast_member) VALUES (1145758, 'Jes Davis');
INSERT INTO movie_cast_members (movie_id, cast_member) VALUES (1145758, 'Uki Pavlovic');
INSERT INTO movie_genres (movie_id, genre) VALUES (1145758, 'Thriller');
INSERT INTO movie_genres (movie_id, genre) VALUES (1145758, 'Drama');
INSERT INTO movie_image_urls (movie_id, image_url) VALUES (1145758, 'https://image.tmdb.org/t/p/original/u4WhRGijDKKeRF5Np38c4V19MO.jpg');
INSERT INTO movie_image_urls (movie_id, image_url) VALUES (1145758, 'https://image.tmdb.org/t/p/original/gVzqhhhGFplnpeOZyeLyEElKLnH.jpg');
INSERT INTO movie_image_urls (movie_id, image_url) VALUES (1145758, 'https://image.tmdb.org/t/p/original/eN2PRcHxl6zVCs23CZv032LniR0.jpg');
INSERT INTO movie_image_urls (movie_id, image_url) VALUES (1145758, 'https://image.tmdb.org/t/p/original/2N3gNBScxwl3CJfys0EF6FFrMhY.jpg');

INSERT INTO movies (id, title, release_year, duration_minutes, country, language, synopsis, poster_image_url, backdrop_image_url) VALUES (226674, 'The Adolescent', 1979, 90, 'Germany', 'French', 'In the summer of 1939, 13-year-old Marie goes with her parents to visit her grandparents in a small town near Avignon. Marie discovers her femininity and falls for a young Jewish doctor, but he prefers Eva, Marie''s mother.', 'https://image.tmdb.org/t/p/w500/v7yCEzF9BCF82lbp42X5ZLjIieo.jpg', 'https://image.tmdb.org/t/p/original/dqmeFUrf6Hs2ejcGGGfv69vtbbR.jpg') ON CONFLICT (id) DO UPDATE SET title = EXCLUDED.title, release_year = EXCLUDED.release_year, duration_minutes = EXCLUDED.duration_minutes, country = EXCLUDED.country, language = EXCLUDED.language, synopsis = EXCLUDED.synopsis, poster_image_url = EXCLUDED.poster_image_url, backdrop_image_url = EXCLUDED.backdrop_image_url;
INSERT INTO movie_directors (movie_id, director) VALUES (226674, 'Jeanne Moreau');
INSERT INTO movie_cast_members (movie_id, cast_member) VALUES (226674, 'Simone Signoret');
INSERT INTO movie_cast_members (movie_id, cast_member) VALUES (226674, 'Francis Huster');
INSERT INTO movie_cast_members (movie_id, cast_member) VALUES (226674, 'Laetitia Chauveau');
INSERT INTO movie_cast_members (movie_id, cast_member) VALUES (226674, 'Edith Clever');
INSERT INTO movie_cast_members (movie_id, cast_member) VALUES (226674, 'Jacques Weber');
INSERT INTO movie_genres (movie_id, genre) VALUES (226674, 'Drama');
INSERT INTO movie_image_urls (movie_id, image_url) VALUES (226674, 'https://image.tmdb.org/t/p/original/h3udVKCcsNWibwY0fkgoehQRfql.jpg');
INSERT INTO movie_image_urls (movie_id, image_url) VALUES (226674, 'https://image.tmdb.org/t/p/original/5jA37AUX1HNY0r6Svg0VrZEcvwy.jpg');
INSERT INTO movie_image_urls (movie_id, image_url) VALUES (226674, 'https://image.tmdb.org/t/p/original/2mEs0WnGHvkDp6TLz7wmE3B9yv2.jpg');
INSERT INTO movie_image_urls (movie_id, image_url) VALUES (226674, 'https://image.tmdb.org/t/p/original/AqDqykXBfsQruNJJBGC2yvypi1Z.jpg');

INSERT INTO movies (id, title, release_year, duration_minutes, country, language, synopsis, poster_image_url, backdrop_image_url) VALUES (1507199, 'Careless', 2025, 88, 'Australia', 'English', 'When director Sue Thomson’s 89-year-old mum, Margaret, begins to need additional help with day-to-day life, they face a decision that most families will encounter: whether to consider a residential aged-care facility; and, if so, how to find a suitable one amid a sector with a reputation for neglect and mistreatment. Margaret’s story becomes a springboard for an investigation of the political history of aged care in Australia, marred by a 40-year bipartisan privatisation agenda. As we hear from advocates, journalists and senior citizens who have experienced the system, a group of schoolkids discuss the situation we’ve reached with aged care and where we need to go from here – and of what they, and we, can expect in the future.', 'https://image.tmdb.org/t/p/w500/dXfkTfzN1CaNbhGULhl4vGYSVOY.jpg', NULL) ON CONFLICT (id) DO UPDATE SET title = EXCLUDED.title, release_year = EXCLUDED.release_year, duration_minutes = EXCLUDED.duration_minutes, country = EXCLUDED.country, language = EXCLUDED.language, synopsis = EXCLUDED.synopsis, poster_image_url = EXCLUDED.poster_image_url, backdrop_image_url = EXCLUDED.backdrop_image_url;
INSERT INTO movie_directors (movie_id, director) VALUES (1507199, 'Sue Thomson');
INSERT INTO movie_cast_members (movie_id, cast_member) VALUES (1507199, 'Margaret Thomson');
INSERT INTO movie_cast_members (movie_id, cast_member) VALUES (1507199, 'Olivia Cornwell');
INSERT INTO movie_cast_members (movie_id, cast_member) VALUES (1507199, 'Jane Cornwell');
INSERT INTO movie_cast_members (movie_id, cast_member) VALUES (1507199, 'Sarah Holland-Batt');
INSERT INTO movie_cast_members (movie_id, cast_member) VALUES (1507199, 'Beverly');
INSERT INTO movie_genres (movie_id, genre) VALUES (1507199, 'Documentary');

INSERT INTO movies (id, title, release_year, duration_minutes, country, language, synopsis, poster_image_url, backdrop_image_url) VALUES (950387, 'A Minecraft Movie', 2025, 101, 'Sweden', 'English', 'Four misfits find themselves struggling with ordinary problems when they are suddenly pulled through a mysterious portal into the Overworld: a bizarre, cubic wonderland that thrives on imagination. To get back home, they''ll have to master this world while embarking on a magical quest with an unexpected, expert crafter, Steve.', 'https://image.tmdb.org/t/p/w500/yFHHfHcUgGAxziP1C3lLt0q2T4s.jpg', 'https://image.tmdb.org/t/p/original/2Nti3gYAX513wvhp8IiLL6ZDyOm.jpg') ON CONFLICT (id) DO UPDATE SET title = EXCLUDED.title, release_year = EXCLUDED.release_year, duration_minutes = EXCLUDED.duration_minutes, country = EXCLUDED.country, language = EXCLUDED.language, synopsis = EXCLUDED.synopsis, poster_image_url = EXCLUDED.poster_image_url, backdrop_image_url = EXCLUDED.backdrop_image_url;
INSERT INTO movie_directors (movie_id, director) VALUES (950387, 'Jared Hess');
INSERT INTO movie_cast_members (movie_id, cast_member) VALUES (950387, 'Jason Momoa');
INSERT INTO movie_cast_members (movie_id, cast_member) VALUES (950387, 'Jack Black');
INSERT INTO movie_cast_members (movie_id, cast_member) VALUES (950387, 'Sebastian Eugene Hansen');
INSERT INTO movie_cast_members (movie_id, cast_member) VALUES (950387, 'Emma Myers');
INSERT INTO movie_cast_members (movie_id, cast_member) VALUES (950387, 'Danielle Brooks');
INSERT INTO movie_genres (movie_id, genre) VALUES (950387, 'Family');
INSERT INTO movie_genres (movie_id, genre) VALUES (950387, 'Fantasy');
INSERT INTO movie_genres (movie_id, genre) VALUES (950387, 'Comedy');
INSERT INTO movie_genres (movie_id, genre) VALUES (950387, 'Adventure');
INSERT INTO movie_image_urls (movie_id, image_url) VALUES (950387, 'https://image.tmdb.org/t/p/original/ziy2IHPtWMEFVYthyZMguaB4xXp.jpg');
INSERT INTO movie_image_urls (movie_id, image_url) VALUES (950387, 'https://image.tmdb.org/t/p/original/56lv8d5yst1SBhw1uR3iGFd1R43.jpg');
INSERT INTO movie_image_urls (movie_id, image_url) VALUES (950387, 'https://image.tmdb.org/t/p/original/eFnQGCUOkcMJcR1iYU0UZCvpXC6.jpg');
INSERT INTO movie_image_urls (movie_id, image_url) VALUES (950387, 'https://image.tmdb.org/t/p/original/4MWc9Ur80Wo0B1fVVTnV0CoSh6A.jpg');

INSERT INTO movies (id, title, release_year, duration_minutes, country, language, synopsis, poster_image_url, backdrop_image_url) VALUES (617126, 'The Fantastic 4: First Steps', 2025, 115, 'United States of America', 'Uzbek', 'Against the vibrant backdrop of a 1960s-inspired, retro-futuristic world, Marvel''s First Family is forced to balance their roles as heroes with the strength of their family bond, while defending Earth from a ravenous space god called Galactus and his enigmatic Herald, Silver Surfer.', 'https://image.tmdb.org/t/p/w500/nf5qaSEvyYSNeFH0YhSs5EsBLX9.jpg', 'https://image.tmdb.org/t/p/original/s94NjfKkcSczZ1FembwmQZwsuwY.jpg') ON CONFLICT (id) DO UPDATE SET title = EXCLUDED.title, release_year = EXCLUDED.release_year, duration_minutes = EXCLUDED.duration_minutes, country = EXCLUDED.country, language = EXCLUDED.language, synopsis = EXCLUDED.synopsis, poster_image_url = EXCLUDED.poster_image_url, backdrop_image_url = EXCLUDED.backdrop_image_url;
INSERT INTO movie_directors (movie_id, director) VALUES (617126, 'Matt Shakman');
INSERT INTO movie_cast_members (movie_id, cast_member) VALUES (617126, 'Pedro Pascal');
INSERT INTO movie_cast_members (movie_id, cast_member) VALUES (617126, 'Vanessa Kirby');
INSERT INTO movie_cast_members (movie_id, cast_member) VALUES (617126, 'Ebon Moss-Bachrach');
INSERT INTO movie_cast_members (movie_id, cast_member) VALUES (617126, 'Joseph Quinn');
INSERT INTO movie_cast_members (movie_id, cast_member) VALUES (617126, 'Ralph Ineson');
INSERT INTO movie_genres (movie_id, genre) VALUES (617126, 'Science Fiction');
INSERT INTO movie_genres (movie_id, genre) VALUES (617126, 'Adventure');
INSERT INTO movie_genres (movie_id, genre) VALUES (617126, 'Action');
INSERT INTO movie_image_urls (movie_id, image_url) VALUES (617126, 'https://image.tmdb.org/t/p/original/hBvaanw3RfMEs1m1blY7xwRXzul.jpg');
INSERT INTO movie_image_urls (movie_id, image_url) VALUES (617126, 'https://image.tmdb.org/t/p/original/6eLtIyVHCzqoQdsLfOPPNVTxsn7.jpg');
INSERT INTO movie_image_urls (movie_id, image_url) VALUES (617126, 'https://image.tmdb.org/t/p/original/5CKcXxo5aD4BerJM6iy4IX1TJxv.jpg');
INSERT INTO movie_image_urls (movie_id, image_url) VALUES (617126, 'https://image.tmdb.org/t/p/original/7FnmZCAjAwaHydgpjFKnu11MoWs.jpg');

INSERT INTO movies (id, title, release_year, duration_minutes, country, language, synopsis, poster_image_url, backdrop_image_url) VALUES (575265, 'Mission: Impossible - The Final Reckoning', 2025, 170, 'United States of America', 'English', 'Ethan Hunt and team continue their search for the terrifying AI known as the Entity — which has infiltrated intelligence networks all over the globe — with the world''s governments and a mysterious ghost from Hunt''s past on their trail. Joined by new allies and armed with the means to shut the Entity down for good, Hunt is in a race against time to prevent the world as we know it from changing forever.', 'https://image.tmdb.org/t/p/w500/z53D72EAOxGRqdr7KXXWp9dJiDe.jpg', 'https://image.tmdb.org/t/p/original/538U9snNc2fpnOmYXAPUh3zn31H.jpg') ON CONFLICT (id) DO UPDATE SET title = EXCLUDED.title, release_year = EXCLUDED.release_year, duration_minutes = EXCLUDED.duration_minutes, country = EXCLUDED.country, language = EXCLUDED.language, synopsis = EXCLUDED.synopsis, poster_image_url = EXCLUDED.poster_image_url, backdrop_image_url = EXCLUDED.backdrop_image_url;
INSERT INTO movie_directors (movie_id, director) VALUES (575265, 'Christopher McQuarrie');
INSERT INTO movie_cast_members (movie_id, cast_member) VALUES (575265, 'Tom Cruise');
INSERT INTO movie_cast_members (movie_id, cast_member) VALUES (575265, 'Hayley Atwell');
INSERT INTO movie_cast_members (movie_id, cast_member) VALUES (575265, 'Ving Rhames');
INSERT INTO movie_cast_members (movie_id, cast_member) VALUES (575265, 'Simon Pegg');
INSERT INTO movie_cast_members (movie_id, cast_member) VALUES (575265, 'Esai Morales');
INSERT INTO movie_genres (movie_id, genre) VALUES (575265, 'Action');
INSERT INTO movie_genres (movie_id, genre) VALUES (575265, 'Thriller');
INSERT INTO movie_genres (movie_id, genre) VALUES (575265, 'Adventure');
INSERT INTO movie_image_urls (movie_id, image_url) VALUES (575265, 'https://image.tmdb.org/t/p/original/kJW5QKB2mZZBDOmwi0UqGt2GJQ5.jpg');
INSERT INTO movie_image_urls (movie_id, image_url) VALUES (575265, 'https://image.tmdb.org/t/p/original/xPNDRM50a58uvv1il2GVZrtWjkZ.jpg');
INSERT INTO movie_image_urls (movie_id, image_url) VALUES (575265, 'https://image.tmdb.org/t/p/original/rwwkWkmecrH9glp5XJGZx3nPLhW.jpg');
INSERT INTO movie_image_urls (movie_id, image_url) VALUES (575265, 'https://image.tmdb.org/t/p/original/pcw4m5WjuQvZZDvVG8UDIp2uWeR.jpg');

INSERT INTO movies (id, title, release_year, duration_minutes, country, language, synopsis, poster_image_url, backdrop_image_url) VALUES (489, 'Good Will Hunting', 1997, 127, 'United States of America', 'English', 'Will Hunting is a headstrong, working-class genius who is failing the lessons of life. After one too many run-ins with the law, Will''s last chance is a psychology professor, who might be the only man who can reach him.', 'https://image.tmdb.org/t/p/w500/z2FnLKpFi1HPO7BEJxdkv6hpJSU.jpg', 'https://image.tmdb.org/t/p/original/xj1Sv1xm4Y0ydBueGuf10Y9qM0O.jpg') ON CONFLICT (id) DO UPDATE SET title = EXCLUDED.title, release_year = EXCLUDED.release_year, duration_minutes = EXCLUDED.duration_minutes, country = EXCLUDED.country, language = EXCLUDED.language, synopsis = EXCLUDED.synopsis, poster_image_url = EXCLUDED.poster_image_url, backdrop_image_url = EXCLUDED.backdrop_image_url;
INSERT INTO movie_directors (movie_id, director) VALUES (489, 'Gus Van Sant');
INSERT INTO movie_cast_members (movie_id, cast_member) VALUES (489, 'Matt Damon');
INSERT INTO movie_cast_members (movie_id, cast_member) VALUES (489, 'Robin Williams');
INSERT INTO movie_cast_members (movie_id, cast_member) VALUES (489, 'Ben Affleck');
INSERT INTO movie_cast_members (movie_id, cast_member) VALUES (489, 'Stellan Skarsgård');
INSERT INTO movie_cast_members (movie_id, cast_member) VALUES (489, 'Minnie Driver');
INSERT INTO movie_genres (movie_id, genre) VALUES (489, 'Drama');
INSERT INTO movie_image_urls (movie_id, image_url) VALUES (489, 'https://image.tmdb.org/t/p/original/bpV8wn48s82au37QyUJ51S7X2Vf.jpg');
INSERT INTO movie_image_urls (movie_id, image_url) VALUES (489, 'https://image.tmdb.org/t/p/original/uzM4Rdr7aMQNdT8MqKY5Mic733N.jpg');
INSERT INTO movie_image_urls (movie_id, image_url) VALUES (489, 'https://image.tmdb.org/t/p/original/cqegECy0S1NbwtQwlYKcF6GMe87.jpg');
INSERT INTO movie_image_urls (movie_id, image_url) VALUES (489, 'https://image.tmdb.org/t/p/original/vbpZxGxZQGkCZdYyQqoM26YS98.jpg');

INSERT INTO movies (id, title, release_year, duration_minutes, country, language, synopsis, poster_image_url, backdrop_image_url) VALUES (476292, 'Maquia: When the Promised Flower Blooms', 2018, 115, 'Japan', 'Japanese', 'Fleeing the war, the immortal Machia, graced with eternal youth, finds a baby abandoned in the forest and decides to raise it as her own child, sparking a moving story between a mortal and a being who does not age.', 'https://image.tmdb.org/t/p/w500/hL3NqRE2ccR4Y2sYSJTrmalRjrz.jpg', 'https://image.tmdb.org/t/p/original/5nkKy7eEDsXqsxFLJy3GxZhE90J.jpg') ON CONFLICT (id) DO UPDATE SET title = EXCLUDED.title, release_year = EXCLUDED.release_year, duration_minutes = EXCLUDED.duration_minutes, country = EXCLUDED.country, language = EXCLUDED.language, synopsis = EXCLUDED.synopsis, poster_image_url = EXCLUDED.poster_image_url, backdrop_image_url = EXCLUDED.backdrop_image_url;
INSERT INTO movie_directors (movie_id, director) VALUES (476292, 'Mari Okada');
INSERT INTO movie_cast_members (movie_id, cast_member) VALUES (476292, 'Manaka Iwami');
INSERT INTO movie_cast_members (movie_id, cast_member) VALUES (476292, 'Miyu Irino');
INSERT INTO movie_cast_members (movie_id, cast_member) VALUES (476292, 'Yuuki Sakurai');
INSERT INTO movie_cast_members (movie_id, cast_member) VALUES (476292, 'Ai Kayano');
INSERT INTO movie_cast_members (movie_id, cast_member) VALUES (476292, 'Yuki Kaji');
INSERT INTO movie_genres (movie_id, genre) VALUES (476292, 'Animation');
INSERT INTO movie_genres (movie_id, genre) VALUES (476292, 'Fantasy');
INSERT INTO movie_genres (movie_id, genre) VALUES (476292, 'Drama');
INSERT INTO movie_image_urls (movie_id, image_url) VALUES (476292, 'https://image.tmdb.org/t/p/original/cfbjFQ14hSTgXChBEvaEjFiUaKb.jpg');
INSERT INTO movie_image_urls (movie_id, image_url) VALUES (476292, 'https://image.tmdb.org/t/p/original/pSsHFCwM5KMoRCc8X8wjpUDrlvr.jpg');
INSERT INTO movie_image_urls (movie_id, image_url) VALUES (476292, 'https://image.tmdb.org/t/p/original/cLpkVBbP5kiDAZGkX1EcGC2n7I7.jpg');
INSERT INTO movie_image_urls (movie_id, image_url) VALUES (476292, 'https://image.tmdb.org/t/p/original/yjfwNSDljAKsuHwwE34xjlY3tQj.jpg');

INSERT INTO movies (id, title, release_year, duration_minutes, country, language, synopsis, poster_image_url, backdrop_image_url) VALUES (111, 'Scarface', 1983, 170, 'United States of America', 'English', 'After getting a green card in exchange for assassinating a Cuban government official, Tony Montana stakes a claim on the drug trade in Miami. Viciously murdering anyone who stands in his way, Tony eventually becomes the biggest drug lord in the state, controlling nearly all the cocaine that comes through Miami. But increased pressure from the police, wars with Colombian drug cartels and his own drug-fueled paranoia serve to fuel the flames of his eventual downfall.', 'https://image.tmdb.org/t/p/w500/iQ5ztdjvteGeboxtmRdXEChJOHh.jpg', 'https://image.tmdb.org/t/p/original/1qM2BYNE11Viby8ImC9LC00DgDr.jpg') ON CONFLICT (id) DO UPDATE SET title = EXCLUDED.title, release_year = EXCLUDED.release_year, duration_minutes = EXCLUDED.duration_minutes, country = EXCLUDED.country, language = EXCLUDED.language, synopsis = EXCLUDED.synopsis, poster_image_url = EXCLUDED.poster_image_url, backdrop_image_url = EXCLUDED.backdrop_image_url;
INSERT INTO movie_directors (movie_id, director) VALUES (111, 'Brian De Palma');
INSERT INTO movie_cast_members (movie_id, cast_member) VALUES (111, 'Al Pacino');
INSERT INTO movie_cast_members (movie_id, cast_member) VALUES (111, 'Steven Bauer');
INSERT INTO movie_cast_members (movie_id, cast_member) VALUES (111, 'Michelle Pfeiffer');
INSERT INTO movie_cast_members (movie_id, cast_member) VALUES (111, 'Mary Elizabeth Mastrantonio');
INSERT INTO movie_cast_members (movie_id, cast_member) VALUES (111, 'Robert Loggia');
INSERT INTO movie_genres (movie_id, genre) VALUES (111, 'Action');
INSERT INTO movie_genres (movie_id, genre) VALUES (111, 'Crime');
INSERT INTO movie_genres (movie_id, genre) VALUES (111, 'Drama');
INSERT INTO movie_image_urls (movie_id, image_url) VALUES (111, 'https://image.tmdb.org/t/p/original/cCvp5Sni75agCtyJkNOMapORUQV.jpg');
INSERT INTO movie_image_urls (movie_id, image_url) VALUES (111, 'https://image.tmdb.org/t/p/original/9DnGZGDpVAXcEqgizssx5OckJIK.jpg');
INSERT INTO movie_image_urls (movie_id, image_url) VALUES (111, 'https://image.tmdb.org/t/p/original/wlpMetVynKXz31K2uOCxkplYZ2D.jpg');
INSERT INTO movie_image_urls (movie_id, image_url) VALUES (111, 'https://image.tmdb.org/t/p/original/w2E0iKujBxiUtVH3u71sgzUPdyB.jpg');

INSERT INTO movies (id, title, release_year, duration_minutes, country, language, synopsis, poster_image_url, backdrop_image_url) VALUES (361743, 'Top Gun: Maverick', 2022, 131, 'United States of America', 'English', 'After more than thirty years of service as one of the Navy’s top aviators, and dodging the advancement in rank that would ground him, Pete “Maverick” Mitchell finds himself training a detachment of TOP GUN graduates for a specialized mission the likes of which no living pilot has ever seen.', 'https://image.tmdb.org/t/p/w500/62HCnUTziyWcpDaBO2i1DX17ljH.jpg', 'https://image.tmdb.org/t/p/original/AaV1YIdWKnjAIAOe8UUKBFm327v.jpg') ON CONFLICT (id) DO UPDATE SET title = EXCLUDED.title, release_year = EXCLUDED.release_year, duration_minutes = EXCLUDED.duration_minutes, country = EXCLUDED.country, language = EXCLUDED.language, synopsis = EXCLUDED.synopsis, poster_image_url = EXCLUDED.poster_image_url, backdrop_image_url = EXCLUDED.backdrop_image_url;
INSERT INTO movie_directors (movie_id, director) VALUES (361743, 'Joseph Kosinski');
INSERT INTO movie_cast_members (movie_id, cast_member) VALUES (361743, 'Tom Cruise');
INSERT INTO movie_cast_members (movie_id, cast_member) VALUES (361743, 'Val Kilmer');
INSERT INTO movie_cast_members (movie_id, cast_member) VALUES (361743, 'Miles Teller');
INSERT INTO movie_cast_members (movie_id, cast_member) VALUES (361743, 'Jennifer Connelly');
INSERT INTO movie_cast_members (movie_id, cast_member) VALUES (361743, 'Bashir Salahuddin');
INSERT INTO movie_genres (movie_id, genre) VALUES (361743, 'Action');
INSERT INTO movie_genres (movie_id, genre) VALUES (361743, 'Drama');
INSERT INTO movie_image_urls (movie_id, image_url) VALUES (361743, 'https://image.tmdb.org/t/p/original/5AcP07WJl1VZbnloLZrMVgYjR2s.jpg');
INSERT INTO movie_image_urls (movie_id, image_url) VALUES (361743, 'https://image.tmdb.org/t/p/original/kBSSbN1sOiJtXjAGVZXxHJR9Kox.jpg');
INSERT INTO movie_image_urls (movie_id, image_url) VALUES (361743, 'https://image.tmdb.org/t/p/original/odJ4hx6g6vBt4lBWKFD1tI8WS4x.jpg');
INSERT INTO movie_image_urls (movie_id, image_url) VALUES (361743, 'https://image.tmdb.org/t/p/original/vvfjmGd4iypwE89e3ZkhEsTNQyH.jpg');

INSERT INTO movies (id, title, release_year, duration_minutes, country, language, synopsis, poster_image_url, backdrop_image_url) VALUES (20941, 'Innocent Voices', 2005, 120, 'United States of America', 'Spanish', 'A young boy, attempting to have a normal childhood in 1980s El Salvador, is caught up in a dramatic fight for his life when he desperately tries to avoid the war that is raging all around him.', 'https://image.tmdb.org/t/p/w500/hvwB4LdMCLzqXsk5ZjR77vzPkGk.jpg', 'https://image.tmdb.org/t/p/original/oaUWMPGxpb4OsVCrppmlhQA2bwb.jpg') ON CONFLICT (id) DO UPDATE SET title = EXCLUDED.title, release_year = EXCLUDED.release_year, duration_minutes = EXCLUDED.duration_minutes, country = EXCLUDED.country, language = EXCLUDED.language, synopsis = EXCLUDED.synopsis, poster_image_url = EXCLUDED.poster_image_url, backdrop_image_url = EXCLUDED.backdrop_image_url;
INSERT INTO movie_directors (movie_id, director) VALUES (20941, 'Luis Mandoki');
INSERT INTO movie_cast_members (movie_id, cast_member) VALUES (20941, 'Carlos Padilla');
INSERT INTO movie_cast_members (movie_id, cast_member) VALUES (20941, 'Xuna Primus');
INSERT INTO movie_cast_members (movie_id, cast_member) VALUES (20941, 'Leonor Varela');
INSERT INTO movie_cast_members (movie_id, cast_member) VALUES (20941, 'José María Yázpik');
INSERT INTO movie_cast_members (movie_id, cast_member) VALUES (20941, 'Gustavo Muñoz');
INSERT INTO movie_genres (movie_id, genre) VALUES (20941, 'Drama');
INSERT INTO movie_genres (movie_id, genre) VALUES (20941, 'War');
INSERT INTO movie_image_urls (movie_id, image_url) VALUES (20941, 'https://image.tmdb.org/t/p/original/89HE1VSdBDWBEro1wSpl2dFcfd9.jpg');
INSERT INTO movie_image_urls (movie_id, image_url) VALUES (20941, 'https://image.tmdb.org/t/p/original/w9wN7zEzL3mvSr3rhLtk6r6SRw1.jpg');
INSERT INTO movie_image_urls (movie_id, image_url) VALUES (20941, 'https://image.tmdb.org/t/p/original/hpJ9QKeBfXG1lIrC99fGT9MBIZI.jpg');
INSERT INTO movie_image_urls (movie_id, image_url) VALUES (20941, 'https://image.tmdb.org/t/p/original/rBqJM7BsLFFTjttEOJtsRVvj6Ex.jpg');

INSERT INTO movies (id, title, release_year, duration_minutes, country, language, synopsis, poster_image_url, backdrop_image_url) VALUES (399106, 'Piper', 2016, 6, 'United States of America', 'No Language', 'A mother bird tries to teach her little one how to find food by herself. In the process, she encounters a traumatic experience that she must overcome in order to survive.', 'https://image.tmdb.org/t/p/w500/5fu2d809jepLwEpES7wggiECLoQ.jpg', 'https://image.tmdb.org/t/p/original/4GWYk5VP9qu1rNSeNAwNaBy9mwS.jpg') ON CONFLICT (id) DO UPDATE SET title = EXCLUDED.title, release_year = EXCLUDED.release_year, duration_minutes = EXCLUDED.duration_minutes, country = EXCLUDED.country, language = EXCLUDED.language, synopsis = EXCLUDED.synopsis, poster_image_url = EXCLUDED.poster_image_url, backdrop_image_url = EXCLUDED.backdrop_image_url;
INSERT INTO movie_directors (movie_id, director) VALUES (399106, 'Alan Barillaro');
INSERT INTO movie_genres (movie_id, genre) VALUES (399106, 'Family');
INSERT INTO movie_genres (movie_id, genre) VALUES (399106, 'Animation');
INSERT INTO movie_image_urls (movie_id, image_url) VALUES (399106, 'https://image.tmdb.org/t/p/original/ml9r1DJ1wAab95Xhbmed6YFkskP.jpg');
INSERT INTO movie_image_urls (movie_id, image_url) VALUES (399106, 'https://image.tmdb.org/t/p/original/ncp5xC9EoFfJSU52DSR5yHFf9YA.jpg');
INSERT INTO movie_image_urls (movie_id, image_url) VALUES (399106, 'https://image.tmdb.org/t/p/original/h5X4WqArKjluB1eXYZKhJCIawVO.jpg');
INSERT INTO movie_image_urls (movie_id, image_url) VALUES (399106, 'https://image.tmdb.org/t/p/original/6EevBu0SLybJBFupooa8yencmCF.jpg');

INSERT INTO movies (id, title, release_year, duration_minutes, country, language, synopsis, poster_image_url, backdrop_image_url) VALUES (81481, 'Silenced', 2011, 125, 'South Korea', 'Korean', 'Based on actual events that took place at Gwangju Inhwa School for the hearing-impaired, where young deaf students were the victims of repeated sexual assaults by faculty members over a period of five years in the early 2000s.', 'https://image.tmdb.org/t/p/w500/mbMp0oIFmYnw0i5gzRoKt8cH5ve.jpg', 'https://image.tmdb.org/t/p/original/e5MvOQIIouSgQcBHCMNA6Rsbwnd.jpg') ON CONFLICT (id) DO UPDATE SET title = EXCLUDED.title, release_year = EXCLUDED.release_year, duration_minutes = EXCLUDED.duration_minutes, country = EXCLUDED.country, language = EXCLUDED.language, synopsis = EXCLUDED.synopsis, poster_image_url = EXCLUDED.poster_image_url, backdrop_image_url = EXCLUDED.backdrop_image_url;
INSERT INTO movie_directors (movie_id, director) VALUES (81481, 'Hwang Dong-hyuk');
INSERT INTO movie_cast_members (movie_id, cast_member) VALUES (81481, 'Gong Yoo');
INSERT INTO movie_cast_members (movie_id, cast_member) VALUES (81481, 'Jung Yu-mi');
INSERT INTO movie_cast_members (movie_id, cast_member) VALUES (81481, 'Kim Hyeon-soo');
INSERT INTO movie_cast_members (movie_id, cast_member) VALUES (81481, 'Jung In-seo');
INSERT INTO movie_cast_members (movie_id, cast_member) VALUES (81481, 'Baek Su-ho');
INSERT INTO movie_genres (movie_id, genre) VALUES (81481, 'Drama');
INSERT INTO movie_image_urls (movie_id, image_url) VALUES (81481, 'https://image.tmdb.org/t/p/original/28iXmveSZzAeFInfi99UOc34v2t.jpg');
INSERT INTO movie_image_urls (movie_id, image_url) VALUES (81481, 'https://image.tmdb.org/t/p/original/3xTS1lDlbpwg63slWSMeHdamOS1.jpg');
INSERT INTO movie_image_urls (movie_id, image_url) VALUES (81481, 'https://image.tmdb.org/t/p/original/6YK87meCTNwOeTMC6HzQSws8ipp.jpg');
INSERT INTO movie_image_urls (movie_id, image_url) VALUES (81481, 'https://image.tmdb.org/t/p/original/vftgmpUYRaR3luCynXUT3oopCHL.jpg');

INSERT INTO movies (id, title, release_year, duration_minutes, country, language, synopsis, poster_image_url, backdrop_image_url) VALUES (426, 'Vertigo', 1958, 128, 'United States of America', 'English', 'A retired San Francisco detective suffering from acrophobia investigates the strange activities of an old friend''s wife, all the while becoming dangerously obsessed with her.', 'https://image.tmdb.org/t/p/w500/15uOEfqBNTVtDUT7hGBVCka0rZz.jpg', 'https://image.tmdb.org/t/p/original/rtVwkTqllcmyY4TVOycgVBHppWf.jpg') ON CONFLICT (id) DO UPDATE SET title = EXCLUDED.title, release_year = EXCLUDED.release_year, duration_minutes = EXCLUDED.duration_minutes, country = EXCLUDED.country, language = EXCLUDED.language, synopsis = EXCLUDED.synopsis, poster_image_url = EXCLUDED.poster_image_url, backdrop_image_url = EXCLUDED.backdrop_image_url;
INSERT INTO movie_directors (movie_id, director) VALUES (426, 'Alfred Hitchcock');
INSERT INTO movie_cast_members (movie_id, cast_member) VALUES (426, 'James Stewart');
INSERT INTO movie_cast_members (movie_id, cast_member) VALUES (426, 'Kim Novak');
INSERT INTO movie_cast_members (movie_id, cast_member) VALUES (426, 'Barbara Bel Geddes');
INSERT INTO movie_cast_members (movie_id, cast_member) VALUES (426, 'Tom Helmore');
INSERT INTO movie_cast_members (movie_id, cast_member) VALUES (426, 'Henry Jones');
INSERT INTO movie_genres (movie_id, genre) VALUES (426, 'Mystery');
INSERT INTO movie_genres (movie_id, genre) VALUES (426, 'Romance');
INSERT INTO movie_genres (movie_id, genre) VALUES (426, 'Thriller');
INSERT INTO movie_image_urls (movie_id, image_url) VALUES (426, 'https://image.tmdb.org/t/p/original/77aHwg1SCy89rfvQtiruPU58qEV.jpg');
INSERT INTO movie_image_urls (movie_id, image_url) VALUES (426, 'https://image.tmdb.org/t/p/original/80ESwPTkj0QMLQiSf7jWCZ5mrTe.jpg');
INSERT INTO movie_image_urls (movie_id, image_url) VALUES (426, 'https://image.tmdb.org/t/p/original/y26a4Lettw0PqluxwUl1dkNKssF.jpg');
INSERT INTO movie_image_urls (movie_id, image_url) VALUES (426, 'https://image.tmdb.org/t/p/original/oVDkfWqMMTNryxq60eQdVMMYaw7.jpg');

INSERT INTO movies (id, title, release_year, duration_minutes, country, language, synopsis, poster_image_url, backdrop_image_url) VALUES (851644, '20th Century Girl', 2022, 119, 'South Korea', 'Korean', 'In 1999, a teen girl keeps close tabs on a boy in school on behalf of her deeply smitten best friend – then she gets swept up in a love story of her own.', 'https://image.tmdb.org/t/p/w500/od22ftNnyag0TTxcnJhlsu3aLoU.jpg', 'https://image.tmdb.org/t/p/original/37y53Jt8K6MvN6s4zJVFa61luO2.jpg') ON CONFLICT (id) DO UPDATE SET title = EXCLUDED.title, release_year = EXCLUDED.release_year, duration_minutes = EXCLUDED.duration_minutes, country = EXCLUDED.country, language = EXCLUDED.language, synopsis = EXCLUDED.synopsis, poster_image_url = EXCLUDED.poster_image_url, backdrop_image_url = EXCLUDED.backdrop_image_url;
INSERT INTO movie_directors (movie_id, director) VALUES (851644, 'Bang Woo-ri');
INSERT INTO movie_cast_members (movie_id, cast_member) VALUES (851644, 'Kim Yoo-jung');
INSERT INTO movie_cast_members (movie_id, cast_member) VALUES (851644, 'Byeon Woo-seok');
INSERT INTO movie_cast_members (movie_id, cast_member) VALUES (851644, 'Park Jung-woo');
INSERT INTO movie_cast_members (movie_id, cast_member) VALUES (851644, 'Roh Yoon-seo');
INSERT INTO movie_cast_members (movie_id, cast_member) VALUES (851644, 'Kim Sung-kyung');
INSERT INTO movie_genres (movie_id, genre) VALUES (851644, 'Romance');
INSERT INTO movie_genres (movie_id, genre) VALUES (851644, 'Drama');
INSERT INTO movie_image_urls (movie_id, image_url) VALUES (851644, 'https://image.tmdb.org/t/p/original/lLsJRHjwHUdg8VoJsgcJLnewRxN.jpg');
INSERT INTO movie_image_urls (movie_id, image_url) VALUES (851644, 'https://image.tmdb.org/t/p/original/3NLczZ7sSIKoe3jLlH9yOfdqUcF.jpg');
INSERT INTO movie_image_urls (movie_id, image_url) VALUES (851644, 'https://image.tmdb.org/t/p/original/uTqanKhe1FSDm1MSRuqVr3C42Ol.jpg');
INSERT INTO movie_image_urls (movie_id, image_url) VALUES (851644, 'https://image.tmdb.org/t/p/original/ilGqosW647IqjKChnn2QIdU5jmM.jpg');

INSERT INTO movies (id, title, release_year, duration_minutes, country, language, synopsis, poster_image_url, backdrop_image_url) VALUES (280, 'Terminator 2: Judgment Day', 1991, 137, 'France', 'English', 'Ten years after the events of the original, a reprogrammed T-800 is sent back in time to protect young John Connor from the shape-shifting T-1000. Together with his mother Sarah, he fights to stop Skynet from triggering a nuclear apocalypse.', 'https://image.tmdb.org/t/p/w500/jFTVD4XoWQTcg7wdyJKa8PEds5q.jpg', 'https://image.tmdb.org/t/p/original/izkMjmhauFx9DjoBQqM5sM5WAwE.jpg') ON CONFLICT (id) DO UPDATE SET title = EXCLUDED.title, release_year = EXCLUDED.release_year, duration_minutes = EXCLUDED.duration_minutes, country = EXCLUDED.country, language = EXCLUDED.language, synopsis = EXCLUDED.synopsis, poster_image_url = EXCLUDED.poster_image_url, backdrop_image_url = EXCLUDED.backdrop_image_url;
INSERT INTO movie_directors (movie_id, director) VALUES (280, 'James Cameron');
INSERT INTO movie_cast_members (movie_id, cast_member) VALUES (280, 'Arnold Schwarzenegger');
INSERT INTO movie_cast_members (movie_id, cast_member) VALUES (280, 'Linda Hamilton');
INSERT INTO movie_cast_members (movie_id, cast_member) VALUES (280, 'Edward Furlong');
INSERT INTO movie_cast_members (movie_id, cast_member) VALUES (280, 'Robert Patrick');
INSERT INTO movie_cast_members (movie_id, cast_member) VALUES (280, 'Earl Boen');
INSERT INTO movie_genres (movie_id, genre) VALUES (280, 'Action');
INSERT INTO movie_genres (movie_id, genre) VALUES (280, 'Thriller');
INSERT INTO movie_genres (movie_id, genre) VALUES (280, 'Science Fiction');
INSERT INTO movie_image_urls (movie_id, image_url) VALUES (280, 'https://image.tmdb.org/t/p/original/ztBeLd2UCbUATJ1cXwwHev3G3xX.jpg');
INSERT INTO movie_image_urls (movie_id, image_url) VALUES (280, 'https://image.tmdb.org/t/p/original/xKb6mtdfI5Qsggc44Hr9CCUDvaj.jpg');
INSERT INTO movie_image_urls (movie_id, image_url) VALUES (280, 'https://image.tmdb.org/t/p/original/umaoScaCsfl9g2dyrXrvMPp59Q7.jpg');
INSERT INTO movie_image_urls (movie_id, image_url) VALUES (280, 'https://image.tmdb.org/t/p/original/8MksSPtPvqcSDruLdpibPmTP7LY.jpg');

INSERT INTO movies (id, title, release_year, duration_minutes, country, language, synopsis, poster_image_url, backdrop_image_url) VALUES (289, 'Casablanca', 1943, 102, 'United States of America', 'German', 'In Casablanca, Morocco in December 1941, a cynical American expatriate meets a former lover, with unforeseen complications.', 'https://image.tmdb.org/t/p/w500/lGCEKlJo2CnWydQj7aamY7s1S7Q.jpg', 'https://image.tmdb.org/t/p/original/87wqeMeUeMRLjsE1IWNKJcPlpuC.jpg') ON CONFLICT (id) DO UPDATE SET title = EXCLUDED.title, release_year = EXCLUDED.release_year, duration_minutes = EXCLUDED.duration_minutes, country = EXCLUDED.country, language = EXCLUDED.language, synopsis = EXCLUDED.synopsis, poster_image_url = EXCLUDED.poster_image_url, backdrop_image_url = EXCLUDED.backdrop_image_url;
INSERT INTO movie_directors (movie_id, director) VALUES (289, 'Michael Curtiz');
INSERT INTO movie_cast_members (movie_id, cast_member) VALUES (289, 'Humphrey Bogart');
INSERT INTO movie_cast_members (movie_id, cast_member) VALUES (289, 'Ingrid Bergman');
INSERT INTO movie_cast_members (movie_id, cast_member) VALUES (289, 'Paul Henreid');
INSERT INTO movie_cast_members (movie_id, cast_member) VALUES (289, 'Claude Rains');
INSERT INTO movie_cast_members (movie_id, cast_member) VALUES (289, 'Conrad Veidt');
INSERT INTO movie_genres (movie_id, genre) VALUES (289, 'Drama');
INSERT INTO movie_genres (movie_id, genre) VALUES (289, 'Romance');
INSERT INTO movie_image_urls (movie_id, image_url) VALUES (289, 'https://image.tmdb.org/t/p/original/tfNuePdHrP9fp6K2VTJwHKKJf8C.jpg');
INSERT INTO movie_image_urls (movie_id, image_url) VALUES (289, 'https://image.tmdb.org/t/p/original/bln0pnieTax3KrEpG5ZjN3fi1sw.jpg');
INSERT INTO movie_image_urls (movie_id, image_url) VALUES (289, 'https://image.tmdb.org/t/p/original/rrsG3xYrWifoduZtsIZ4ntoDfBY.jpg');
INSERT INTO movie_image_urls (movie_id, image_url) VALUES (289, 'https://image.tmdb.org/t/p/original/sylXi9qVR7pgBkqyFiDHdhWKuo9.jpg');

INSERT INTO movies (id, title, release_year, duration_minutes, country, language, synopsis, poster_image_url, backdrop_image_url) VALUES (10098, 'The Kid', 1921, 68, 'United States of America', 'No Language', 'A tramp cares for a boy after he''s abandoned as a newborn by his mother. Later the mother has a change of heart and aches to be reunited with her son.', 'https://image.tmdb.org/t/p/w500/A9NWYyn7eX0H9XIjaOvfWJ9mCGA.jpg', 'https://image.tmdb.org/t/p/original/mAhCW7QbpL5kwvCWGsfyY3ILoW6.jpg') ON CONFLICT (id) DO UPDATE SET title = EXCLUDED.title, release_year = EXCLUDED.release_year, duration_minutes = EXCLUDED.duration_minutes, country = EXCLUDED.country, language = EXCLUDED.language, synopsis = EXCLUDED.synopsis, poster_image_url = EXCLUDED.poster_image_url, backdrop_image_url = EXCLUDED.backdrop_image_url;
INSERT INTO movie_directors (movie_id, director) VALUES (10098, 'Charlie Chaplin');
INSERT INTO movie_cast_members (movie_id, cast_member) VALUES (10098, 'Charlie Chaplin');
INSERT INTO movie_cast_members (movie_id, cast_member) VALUES (10098, 'Jackie Coogan');
INSERT INTO movie_cast_members (movie_id, cast_member) VALUES (10098, 'Carl Miller');
INSERT INTO movie_cast_members (movie_id, cast_member) VALUES (10098, 'Edna Purviance');
INSERT INTO movie_cast_members (movie_id, cast_member) VALUES (10098, 'Albert Austin');
INSERT INTO movie_genres (movie_id, genre) VALUES (10098, 'Comedy');
INSERT INTO movie_genres (movie_id, genre) VALUES (10098, 'Drama');
INSERT INTO movie_image_urls (movie_id, image_url) VALUES (10098, 'https://image.tmdb.org/t/p/original/4H81TyAvjt7WOLXl7km34ZZQGl6.jpg');
INSERT INTO movie_image_urls (movie_id, image_url) VALUES (10098, 'https://image.tmdb.org/t/p/original/cvWzCDo3pQyoasvqzRIP7oHK3qn.jpg');
INSERT INTO movie_image_urls (movie_id, image_url) VALUES (10098, 'https://image.tmdb.org/t/p/original/qxUd8WgfkKIoxlmKFWTjddAOJDz.jpg');
INSERT INTO movie_image_urls (movie_id, image_url) VALUES (10098, 'https://image.tmdb.org/t/p/original/qh6n8GbSS1PvOmEdM20QrcEwCYl.jpg');

INSERT INTO movies (id, title, release_year, duration_minutes, country, language, synopsis, poster_image_url, backdrop_image_url) VALUES (3780, 'Red Beard', 1965, 185, 'Japan', 'Japanese', 'Aspiring to an easy job as personal physician to a wealthy family, Noboru Yasumoto is disappointed when his first post after medical school takes him to a small country clinic under the gruff doctor Red Beard. Yasumoto rebels in numerous ways, but Red Beard proves a wise and patient teacher. He gradually introduces his student to the unglamorous side of the profession, ultimately assigning him to care for a prostitute rescued from a local brothel.', 'https://image.tmdb.org/t/p/w500/iYNH3Re0JSypoYaWvZtERUnNaJL.jpg', 'https://image.tmdb.org/t/p/original/jJK3skg06c2iUXgpJg9DTxQhRb4.jpg') ON CONFLICT (id) DO UPDATE SET title = EXCLUDED.title, release_year = EXCLUDED.release_year, duration_minutes = EXCLUDED.duration_minutes, country = EXCLUDED.country, language = EXCLUDED.language, synopsis = EXCLUDED.synopsis, poster_image_url = EXCLUDED.poster_image_url, backdrop_image_url = EXCLUDED.backdrop_image_url;
INSERT INTO movie_directors (movie_id, director) VALUES (3780, 'Akira Kurosawa');
INSERT INTO movie_cast_members (movie_id, cast_member) VALUES (3780, 'Toshirō Mifune');
INSERT INTO movie_cast_members (movie_id, cast_member) VALUES (3780, 'Yūzō Kayama');
INSERT INTO movie_cast_members (movie_id, cast_member) VALUES (3780, 'Tsutomu Yamazaki');
INSERT INTO movie_cast_members (movie_id, cast_member) VALUES (3780, 'Reiko Dan');
INSERT INTO movie_cast_members (movie_id, cast_member) VALUES (3780, 'Miyuki Kuwano');
INSERT INTO movie_genres (movie_id, genre) VALUES (3780, 'Drama');
INSERT INTO movie_image_urls (movie_id, image_url) VALUES (3780, 'https://image.tmdb.org/t/p/original/bHR9sIYJv3SjUrBSYjD6lHuxrxd.jpg');
INSERT INTO movie_image_urls (movie_id, image_url) VALUES (3780, 'https://image.tmdb.org/t/p/original/i4XlRFhNi61C2SZwgEuw8QgN59Q.jpg');
INSERT INTO movie_image_urls (movie_id, image_url) VALUES (3780, 'https://image.tmdb.org/t/p/original/4Xjd4x9I6zANJTmxtRRchgHpFDH.jpg');
INSERT INTO movie_image_urls (movie_id, image_url) VALUES (3780, 'https://image.tmdb.org/t/p/original/dRXT34qLNb7Bhni12ooqt6g31ML.jpg');

INSERT INTO movies (id, title, release_year, duration_minutes, country, language, synopsis, poster_image_url, backdrop_image_url) VALUES (517814, 'Capernaum', 2018, 126, 'France', 'Amharic', 'After running away from his negligent parents, committing a violent crime and being sentenced to five years in jail, a hardened, streetwise 12-year-old Lebanese boy sues his parents in protest of the life they have given him.', 'https://image.tmdb.org/t/p/w500/mFnfTVADj8yOxwzprYOmTPselk8.jpg', 'https://image.tmdb.org/t/p/original/sEW8q9al73rtow257dXAusD9yS7.jpg') ON CONFLICT (id) DO UPDATE SET title = EXCLUDED.title, release_year = EXCLUDED.release_year, duration_minutes = EXCLUDED.duration_minutes, country = EXCLUDED.country, language = EXCLUDED.language, synopsis = EXCLUDED.synopsis, poster_image_url = EXCLUDED.poster_image_url, backdrop_image_url = EXCLUDED.backdrop_image_url;
INSERT INTO movie_directors (movie_id, director) VALUES (517814, 'Nadine Labaki');
INSERT INTO movie_cast_members (movie_id, cast_member) VALUES (517814, 'Zain Al Rafeea');
INSERT INTO movie_cast_members (movie_id, cast_member) VALUES (517814, 'Yordanos Shifera');
INSERT INTO movie_cast_members (movie_id, cast_member) VALUES (517814, 'Boluwatife Treasure Bankole');
INSERT INTO movie_cast_members (movie_id, cast_member) VALUES (517814, 'Kawsar Al Haddad');
INSERT INTO movie_cast_members (movie_id, cast_member) VALUES (517814, 'Fadi Kamel Yousef');
INSERT INTO movie_genres (movie_id, genre) VALUES (517814, 'Drama');
INSERT INTO movie_image_urls (movie_id, image_url) VALUES (517814, 'https://image.tmdb.org/t/p/original/8e0ETQmrgcP6R8TaVjd7o9NCGj9.jpg');
INSERT INTO movie_image_urls (movie_id, image_url) VALUES (517814, 'https://image.tmdb.org/t/p/original/i35W1xqtWnN5QWw570z9UxfVfgq.jpg');
INSERT INTO movie_image_urls (movie_id, image_url) VALUES (517814, 'https://image.tmdb.org/t/p/original/8XVDeXNw7YtUsH0CvGPamGjVWqN.jpg');
INSERT INTO movie_image_urls (movie_id, image_url) VALUES (517814, 'https://image.tmdb.org/t/p/original/aXjfoHKKwFlZ1bLfF4tDWwiJ8Hq.jpg');

INSERT INTO movies (id, title, release_year, duration_minutes, country, language, synopsis, poster_image_url, backdrop_image_url) VALUES (9702, 'Bound by Honor', 1993, 190, 'United States of America', 'English', 'Based on the true life experiences of poet Jimmy Santiago Baca, the film focuses on half-brothers Paco and Cruz, and their bi-racial cousin Miklo. It opens in 1972, as the three are members of an East L.A. gang known as the "Vatos Locos", and the story focuses on how a violent crime and the influence of narcotics alter their lives. Miklo is incarcerated and sent to San Quentin, where he makes a "home" for himself. Cruz becomes an exceptional artist, but a heroin addiction overcomes him with tragic results. Paco becomes a cop and an enemy to his "carnal", Miklo.', 'https://image.tmdb.org/t/p/w500/gvP6R6juhe2IpCG7QGDgjyUvm0g.jpg', 'https://image.tmdb.org/t/p/original/9xjUZjuYyehv2qnqMH0oR9nSTft.jpg') ON CONFLICT (id) DO UPDATE SET title = EXCLUDED.title, release_year = EXCLUDED.release_year, duration_minutes = EXCLUDED.duration_minutes, country = EXCLUDED.country, language = EXCLUDED.language, synopsis = EXCLUDED.synopsis, poster_image_url = EXCLUDED.poster_image_url, backdrop_image_url = EXCLUDED.backdrop_image_url;
INSERT INTO movie_directors (movie_id, director) VALUES (9702, 'Taylor Hackford');
INSERT INTO movie_cast_members (movie_id, cast_member) VALUES (9702, 'Damian Chapa');
INSERT INTO movie_cast_members (movie_id, cast_member) VALUES (9702, 'Jesse Borrego');
INSERT INTO movie_cast_members (movie_id, cast_member) VALUES (9702, 'Benjamin Bratt');
INSERT INTO movie_cast_members (movie_id, cast_member) VALUES (9702, 'Enrique Castillo');
INSERT INTO movie_cast_members (movie_id, cast_member) VALUES (9702, 'Victor Rivers');
INSERT INTO movie_genres (movie_id, genre) VALUES (9702, 'Crime');
INSERT INTO movie_genres (movie_id, genre) VALUES (9702, 'Drama');
INSERT INTO movie_genres (movie_id, genre) VALUES (9702, 'Thriller');
INSERT INTO movie_image_urls (movie_id, image_url) VALUES (9702, 'https://image.tmdb.org/t/p/original/gT0EaWbbCpZly229gHhnY1DegeG.jpg');
INSERT INTO movie_image_urls (movie_id, image_url) VALUES (9702, 'https://image.tmdb.org/t/p/original/6fBJELid6DNVHKewaTMmbgDBQ8d.jpg');
INSERT INTO movie_image_urls (movie_id, image_url) VALUES (9702, 'https://image.tmdb.org/t/p/original/7334gWAcAXopjfTsB9MjrxXH3rc.jpg');
INSERT INTO movie_image_urls (movie_id, image_url) VALUES (9702, 'https://image.tmdb.org/t/p/original/pUS7Beb7UCuYwawbOkFT8uFD41e.jpg');

INSERT INTO movies (id, title, release_year, duration_minutes, country, language, synopsis, poster_image_url, backdrop_image_url) VALUES (797, 'Persona', 1966, 84, 'Sweden', 'Swedish', 'A young nurse, Alma, is put in charge of Elisabeth Vogler: an actress who is seemingly healthy in all respects, but will not talk. As they spend time together, Alma speaks to Elisabeth constantly, never receiving any answer.', 'https://image.tmdb.org/t/p/w500/yPTntWP9Wvew8vHN0jB7Z1EvEUN.jpg', 'https://image.tmdb.org/t/p/original/amr72SENYz7AM4Hq5WBXxFBJEY6.jpg') ON CONFLICT (id) DO UPDATE SET title = EXCLUDED.title, release_year = EXCLUDED.release_year, duration_minutes = EXCLUDED.duration_minutes, country = EXCLUDED.country, language = EXCLUDED.language, synopsis = EXCLUDED.synopsis, poster_image_url = EXCLUDED.poster_image_url, backdrop_image_url = EXCLUDED.backdrop_image_url;
INSERT INTO movie_directors (movie_id, director) VALUES (797, 'Ingmar Bergman');
INSERT INTO movie_cast_members (movie_id, cast_member) VALUES (797, 'Bibi Andersson');
INSERT INTO movie_cast_members (movie_id, cast_member) VALUES (797, 'Liv Ullmann');
INSERT INTO movie_cast_members (movie_id, cast_member) VALUES (797, 'Margaretha Krook');
INSERT INTO movie_cast_members (movie_id, cast_member) VALUES (797, 'Gunnar Björnstrand');
INSERT INTO movie_cast_members (movie_id, cast_member) VALUES (797, 'Jörgen Lindström');
INSERT INTO movie_genres (movie_id, genre) VALUES (797, 'Drama');
INSERT INTO movie_image_urls (movie_id, image_url) VALUES (797, 'https://image.tmdb.org/t/p/original/wnjyGVmSI7idoRsFbSqFh8FdtaQ.jpg');
INSERT INTO movie_image_urls (movie_id, image_url) VALUES (797, 'https://image.tmdb.org/t/p/original/boTVQse1JbNt1UBIugQUFmjojyv.jpg');
INSERT INTO movie_image_urls (movie_id, image_url) VALUES (797, 'https://image.tmdb.org/t/p/original/t3qilCLgADBaVMTD7VxLlpxzgw7.jpg');
INSERT INTO movie_image_urls (movie_id, image_url) VALUES (797, 'https://image.tmdb.org/t/p/original/aRTs5DJW0nGjfHYXCkHdC3WRYIh.jpg');

INSERT INTO movies (id, title, release_year, duration_minutes, country, language, synopsis, poster_image_url, backdrop_image_url) VALUES (872, 'Singin'' in the Rain', 1952, 103, 'United States of America', 'English', 'In 1927 Hollywood, a silent film star falls for a chorus girl just as he and his paranoid screen partner struggle to make the difficult transition to talking pictures.', 'https://image.tmdb.org/t/p/w500/w03EiJVHP8Un77boQeE7hg9DVdU.jpg', 'https://image.tmdb.org/t/p/original/6qOyw4yfzbzTp5YsCX26C28Do0S.jpg') ON CONFLICT (id) DO UPDATE SET title = EXCLUDED.title, release_year = EXCLUDED.release_year, duration_minutes = EXCLUDED.duration_minutes, country = EXCLUDED.country, language = EXCLUDED.language, synopsis = EXCLUDED.synopsis, poster_image_url = EXCLUDED.poster_image_url, backdrop_image_url = EXCLUDED.backdrop_image_url;
INSERT INTO movie_directors (movie_id, director) VALUES (872, 'Gene Kelly');
INSERT INTO movie_directors (movie_id, director) VALUES (872, 'Stanley Donen');
INSERT INTO movie_cast_members (movie_id, cast_member) VALUES (872, 'Gene Kelly');
INSERT INTO movie_cast_members (movie_id, cast_member) VALUES (872, 'Donald O''Connor');
INSERT INTO movie_cast_members (movie_id, cast_member) VALUES (872, 'Debbie Reynolds');
INSERT INTO movie_cast_members (movie_id, cast_member) VALUES (872, 'Jean Hagen');
INSERT INTO movie_cast_members (movie_id, cast_member) VALUES (872, 'Millard Mitchell');
INSERT INTO movie_genres (movie_id, genre) VALUES (872, 'Comedy');
INSERT INTO movie_genres (movie_id, genre) VALUES (872, 'Romance');
INSERT INTO movie_image_urls (movie_id, image_url) VALUES (872, 'https://image.tmdb.org/t/p/original/hvj1gN9MRhTNsaCr3upb6gYChXF.jpg');
INSERT INTO movie_image_urls (movie_id, image_url) VALUES (872, 'https://image.tmdb.org/t/p/original/amW1YWQvcP8slDyDp1R652aVQZ7.jpg');
INSERT INTO movie_image_urls (movie_id, image_url) VALUES (872, 'https://image.tmdb.org/t/p/original/yO9a2FJRheWD1lcaVwa7s9ms5X5.jpg');
INSERT INTO movie_image_urls (movie_id, image_url) VALUES (872, 'https://image.tmdb.org/t/p/original/sHR4hCpvUQE3lFcvUs6K3LaVwYw.jpg');

INSERT INTO movies (id, title, release_year, duration_minutes, country, language, synopsis, poster_image_url, backdrop_image_url) VALUES (666, 'Central Station', 1998, 111, 'Brazil', 'Portuguese', 'An emotional journey of a former school teacher, who writes letters for illiterate people, and a young boy, whose mother has just died, as they search for the father he never knew.', 'https://image.tmdb.org/t/p/w500/zJvp7XjQ2LhPbDVYhFXyucs40vR.jpg', 'https://image.tmdb.org/t/p/original/lrLIy9OFRQg4VkhrCyolfNXJEUH.jpg') ON CONFLICT (id) DO UPDATE SET title = EXCLUDED.title, release_year = EXCLUDED.release_year, duration_minutes = EXCLUDED.duration_minutes, country = EXCLUDED.country, language = EXCLUDED.language, synopsis = EXCLUDED.synopsis, poster_image_url = EXCLUDED.poster_image_url, backdrop_image_url = EXCLUDED.backdrop_image_url;
INSERT INTO movie_directors (movie_id, director) VALUES (666, 'Walter Salles');
INSERT INTO movie_cast_members (movie_id, cast_member) VALUES (666, 'Fernanda Montenegro');
INSERT INTO movie_cast_members (movie_id, cast_member) VALUES (666, 'Vinícius de Oliveira');
INSERT INTO movie_cast_members (movie_id, cast_member) VALUES (666, 'Marília Pêra');
INSERT INTO movie_cast_members (movie_id, cast_member) VALUES (666, 'Othon Bastos');
INSERT INTO movie_cast_members (movie_id, cast_member) VALUES (666, 'Otávio Augusto');
INSERT INTO movie_genres (movie_id, genre) VALUES (666, 'Drama');
INSERT INTO movie_image_urls (movie_id, image_url) VALUES (666, 'https://image.tmdb.org/t/p/original/rMsrUSnI5uZ0r9dhFQ6Z52pVCMf.jpg');
INSERT INTO movie_image_urls (movie_id, image_url) VALUES (666, 'https://image.tmdb.org/t/p/original/gfFedpWPslU7Dzp9eq9UErLghYp.jpg');
INSERT INTO movie_image_urls (movie_id, image_url) VALUES (666, 'https://image.tmdb.org/t/p/original/x1P7W2KnVzTZgXICkcV7FEAUURB.jpg');
INSERT INTO movie_image_urls (movie_id, image_url) VALUES (666, 'https://image.tmdb.org/t/p/original/q4MWby5NSnAImy7sqOPEwYH1YpU.jpg');

INSERT INTO movies (id, title, release_year, duration_minutes, country, language, synopsis, poster_image_url, backdrop_image_url) VALUES (693134, 'Dune: Part Two', 2024, 167, 'United States of America', 'English', 'Follow the mythic journey of Paul Atreides as he unites with Chani and the Fremen while on a path of revenge against the conspirators who destroyed his family. Facing a choice between the love of his life and the fate of the known universe, Paul endeavors to prevent a terrible future only he can foresee.', 'https://image.tmdb.org/t/p/w500/1pdfLvkbY9ohJlCjQH2CZjjYVvJ.jpg', 'https://image.tmdb.org/t/p/original/eZ239CUp1d6OryZEBPnO2n87gMG.jpg') ON CONFLICT (id) DO UPDATE SET title = EXCLUDED.title, release_year = EXCLUDED.release_year, duration_minutes = EXCLUDED.duration_minutes, country = EXCLUDED.country, language = EXCLUDED.language, synopsis = EXCLUDED.synopsis, poster_image_url = EXCLUDED.poster_image_url, backdrop_image_url = EXCLUDED.backdrop_image_url;
INSERT INTO movie_directors (movie_id, director) VALUES (693134, 'Denis Villeneuve');
INSERT INTO movie_cast_members (movie_id, cast_member) VALUES (693134, 'Timothée Chalamet');
INSERT INTO movie_cast_members (movie_id, cast_member) VALUES (693134, 'Zendaya');
INSERT INTO movie_cast_members (movie_id, cast_member) VALUES (693134, 'Rebecca Ferguson');
INSERT INTO movie_cast_members (movie_id, cast_member) VALUES (693134, 'Javier Bardem');
INSERT INTO movie_cast_members (movie_id, cast_member) VALUES (693134, 'Josh Brolin');
INSERT INTO movie_genres (movie_id, genre) VALUES (693134, 'Science Fiction');
INSERT INTO movie_genres (movie_id, genre) VALUES (693134, 'Adventure');
INSERT INTO movie_image_urls (movie_id, image_url) VALUES (693134, 'https://image.tmdb.org/t/p/original/xOMo8BRK7PfcJv9JCnx7s5hj0PX.jpg');
INSERT INTO movie_image_urls (movie_id, image_url) VALUES (693134, 'https://image.tmdb.org/t/p/original/rRBD8ORo9y34tYkAQJVbn4Ml6tu.jpg');
INSERT INTO movie_image_urls (movie_id, image_url) VALUES (693134, 'https://image.tmdb.org/t/p/original/87IVlclAfWL6mdicU1DDuxdwXwe.jpg');
INSERT INTO movie_image_urls (movie_id, image_url) VALUES (693134, 'https://image.tmdb.org/t/p/original/l6b9YZEokZl1nt7q0pprrur6btG.jpg');

INSERT INTO movies (id, title, release_year, duration_minutes, country, language, synopsis, poster_image_url, backdrop_image_url) VALUES (1610901, 'Aag Lagay Basti Mein', 2026, 140, 'Pakistan', 'Hindi', 'Barkat is an honest, hard-working man struggling to make ends meet alongside his wife, Almaas, who has grown tired of their modest life. Working as cleaners, the couple decides to turn to petty crime in hopes of improving their financial situation. What begins as small, calculated risks soon spirals into something far bigger, drawing the couple into the world of seasoned criminals. As guns, chases, and escalating chaos enter their lives, Barkat and Almaas find their domestic relationship increasingly entangled with crime and danger. Blending dark comedy with crime drama, the story explores ambition, greed, and the unintended consequences of trying to take shortcuts to a better life', 'https://image.tmdb.org/t/p/w500/gAvQELcI17z2YKnqOmuukfaFGg9.jpg', NULL) ON CONFLICT (id) DO UPDATE SET title = EXCLUDED.title, release_year = EXCLUDED.release_year, duration_minutes = EXCLUDED.duration_minutes, country = EXCLUDED.country, language = EXCLUDED.language, synopsis = EXCLUDED.synopsis, poster_image_url = EXCLUDED.poster_image_url, backdrop_image_url = EXCLUDED.backdrop_image_url;
INSERT INTO movie_directors (movie_id, director) VALUES (1610901, 'Bilal Atif Khan');
INSERT INTO movie_cast_members (movie_id, cast_member) VALUES (1610901, 'Fahad Mustafa');
INSERT INTO movie_cast_members (movie_id, cast_member) VALUES (1610901, 'Mahira Khan');
INSERT INTO movie_cast_members (movie_id, cast_member) VALUES (1610901, 'Javed Sheikh');
INSERT INTO movie_cast_members (movie_id, cast_member) VALUES (1610901, 'Tabish Hashmi');
INSERT INTO movie_cast_members (movie_id, cast_member) VALUES (1610901, 'Salahuddin Tunio');
INSERT INTO movie_genres (movie_id, genre) VALUES (1610901, 'Action');
INSERT INTO movie_genres (movie_id, genre) VALUES (1610901, 'Crime');
INSERT INTO movie_genres (movie_id, genre) VALUES (1610901, 'Comedy');

INSERT INTO movies (id, title, release_year, duration_minutes, country, language, synopsis, poster_image_url, backdrop_image_url) VALUES (522627, 'The Gentlemen', 2020, 113, 'United Kingdom', 'English', 'American expat Mickey Pearson has built a highly profitable marijuana empire in London. When word gets out that he’s looking to cash out of the business forever it triggers plots, schemes, bribery and blackmail in an attempt to steal his domain out from under him.', 'https://image.tmdb.org/t/p/w500/jtrhTYB7xSrJxR1vusu99nvnZ1g.jpg', 'https://image.tmdb.org/t/p/original/tintsaQ0WLzZsTMkTiqtMB3rfc8.jpg') ON CONFLICT (id) DO UPDATE SET title = EXCLUDED.title, release_year = EXCLUDED.release_year, duration_minutes = EXCLUDED.duration_minutes, country = EXCLUDED.country, language = EXCLUDED.language, synopsis = EXCLUDED.synopsis, poster_image_url = EXCLUDED.poster_image_url, backdrop_image_url = EXCLUDED.backdrop_image_url;
INSERT INTO movie_directors (movie_id, director) VALUES (522627, 'Guy Ritchie');
INSERT INTO movie_cast_members (movie_id, cast_member) VALUES (522627, 'Matthew McConaughey');
INSERT INTO movie_cast_members (movie_id, cast_member) VALUES (522627, 'Charlie Hunnam');
INSERT INTO movie_cast_members (movie_id, cast_member) VALUES (522627, 'Michelle Dockery');
INSERT INTO movie_cast_members (movie_id, cast_member) VALUES (522627, 'Jeremy Strong');
INSERT INTO movie_cast_members (movie_id, cast_member) VALUES (522627, 'Lyne Renee');
INSERT INTO movie_genres (movie_id, genre) VALUES (522627, 'Comedy');
INSERT INTO movie_genres (movie_id, genre) VALUES (522627, 'Crime');
INSERT INTO movie_image_urls (movie_id, image_url) VALUES (522627, 'https://image.tmdb.org/t/p/original/hClLP88yMIuhslwSVxtYrvWmxfp.jpg');
INSERT INTO movie_image_urls (movie_id, image_url) VALUES (522627, 'https://image.tmdb.org/t/p/original/9Qfawg9WT3cSbBXQgDRuWbYS9lj.jpg');
INSERT INTO movie_image_urls (movie_id, image_url) VALUES (522627, 'https://image.tmdb.org/t/p/original/egDZrt8L0bzKyXEk7lDXvlvS3j1.jpg');
INSERT INTO movie_image_urls (movie_id, image_url) VALUES (522627, 'https://image.tmdb.org/t/p/original/80dORlIfiNfqjOTEUEYYe0KIOgs.jpg');

INSERT INTO movies (id, title, release_year, duration_minutes, country, language, synopsis, poster_image_url, backdrop_image_url) VALUES (1643729, 'Ishqa''n De Lekhe', 2026, 143, NULL, 'Punjabi', 'Starring the sensational Gurnam Bhullar alongside the stunning Isha Malviya, this Punjabi cinema is crafted for every soul that has ever loved deeply. Directed by the talented Manvir Brar, Ishqa''n De Lekhe is set to redefine Punjabi romance on the big screen.', 'https://image.tmdb.org/t/p/w500/g3EpAFlNGqkYxkw8cHOANzi8u1.jpg', NULL) ON CONFLICT (id) DO UPDATE SET title = EXCLUDED.title, release_year = EXCLUDED.release_year, duration_minutes = EXCLUDED.duration_minutes, country = EXCLUDED.country, language = EXCLUDED.language, synopsis = EXCLUDED.synopsis, poster_image_url = EXCLUDED.poster_image_url, backdrop_image_url = EXCLUDED.backdrop_image_url;
INSERT INTO movie_directors (movie_id, director) VALUES (1643729, 'Manvir Brar');
INSERT INTO movie_cast_members (movie_id, cast_member) VALUES (1643729, 'Gurnam Bhullar');
INSERT INTO movie_cast_members (movie_id, cast_member) VALUES (1643729, 'Isha Malviya');
INSERT INTO movie_cast_members (movie_id, cast_member) VALUES (1643729, 'Rana Ranbir');
INSERT INTO movie_cast_members (movie_id, cast_member) VALUES (1643729, 'Mintu Kapa');
INSERT INTO movie_cast_members (movie_id, cast_member) VALUES (1643729, 'Balwinder Bullet');
INSERT INTO movie_genres (movie_id, genre) VALUES (1643729, 'Drama');
INSERT INTO movie_genres (movie_id, genre) VALUES (1643729, 'Romance');
INSERT INTO movie_genres (movie_id, genre) VALUES (1643729, 'Music');

INSERT INTO movies (id, title, release_year, duration_minutes, country, language, synopsis, poster_image_url, backdrop_image_url) VALUES (682012, 'Little Amélie or the Character of Rain', 2025, 78, 'France', 'French', 'The world is a perplexing, peaceful mystery to Amélie until a miraculous encounter with chocolate ignites her wild sense of curiosity. As she develops a deep attachment to her family''s housekeeper, Nishio-san, Amélie discovers the wonders of nature as well as the emotional truths hidden beneath the surface of her family''s idyllic life as foreigners in post-war Japan.', 'https://image.tmdb.org/t/p/w500/qoqDvTUVPoZJWw24AjGDt3J4tZN.jpg', 'https://image.tmdb.org/t/p/original/2WCpiFmRqXyu5y7WoZjEa3CJbiI.jpg') ON CONFLICT (id) DO UPDATE SET title = EXCLUDED.title, release_year = EXCLUDED.release_year, duration_minutes = EXCLUDED.duration_minutes, country = EXCLUDED.country, language = EXCLUDED.language, synopsis = EXCLUDED.synopsis, poster_image_url = EXCLUDED.poster_image_url, backdrop_image_url = EXCLUDED.backdrop_image_url;
INSERT INTO movie_directors (movie_id, director) VALUES (682012, 'Maïlys Vallade');
INSERT INTO movie_directors (movie_id, director) VALUES (682012, 'Liane-cho Han');
INSERT INTO movie_cast_members (movie_id, cast_member) VALUES (682012, 'Loïse Charpentier');
INSERT INTO movie_cast_members (movie_id, cast_member) VALUES (682012, 'Victoria Grobois');
INSERT INTO movie_cast_members (movie_id, cast_member) VALUES (682012, 'Yumi Fujimori');
INSERT INTO movie_cast_members (movie_id, cast_member) VALUES (682012, 'Cathy Cerda');
INSERT INTO movie_cast_members (movie_id, cast_member) VALUES (682012, 'Marc Arnaud');
INSERT INTO movie_genres (movie_id, genre) VALUES (682012, 'Animation');
INSERT INTO movie_genres (movie_id, genre) VALUES (682012, 'Drama');
INSERT INTO movie_genres (movie_id, genre) VALUES (682012, 'Family');
INSERT INTO movie_image_urls (movie_id, image_url) VALUES (682012, 'https://image.tmdb.org/t/p/original/3vqPQnSNLueCJKjEzRB78nLhdL6.jpg');
INSERT INTO movie_image_urls (movie_id, image_url) VALUES (682012, 'https://image.tmdb.org/t/p/original/mYUkEFycAeKoSak0HznCWkkjtz6.jpg');
INSERT INTO movie_image_urls (movie_id, image_url) VALUES (682012, 'https://image.tmdb.org/t/p/original/nXLcJSz1GnzPUsfxLXjmEORQZVH.jpg');
INSERT INTO movie_image_urls (movie_id, image_url) VALUES (682012, 'https://image.tmdb.org/t/p/original/an7px01yr9lPfD0fcTeS6QelVHr.jpg');

INSERT INTO movies (id, title, release_year, duration_minutes, country, language, synopsis, poster_image_url, backdrop_image_url) VALUES (1832, 'Dogma', 1999, 130, 'United States of America', 'English', 'An abortion clinic worker with a special heritage is called upon to save the existence of humanity from being negated by two renegade angels trying to exploit a loophole and reenter Heaven.', 'https://image.tmdb.org/t/p/w500/oxhHl2YokTqcP44QK5tiTgjgLgk.jpg', 'https://image.tmdb.org/t/p/original/nljRWpjfmqh5qYxcblFoazU5eYY.jpg') ON CONFLICT (id) DO UPDATE SET title = EXCLUDED.title, release_year = EXCLUDED.release_year, duration_minutes = EXCLUDED.duration_minutes, country = EXCLUDED.country, language = EXCLUDED.language, synopsis = EXCLUDED.synopsis, poster_image_url = EXCLUDED.poster_image_url, backdrop_image_url = EXCLUDED.backdrop_image_url;
INSERT INTO movie_directors (movie_id, director) VALUES (1832, 'Kevin Smith');
INSERT INTO movie_cast_members (movie_id, cast_member) VALUES (1832, 'Ben Affleck');
INSERT INTO movie_cast_members (movie_id, cast_member) VALUES (1832, 'Matt Damon');
INSERT INTO movie_cast_members (movie_id, cast_member) VALUES (1832, 'Linda Fiorentino');
INSERT INTO movie_cast_members (movie_id, cast_member) VALUES (1832, 'Salma Hayek Pinault');
INSERT INTO movie_cast_members (movie_id, cast_member) VALUES (1832, 'Jason Lee');
INSERT INTO movie_genres (movie_id, genre) VALUES (1832, 'Fantasy');
INSERT INTO movie_genres (movie_id, genre) VALUES (1832, 'Comedy');
INSERT INTO movie_genres (movie_id, genre) VALUES (1832, 'Adventure');
INSERT INTO movie_image_urls (movie_id, image_url) VALUES (1832, 'https://image.tmdb.org/t/p/original/cOchu1xpttRNsIb0Ujoc0bxnnaP.jpg');
INSERT INTO movie_image_urls (movie_id, image_url) VALUES (1832, 'https://image.tmdb.org/t/p/original/wXzdoMyLYvz7AoXPGx5STZ1XZDd.jpg');
INSERT INTO movie_image_urls (movie_id, image_url) VALUES (1832, 'https://image.tmdb.org/t/p/original/jH4DzqEx4GiwCLQhiRUIpJHTAAT.jpg');
INSERT INTO movie_image_urls (movie_id, image_url) VALUES (1832, 'https://image.tmdb.org/t/p/original/3Uiyufd9vworJLzHZhpWdzAwkRQ.jpg');

INSERT INTO movies (id, title, release_year, duration_minutes, country, language, synopsis, poster_image_url, backdrop_image_url) VALUES (772462, 'Don''t Follow Me', 2025, 83, 'Mexico', 'Spanish', 'Obsessed with going viral with her videos of ghosts and paranormal events, aspiring influencer Carla moves into a famous haunted building. There, she begins faking ghostly apparitions to gain more followers, unaware that a real evil entity resides in her apartment and will torment her until no one, not even she, can distinguish what''s real and what isn''t.', 'https://image.tmdb.org/t/p/w500/wBYicLV0zfdtXweWXcoiou3moNu.jpg', 'https://image.tmdb.org/t/p/original/b9iQP6brbuGs8mhRPRV0ThiwD5I.jpg') ON CONFLICT (id) DO UPDATE SET title = EXCLUDED.title, release_year = EXCLUDED.release_year, duration_minutes = EXCLUDED.duration_minutes, country = EXCLUDED.country, language = EXCLUDED.language, synopsis = EXCLUDED.synopsis, poster_image_url = EXCLUDED.poster_image_url, backdrop_image_url = EXCLUDED.backdrop_image_url;
INSERT INTO movie_directors (movie_id, director) VALUES (772462, 'Ximena García Lecuona');
INSERT INTO movie_directors (movie_id, director) VALUES (772462, 'Eduardo Lecuona');
INSERT INTO movie_cast_members (movie_id, cast_member) VALUES (772462, 'Karla Rodríguez Coronado');
INSERT INTO movie_cast_members (movie_id, cast_member) VALUES (772462, 'Yankel Stevan');
INSERT INTO movie_cast_members (movie_id, cast_member) VALUES (772462, 'Julia Maque');
INSERT INTO movie_cast_members (movie_id, cast_member) VALUES (772462, 'Cesar Serrano Prado "Parker"');
INSERT INTO movie_cast_members (movie_id, cast_member) VALUES (772462, 'María Ulloa');
INSERT INTO movie_genres (movie_id, genre) VALUES (772462, 'Horror');
INSERT INTO movie_genres (movie_id, genre) VALUES (772462, 'Mystery');
INSERT INTO movie_image_urls (movie_id, image_url) VALUES (772462, 'https://image.tmdb.org/t/p/original/AqQqtH11I0IWMqopzLYx1TSzsVg.jpg');
INSERT INTO movie_image_urls (movie_id, image_url) VALUES (772462, 'https://image.tmdb.org/t/p/original/lpLhWstAR7gj6PVuDJJxiUqP6n1.jpg');
INSERT INTO movie_image_urls (movie_id, image_url) VALUES (772462, 'https://image.tmdb.org/t/p/original/dcxXyu9UZkph5kRc0UuETovNbGq.jpg');
INSERT INTO movie_image_urls (movie_id, image_url) VALUES (772462, 'https://image.tmdb.org/t/p/original/c7uvxUVKY9YlO8BqPci5hpk4Ecw.jpg');

INSERT INTO movies (id, title, release_year, duration_minutes, country, language, synopsis, poster_image_url, backdrop_image_url) VALUES (1340110, 'Redux Redux', 2026, 109, 'United States of America', 'English', 'In an attempt to avenge her daughter’s death, Irene Kelly travels through parallel universes, killing her daughter’s murderer again and again. As she becomes consumed by vengeance, her humanity begins to slip away—until the cycle is disrupted when she rescues Mia, a sharp-witted teenager already marked by the killer.', 'https://image.tmdb.org/t/p/w500/9u7sUTYPPTxGCXbkcw8FTq50PnO.jpg', 'https://image.tmdb.org/t/p/original/nBTUocp7lHmyrTmD8mTBOYem4ok.jpg') ON CONFLICT (id) DO UPDATE SET title = EXCLUDED.title, release_year = EXCLUDED.release_year, duration_minutes = EXCLUDED.duration_minutes, country = EXCLUDED.country, language = EXCLUDED.language, synopsis = EXCLUDED.synopsis, poster_image_url = EXCLUDED.poster_image_url, backdrop_image_url = EXCLUDED.backdrop_image_url;
INSERT INTO movie_directors (movie_id, director) VALUES (1340110, 'Matthew McManus');
INSERT INTO movie_directors (movie_id, director) VALUES (1340110, 'Kevin McManus');
INSERT INTO movie_cast_members (movie_id, cast_member) VALUES (1340110, 'Michaela McManus');
INSERT INTO movie_cast_members (movie_id, cast_member) VALUES (1340110, 'Stella Marcus');
INSERT INTO movie_cast_members (movie_id, cast_member) VALUES (1340110, 'Jeremy Holm');
INSERT INTO movie_cast_members (movie_id, cast_member) VALUES (1340110, 'Jim Cummings');
INSERT INTO movie_cast_members (movie_id, cast_member) VALUES (1340110, 'Taylor Misiak');
INSERT INTO movie_genres (movie_id, genre) VALUES (1340110, 'Science Fiction');
INSERT INTO movie_genres (movie_id, genre) VALUES (1340110, 'Mystery');
INSERT INTO movie_genres (movie_id, genre) VALUES (1340110, 'Thriller');
INSERT INTO movie_image_urls (movie_id, image_url) VALUES (1340110, 'https://image.tmdb.org/t/p/original/yn8R5l7ukplNsf2n0wtYzVJnlii.jpg');
INSERT INTO movie_image_urls (movie_id, image_url) VALUES (1340110, 'https://image.tmdb.org/t/p/original/qguikZYfHWfnlNZwWAdz8UwVp0R.jpg');
INSERT INTO movie_image_urls (movie_id, image_url) VALUES (1340110, 'https://image.tmdb.org/t/p/original/gmjeDgt7qGEDonkzKa8uEYuhnKq.jpg');
INSERT INTO movie_image_urls (movie_id, image_url) VALUES (1340110, 'https://image.tmdb.org/t/p/original/lp3Njcf2S5PJsghXykCD6duoUgA.jpg');

INSERT INTO movies (id, title, release_year, duration_minutes, country, language, synopsis, poster_image_url, backdrop_image_url) VALUES (662723, 'Danur: The Last Chapter', 2026, 98, 'Indonesia', 'Sundanese', 'After years of separation from her ghost friends, Risa goes on with her life, closing the door to any communication with any ghosts. However, things change when her sister, Riri, is proposed. In an old theater and begins acting strangely in the time leading to her wedding. Not only does Riri change, but Risa also begins experiencing a series of strange events, as if she’s experiencing a painful death repeatedly. Risa suspects that this was happening because her ghost friends, Peter and his friends, were trying to convey something.', 'https://image.tmdb.org/t/p/w500/khU4SeP5G1et7q20tL8oNXJGiHz.jpg', 'https://image.tmdb.org/t/p/original/lzUbj964SGiFdGSzX1DJRn3bzCE.jpg') ON CONFLICT (id) DO UPDATE SET title = EXCLUDED.title, release_year = EXCLUDED.release_year, duration_minutes = EXCLUDED.duration_minutes, country = EXCLUDED.country, language = EXCLUDED.language, synopsis = EXCLUDED.synopsis, poster_image_url = EXCLUDED.poster_image_url, backdrop_image_url = EXCLUDED.backdrop_image_url;
INSERT INTO movie_directors (movie_id, director) VALUES (662723, 'Awi Suryadi');
INSERT INTO movie_cast_members (movie_id, cast_member) VALUES (662723, 'Prilly Latuconsina');
INSERT INTO movie_cast_members (movie_id, cast_member) VALUES (662723, 'Zee Asadel');
INSERT INTO movie_cast_members (movie_id, cast_member) VALUES (662723, 'Dito Darmawan');
INSERT INTO movie_cast_members (movie_id, cast_member) VALUES (662723, 'Lewis Robert');
INSERT INTO movie_cast_members (movie_id, cast_member) VALUES (662723, 'Muhammad Fauzan');
INSERT INTO movie_genres (movie_id, genre) VALUES (662723, 'Horror');
INSERT INTO movie_genres (movie_id, genre) VALUES (662723, 'Mystery');
INSERT INTO movie_genres (movie_id, genre) VALUES (662723, 'Thriller');
INSERT INTO movie_image_urls (movie_id, image_url) VALUES (662723, 'https://image.tmdb.org/t/p/original/3QqycVOLXlSUFw0yXiywADIvFHE.jpg');
INSERT INTO movie_image_urls (movie_id, image_url) VALUES (662723, 'https://image.tmdb.org/t/p/original/kB1UrRtw6Gf9wBQKfXgyzx637og.jpg');
INSERT INTO movie_image_urls (movie_id, image_url) VALUES (662723, 'https://image.tmdb.org/t/p/original/4HpP75YenO17An198ILSIrgow9g.jpg');
INSERT INTO movie_image_urls (movie_id, image_url) VALUES (662723, 'https://image.tmdb.org/t/p/original/ip3a0V2fr5XMixZCaCHrsCy3wqs.jpg');

INSERT INTO movies (id, title, release_year, duration_minutes, country, language, synopsis, poster_image_url, backdrop_image_url) VALUES (1404404, 'Crayon Shin-chan the Movie: Super Hot! The Spicy Kasukabe Dancers', 2025, 105, 'Japan', 'Japanese', 'Shin-chan and his friends travel to India for a dance festival, but Bo-chan accidentally becomes possessed by an evil force from a mysterious backpack and turns into a powerful tyrant. Now, the Kasukabe Guard must work together to save Bo-chan and stop his rampage.', 'https://image.tmdb.org/t/p/w500/bxLr3VzoSq0G4CSWUCnZBNS8Eeh.jpg', 'https://image.tmdb.org/t/p/original/xmSkUXvYFQyMnxTUJJtEVvpSShk.jpg') ON CONFLICT (id) DO UPDATE SET title = EXCLUDED.title, release_year = EXCLUDED.release_year, duration_minutes = EXCLUDED.duration_minutes, country = EXCLUDED.country, language = EXCLUDED.language, synopsis = EXCLUDED.synopsis, poster_image_url = EXCLUDED.poster_image_url, backdrop_image_url = EXCLUDED.backdrop_image_url;
INSERT INTO movie_directors (movie_id, director) VALUES (1404404, 'Masakazu Hashimoto');
INSERT INTO movie_cast_members (movie_id, cast_member) VALUES (1404404, 'Yumiko Kobayashi');
INSERT INTO movie_cast_members (movie_id, cast_member) VALUES (1404404, 'Miki Narahashi');
INSERT INTO movie_cast_members (movie_id, cast_member) VALUES (1404404, 'Toshiyuki Morikawa');
INSERT INTO movie_cast_members (movie_id, cast_member) VALUES (1404404, 'Satomi Korogi');
INSERT INTO movie_cast_members (movie_id, cast_member) VALUES (1404404, 'Mari Mashiba');
INSERT INTO movie_genres (movie_id, genre) VALUES (1404404, 'Animation');
INSERT INTO movie_genres (movie_id, genre) VALUES (1404404, 'Adventure');
INSERT INTO movie_genres (movie_id, genre) VALUES (1404404, 'Comedy');
INSERT INTO movie_image_urls (movie_id, image_url) VALUES (1404404, 'https://image.tmdb.org/t/p/original/uHwUVYtQUHm1nYVQOuz2xPQZzFH.jpg');

INSERT INTO movies (id, title, release_year, duration_minutes, country, language, synopsis, poster_image_url, backdrop_image_url) VALUES (1333100, 'Attack on Titan: THE LAST ATTACK', 2024, 145, 'Japan', 'Japanese', 'A colossal-sized omnibus film bringing together the last two episodes of Attack on Titan in the franchise''s first-ever theatrical experience. After venturing beyond the walls and separated from his comrades, Eren finds himself inspired by this new truth and plots the "Rumbling," a terrifying plan to eradicate every living thing in the world. With the fate of the world hanging in the balance, a motley crew of Eren''s former comrades and enemies scramble to halt his deadly mission. The only question is, can they stop him?', 'https://image.tmdb.org/t/p/w500/wgwldDDlTDDMrluOMkpSA8lyKjv.jpg', 'https://image.tmdb.org/t/p/original/nB6IR9XfdRpVRKCz85uT97EjgwB.jpg') ON CONFLICT (id) DO UPDATE SET title = EXCLUDED.title, release_year = EXCLUDED.release_year, duration_minutes = EXCLUDED.duration_minutes, country = EXCLUDED.country, language = EXCLUDED.language, synopsis = EXCLUDED.synopsis, poster_image_url = EXCLUDED.poster_image_url, backdrop_image_url = EXCLUDED.backdrop_image_url;
INSERT INTO movie_directors (movie_id, director) VALUES (1333100, 'Yuichiro Hayashi');
INSERT INTO movie_cast_members (movie_id, cast_member) VALUES (1333100, 'Yuki Kaji');
INSERT INTO movie_cast_members (movie_id, cast_member) VALUES (1333100, 'Yui Ishikawa');
INSERT INTO movie_cast_members (movie_id, cast_member) VALUES (1333100, 'Marina Inoue');
INSERT INTO movie_cast_members (movie_id, cast_member) VALUES (1333100, 'Hiroshi Kamiya');
INSERT INTO movie_cast_members (movie_id, cast_member) VALUES (1333100, 'Yu Shimamura');
INSERT INTO movie_genres (movie_id, genre) VALUES (1333100, 'Animation');
INSERT INTO movie_genres (movie_id, genre) VALUES (1333100, 'Action');
INSERT INTO movie_genres (movie_id, genre) VALUES (1333100, 'Adventure');
INSERT INTO movie_genres (movie_id, genre) VALUES (1333100, 'Drama');
INSERT INTO movie_image_urls (movie_id, image_url) VALUES (1333100, 'https://image.tmdb.org/t/p/original/sl5rXSyMTzK5WkpRO9oVIkqr6DE.jpg');
INSERT INTO movie_image_urls (movie_id, image_url) VALUES (1333100, 'https://image.tmdb.org/t/p/original/a4It6nWFmGw6P76B67FZndaecXS.jpg');
INSERT INTO movie_image_urls (movie_id, image_url) VALUES (1333100, 'https://image.tmdb.org/t/p/original/wZY7MFeDcJR1It2ywanCKQudnvt.jpg');
INSERT INTO movie_image_urls (movie_id, image_url) VALUES (1333100, 'https://image.tmdb.org/t/p/original/dReyvVudZ0PLl8mSw8zyLr6O4eC.jpg');

INSERT INTO movies (id, title, release_year, duration_minutes, country, language, synopsis, poster_image_url, backdrop_image_url) VALUES (1629382, 'Street Flow 3', 2026, 112, 'France', 'French', 'Grieving and facing the consequences of their crimes, the Traoré brothers get one last chance to forge a new path.', 'https://image.tmdb.org/t/p/w500/vl50ruzFWxrbK4zFz0ySjC3TdyK.jpg', 'https://image.tmdb.org/t/p/original/jhfJZ82qzcMV4Kr7G0uczdU4n2v.jpg') ON CONFLICT (id) DO UPDATE SET title = EXCLUDED.title, release_year = EXCLUDED.release_year, duration_minutes = EXCLUDED.duration_minutes, country = EXCLUDED.country, language = EXCLUDED.language, synopsis = EXCLUDED.synopsis, poster_image_url = EXCLUDED.poster_image_url, backdrop_image_url = EXCLUDED.backdrop_image_url;
INSERT INTO movie_directors (movie_id, director) VALUES (1629382, 'Leïla Sy');
INSERT INTO movie_directors (movie_id, director) VALUES (1629382, 'Alix Mathurin');
INSERT INTO movie_cast_members (movie_id, cast_member) VALUES (1629382, 'Alix Mathurin');
INSERT INTO movie_cast_members (movie_id, cast_member) VALUES (1629382, 'Bakary Diombera');
INSERT INTO movie_cast_members (movie_id, cast_member) VALUES (1629382, 'Jammeh Diangana');
INSERT INTO movie_cast_members (movie_id, cast_member) VALUES (1629382, 'Cherine Ghemri');
INSERT INTO movie_cast_members (movie_id, cast_member) VALUES (1629382, 'Karim Zenoud');
INSERT INTO movie_genres (movie_id, genre) VALUES (1629382, 'Drama');
INSERT INTO movie_image_urls (movie_id, image_url) VALUES (1629382, 'https://image.tmdb.org/t/p/original/q8Iqnmp0nnNT6IsxHHx81i9dKQw.jpg');
INSERT INTO movie_image_urls (movie_id, image_url) VALUES (1629382, 'https://image.tmdb.org/t/p/original/6soO4OmcKWU6roRCP7lqpYev2MN.jpg');
INSERT INTO movie_image_urls (movie_id, image_url) VALUES (1629382, 'https://image.tmdb.org/t/p/original/oQQ2VKUHjnjvRSvGW2Rb6RvoH3Y.jpg');
INSERT INTO movie_image_urls (movie_id, image_url) VALUES (1629382, 'https://image.tmdb.org/t/p/original/ne7ReU6oPC6bMahzxew0cu6Gtxw.jpg');

INSERT INTO movies (id, title, release_year, duration_minutes, country, language, synopsis, poster_image_url, backdrop_image_url) VALUES (1241983, 'Train Dreams', 2025, 102, 'United States of America', 'Mandarin', 'A logger leads a life of quiet grace as he experiences love and loss during an era of monumental change in early 20th-century America.', 'https://image.tmdb.org/t/p/w500/oHTNNQzoWUUnswz8F0bwZetEKgj.jpg', 'https://image.tmdb.org/t/p/original/gwohbraLtlTW7F9EAyxOckSBwf3.jpg') ON CONFLICT (id) DO UPDATE SET title = EXCLUDED.title, release_year = EXCLUDED.release_year, duration_minutes = EXCLUDED.duration_minutes, country = EXCLUDED.country, language = EXCLUDED.language, synopsis = EXCLUDED.synopsis, poster_image_url = EXCLUDED.poster_image_url, backdrop_image_url = EXCLUDED.backdrop_image_url;
INSERT INTO movie_directors (movie_id, director) VALUES (1241983, 'Clint Bentley');
INSERT INTO movie_cast_members (movie_id, cast_member) VALUES (1241983, 'Joel Edgerton');
INSERT INTO movie_cast_members (movie_id, cast_member) VALUES (1241983, 'Felicity Jones');
INSERT INTO movie_cast_members (movie_id, cast_member) VALUES (1241983, 'Nathaniel Arcand');
INSERT INTO movie_cast_members (movie_id, cast_member) VALUES (1241983, 'Clifton Collins Jr.');
INSERT INTO movie_cast_members (movie_id, cast_member) VALUES (1241983, 'John Diehl');
INSERT INTO movie_genres (movie_id, genre) VALUES (1241983, 'Drama');
INSERT INTO movie_image_urls (movie_id, image_url) VALUES (1241983, 'https://image.tmdb.org/t/p/original/u5NWHVhZ6HWc1fXnqn82cMar5St.jpg');
INSERT INTO movie_image_urls (movie_id, image_url) VALUES (1241983, 'https://image.tmdb.org/t/p/original/2JszsYDORa8NxWY5V7Xp2in2WIr.jpg');
INSERT INTO movie_image_urls (movie_id, image_url) VALUES (1241983, 'https://image.tmdb.org/t/p/original/4ScTB6ScjY1OONxmPRBXeMzTBdQ.jpg');
INSERT INTO movie_image_urls (movie_id, image_url) VALUES (1241983, 'https://image.tmdb.org/t/p/original/1RIlU7ChPVDc3Hx5efW7ZIBGB7w.jpg');

INSERT INTO movies (id, title, release_year, duration_minutes, country, language, synopsis, poster_image_url, backdrop_image_url) VALUES (10835, 'The Killer', 1989, 110, 'Hong Kong', 'Cantonese', 'Mob assassin Jeffrey is no ordinary hired gun; the best in his business, he views his chosen profession as a calling rather than simply a job. So, when beautiful nightclub chanteuse Jennie is blinded in the crossfire of his most recent hit, Jeffrey chooses to retire after one last job to pay for his unintended victim''s sight-restoring operation. But when Jeffrey is double-crossed, he reluctantly joins forces with a rogue policeman to make things right.', 'https://image.tmdb.org/t/p/w500/8hTxlSqMAHBXAh1eB69ir0BXhzE.jpg', 'https://image.tmdb.org/t/p/original/tJao1qKLYMKzyOvLHxxHeV6Jxzc.jpg') ON CONFLICT (id) DO UPDATE SET title = EXCLUDED.title, release_year = EXCLUDED.release_year, duration_minutes = EXCLUDED.duration_minutes, country = EXCLUDED.country, language = EXCLUDED.language, synopsis = EXCLUDED.synopsis, poster_image_url = EXCLUDED.poster_image_url, backdrop_image_url = EXCLUDED.backdrop_image_url;
INSERT INTO movie_directors (movie_id, director) VALUES (10835, 'John Woo');
INSERT INTO movie_cast_members (movie_id, cast_member) VALUES (10835, 'Chow Yun-Fat');
INSERT INTO movie_cast_members (movie_id, cast_member) VALUES (10835, 'Danny Lee Sau-Yin');
INSERT INTO movie_cast_members (movie_id, cast_member) VALUES (10835, 'Sally Yeh');
INSERT INTO movie_cast_members (movie_id, cast_member) VALUES (10835, 'Paul Chu Kong');
INSERT INTO movie_cast_members (movie_id, cast_member) VALUES (10835, 'Kenneth Tsang');
INSERT INTO movie_genres (movie_id, genre) VALUES (10835, 'Action');
INSERT INTO movie_genres (movie_id, genre) VALUES (10835, 'Crime');
INSERT INTO movie_genres (movie_id, genre) VALUES (10835, 'Drama');
INSERT INTO movie_genres (movie_id, genre) VALUES (10835, 'Thriller');
INSERT INTO movie_image_urls (movie_id, image_url) VALUES (10835, 'https://image.tmdb.org/t/p/original/2Mvx4vWT4dy4vuX2iWiW0x8oME4.jpg');
INSERT INTO movie_image_urls (movie_id, image_url) VALUES (10835, 'https://image.tmdb.org/t/p/original/p0vZCJ2KcMbrtU0e4hxAhbKbDAc.jpg');
INSERT INTO movie_image_urls (movie_id, image_url) VALUES (10835, 'https://image.tmdb.org/t/p/original/jetidiki3UjVJEpFwcK2kUrvoR5.jpg');
INSERT INTO movie_image_urls (movie_id, image_url) VALUES (10835, 'https://image.tmdb.org/t/p/original/zWKiGprCr5Yk35y2RHFXZBtc8vY.jpg');

INSERT INTO movies (id, title, release_year, duration_minutes, country, language, synopsis, poster_image_url, backdrop_image_url) VALUES (1107216, 'Pets on a Train', 2025, 86, 'France', 'English', 'When a train unexpectedly starts up, taking only pets with it, the animals discover that Hans, a badger with a grudge is behind it all. While the crash seems inevitable, the animals can count on Falcon, a roguish Raccoon who will do anything to save them.', 'https://image.tmdb.org/t/p/w500/b10qy1KwrfmH0MGS2rBUJ0BxgYB.jpg', 'https://image.tmdb.org/t/p/original/3Gjo73aMqNWxNdBa7PeEj7AXJ3E.jpg') ON CONFLICT (id) DO UPDATE SET title = EXCLUDED.title, release_year = EXCLUDED.release_year, duration_minutes = EXCLUDED.duration_minutes, country = EXCLUDED.country, language = EXCLUDED.language, synopsis = EXCLUDED.synopsis, poster_image_url = EXCLUDED.poster_image_url, backdrop_image_url = EXCLUDED.backdrop_image_url;
INSERT INTO movie_directors (movie_id, director) VALUES (1107216, 'Benoît Daffis');
INSERT INTO movie_directors (movie_id, director) VALUES (1107216, 'Jean-Christian Tassy');
INSERT INTO movie_cast_members (movie_id, cast_member) VALUES (1107216, 'Damien Ferrette');
INSERT INTO movie_cast_members (movie_id, cast_member) VALUES (1107216, 'Hervé Jolly');
INSERT INTO movie_cast_members (movie_id, cast_member) VALUES (1107216, 'Kaycie Chase');
INSERT INTO movie_cast_members (movie_id, cast_member) VALUES (1107216, 'Frantz Confiac');
INSERT INTO movie_cast_members (movie_id, cast_member) VALUES (1107216, 'Emmanuel Garijo');
INSERT INTO movie_genres (movie_id, genre) VALUES (1107216, 'Animation');
INSERT INTO movie_genres (movie_id, genre) VALUES (1107216, 'Comedy');
INSERT INTO movie_genres (movie_id, genre) VALUES (1107216, 'Adventure');
INSERT INTO movie_genres (movie_id, genre) VALUES (1107216, 'Thriller');
INSERT INTO movie_image_urls (movie_id, image_url) VALUES (1107216, 'https://image.tmdb.org/t/p/original/c3tpVAZuiWDNn7PzgFBNsQY4DcY.jpg');
INSERT INTO movie_image_urls (movie_id, image_url) VALUES (1107216, 'https://image.tmdb.org/t/p/original/rwAgVd3hovt9O5S3pPpWMq8Pwtv.jpg');
INSERT INTO movie_image_urls (movie_id, image_url) VALUES (1107216, 'https://image.tmdb.org/t/p/original/a4xhByKMBKQNSP2lNGSBMhqH2wp.jpg');
INSERT INTO movie_image_urls (movie_id, image_url) VALUES (1107216, 'https://image.tmdb.org/t/p/original/i0br645raryQN4D6smcLV9kwnJD.jpg');

INSERT INTO movies (id, title, release_year, duration_minutes, country, language, synopsis, poster_image_url, backdrop_image_url) VALUES (1401281, 'The Testament of Ann Lee', 2025, 137, 'United States of America', 'English', 'The extraordinary true legend of Ann Lee, founder of the devotional sect known as the Shakers, who preached gender and social equality and was revered by her followers as the female Christ.', 'https://image.tmdb.org/t/p/w500/hBGg3IGRM7LM6ydMmDrl8mEx33Y.jpg', 'https://image.tmdb.org/t/p/original/jZNR5onRZijwyGr5iWbs3J9QcYr.jpg') ON CONFLICT (id) DO UPDATE SET title = EXCLUDED.title, release_year = EXCLUDED.release_year, duration_minutes = EXCLUDED.duration_minutes, country = EXCLUDED.country, language = EXCLUDED.language, synopsis = EXCLUDED.synopsis, poster_image_url = EXCLUDED.poster_image_url, backdrop_image_url = EXCLUDED.backdrop_image_url;
INSERT INTO movie_directors (movie_id, director) VALUES (1401281, 'Mona Fastvold');
INSERT INTO movie_cast_members (movie_id, cast_member) VALUES (1401281, 'Amanda Seyfried');
INSERT INTO movie_cast_members (movie_id, cast_member) VALUES (1401281, 'Lewis Pullman');
INSERT INTO movie_cast_members (movie_id, cast_member) VALUES (1401281, 'Thomasin McKenzie');
INSERT INTO movie_cast_members (movie_id, cast_member) VALUES (1401281, 'Matthew Beard');
INSERT INTO movie_cast_members (movie_id, cast_member) VALUES (1401281, 'Christopher Abbott');
INSERT INTO movie_genres (movie_id, genre) VALUES (1401281, 'History');
INSERT INTO movie_genres (movie_id, genre) VALUES (1401281, 'Drama');
INSERT INTO movie_genres (movie_id, genre) VALUES (1401281, 'Music');
INSERT INTO movie_image_urls (movie_id, image_url) VALUES (1401281, 'https://image.tmdb.org/t/p/original/fhrXCXKfBFNoCfpA0pdkBZ65P4a.jpg');
INSERT INTO movie_image_urls (movie_id, image_url) VALUES (1401281, 'https://image.tmdb.org/t/p/original/pJptfzINz4foLJoUGlhPD2MwAmT.jpg');
INSERT INTO movie_image_urls (movie_id, image_url) VALUES (1401281, 'https://image.tmdb.org/t/p/original/4AiublmsxfMJYiqBWzDrpsonRkv.jpg');
INSERT INTO movie_image_urls (movie_id, image_url) VALUES (1401281, 'https://image.tmdb.org/t/p/original/tAmDsWttW4eRpmWHexvEUf6qB9z.jpg');

INSERT INTO movies (id, title, release_year, duration_minutes, country, language, synopsis, poster_image_url, backdrop_image_url) VALUES (1174334, 'A Foggy Tale', 2025, 134, 'Taiwan', 'Mandarin', 'Yue''s brother was executed by the government. Determined to bring his body back home, Yue goes to Taipei alone and is nearly sold by human traffickers. Luckily, she is saved by Chao Kung-tao, a discharged soldier. Seeing no prospects in his own life, he decides to help Yue. Two people with no relations become friends in need, embarking on a journey that could cost them their lives.', 'https://image.tmdb.org/t/p/w500/nj1QyqHN48Wn66U9JYXIywNX8Nj.jpg', 'https://image.tmdb.org/t/p/original/gMDGov7yzowLP92yf8AzMkOrcfD.jpg') ON CONFLICT (id) DO UPDATE SET title = EXCLUDED.title, release_year = EXCLUDED.release_year, duration_minutes = EXCLUDED.duration_minutes, country = EXCLUDED.country, language = EXCLUDED.language, synopsis = EXCLUDED.synopsis, poster_image_url = EXCLUDED.poster_image_url, backdrop_image_url = EXCLUDED.backdrop_image_url;
INSERT INTO movie_directors (movie_id, director) VALUES (1174334, 'Chen Yu-hsun');
INSERT INTO movie_cast_members (movie_id, cast_member) VALUES (1174334, 'Caitlin Fang');
INSERT INTO movie_cast_members (movie_id, cast_member) VALUES (1174334, 'Will Or Wai-Lam');
INSERT INTO movie_cast_members (movie_id, cast_member) VALUES (1174334, '9m88');
INSERT INTO movie_cast_members (movie_id, cast_member) VALUES (1174334, 'Tseng Jing-hua');
INSERT INTO movie_cast_members (movie_id, cast_member) VALUES (1174334, 'Pan Li-li');
INSERT INTO movie_genres (movie_id, genre) VALUES (1174334, 'Adventure');
INSERT INTO movie_genres (movie_id, genre) VALUES (1174334, 'Drama');
INSERT INTO movie_image_urls (movie_id, image_url) VALUES (1174334, 'https://image.tmdb.org/t/p/original/gKMJ2u5jzLQIDD9uhHk7tgtOrmP.jpg');
INSERT INTO movie_image_urls (movie_id, image_url) VALUES (1174334, 'https://image.tmdb.org/t/p/original/AoTJQNBawVlyRUwOKkdKn10co0Y.jpg');
INSERT INTO movie_image_urls (movie_id, image_url) VALUES (1174334, 'https://image.tmdb.org/t/p/original/4QcXpO0bteSBQNU3Fg39GFXCSiE.jpg');
INSERT INTO movie_image_urls (movie_id, image_url) VALUES (1174334, 'https://image.tmdb.org/t/p/original/sxuhXyGLMMQyhMImXonTiWQm5uL.jpg');

INSERT INTO movies (id, title, release_year, duration_minutes, country, language, synopsis, poster_image_url, backdrop_image_url) VALUES (1391074, 'Busboys', 2026, 93, NULL, 'English', 'A pair of idiot friends believe that if they become waiters, all of their problems will be solved. They aren''t entirely wrong, but they aren''t entirely right.', 'https://image.tmdb.org/t/p/w500/z7aBU98usPaaFymldN6IcYRsHZr.jpg', 'https://image.tmdb.org/t/p/original/qOz6dnXtMJGi2OkVK9VxAwofgpO.jpg') ON CONFLICT (id) DO UPDATE SET title = EXCLUDED.title, release_year = EXCLUDED.release_year, duration_minutes = EXCLUDED.duration_minutes, country = EXCLUDED.country, language = EXCLUDED.language, synopsis = EXCLUDED.synopsis, poster_image_url = EXCLUDED.poster_image_url, backdrop_image_url = EXCLUDED.backdrop_image_url;
INSERT INTO movie_directors (movie_id, director) VALUES (1391074, 'Jonah Feingold');
INSERT INTO movie_cast_members (movie_id, cast_member) VALUES (1391074, 'David Spade');
INSERT INTO movie_cast_members (movie_id, cast_member) VALUES (1391074, 'Theo Von');
INSERT INTO movie_cast_members (movie_id, cast_member) VALUES (1391074, 'Bobby Lee');
INSERT INTO movie_cast_members (movie_id, cast_member) VALUES (1391074, 'Tim Dillon');
INSERT INTO movie_cast_members (movie_id, cast_member) VALUES (1391074, 'Kam Patterson');
INSERT INTO movie_genres (movie_id, genre) VALUES (1391074, 'Comedy');
INSERT INTO movie_image_urls (movie_id, image_url) VALUES (1391074, 'https://image.tmdb.org/t/p/original/97r2ifyqVnBWJX9NrKQ3FdgMLCZ.jpg');

INSERT INTO movies (id, title, release_year, duration_minutes, country, language, synopsis, poster_image_url, backdrop_image_url) VALUES (1005985, 'Organ Child', 2025, 109, 'Taiwan', 'Mandarin', 'A series of tragic events unfolds after Chang Chi-Mao''s daughter goes missing as an infant. Chang becomes consumed by revenge against a powerful criminal organization suspected of kidnapping her. Along the way, he clings to the hope that his daughter may still be alive, determined to rescue her and break free from their dark fate.', 'https://image.tmdb.org/t/p/w500/bqKind6aQbKnfqDEBRMHrqrQhmU.jpg', 'https://image.tmdb.org/t/p/original/o0n8l6Itc3vjf9svwHGzC3uuQhZ.jpg') ON CONFLICT (id) DO UPDATE SET title = EXCLUDED.title, release_year = EXCLUDED.release_year, duration_minutes = EXCLUDED.duration_minutes, country = EXCLUDED.country, language = EXCLUDED.language, synopsis = EXCLUDED.synopsis, poster_image_url = EXCLUDED.poster_image_url, backdrop_image_url = EXCLUDED.backdrop_image_url;
INSERT INTO movie_directors (movie_id, director) VALUES (1005985, 'Jian Shiue-bin');
INSERT INTO movie_cast_members (movie_id, cast_member) VALUES (1005985, 'Joseph Chang');
INSERT INTO movie_cast_members (movie_id, cast_member) VALUES (1005985, 'Moon Lee');
INSERT INTO movie_cast_members (movie_id, cast_member) VALUES (1005985, 'Shou Lou');
INSERT INTO movie_cast_members (movie_id, cast_member) VALUES (1005985, 'Simon Hsueh');
INSERT INTO movie_cast_members (movie_id, cast_member) VALUES (1005985, 'Kenzy Chou');
INSERT INTO movie_genres (movie_id, genre) VALUES (1005985, 'Action');
INSERT INTO movie_genres (movie_id, genre) VALUES (1005985, 'Drama');
INSERT INTO movie_genres (movie_id, genre) VALUES (1005985, 'Crime');
INSERT INTO movie_image_urls (movie_id, image_url) VALUES (1005985, 'https://image.tmdb.org/t/p/original/vgyXWAdBXrDhZZ7IyzD9gjjm6M7.jpg');
INSERT INTO movie_image_urls (movie_id, image_url) VALUES (1005985, 'https://image.tmdb.org/t/p/original/hYurQVKd24TWMrqsSqcFoSkz5RV.jpg');
INSERT INTO movie_image_urls (movie_id, image_url) VALUES (1005985, 'https://image.tmdb.org/t/p/original/5gtD9XR3eaAdGlfqYQYQMAVZIp9.jpg');
INSERT INTO movie_image_urls (movie_id, image_url) VALUES (1005985, 'https://image.tmdb.org/t/p/original/uBFS3GxprPu3Zi0qDDeHgRtk6Eo.jpg');

INSERT INTO movies (id, title, release_year, duration_minutes, country, language, synopsis, poster_image_url, backdrop_image_url) VALUES (1400357, 'The Christophers', 2026, 100, 'United Kingdom', 'English', 'The estranged children of a once-famous artist hire a forger to complete his unfinished works so they can be "discovered" and sold after his death.', 'https://image.tmdb.org/t/p/w500/uLRr3sVVqzcexegoCMrhb2AsVZn.jpg', 'https://image.tmdb.org/t/p/original/mWRjVb2Lj9pjOlNcDP7lNvrvSo8.jpg') ON CONFLICT (id) DO UPDATE SET title = EXCLUDED.title, release_year = EXCLUDED.release_year, duration_minutes = EXCLUDED.duration_minutes, country = EXCLUDED.country, language = EXCLUDED.language, synopsis = EXCLUDED.synopsis, poster_image_url = EXCLUDED.poster_image_url, backdrop_image_url = EXCLUDED.backdrop_image_url;
INSERT INTO movie_directors (movie_id, director) VALUES (1400357, 'Steven Soderbergh');
INSERT INTO movie_cast_members (movie_id, cast_member) VALUES (1400357, 'Michaela Coel');
INSERT INTO movie_cast_members (movie_id, cast_member) VALUES (1400357, 'Ian McKellen');
INSERT INTO movie_cast_members (movie_id, cast_member) VALUES (1400357, 'Jessica Gunning');
INSERT INTO movie_cast_members (movie_id, cast_member) VALUES (1400357, 'James Corden');
INSERT INTO movie_cast_members (movie_id, cast_member) VALUES (1400357, 'Ferdy Roberts');
INSERT INTO movie_genres (movie_id, genre) VALUES (1400357, 'Crime');
INSERT INTO movie_genres (movie_id, genre) VALUES (1400357, 'Comedy');
INSERT INTO movie_image_urls (movie_id, image_url) VALUES (1400357, 'https://image.tmdb.org/t/p/original/wn1aZgUN6JP29iPKb7KTykBu6dP.jpg');
INSERT INTO movie_image_urls (movie_id, image_url) VALUES (1400357, 'https://image.tmdb.org/t/p/original/v6rpWBvkuXyQzlKQVrzaIoBn5aQ.jpg');
INSERT INTO movie_image_urls (movie_id, image_url) VALUES (1400357, 'https://image.tmdb.org/t/p/original/l6xammEZFja8Q56I5vVuGN2u7aI.jpg');
INSERT INTO movie_image_urls (movie_id, image_url) VALUES (1400357, 'https://image.tmdb.org/t/p/original/6oFKk0DMLBrbVQ1xy6E0OpA4clp.jpg');

INSERT INTO movies (id, title, release_year, duration_minutes, country, language, synopsis, poster_image_url, backdrop_image_url) VALUES (1057265, 'Peddi', 2026, 1, 'India', 'Telugu', 'In 1980s rural Andhra Pradesh, A spirited villager unites his community through sports to defend their pride against a powerful rival.', 'https://image.tmdb.org/t/p/w500/AiBszxYkCeEMBcznz6x3HdGVLqc.jpg', 'https://image.tmdb.org/t/p/original/aVvMoRyQupMzftoI6AydbEhtSi8.jpg') ON CONFLICT (id) DO UPDATE SET title = EXCLUDED.title, release_year = EXCLUDED.release_year, duration_minutes = EXCLUDED.duration_minutes, country = EXCLUDED.country, language = EXCLUDED.language, synopsis = EXCLUDED.synopsis, poster_image_url = EXCLUDED.poster_image_url, backdrop_image_url = EXCLUDED.backdrop_image_url;
INSERT INTO movie_directors (movie_id, director) VALUES (1057265, 'Buchi Babu Sana');
INSERT INTO movie_cast_members (movie_id, cast_member) VALUES (1057265, 'Ram Charan');
INSERT INTO movie_cast_members (movie_id, cast_member) VALUES (1057265, 'Janhvi Kapoor');
INSERT INTO movie_cast_members (movie_id, cast_member) VALUES (1057265, 'Shiva Rajkumar');
INSERT INTO movie_cast_members (movie_id, cast_member) VALUES (1057265, 'Jagapati Babu');
INSERT INTO movie_cast_members (movie_id, cast_member) VALUES (1057265, 'Divyendu Sharma');
INSERT INTO movie_genres (movie_id, genre) VALUES (1057265, 'Drama');
INSERT INTO movie_genres (movie_id, genre) VALUES (1057265, 'Action');
INSERT INTO movie_image_urls (movie_id, image_url) VALUES (1057265, 'https://image.tmdb.org/t/p/original/a5qnPRBPqEKpy1SoL1F3aPEjxfl.jpg');
INSERT INTO movie_image_urls (movie_id, image_url) VALUES (1057265, 'https://image.tmdb.org/t/p/original/9QQhYRIzvihzBXzp1gBc0WEj3PW.jpg');

INSERT INTO movies (id, title, release_year, duration_minutes, country, language, synopsis, poster_image_url, backdrop_image_url) VALUES (1319520, 'Human Resource', 2026, 122, 'Thailand', 'Thai', 'Working in HR at a challenging company, Fren interviews young new hires and is secretly one month pregnant, grappling with the decision to have a child in difficult circumstances.', 'https://image.tmdb.org/t/p/w500/gB8aGoVwPFH99orjybV1i0P5e7a.jpg', 'https://image.tmdb.org/t/p/original/nyjtKo3D4avnkqUI9LXd7WeVfV.jpg') ON CONFLICT (id) DO UPDATE SET title = EXCLUDED.title, release_year = EXCLUDED.release_year, duration_minutes = EXCLUDED.duration_minutes, country = EXCLUDED.country, language = EXCLUDED.language, synopsis = EXCLUDED.synopsis, poster_image_url = EXCLUDED.poster_image_url, backdrop_image_url = EXCLUDED.backdrop_image_url;
INSERT INTO movie_directors (movie_id, director) VALUES (1319520, 'Nawapol Thamrongrattanarit');
INSERT INTO movie_cast_members (movie_id, cast_member) VALUES (1319520, 'Prapamonton Eiamchan');
INSERT INTO movie_cast_members (movie_id, cast_member) VALUES (1319520, 'Paopetch Charoensook');
INSERT INTO movie_cast_members (movie_id, cast_member) VALUES (1319520, 'Chanakan Rattanaudom');
INSERT INTO movie_cast_members (movie_id, cast_member) VALUES (1319520, 'Pimmada Chaisaksoen');
INSERT INTO movie_cast_members (movie_id, cast_member) VALUES (1319520, 'Darina Boonchu');
INSERT INTO movie_genres (movie_id, genre) VALUES (1319520, 'Drama');
INSERT INTO movie_image_urls (movie_id, image_url) VALUES (1319520, 'https://image.tmdb.org/t/p/original/aiIoWznS5Z15ZLxo4eQaEyOSP0H.jpg');
INSERT INTO movie_image_urls (movie_id, image_url) VALUES (1319520, 'https://image.tmdb.org/t/p/original/4LXicbX1YmjHuBAjqoF58rQjRxD.jpg');
INSERT INTO movie_image_urls (movie_id, image_url) VALUES (1319520, 'https://image.tmdb.org/t/p/original/8TT2VKXCv3sFFRXWQOgCQmrYXWK.jpg');
INSERT INTO movie_image_urls (movie_id, image_url) VALUES (1319520, 'https://image.tmdb.org/t/p/original/hR2PQpW4vvDET2TooXoePP0wmmh.jpg');

INSERT INTO movies (id, title, release_year, duration_minutes, country, language, synopsis, poster_image_url, backdrop_image_url) VALUES (896453, 'Flashback', 2026, 109, 'India', 'Tamil', 'Synopsis unavailable.', 'https://image.tmdb.org/t/p/w500/rH3Svoode1JouAuns60wZqFn6gO.jpg', 'https://image.tmdb.org/t/p/original/lDiJ2j8h6wKHMmAEVJhwEMTbWSM.jpg') ON CONFLICT (id) DO UPDATE SET title = EXCLUDED.title, release_year = EXCLUDED.release_year, duration_minutes = EXCLUDED.duration_minutes, country = EXCLUDED.country, language = EXCLUDED.language, synopsis = EXCLUDED.synopsis, poster_image_url = EXCLUDED.poster_image_url, backdrop_image_url = EXCLUDED.backdrop_image_url;
INSERT INTO movie_directors (movie_id, director) VALUES (896453, 'Don Sandy');
INSERT INTO movie_cast_members (movie_id, cast_member) VALUES (896453, 'Prabhu Deva');
INSERT INTO movie_cast_members (movie_id, cast_member) VALUES (896453, 'Regina Cassandra');
INSERT INTO movie_cast_members (movie_id, cast_member) VALUES (896453, 'Anasuya Bharadwaj');
INSERT INTO movie_cast_members (movie_id, cast_member) VALUES (896453, 'Ram Karthik');
INSERT INTO movie_cast_members (movie_id, cast_member) VALUES (896453, 'Aryan');
INSERT INTO movie_genres (movie_id, genre) VALUES (896453, 'Romance');
INSERT INTO movie_genres (movie_id, genre) VALUES (896453, 'Comedy');
INSERT INTO movie_genres (movie_id, genre) VALUES (896453, 'Action');

INSERT INTO movies (id, title, release_year, duration_minutes, country, language, synopsis, poster_image_url, backdrop_image_url) VALUES (1542877, 'Assassination Classroom the Movie: Everyone''s Time', 2026, 87, 'Japan', 'Japanese', 'United by a common mission to eliminate their teacher, Koro-sensei, an alien creature with phenomenal strength, join Nagisa and his Class 3-E classmates in brand-new adventures.', 'https://image.tmdb.org/t/p/w500/lrkRHu4MYQ6BlCJe6iTcZGoLqP.jpg', 'https://image.tmdb.org/t/p/original/oP3Gj7nihYsu9i4JyPVMRLR7xBP.jpg') ON CONFLICT (id) DO UPDATE SET title = EXCLUDED.title, release_year = EXCLUDED.release_year, duration_minutes = EXCLUDED.duration_minutes, country = EXCLUDED.country, language = EXCLUDED.language, synopsis = EXCLUDED.synopsis, poster_image_url = EXCLUDED.poster_image_url, backdrop_image_url = EXCLUDED.backdrop_image_url;
INSERT INTO movie_directors (movie_id, director) VALUES (1542877, 'Masaki Kitamura');
INSERT INTO movie_cast_members (movie_id, cast_member) VALUES (1542877, 'Jun Fukuyama');
INSERT INTO movie_cast_members (movie_id, cast_member) VALUES (1542877, 'Tomokazu Sugita');
INSERT INTO movie_cast_members (movie_id, cast_member) VALUES (1542877, 'Shizuka Itoh');
INSERT INTO movie_cast_members (movie_id, cast_member) VALUES (1542877, 'Mai Fuchigami');
INSERT INTO movie_cast_members (movie_id, cast_member) VALUES (1542877, 'Nobuhiko Okamoto');
INSERT INTO movie_genres (movie_id, genre) VALUES (1542877, 'Animation');
INSERT INTO movie_genres (movie_id, genre) VALUES (1542877, 'Comedy');
INSERT INTO movie_genres (movie_id, genre) VALUES (1542877, 'Action');
INSERT INTO movie_genres (movie_id, genre) VALUES (1542877, 'Science Fiction');
INSERT INTO movie_image_urls (movie_id, image_url) VALUES (1542877, 'https://image.tmdb.org/t/p/original/wj5NeJ3jbOH1no0xWxriF5WpZPJ.jpg');
INSERT INTO movie_image_urls (movie_id, image_url) VALUES (1542877, 'https://image.tmdb.org/t/p/original/98FdMAratPNMWzVvzXpaQmTKO9T.jpg');
INSERT INTO movie_image_urls (movie_id, image_url) VALUES (1542877, 'https://image.tmdb.org/t/p/original/fOH5Yv8R9tfZVcfsFfpkwfXgLrM.jpg');
INSERT INTO movie_image_urls (movie_id, image_url) VALUES (1542877, 'https://image.tmdb.org/t/p/original/9y9HMou5hBGhRm8u9LvlEgEjDLv.jpg');

INSERT INTO movies (id, title, release_year, duration_minutes, country, language, synopsis, poster_image_url, backdrop_image_url) VALUES (1220566, 'Eagles of the Republic', 2025, 128, 'Sweden', 'Arabic', 'George Fahmy, Egypt''s most adored actor, is pressured to star in a film commissioned by the highest authorities. He reluctantly accepts and finds himself thrown into the inner circle of power. Like moth drawn to flame, he begins an affair with the mysterious wife of the general overseeing the project.', 'https://image.tmdb.org/t/p/w500/f9MzpMfbBL4PknhKqoQpIUdskTl.jpg', 'https://image.tmdb.org/t/p/original/58OY9eFRI6EyFf05mUA0ULLP1Gj.jpg') ON CONFLICT (id) DO UPDATE SET title = EXCLUDED.title, release_year = EXCLUDED.release_year, duration_minutes = EXCLUDED.duration_minutes, country = EXCLUDED.country, language = EXCLUDED.language, synopsis = EXCLUDED.synopsis, poster_image_url = EXCLUDED.poster_image_url, backdrop_image_url = EXCLUDED.backdrop_image_url;
INSERT INTO movie_directors (movie_id, director) VALUES (1220566, 'Tarik Saleh');
INSERT INTO movie_cast_members (movie_id, cast_member) VALUES (1220566, 'Fares Fares');
INSERT INTO movie_cast_members (movie_id, cast_member) VALUES (1220566, 'Lyna Khoudri');
INSERT INTO movie_cast_members (movie_id, cast_member) VALUES (1220566, 'Zineb Triki');
INSERT INTO movie_cast_members (movie_id, cast_member) VALUES (1220566, 'Amr Waked');
INSERT INTO movie_cast_members (movie_id, cast_member) VALUES (1220566, 'Cherien Dabis');
INSERT INTO movie_genres (movie_id, genre) VALUES (1220566, 'Thriller');
INSERT INTO movie_genres (movie_id, genre) VALUES (1220566, 'Drama');
INSERT INTO movie_image_urls (movie_id, image_url) VALUES (1220566, 'https://image.tmdb.org/t/p/original/84DgFoFDppvf3i5MKZzOctx9HFz.jpg');
INSERT INTO movie_image_urls (movie_id, image_url) VALUES (1220566, 'https://image.tmdb.org/t/p/original/hboAVJQi2odezzdB8S2BKYQMXgP.jpg');
INSERT INTO movie_image_urls (movie_id, image_url) VALUES (1220566, 'https://image.tmdb.org/t/p/original/rR6KE18F6u9q6uTwaSGf4314BYJ.jpg');
INSERT INTO movie_image_urls (movie_id, image_url) VALUES (1220566, 'https://image.tmdb.org/t/p/original/yFo6475Cd5uRv1k2C1IdYNxfUCI.jpg');

INSERT INTO movies (id, title, release_year, duration_minutes, country, language, synopsis, poster_image_url, backdrop_image_url) VALUES (949536, 'Kill Code', 2026, 1, 'United States of America', 'English', 'A power-hungry corporation has taken over the conventional prison system and made criminals the new law enforcers.', 'https://image.tmdb.org/t/p/w500/7dATQI6llREDFr8TJA2vptuTcx3.jpg', 'https://image.tmdb.org/t/p/original/zyqAhNJqwiop5yUOJ8SHV27labY.jpg') ON CONFLICT (id) DO UPDATE SET title = EXCLUDED.title, release_year = EXCLUDED.release_year, duration_minutes = EXCLUDED.duration_minutes, country = EXCLUDED.country, language = EXCLUDED.language, synopsis = EXCLUDED.synopsis, poster_image_url = EXCLUDED.poster_image_url, backdrop_image_url = EXCLUDED.backdrop_image_url;
INSERT INTO movie_directors (movie_id, director) VALUES (949536, 'Justin Price');
INSERT INTO movie_cast_members (movie_id, cast_member) VALUES (949536, 'Franzi Schissler');
INSERT INTO movie_cast_members (movie_id, cast_member) VALUES (949536, 'Frank Grillo');
INSERT INTO movie_cast_members (movie_id, cast_member) VALUES (949536, 'Harvey Keitel');
INSERT INTO movie_cast_members (movie_id, cast_member) VALUES (949536, 'Tyrese Gibson');
INSERT INTO movie_cast_members (movie_id, cast_member) VALUES (949536, 'Peter Stormare');
INSERT INTO movie_genres (movie_id, genre) VALUES (949536, 'Action');
INSERT INTO movie_genres (movie_id, genre) VALUES (949536, 'Thriller');

INSERT INTO movies (id, title, release_year, duration_minutes, country, language, synopsis, poster_image_url, backdrop_image_url) VALUES (959894, 'Pallichattambi', 2026, 1, 'India', 'Malayalam', 'Chattambi, a scheming man in a small town, survives by staying ahead of his neighbors through risky plans. When his schemes backfire, his survival depends on extricating himself from the mess he created.', 'https://image.tmdb.org/t/p/w500/i5ntWvDWe7zHQjZMDz6VTKazGcM.jpg', 'https://image.tmdb.org/t/p/original/fetZ4qMxoNrCeHA2hPEvMLmUQQH.jpg') ON CONFLICT (id) DO UPDATE SET title = EXCLUDED.title, release_year = EXCLUDED.release_year, duration_minutes = EXCLUDED.duration_minutes, country = EXCLUDED.country, language = EXCLUDED.language, synopsis = EXCLUDED.synopsis, poster_image_url = EXCLUDED.poster_image_url, backdrop_image_url = EXCLUDED.backdrop_image_url;
INSERT INTO movie_directors (movie_id, director) VALUES (959894, 'Dijo Jose Antony');
INSERT INTO movie_cast_members (movie_id, cast_member) VALUES (959894, 'Tovino Thomas');
INSERT INTO movie_cast_members (movie_id, cast_member) VALUES (959894, 'Kayadu Lohar');
INSERT INTO movie_cast_members (movie_id, cast_member) VALUES (959894, 'Vijayaraghavan');
INSERT INTO movie_cast_members (movie_id, cast_member) VALUES (959894, 'Sudheer Karamana');
INSERT INTO movie_cast_members (movie_id, cast_member) VALUES (959894, 'T G Ravi');
INSERT INTO movie_genres (movie_id, genre) VALUES (959894, 'Action');
INSERT INTO movie_genres (movie_id, genre) VALUES (959894, 'Drama');

INSERT INTO movies (id, title, release_year, duration_minutes, country, language, synopsis, poster_image_url, backdrop_image_url) VALUES (1279865, 'A New Dawn', 2026, 75, 'Japan', 'Japanese', 'Keitaro lives in a fireworks factory that is about to be shut down. He is determined to unravel the mystery of the Shuhari, a mythical firework created by his father before he disappeared without a trace – and launch it before the factory closes.', 'https://image.tmdb.org/t/p/w500/58U7ySFEPWuWisIyMaNQkdNmUHN.jpg', 'https://image.tmdb.org/t/p/original/uuVLGMIIGwz9QbBlvDvGlfU5HkI.jpg') ON CONFLICT (id) DO UPDATE SET title = EXCLUDED.title, release_year = EXCLUDED.release_year, duration_minutes = EXCLUDED.duration_minutes, country = EXCLUDED.country, language = EXCLUDED.language, synopsis = EXCLUDED.synopsis, poster_image_url = EXCLUDED.poster_image_url, backdrop_image_url = EXCLUDED.backdrop_image_url;
INSERT INTO movie_directors (movie_id, director) VALUES (1279865, 'Yoshitoshi Shinomiya');
INSERT INTO movie_cast_members (movie_id, cast_member) VALUES (1279865, 'Riku Hagiwara');
INSERT INTO movie_cast_members (movie_id, cast_member) VALUES (1279865, 'Kotone Furukawa');
INSERT INTO movie_cast_members (movie_id, cast_member) VALUES (1279865, 'Miyu Irino');
INSERT INTO movie_cast_members (movie_id, cast_member) VALUES (1279865, 'Takashi Okabe');
INSERT INTO movie_genres (movie_id, genre) VALUES (1279865, 'Animation');
INSERT INTO movie_genres (movie_id, genre) VALUES (1279865, 'Drama');
INSERT INTO movie_image_urls (movie_id, image_url) VALUES (1279865, 'https://image.tmdb.org/t/p/original/53yiMDedPJd6etZPjT62zPK6LAk.jpg');
INSERT INTO movie_image_urls (movie_id, image_url) VALUES (1279865, 'https://image.tmdb.org/t/p/original/jkWMRIrmmBTnV91qTyHFSCt33q6.jpg');
INSERT INTO movie_image_urls (movie_id, image_url) VALUES (1279865, 'https://image.tmdb.org/t/p/original/kxbTCmOEgWsqhrr5ttMI3bhRUfV.jpg');
INSERT INTO movie_image_urls (movie_id, image_url) VALUES (1279865, 'https://image.tmdb.org/t/p/original/696MIZoTNxIlbyjJtHk44IsXa6A.jpg');

INSERT INTO movies (id, title, release_year, duration_minutes, country, language, synopsis, poster_image_url, backdrop_image_url) VALUES (1309725, 'The Richest Woman in the World', 2025, 121, 'France', 'French', 'An elderly billionaire woman gives hundreds of millions of euros to a younger gay artist she is close to. Her daughter files a complaint for abuse of a vulnerable person and a scandal erupts.', 'https://image.tmdb.org/t/p/w500/95a1udNepqKENUWKdyJeyOM3XLA.jpg', 'https://image.tmdb.org/t/p/original/5qKiUPDrGOSmRKBlcpmY7OwPR0a.jpg') ON CONFLICT (id) DO UPDATE SET title = EXCLUDED.title, release_year = EXCLUDED.release_year, duration_minutes = EXCLUDED.duration_minutes, country = EXCLUDED.country, language = EXCLUDED.language, synopsis = EXCLUDED.synopsis, poster_image_url = EXCLUDED.poster_image_url, backdrop_image_url = EXCLUDED.backdrop_image_url;
INSERT INTO movie_directors (movie_id, director) VALUES (1309725, 'Thierry Klifa');
INSERT INTO movie_cast_members (movie_id, cast_member) VALUES (1309725, 'Isabelle Huppert');
INSERT INTO movie_cast_members (movie_id, cast_member) VALUES (1309725, 'Marina Foïs');
INSERT INTO movie_cast_members (movie_id, cast_member) VALUES (1309725, 'Laurent Lafitte');
INSERT INTO movie_cast_members (movie_id, cast_member) VALUES (1309725, 'Raphaël Personnaz');
INSERT INTO movie_cast_members (movie_id, cast_member) VALUES (1309725, 'André Marcon');
INSERT INTO movie_genres (movie_id, genre) VALUES (1309725, 'Comedy');
INSERT INTO movie_genres (movie_id, genre) VALUES (1309725, 'Drama');
INSERT INTO movie_image_urls (movie_id, image_url) VALUES (1309725, 'https://image.tmdb.org/t/p/original/isAlsOYzGqVQ2co6lvv9F87ioNQ.jpg');
INSERT INTO movie_image_urls (movie_id, image_url) VALUES (1309725, 'https://image.tmdb.org/t/p/original/5Jg63nKxY08kjG234DMK3Tct70J.jpg');
INSERT INTO movie_image_urls (movie_id, image_url) VALUES (1309725, 'https://image.tmdb.org/t/p/original/fl36Z9J81DMOcmTW26UCmzr5LkY.jpg');
INSERT INTO movie_image_urls (movie_id, image_url) VALUES (1309725, 'https://image.tmdb.org/t/p/original/8Po8X7AIDeO5fpCYz7YFKFAB0VB.jpg');

INSERT INTO movies (id, title, release_year, duration_minutes, country, language, synopsis, poster_image_url, backdrop_image_url) VALUES (1511057, 'Roommates', 2026, 1, 'United States of America', 'English', 'When college freshman Devon asks cool, confident Celeste to be her roommate, a blossoming friendship quickly spirals into a war of passive aggression.', 'https://image.tmdb.org/t/p/w500/eW1s6omXIfVkTlmKVe9y9Dwwt4u.jpg', 'https://image.tmdb.org/t/p/original/c36BHbbUyhR8kswIMyuCbANGY3l.jpg') ON CONFLICT (id) DO UPDATE SET title = EXCLUDED.title, release_year = EXCLUDED.release_year, duration_minutes = EXCLUDED.duration_minutes, country = EXCLUDED.country, language = EXCLUDED.language, synopsis = EXCLUDED.synopsis, poster_image_url = EXCLUDED.poster_image_url, backdrop_image_url = EXCLUDED.backdrop_image_url;
INSERT INTO movie_directors (movie_id, director) VALUES (1511057, 'Chandler Levack');
INSERT INTO movie_cast_members (movie_id, cast_member) VALUES (1511057, 'Sadie Sandler');
INSERT INTO movie_cast_members (movie_id, cast_member) VALUES (1511057, 'Chloe East');
INSERT INTO movie_cast_members (movie_id, cast_member) VALUES (1511057, 'Billy Bryk');
INSERT INTO movie_cast_members (movie_id, cast_member) VALUES (1511057, 'Sarah Sherman');
INSERT INTO movie_cast_members (movie_id, cast_member) VALUES (1511057, 'Natasha Lyonne');
INSERT INTO movie_genres (movie_id, genre) VALUES (1511057, 'Comedy');
INSERT INTO movie_image_urls (movie_id, image_url) VALUES (1511057, 'https://image.tmdb.org/t/p/original/uw9tk5NfyvQm9lX35dxsQh15NSL.jpg');
INSERT INTO movie_image_urls (movie_id, image_url) VALUES (1511057, 'https://image.tmdb.org/t/p/original/uYVxuLVZsxnJfXK03YgZSzqiWiQ.jpg');
INSERT INTO movie_image_urls (movie_id, image_url) VALUES (1511057, 'https://image.tmdb.org/t/p/original/bYTNoHN5YQ9ea6LsfAsyTBuUPkS.jpg');
INSERT INTO movie_image_urls (movie_id, image_url) VALUES (1511057, 'https://image.tmdb.org/t/p/original/cW8iKmWA6JAHgvNMyvrjqWd1dNp.jpg');

INSERT INTO movies (id, title, release_year, duration_minutes, country, language, synopsis, poster_image_url, backdrop_image_url) VALUES (1233655, 'Omaha', 2025, 83, 'United States of America', 'English', 'A young girl and her brother are awoken by their father and loaded into the car on an early morning in 2008. As they road trip across the American West, she discovers the truth about their seemingly spontaneous journey.', 'https://image.tmdb.org/t/p/w500/s1SNVyTWWmvpWK439bOrRF9xywS.jpg', 'https://image.tmdb.org/t/p/original/rf8V9z28gJre58U9ObHN3NJph4A.jpg') ON CONFLICT (id) DO UPDATE SET title = EXCLUDED.title, release_year = EXCLUDED.release_year, duration_minutes = EXCLUDED.duration_minutes, country = EXCLUDED.country, language = EXCLUDED.language, synopsis = EXCLUDED.synopsis, poster_image_url = EXCLUDED.poster_image_url, backdrop_image_url = EXCLUDED.backdrop_image_url;
INSERT INTO movie_directors (movie_id, director) VALUES (1233655, 'Cole Webley');
INSERT INTO movie_cast_members (movie_id, cast_member) VALUES (1233655, 'John Magaro');
INSERT INTO movie_cast_members (movie_id, cast_member) VALUES (1233655, 'Molly Belle Wright');
INSERT INTO movie_cast_members (movie_id, cast_member) VALUES (1233655, 'Wyatt Solis');
INSERT INTO movie_cast_members (movie_id, cast_member) VALUES (1233655, 'Talia Balsam');
INSERT INTO movie_cast_members (movie_id, cast_member) VALUES (1233655, 'Emma Keifer');
INSERT INTO movie_genres (movie_id, genre) VALUES (1233655, 'Drama');
INSERT INTO movie_genres (movie_id, genre) VALUES (1233655, 'Family');
INSERT INTO movie_image_urls (movie_id, image_url) VALUES (1233655, 'https://image.tmdb.org/t/p/original/kvP8kaGlMaFTd0cb3VVKLFWRYx5.jpg');
INSERT INTO movie_image_urls (movie_id, image_url) VALUES (1233655, 'https://image.tmdb.org/t/p/original/oYAEz8SrAMMraBorMtb6ilZ3wbm.jpg');
INSERT INTO movie_image_urls (movie_id, image_url) VALUES (1233655, 'https://image.tmdb.org/t/p/original/7IXmOFWvvzwKQqIWQQN8GcoxKLu.jpg');
INSERT INTO movie_image_urls (movie_id, image_url) VALUES (1233655, 'https://image.tmdb.org/t/p/original/pRXkPTgaeJaudYd5Y2Yz2qkRQco.jpg');

INSERT INTO movies (id, title, release_year, duration_minutes, country, language, synopsis, poster_image_url, backdrop_image_url) VALUES (1576369, 'Bharathanatyam 2 Mohiniyattam', 2026, 145, 'India', 'Malayalam', 'The family''s journey to Sreekandapuram to settle the late Bharathan Nair''s second wife and son takes a dark turn when an issue from his past resurfaces, leading to an unexpected crime. Forced into a desperate cover-up to protect their future, the family must navigate a treacherous path of secrecy and mounting pressure, determined to overcome any obstacle by any means necessary.', 'https://image.tmdb.org/t/p/w500/lsg0IxNQCUxKqs63YjturEuY0qQ.jpg', 'https://image.tmdb.org/t/p/original/g7y8EDiXvlZYrIKDLlhtbcAPnxS.jpg') ON CONFLICT (id) DO UPDATE SET title = EXCLUDED.title, release_year = EXCLUDED.release_year, duration_minutes = EXCLUDED.duration_minutes, country = EXCLUDED.country, language = EXCLUDED.language, synopsis = EXCLUDED.synopsis, poster_image_url = EXCLUDED.poster_image_url, backdrop_image_url = EXCLUDED.backdrop_image_url;
INSERT INTO movie_directors (movie_id, director) VALUES (1576369, 'Krishnadas Murali');
INSERT INTO movie_cast_members (movie_id, cast_member) VALUES (1576369, 'Saiju Kurup');
INSERT INTO movie_cast_members (movie_id, cast_member) VALUES (1576369, 'Kalaranjini');
INSERT INTO movie_cast_members (movie_id, cast_member) VALUES (1576369, 'Swathi Das Prabhu');
INSERT INTO movie_cast_members (movie_id, cast_member) VALUES (1576369, 'Sruthy Suresh');
INSERT INTO movie_cast_members (movie_id, cast_member) VALUES (1576369, 'Baby Jean');
INSERT INTO movie_genres (movie_id, genre) VALUES (1576369, 'Comedy');
INSERT INTO movie_genres (movie_id, genre) VALUES (1576369, 'Thriller');
INSERT INTO movie_image_urls (movie_id, image_url) VALUES (1576369, 'https://image.tmdb.org/t/p/original/xH7PUyb2dNE7EF06YB9A4b3uSEK.jpg');
INSERT INTO movie_image_urls (movie_id, image_url) VALUES (1576369, 'https://image.tmdb.org/t/p/original/c3YvoyjfYc3mQeAvoetUeuZfIfc.jpg');
INSERT INTO movie_image_urls (movie_id, image_url) VALUES (1576369, 'https://image.tmdb.org/t/p/original/t0sTqhb9caoZMMZPfYfg2glkd9U.jpg');
INSERT INTO movie_image_urls (movie_id, image_url) VALUES (1576369, 'https://image.tmdb.org/t/p/original/e9A3SXQ3n7NrjuSgfbl2u0Vs9Y.jpg');

INSERT INTO movies (id, title, release_year, duration_minutes, country, language, synopsis, poster_image_url, backdrop_image_url) VALUES (1341341, '4 Kids Walk Into a Bank', 2026, 1, 'United States of America', 'English', 'After losing her mother, Paige''s grandfather steps into to become a more responsible guardian. But when a group of criminals show up at their door demanding that Paige''s grandpa join them for one last job, she''s faced with a decision: let her newly reformed grandpa dip back into his criminal ways, or enlist her three best friends to do the job first.', 'https://image.tmdb.org/t/p/w500/lQXsh3LCs7NjLPMCkWvI0xV4r0I.jpg', NULL) ON CONFLICT (id) DO UPDATE SET title = EXCLUDED.title, release_year = EXCLUDED.release_year, duration_minutes = EXCLUDED.duration_minutes, country = EXCLUDED.country, language = EXCLUDED.language, synopsis = EXCLUDED.synopsis, poster_image_url = EXCLUDED.poster_image_url, backdrop_image_url = EXCLUDED.backdrop_image_url;
INSERT INTO movie_directors (movie_id, director) VALUES (1341341, 'Frankie Shaw');
INSERT INTO movie_cast_members (movie_id, cast_member) VALUES (1341341, 'Liam Neeson');
INSERT INTO movie_cast_members (movie_id, cast_member) VALUES (1341341, 'Spike Fearn');
INSERT INTO movie_cast_members (movie_id, cast_member) VALUES (1341341, 'Jim Sturgess');
INSERT INTO movie_cast_members (movie_id, cast_member) VALUES (1341341, 'Talia Ryder');
INSERT INTO movie_cast_members (movie_id, cast_member) VALUES (1341341, 'Deacon Phillippe');
INSERT INTO movie_genres (movie_id, genre) VALUES (1341341, 'Crime');
INSERT INTO movie_genres (movie_id, genre) VALUES (1341341, 'Comedy');
INSERT INTO movie_genres (movie_id, genre) VALUES (1341341, 'Mystery');

INSERT INTO movies (id, title, release_year, duration_minutes, country, language, synopsis, poster_image_url, backdrop_image_url) VALUES (1247038, 'Levitating', 2026, 119, 'Indonesia', 'Indonesian', 'In a town where pleasure equals being possessed by spiritual beings, Bayu aspires to be the shaman of a trance party so he can fundraise enough money to prevent an impending eviction.', 'https://image.tmdb.org/t/p/w500/o8OCBngD7ded6iieicpDdXsk1xD.jpg', 'https://image.tmdb.org/t/p/original/4DUFiYoX7DBTFGrDSyW7lc8Wgm9.jpg') ON CONFLICT (id) DO UPDATE SET title = EXCLUDED.title, release_year = EXCLUDED.release_year, duration_minutes = EXCLUDED.duration_minutes, country = EXCLUDED.country, language = EXCLUDED.language, synopsis = EXCLUDED.synopsis, poster_image_url = EXCLUDED.poster_image_url, backdrop_image_url = EXCLUDED.backdrop_image_url;
INSERT INTO movie_directors (movie_id, director) VALUES (1247038, 'Wregas Bhanuteja');
INSERT INTO movie_cast_members (movie_id, cast_member) VALUES (1247038, 'Angga Yunanda');
INSERT INTO movie_cast_members (movie_id, cast_member) VALUES (1247038, 'Maudy Ayunda');
INSERT INTO movie_cast_members (movie_id, cast_member) VALUES (1247038, 'Anggun');
INSERT INTO movie_cast_members (movie_id, cast_member) VALUES (1247038, 'Chicco Kurniawan');
INSERT INTO movie_cast_members (movie_id, cast_member) VALUES (1247038, 'Bryan Domani');
INSERT INTO movie_genres (movie_id, genre) VALUES (1247038, 'Drama');
INSERT INTO movie_image_urls (movie_id, image_url) VALUES (1247038, 'https://image.tmdb.org/t/p/original/jZfSSSH3EvmFBJIcz7Edt9BZQGK.jpg');
INSERT INTO movie_image_urls (movie_id, image_url) VALUES (1247038, 'https://image.tmdb.org/t/p/original/tdnbW8h1Lli69el9GAWU4WUN2K5.jpg');
INSERT INTO movie_image_urls (movie_id, image_url) VALUES (1247038, 'https://image.tmdb.org/t/p/original/bZwZtZdufVQlp6uJqXZDwUebfPc.jpg');
INSERT INTO movie_image_urls (movie_id, image_url) VALUES (1247038, 'https://image.tmdb.org/t/p/original/tLNDaA8738XD8DDkHl6Io8JmesK.jpg');

INSERT INTO movies (id, title, release_year, duration_minutes, country, language, synopsis, poster_image_url, backdrop_image_url) VALUES (1035047, 'Home Sweet Home', 2025, 108, 'Poland', 'English', 'When Gośka meets Grzesiek online, she''s sure he''s her Mr. Right. Grzesiek is crazy about her, showers her with flowers, and proposes in Venice, but soon enough, the picture perfect romance starts to crumble, revealing a darker side.', 'https://image.tmdb.org/t/p/w500/hUYfjMdyjHa1BaDREvRSZ56gxDy.jpg', 'https://image.tmdb.org/t/p/original/qoUVkstQfGZlKlKdYC0T98kNrek.jpg') ON CONFLICT (id) DO UPDATE SET title = EXCLUDED.title, release_year = EXCLUDED.release_year, duration_minutes = EXCLUDED.duration_minutes, country = EXCLUDED.country, language = EXCLUDED.language, synopsis = EXCLUDED.synopsis, poster_image_url = EXCLUDED.poster_image_url, backdrop_image_url = EXCLUDED.backdrop_image_url;
INSERT INTO movie_directors (movie_id, director) VALUES (1035047, 'Wojtek Smarzowski');
INSERT INTO movie_cast_members (movie_id, cast_member) VALUES (1035047, 'Agata Turkot');
INSERT INTO movie_cast_members (movie_id, cast_member) VALUES (1035047, 'Tomasz Schuchardt');
INSERT INTO movie_cast_members (movie_id, cast_member) VALUES (1035047, 'Agata Kulesza');
INSERT INTO movie_cast_members (movie_id, cast_member) VALUES (1035047, 'Maria Sobocińska');
INSERT INTO movie_cast_members (movie_id, cast_member) VALUES (1035047, 'Łukasz Gawroński');
INSERT INTO movie_genres (movie_id, genre) VALUES (1035047, 'Drama');
INSERT INTO movie_genres (movie_id, genre) VALUES (1035047, 'Thriller');
INSERT INTO movie_image_urls (movie_id, image_url) VALUES (1035047, 'https://image.tmdb.org/t/p/original/cBGkPEconiJhQM1iYAMhBGOPLwQ.jpg');
INSERT INTO movie_image_urls (movie_id, image_url) VALUES (1035047, 'https://image.tmdb.org/t/p/original/ej8KPXIjT9imhJlp40XYE8oO50U.jpg');

INSERT INTO movies (id, title, release_year, duration_minutes, country, language, synopsis, poster_image_url, backdrop_image_url) VALUES (1290450, 'Love Me Tender', 2025, 134, 'France', 'French', 'At the end of summer, Clémence tells her ex-husband that she’s had relationships with women. Her life is turned upside down when he files to strip her of their son’s custody. Then begins a struggle of several years for Clémence to defend her right to be a mother and a woman – free to make her own choices.', 'https://image.tmdb.org/t/p/w500/qymNsU3zqP0ITqxws2vJhgJOwdt.jpg', 'https://image.tmdb.org/t/p/original/wNpEnHxNQXSv2fc3bW0QNuswKs6.jpg') ON CONFLICT (id) DO UPDATE SET title = EXCLUDED.title, release_year = EXCLUDED.release_year, duration_minutes = EXCLUDED.duration_minutes, country = EXCLUDED.country, language = EXCLUDED.language, synopsis = EXCLUDED.synopsis, poster_image_url = EXCLUDED.poster_image_url, backdrop_image_url = EXCLUDED.backdrop_image_url;
INSERT INTO movie_directors (movie_id, director) VALUES (1290450, 'Anna Cazenave Cambet');
INSERT INTO movie_cast_members (movie_id, cast_member) VALUES (1290450, 'Vicky Krieps');
INSERT INTO movie_cast_members (movie_id, cast_member) VALUES (1290450, 'Antoine Reinartz');
INSERT INTO movie_cast_members (movie_id, cast_member) VALUES (1290450, 'Monia Chokri');
INSERT INTO movie_cast_members (movie_id, cast_member) VALUES (1290450, 'Viggo Ferreira Redier');
INSERT INTO movie_cast_members (movie_id, cast_member) VALUES (1290450, 'Aurélia Petit');
INSERT INTO movie_genres (movie_id, genre) VALUES (1290450, 'Drama');
INSERT INTO movie_image_urls (movie_id, image_url) VALUES (1290450, 'https://image.tmdb.org/t/p/original/lnFxT1pKkxpBglgrAL8DS1KAGYp.jpg');
INSERT INTO movie_image_urls (movie_id, image_url) VALUES (1290450, 'https://image.tmdb.org/t/p/original/icKqDHdwMjwC15OJSYNjeGCWttO.jpg');
INSERT INTO movie_image_urls (movie_id, image_url) VALUES (1290450, 'https://image.tmdb.org/t/p/original/vkjOOXoet8aEfISiQeySlY1JzCR.jpg');
INSERT INTO movie_image_urls (movie_id, image_url) VALUES (1290450, 'https://image.tmdb.org/t/p/original/uPWdhmdu91OJC5r7m3TjAcVAdA4.jpg');

INSERT INTO movies (id, title, release_year, duration_minutes, country, language, synopsis, poster_image_url, backdrop_image_url) VALUES (1241982, 'Moana 2', 2024, 100, 'Canada', 'English', 'After receiving an unexpected call from her wayfinding ancestors, Moana journeys alongside Maui and a new crew to the far seas of Oceania and into dangerous, long-lost waters for an adventure unlike anything she''s ever faced.', 'https://image.tmdb.org/t/p/w500/aLVkiINlIeCkcZIzb7XHzPYgO6L.jpg', 'https://image.tmdb.org/t/p/original/zo8CIjJ2nfNOevqNajwMRO6Hwka.jpg') ON CONFLICT (id) DO UPDATE SET title = EXCLUDED.title, release_year = EXCLUDED.release_year, duration_minutes = EXCLUDED.duration_minutes, country = EXCLUDED.country, language = EXCLUDED.language, synopsis = EXCLUDED.synopsis, poster_image_url = EXCLUDED.poster_image_url, backdrop_image_url = EXCLUDED.backdrop_image_url;
INSERT INTO movie_directors (movie_id, director) VALUES (1241982, 'David G. Derrick Jr.');
INSERT INTO movie_directors (movie_id, director) VALUES (1241982, 'Jason Hand');
INSERT INTO movie_directors (movie_id, director) VALUES (1241982, 'Dana Ledoux Miller');
INSERT INTO movie_cast_members (movie_id, cast_member) VALUES (1241982, 'Auliʻi Cravalho');
INSERT INTO movie_cast_members (movie_id, cast_member) VALUES (1241982, 'Dwayne Johnson');
INSERT INTO movie_cast_members (movie_id, cast_member) VALUES (1241982, 'Hualālai Chung');
INSERT INTO movie_cast_members (movie_id, cast_member) VALUES (1241982, 'Rose Matafeo');
INSERT INTO movie_cast_members (movie_id, cast_member) VALUES (1241982, 'David Fane');
INSERT INTO movie_genres (movie_id, genre) VALUES (1241982, 'Animation');
INSERT INTO movie_genres (movie_id, genre) VALUES (1241982, 'Adventure');
INSERT INTO movie_genres (movie_id, genre) VALUES (1241982, 'Family');
INSERT INTO movie_genres (movie_id, genre) VALUES (1241982, 'Comedy');
INSERT INTO movie_genres (movie_id, genre) VALUES (1241982, 'Fantasy');
INSERT INTO movie_image_urls (movie_id, image_url) VALUES (1241982, 'https://image.tmdb.org/t/p/original/tElnmtQ6yz1PjN1kePNl8yMSb59.jpg');
INSERT INTO movie_image_urls (movie_id, image_url) VALUES (1241982, 'https://image.tmdb.org/t/p/original/vYqt6kb4lcF8wwqsMMaULkP9OEn.jpg');
INSERT INTO movie_image_urls (movie_id, image_url) VALUES (1241982, 'https://image.tmdb.org/t/p/original/rVlwDjh8Fw8m6HVJR7KRWmRdPZl.jpg');
INSERT INTO movie_image_urls (movie_id, image_url) VALUES (1241982, 'https://image.tmdb.org/t/p/original/z6H78tQNcryTO4sgDjg8Knc6H9W.jpg');

INSERT INTO movies (id, title, release_year, duration_minutes, country, language, synopsis, poster_image_url, backdrop_image_url) VALUES (1233413, 'Sinners', 2025, 138, 'United States of America', 'Mandarin', 'Trying to leave their troubled lives behind, twin brothers return to their hometown to start again, only to discover that an even greater evil is waiting to welcome them back.', 'https://image.tmdb.org/t/p/w500/705nQHqe4JGdEisrQmVYmXyjs1U.jpg', 'https://image.tmdb.org/t/p/original/nAxGnGHOsfzufThz20zgmRwKur3.jpg') ON CONFLICT (id) DO UPDATE SET title = EXCLUDED.title, release_year = EXCLUDED.release_year, duration_minutes = EXCLUDED.duration_minutes, country = EXCLUDED.country, language = EXCLUDED.language, synopsis = EXCLUDED.synopsis, poster_image_url = EXCLUDED.poster_image_url, backdrop_image_url = EXCLUDED.backdrop_image_url;
INSERT INTO movie_directors (movie_id, director) VALUES (1233413, 'Ryan Coogler');
INSERT INTO movie_cast_members (movie_id, cast_member) VALUES (1233413, 'Michael B. Jordan');
INSERT INTO movie_cast_members (movie_id, cast_member) VALUES (1233413, 'Hailee Steinfeld');
INSERT INTO movie_cast_members (movie_id, cast_member) VALUES (1233413, 'Miles Caton');
INSERT INTO movie_cast_members (movie_id, cast_member) VALUES (1233413, 'Jack O''Connell');
INSERT INTO movie_cast_members (movie_id, cast_member) VALUES (1233413, 'Wunmi Mosaku');
INSERT INTO movie_genres (movie_id, genre) VALUES (1233413, 'Horror');
INSERT INTO movie_genres (movie_id, genre) VALUES (1233413, 'Action');
INSERT INTO movie_genres (movie_id, genre) VALUES (1233413, 'Thriller');
INSERT INTO movie_image_urls (movie_id, image_url) VALUES (1233413, 'https://image.tmdb.org/t/p/original/7dQTILcUKw8chDiLj8TgPXxRuED.jpg');
INSERT INTO movie_image_urls (movie_id, image_url) VALUES (1233413, 'https://image.tmdb.org/t/p/original/aWM8eYmhqBgH4YC5WLLPTJxlc2t.jpg');
INSERT INTO movie_image_urls (movie_id, image_url) VALUES (1233413, 'https://image.tmdb.org/t/p/original/j7KqDRzjbvIjDv7cdHz9G3ZYEQy.jpg');
INSERT INTO movie_image_urls (movie_id, image_url) VALUES (1233413, 'https://image.tmdb.org/t/p/original/wHhXxZcmF29hZUoRsUOqmGdNNma.jpg');

INSERT INTO movies (id, title, release_year, duration_minutes, country, language, synopsis, poster_image_url, backdrop_image_url) VALUES (6844, 'The Ten Commandments', 1956, 220, 'United States of America', 'English', 'Escaping death, a Hebrew infant is raised in a royal household to become a prince. Upon discovery of his true heritage, Moses embarks on a personal quest to reclaim his destiny as the leader and liberator of the Hebrew people.', 'https://image.tmdb.org/t/p/w500/3Ei59AR64x6dMZfWobPCkZjbqTL.jpg', 'https://image.tmdb.org/t/p/original/2w5jm8aZilHjDTpqP3uQRG8kmeV.jpg') ON CONFLICT (id) DO UPDATE SET title = EXCLUDED.title, release_year = EXCLUDED.release_year, duration_minutes = EXCLUDED.duration_minutes, country = EXCLUDED.country, language = EXCLUDED.language, synopsis = EXCLUDED.synopsis, poster_image_url = EXCLUDED.poster_image_url, backdrop_image_url = EXCLUDED.backdrop_image_url;
INSERT INTO movie_directors (movie_id, director) VALUES (6844, 'Cecil B. DeMille');
INSERT INTO movie_cast_members (movie_id, cast_member) VALUES (6844, 'Charlton Heston');
INSERT INTO movie_cast_members (movie_id, cast_member) VALUES (6844, 'Yul Brynner');
INSERT INTO movie_cast_members (movie_id, cast_member) VALUES (6844, 'Anne Baxter');
INSERT INTO movie_cast_members (movie_id, cast_member) VALUES (6844, 'Edward G. Robinson');
INSERT INTO movie_cast_members (movie_id, cast_member) VALUES (6844, 'Yvonne De Carlo');
INSERT INTO movie_genres (movie_id, genre) VALUES (6844, 'Drama');
INSERT INTO movie_genres (movie_id, genre) VALUES (6844, 'History');
INSERT INTO movie_image_urls (movie_id, image_url) VALUES (6844, 'https://image.tmdb.org/t/p/original/iXXGpmNSQvxfPRUBwnAFVLSPl5e.jpg');
INSERT INTO movie_image_urls (movie_id, image_url) VALUES (6844, 'https://image.tmdb.org/t/p/original/rI1u4JgtnAZC99wXX4gwro4yaxe.jpg');
INSERT INTO movie_image_urls (movie_id, image_url) VALUES (6844, 'https://image.tmdb.org/t/p/original/3e3dVaVrla2GH6CWKbNRjTvk3s8.jpg');
INSERT INTO movie_image_urls (movie_id, image_url) VALUES (6844, 'https://image.tmdb.org/t/p/original/rKiNFQYpe0qPbVKkBWbUJAVtNl.jpg');

INSERT INTO movies (id, title, release_year, duration_minutes, country, language, synopsis, poster_image_url, backdrop_image_url) VALUES (255669, 'The Oasis', 1984, 92, NULL, 'English', 'A plane crash in the Mexican desert leaves a small group of survivors who are desperate for food and water. Fearing that they may never be found where they are, they head for where it is hoped there will be civilization and rescue. When their hopes prove unfounded, they must face the horrible possibility of choosing between giving up and dying, or doing the unthinkable to survive.', 'https://image.tmdb.org/t/p/w500/eDBqg84hMP1waIynzUH9xW8v5vd.jpg', NULL) ON CONFLICT (id) DO UPDATE SET title = EXCLUDED.title, release_year = EXCLUDED.release_year, duration_minutes = EXCLUDED.duration_minutes, country = EXCLUDED.country, language = EXCLUDED.language, synopsis = EXCLUDED.synopsis, poster_image_url = EXCLUDED.poster_image_url, backdrop_image_url = EXCLUDED.backdrop_image_url;
INSERT INTO movie_directors (movie_id, director) VALUES (255669, 'Sparky Greene');
INSERT INTO movie_cast_members (movie_id, cast_member) VALUES (255669, 'Chris Makepeace');
INSERT INTO movie_cast_members (movie_id, cast_member) VALUES (255669, 'Scott Hylands');
INSERT INTO movie_cast_members (movie_id, cast_member) VALUES (255669, 'Richard Cox');
INSERT INTO movie_cast_members (movie_id, cast_member) VALUES (255669, 'Dori Brenner');
INSERT INTO movie_cast_members (movie_id, cast_member) VALUES (255669, 'Suzanne Snyder');
INSERT INTO movie_genres (movie_id, genre) VALUES (255669, 'Drama');

INSERT INTO movies (id, title, release_year, duration_minutes, country, language, synopsis, poster_image_url, backdrop_image_url) VALUES (1196067, 'Worldbreaker', 2025, 95, 'United Kingdom', 'English', 'Five years ago, a tear in the fabric of reality brought creatures to our world from an alternate dimension bent on our destruction. A father hides his daughter on an island to keep her safe while he prepares her for survival and the battles to come. But when the world is about to break, no place is safe.', 'https://image.tmdb.org/t/p/w500/4xx25oYs08myEelHiSbOuVi80Ki.jpg', 'https://image.tmdb.org/t/p/original/gMItMzDOyrfQGZsMWRM9tdxq5cV.jpg') ON CONFLICT (id) DO UPDATE SET title = EXCLUDED.title, release_year = EXCLUDED.release_year, duration_minutes = EXCLUDED.duration_minutes, country = EXCLUDED.country, language = EXCLUDED.language, synopsis = EXCLUDED.synopsis, poster_image_url = EXCLUDED.poster_image_url, backdrop_image_url = EXCLUDED.backdrop_image_url;
INSERT INTO movie_directors (movie_id, director) VALUES (1196067, 'Brad Anderson');
INSERT INTO movie_cast_members (movie_id, cast_member) VALUES (1196067, 'Milla Jovovich');
INSERT INTO movie_cast_members (movie_id, cast_member) VALUES (1196067, 'Luke Evans');
INSERT INTO movie_cast_members (movie_id, cast_member) VALUES (1196067, 'Billie Boullet');
INSERT INTO movie_cast_members (movie_id, cast_member) VALUES (1196067, 'Meadow Williams');
INSERT INTO movie_cast_members (movie_id, cast_member) VALUES (1196067, 'Mila Harris');
INSERT INTO movie_genres (movie_id, genre) VALUES (1196067, 'Science Fiction');
INSERT INTO movie_genres (movie_id, genre) VALUES (1196067, 'Action');
INSERT INTO movie_genres (movie_id, genre) VALUES (1196067, 'Horror');
INSERT INTO movie_image_urls (movie_id, image_url) VALUES (1196067, 'https://image.tmdb.org/t/p/original/te0RVabsmm6klisZh4HTndM1OQx.jpg');
INSERT INTO movie_image_urls (movie_id, image_url) VALUES (1196067, 'https://image.tmdb.org/t/p/original/4mZ06VpfpAPuaUPn1SEV0brbbxe.jpg');
INSERT INTO movie_image_urls (movie_id, image_url) VALUES (1196067, 'https://image.tmdb.org/t/p/original/694smSZvHStbXYPZRHkOTXl7rPi.jpg');
INSERT INTO movie_image_urls (movie_id, image_url) VALUES (1196067, 'https://image.tmdb.org/t/p/original/i8zlEshotY8XMB0kyb4p7uwyOum.jpg');

INSERT INTO movies (id, title, release_year, duration_minutes, country, language, synopsis, poster_image_url, backdrop_image_url) VALUES (62201, 'Shahenshah', 1988, 180, 'India', 'Hindi', 'Inspector Srivastav is framed by a wily and cunning gangster, J.K., and unable to prove his innocence, hangs himself, leaving behind his wife, and son, Vijay. Years later, Vijay has grown up and has joined the police force as an Inspector. Unlike his dad, he is corrupt and does accept bribes to turn a nelson''s eye to crime. The City Police are assigned the task of apprehending a customed man called "Shahenshah", who operates at night and targets, tries and kills gangsters in a "Judge and Executioner "style. No one knows the real identity of Shahenshah, as he is feared by the police department, and respected by the poor and middle-class.', 'https://image.tmdb.org/t/p/w500/2ZUpj73MzEh2YwVzJNVUqBSu2LZ.jpg', 'https://image.tmdb.org/t/p/original/qDyFe7gMnom72qfUEYzWrgwB4ss.jpg') ON CONFLICT (id) DO UPDATE SET title = EXCLUDED.title, release_year = EXCLUDED.release_year, duration_minutes = EXCLUDED.duration_minutes, country = EXCLUDED.country, language = EXCLUDED.language, synopsis = EXCLUDED.synopsis, poster_image_url = EXCLUDED.poster_image_url, backdrop_image_url = EXCLUDED.backdrop_image_url;
INSERT INTO movie_directors (movie_id, director) VALUES (62201, 'Tinnu Anand');
INSERT INTO movie_cast_members (movie_id, cast_member) VALUES (62201, 'Amitabh Bachchan');
INSERT INTO movie_cast_members (movie_id, cast_member) VALUES (62201, 'Meenakshi Sheshadri');
INSERT INTO movie_cast_members (movie_id, cast_member) VALUES (62201, 'Aruna Irani');
INSERT INTO movie_cast_members (movie_id, cast_member) VALUES (62201, 'Rohini Hattangadi');
INSERT INTO movie_cast_members (movie_id, cast_member) VALUES (62201, 'Supriya Pathak');
INSERT INTO movie_genres (movie_id, genre) VALUES (62201, 'Action');
INSERT INTO movie_image_urls (movie_id, image_url) VALUES (62201, 'https://image.tmdb.org/t/p/original/qYsPdLmgc3IEMBxOeSQu7lF3J9b.jpg');

INSERT INTO movies (id, title, release_year, duration_minutes, country, language, synopsis, poster_image_url, backdrop_image_url) VALUES (567609, 'Ready or Not', 2019, 95, 'United States of America', 'English', 'A young bride''s wedding night turns into her worst nightmare when her ridiculously rich in-laws force her to play a gruesome game of hide-and-seek.', 'https://image.tmdb.org/t/p/w500/oJD9KQFoObZmxAS1je56SIFVNJt.jpg', 'https://image.tmdb.org/t/p/original/aNrNi5QExO6b8MnEGsfpgp21NIY.jpg') ON CONFLICT (id) DO UPDATE SET title = EXCLUDED.title, release_year = EXCLUDED.release_year, duration_minutes = EXCLUDED.duration_minutes, country = EXCLUDED.country, language = EXCLUDED.language, synopsis = EXCLUDED.synopsis, poster_image_url = EXCLUDED.poster_image_url, backdrop_image_url = EXCLUDED.backdrop_image_url;
INSERT INTO movie_directors (movie_id, director) VALUES (567609, 'Matt Bettinelli-Olpin');
INSERT INTO movie_directors (movie_id, director) VALUES (567609, 'Tyler Gillett');
INSERT INTO movie_cast_members (movie_id, cast_member) VALUES (567609, 'Samara Weaving');
INSERT INTO movie_cast_members (movie_id, cast_member) VALUES (567609, 'Mark O''Brien');
INSERT INTO movie_cast_members (movie_id, cast_member) VALUES (567609, 'Adam Brody');
INSERT INTO movie_cast_members (movie_id, cast_member) VALUES (567609, 'Henry Czerny');
INSERT INTO movie_cast_members (movie_id, cast_member) VALUES (567609, 'Andie MacDowell');
INSERT INTO movie_genres (movie_id, genre) VALUES (567609, 'Horror');
INSERT INTO movie_genres (movie_id, genre) VALUES (567609, 'Comedy');
INSERT INTO movie_image_urls (movie_id, image_url) VALUES (567609, 'https://image.tmdb.org/t/p/original/oJ1MIABA0WF0a7MDVQnnMvBdex8.jpg');
INSERT INTO movie_image_urls (movie_id, image_url) VALUES (567609, 'https://image.tmdb.org/t/p/original/5clwbYVMmV5FytxYO8KZ5LpJcQZ.jpg');
INSERT INTO movie_image_urls (movie_id, image_url) VALUES (567609, 'https://image.tmdb.org/t/p/original/oKX8t52F25bkWUWVXiAUfTXFnLA.jpg');
INSERT INTO movie_image_urls (movie_id, image_url) VALUES (567609, 'https://image.tmdb.org/t/p/original/j8uPZSPjKYzHlN2B4NhPQVWWZ5x.jpg');

INSERT INTO movies (id, title, release_year, duration_minutes, country, language, synopsis, poster_image_url, backdrop_image_url) VALUES (533533, 'TRON: Ares', 2025, 119, 'United States of America', 'English', 'A highly sophisticated Program called Ares is sent from the digital world into the real world on a dangerous mission, marking humankind''s first encounter with A.I. beings.', 'https://image.tmdb.org/t/p/w500/chpWmskl3aKm1aTZqUHRCtviwPy.jpg', 'https://image.tmdb.org/t/p/original/pUNfHmVqfwRdILhCkU8TdysVOXo.jpg') ON CONFLICT (id) DO UPDATE SET title = EXCLUDED.title, release_year = EXCLUDED.release_year, duration_minutes = EXCLUDED.duration_minutes, country = EXCLUDED.country, language = EXCLUDED.language, synopsis = EXCLUDED.synopsis, poster_image_url = EXCLUDED.poster_image_url, backdrop_image_url = EXCLUDED.backdrop_image_url;
INSERT INTO movie_directors (movie_id, director) VALUES (533533, 'Joachim Rønning');
INSERT INTO movie_cast_members (movie_id, cast_member) VALUES (533533, 'Jared Leto');
INSERT INTO movie_cast_members (movie_id, cast_member) VALUES (533533, 'Greta Lee');
INSERT INTO movie_cast_members (movie_id, cast_member) VALUES (533533, 'Evan Peters');
INSERT INTO movie_cast_members (movie_id, cast_member) VALUES (533533, 'Gillian Anderson');
INSERT INTO movie_cast_members (movie_id, cast_member) VALUES (533533, 'Jodie Turner-Smith');
INSERT INTO movie_genres (movie_id, genre) VALUES (533533, 'Science Fiction');
INSERT INTO movie_genres (movie_id, genre) VALUES (533533, 'Adventure');
INSERT INTO movie_genres (movie_id, genre) VALUES (533533, 'Action');
INSERT INTO movie_image_urls (movie_id, image_url) VALUES (533533, 'https://image.tmdb.org/t/p/original/6bzabqH399ioM3nZScwZtzGaHIy.jpg');
INSERT INTO movie_image_urls (movie_id, image_url) VALUES (533533, 'https://image.tmdb.org/t/p/original/mi62LGln04IteQPElLnnxo6NNEi.jpg');
INSERT INTO movie_image_urls (movie_id, image_url) VALUES (533533, 'https://image.tmdb.org/t/p/original/g3lCbTn3HYHTiFrfusxKGXMdyUW.jpg');
INSERT INTO movie_image_urls (movie_id, image_url) VALUES (533533, 'https://image.tmdb.org/t/p/original/jUplF2dluebAYdHa901mhPVOZYU.jpg');

INSERT INTO movies (id, title, release_year, duration_minutes, country, language, synopsis, poster_image_url, backdrop_image_url) VALUES (1266990, 'Kulong', 2024, 48, 'Philippines', 'Tagalog', 'Three friends retreat to a resort to collaborate on a daring screenplay for a contest. Faced with the challenge of writing about passion despite their own dry spells, their journey soon blurs the line between imagination and experience.', 'https://image.tmdb.org/t/p/w500/AnzrE2WHg3DtZrtmB9AnEbAh17m.jpg', 'https://image.tmdb.org/t/p/original/mBc6RB7VajfykLqGx0ue7qatXky.jpg') ON CONFLICT (id) DO UPDATE SET title = EXCLUDED.title, release_year = EXCLUDED.release_year, duration_minutes = EXCLUDED.duration_minutes, country = EXCLUDED.country, language = EXCLUDED.language, synopsis = EXCLUDED.synopsis, poster_image_url = EXCLUDED.poster_image_url, backdrop_image_url = EXCLUDED.backdrop_image_url;
INSERT INTO movie_directors (movie_id, director) VALUES (1266990, 'Sigrid Polon');
INSERT INTO movie_cast_members (movie_id, cast_member) VALUES (1266990, 'Jenn Rosa');
INSERT INTO movie_cast_members (movie_id, cast_member) VALUES (1266990, 'Aica Veloso');
INSERT INTO movie_cast_members (movie_id, cast_member) VALUES (1266990, 'Cariz Manzano');
INSERT INTO movie_cast_members (movie_id, cast_member) VALUES (1266990, 'JD Aguas');
INSERT INTO movie_cast_members (movie_id, cast_member) VALUES (1266990, 'Ralph Engle');
INSERT INTO movie_genres (movie_id, genre) VALUES (1266990, 'Drama');
INSERT INTO movie_image_urls (movie_id, image_url) VALUES (1266990, 'https://image.tmdb.org/t/p/original/knlVesRxepGnr2CltOeTicd1Q3E.jpg');

INSERT INTO movies (id, title, release_year, duration_minutes, country, language, synopsis, poster_image_url, backdrop_image_url) VALUES (646380, 'Don''t Look Up', 2021, 138, 'United States of America', 'English', 'Two astronomers go on a media tour to warn humankind of a planet-killing comet hurtling toward Earth. The response from a distracted world: Meh.', 'https://image.tmdb.org/t/p/w500/th4E1yqsE8DGpAseLiUrI60Hf8V.jpg', 'https://image.tmdb.org/t/p/original/xMJvffWIaW9MtlY9aIXKViUNeIO.jpg') ON CONFLICT (id) DO UPDATE SET title = EXCLUDED.title, release_year = EXCLUDED.release_year, duration_minutes = EXCLUDED.duration_minutes, country = EXCLUDED.country, language = EXCLUDED.language, synopsis = EXCLUDED.synopsis, poster_image_url = EXCLUDED.poster_image_url, backdrop_image_url = EXCLUDED.backdrop_image_url;
INSERT INTO movie_directors (movie_id, director) VALUES (646380, 'Adam McKay');
INSERT INTO movie_cast_members (movie_id, cast_member) VALUES (646380, 'Leonardo DiCaprio');
INSERT INTO movie_cast_members (movie_id, cast_member) VALUES (646380, 'Jennifer Lawrence');
INSERT INTO movie_cast_members (movie_id, cast_member) VALUES (646380, 'Meryl Streep');
INSERT INTO movie_cast_members (movie_id, cast_member) VALUES (646380, 'Cate Blanchett');
INSERT INTO movie_cast_members (movie_id, cast_member) VALUES (646380, 'Rob Morgan');
INSERT INTO movie_genres (movie_id, genre) VALUES (646380, 'Comedy');
INSERT INTO movie_genres (movie_id, genre) VALUES (646380, 'Science Fiction');
INSERT INTO movie_genres (movie_id, genre) VALUES (646380, 'Drama');
INSERT INTO movie_image_urls (movie_id, image_url) VALUES (646380, 'https://image.tmdb.org/t/p/original/nvxrQQspxmSblCYDtvDAbVFX8Jt.jpg');
INSERT INTO movie_image_urls (movie_id, image_url) VALUES (646380, 'https://image.tmdb.org/t/p/original/abG9ldrNqSEoguBsi9hmnjusJ0.jpg');
INSERT INTO movie_image_urls (movie_id, image_url) VALUES (646380, 'https://image.tmdb.org/t/p/original/myLOQ7qkoagZ7xfxSoRYkXXvIy.jpg');
INSERT INTO movie_image_urls (movie_id, image_url) VALUES (646380, 'https://image.tmdb.org/t/p/original/tGJTy5C2cj2dB4tr19HvhjRtzAu.jpg');

INSERT INTO movies (id, title, release_year, duration_minutes, country, language, synopsis, poster_image_url, backdrop_image_url) VALUES (1015606, 'Obi-Wan Kenobi: A Jedi''s Return', 2022, 60, 'United States of America', 'English', 'This special explores the return of Obi-Wan Kenobi and Anakin Skywalker to the screen, as well as Ewan McGregor and Hayden Christensen to their classic roles. Director Deborah Chow leads the cast and crew as they create new heroes and villains that live alongside new incarnations of beloved Star Wars characters, and an epic story that dramatically bridges the saga films.', 'https://image.tmdb.org/t/p/w500/vQGgvXjoMZf8x1m3BHsMxVXPyck.jpg', 'https://image.tmdb.org/t/p/original/c8jqJ502BzvkCXy2enrao1PuQEE.jpg') ON CONFLICT (id) DO UPDATE SET title = EXCLUDED.title, release_year = EXCLUDED.release_year, duration_minutes = EXCLUDED.duration_minutes, country = EXCLUDED.country, language = EXCLUDED.language, synopsis = EXCLUDED.synopsis, poster_image_url = EXCLUDED.poster_image_url, backdrop_image_url = EXCLUDED.backdrop_image_url;
INSERT INTO movie_directors (movie_id, director) VALUES (1015606, 'David Gelb');
INSERT INTO movie_cast_members (movie_id, cast_member) VALUES (1015606, 'Ewan McGregor');
INSERT INTO movie_cast_members (movie_id, cast_member) VALUES (1015606, 'Hayden Christensen');
INSERT INTO movie_cast_members (movie_id, cast_member) VALUES (1015606, 'Deborah Chow');
INSERT INTO movie_cast_members (movie_id, cast_member) VALUES (1015606, 'Moses Ingram');
INSERT INTO movie_cast_members (movie_id, cast_member) VALUES (1015606, 'Vivien Lyra Blair');
INSERT INTO movie_genres (movie_id, genre) VALUES (1015606, 'Documentary');
INSERT INTO movie_image_urls (movie_id, image_url) VALUES (1015606, 'https://image.tmdb.org/t/p/original/7kDBeAbfkk2YZnBlOkQzqDu1u7t.jpg');
INSERT INTO movie_image_urls (movie_id, image_url) VALUES (1015606, 'https://image.tmdb.org/t/p/original/zgl3uczktmCeLmoMP3vMiaiQavO.jpg');
INSERT INTO movie_image_urls (movie_id, image_url) VALUES (1015606, 'https://image.tmdb.org/t/p/original/PSBUyz5jXYqKr2OvLhQWmTbmSx.jpg');
INSERT INTO movie_image_urls (movie_id, image_url) VALUES (1015606, 'https://image.tmdb.org/t/p/original/csPrWYotIkRlv53SIdjVRlEFYVF.jpg');

INSERT INTO movies (id, title, release_year, duration_minutes, country, language, synopsis, poster_image_url, backdrop_image_url) VALUES (378236, 'The Emoji Movie', 2017, 86, 'United States of America', 'English', 'Gene, a multi-expressional emoji, sets out on a journey to become a normal emoji.', 'https://image.tmdb.org/t/p/w500/60bTx5z9zL1AqCjZ0gmWoRMJ6Bb.jpg', 'https://image.tmdb.org/t/p/original/kTrgxhRSj2sun89bDbnGCPBiey6.jpg') ON CONFLICT (id) DO UPDATE SET title = EXCLUDED.title, release_year = EXCLUDED.release_year, duration_minutes = EXCLUDED.duration_minutes, country = EXCLUDED.country, language = EXCLUDED.language, synopsis = EXCLUDED.synopsis, poster_image_url = EXCLUDED.poster_image_url, backdrop_image_url = EXCLUDED.backdrop_image_url;
INSERT INTO movie_directors (movie_id, director) VALUES (378236, 'Tony Leondis');
INSERT INTO movie_cast_members (movie_id, cast_member) VALUES (378236, 'T.J. Miller');
INSERT INTO movie_cast_members (movie_id, cast_member) VALUES (378236, 'James Corden');
INSERT INTO movie_cast_members (movie_id, cast_member) VALUES (378236, 'Anna Faris');
INSERT INTO movie_cast_members (movie_id, cast_member) VALUES (378236, 'Maya Rudolph');
INSERT INTO movie_cast_members (movie_id, cast_member) VALUES (378236, 'Steven Wright');
INSERT INTO movie_genres (movie_id, genre) VALUES (378236, 'Animation');
INSERT INTO movie_genres (movie_id, genre) VALUES (378236, 'Family');
INSERT INTO movie_genres (movie_id, genre) VALUES (378236, 'Comedy');
INSERT INTO movie_image_urls (movie_id, image_url) VALUES (378236, 'https://image.tmdb.org/t/p/original/pxh6wTnGZgaOdMWlvGN3wzGdSPV.jpg');
INSERT INTO movie_image_urls (movie_id, image_url) VALUES (378236, 'https://image.tmdb.org/t/p/original/vrKUeRiWbSMu1Nr0jE4zlwDo1wz.jpg');
INSERT INTO movie_image_urls (movie_id, image_url) VALUES (378236, 'https://image.tmdb.org/t/p/original/lJtYsWHjEZLO6oDKYgJfPFbRiYT.jpg');
INSERT INTO movie_image_urls (movie_id, image_url) VALUES (378236, 'https://image.tmdb.org/t/p/original/uboEyehC1pd9cswQn1oxampxHsc.jpg');

INSERT INTO movies (id, title, release_year, duration_minutes, country, language, synopsis, poster_image_url, backdrop_image_url) VALUES (1266992, 'Balinsasayaw', 2024, 98, 'Philippines', 'Tagalog', 'A rich woman marries a charming womanizer who conspires with his wife’s best friend. When all the revelations are exposed, the tables suddenly turn.', 'https://image.tmdb.org/t/p/w500/5gotyf6pPf9ZbDSW0yBLXMpDmmP.jpg', 'https://image.tmdb.org/t/p/original/s4su6J8opkWW9ibqfBdG6oae5iw.jpg') ON CONFLICT (id) DO UPDATE SET title = EXCLUDED.title, release_year = EXCLUDED.release_year, duration_minutes = EXCLUDED.duration_minutes, country = EXCLUDED.country, language = EXCLUDED.language, synopsis = EXCLUDED.synopsis, poster_image_url = EXCLUDED.poster_image_url, backdrop_image_url = EXCLUDED.backdrop_image_url;
INSERT INTO movie_directors (movie_id, director) VALUES (1266992, 'Rodante Pajemna Jr.');
INSERT INTO movie_cast_members (movie_id, cast_member) VALUES (1266992, 'Apple Dy');
INSERT INTO movie_cast_members (movie_id, cast_member) VALUES (1266992, 'Aiko Garcia');
INSERT INTO movie_cast_members (movie_id, cast_member) VALUES (1266992, 'Benz Sangalang');
INSERT INTO movie_cast_members (movie_id, cast_member) VALUES (1266992, 'Jonica Lazo');
INSERT INTO movie_cast_members (movie_id, cast_member) VALUES (1266992, 'Aria Bench');
INSERT INTO movie_genres (movie_id, genre) VALUES (1266992, 'Drama');
INSERT INTO movie_image_urls (movie_id, image_url) VALUES (1266992, 'https://image.tmdb.org/t/p/original/w9BRRiMelitB9S015fjWhI9eYZl.jpg');
INSERT INTO movie_image_urls (movie_id, image_url) VALUES (1266992, 'https://image.tmdb.org/t/p/original/pO7lcy1Nvo5jYkJ9fcVVFDWdUNk.jpg');

INSERT INTO movies (id, title, release_year, duration_minutes, country, language, synopsis, poster_image_url, backdrop_image_url) VALUES (438631, 'Dune', 2021, 155, 'United States of America', 'English', 'Paul Atreides, a brilliant and gifted young man born into a great destiny beyond his understanding, must travel to the most dangerous planet in the universe to ensure the future of his family and his people. As malevolent forces explode into conflict over the planet''s exclusive supply of the most precious resource in existence-a commodity capable of unlocking humanity''s greatest potential-only those who can conquer their fear will survive.', 'https://image.tmdb.org/t/p/w500/gDzOcq0pfeCeqMBwKIJlSmQpjkZ.jpg', 'https://image.tmdb.org/t/p/original/qVgZu5BTx6pu4owCvVOm4zjTfOi.jpg') ON CONFLICT (id) DO UPDATE SET title = EXCLUDED.title, release_year = EXCLUDED.release_year, duration_minutes = EXCLUDED.duration_minutes, country = EXCLUDED.country, language = EXCLUDED.language, synopsis = EXCLUDED.synopsis, poster_image_url = EXCLUDED.poster_image_url, backdrop_image_url = EXCLUDED.backdrop_image_url;
INSERT INTO movie_directors (movie_id, director) VALUES (438631, 'Denis Villeneuve');
INSERT INTO movie_cast_members (movie_id, cast_member) VALUES (438631, 'Timothée Chalamet');
INSERT INTO movie_cast_members (movie_id, cast_member) VALUES (438631, 'Rebecca Ferguson');
INSERT INTO movie_cast_members (movie_id, cast_member) VALUES (438631, 'Oscar Isaac');
INSERT INTO movie_cast_members (movie_id, cast_member) VALUES (438631, 'Jason Momoa');
INSERT INTO movie_cast_members (movie_id, cast_member) VALUES (438631, 'Stellan Skarsgård');
INSERT INTO movie_genres (movie_id, genre) VALUES (438631, 'Science Fiction');
INSERT INTO movie_genres (movie_id, genre) VALUES (438631, 'Adventure');
INSERT INTO movie_image_urls (movie_id, image_url) VALUES (438631, 'https://image.tmdb.org/t/p/original/h61Kc0NC7d90jNwXfBx5js7DnSQ.jpg');
INSERT INTO movie_image_urls (movie_id, image_url) VALUES (438631, 'https://image.tmdb.org/t/p/original/zRKQW58MBEY078AxkHxEJzUskCl.jpg');
INSERT INTO movie_image_urls (movie_id, image_url) VALUES (438631, 'https://image.tmdb.org/t/p/original/wYMbnrdRCREjNLwFlG5SLWzBjui.jpg');
INSERT INTO movie_image_urls (movie_id, image_url) VALUES (438631, 'https://image.tmdb.org/t/p/original/jYEW5xZkZk2WTrdbMGAPFuBqbDc.jpg');

INSERT INTO movies (id, title, release_year, duration_minutes, country, language, synopsis, poster_image_url, backdrop_image_url) VALUES (592350, 'My Hero Academia: Heroes Rising', 2019, 104, 'Japan', 'Japanese', 'Class 1-A visits Nabu Island where they finally get to do some real hero work. The place is so peaceful that it''s more like a vacation... until they''re attacked by a villain with an unfathomable Quirk! His power is eerily familiar, and it looks like Shigaraki had a hand in the plan. But with All Might retired and citizens'' lives on the line, there''s no time for questions. Deku and his friends are the next generation of heroes, and they''re the island''s only hope.', 'https://image.tmdb.org/t/p/w500/kpWsIkfXrnQ1pmR79qAHHq7DPxc.jpg', 'https://image.tmdb.org/t/p/original/9guoVF7zayiiUq5ulKQpt375VIy.jpg') ON CONFLICT (id) DO UPDATE SET title = EXCLUDED.title, release_year = EXCLUDED.release_year, duration_minutes = EXCLUDED.duration_minutes, country = EXCLUDED.country, language = EXCLUDED.language, synopsis = EXCLUDED.synopsis, poster_image_url = EXCLUDED.poster_image_url, backdrop_image_url = EXCLUDED.backdrop_image_url;
INSERT INTO movie_directors (movie_id, director) VALUES (592350, 'Kenji Nagasaki');
INSERT INTO movie_cast_members (movie_id, cast_member) VALUES (592350, 'Daiki Yamashita');
INSERT INTO movie_cast_members (movie_id, cast_member) VALUES (592350, 'Nobuhiko Okamoto');
INSERT INTO movie_cast_members (movie_id, cast_member) VALUES (592350, 'Yoshio Inoue');
INSERT INTO movie_cast_members (movie_id, cast_member) VALUES (592350, 'Mio Imada');
INSERT INTO movie_cast_members (movie_id, cast_member) VALUES (592350, 'Yuka Terasaki');
INSERT INTO movie_genres (movie_id, genre) VALUES (592350, 'Animation');
INSERT INTO movie_genres (movie_id, genre) VALUES (592350, 'Action');
INSERT INTO movie_genres (movie_id, genre) VALUES (592350, 'Fantasy');
INSERT INTO movie_genres (movie_id, genre) VALUES (592350, 'Adventure');
INSERT INTO movie_image_urls (movie_id, image_url) VALUES (592350, 'https://image.tmdb.org/t/p/original/ryY0vB4hrIt4l5gjhMDiEDHScvY.jpg');
INSERT INTO movie_image_urls (movie_id, image_url) VALUES (592350, 'https://image.tmdb.org/t/p/original/mFIAc5UvZ8frJ4GcAiywo1IlI9q.jpg');
INSERT INTO movie_image_urls (movie_id, image_url) VALUES (592350, 'https://image.tmdb.org/t/p/original/yzFPyMaj7Y6FFQvUN3GzgBTBd9P.jpg');
INSERT INTO movie_image_urls (movie_id, image_url) VALUES (592350, 'https://image.tmdb.org/t/p/original/XuotLB9ZeSrshWx2pmuTvs1p4B.jpg');

INSERT INTO movies (id, title, release_year, duration_minutes, country, language, synopsis, poster_image_url, backdrop_image_url) VALUES (606856, 'Togo', 2019, 113, 'United States of America', 'English', 'The untold true story set in the winter of 1925 that takes you across the treacherous terrain of the Alaskan tundra for an exhilarating and uplifting adventure that will test the strength, courage and determination of one man, Leonhard Seppala, and his lead sled dog, Togo.', 'https://image.tmdb.org/t/p/w500/921q4gPNN4J6UxvKaw6SCNBe3F8.jpg', 'https://image.tmdb.org/t/p/original/2Jr2OBzoLLOYqQWnyN4eicZv0sL.jpg') ON CONFLICT (id) DO UPDATE SET title = EXCLUDED.title, release_year = EXCLUDED.release_year, duration_minutes = EXCLUDED.duration_minutes, country = EXCLUDED.country, language = EXCLUDED.language, synopsis = EXCLUDED.synopsis, poster_image_url = EXCLUDED.poster_image_url, backdrop_image_url = EXCLUDED.backdrop_image_url;
INSERT INTO movie_directors (movie_id, director) VALUES (606856, 'Ericson Core');
INSERT INTO movie_cast_members (movie_id, cast_member) VALUES (606856, 'Willem Dafoe');
INSERT INTO movie_cast_members (movie_id, cast_member) VALUES (606856, 'Julianne Nicholson');
INSERT INTO movie_cast_members (movie_id, cast_member) VALUES (606856, 'Christopher Heyerdahl');
INSERT INTO movie_cast_members (movie_id, cast_member) VALUES (606856, 'Richard Dormer');
INSERT INTO movie_cast_members (movie_id, cast_member) VALUES (606856, 'Adrien Dorval');
INSERT INTO movie_genres (movie_id, genre) VALUES (606856, 'Adventure');
INSERT INTO movie_genres (movie_id, genre) VALUES (606856, 'Family');
INSERT INTO movie_image_urls (movie_id, image_url) VALUES (606856, 'https://image.tmdb.org/t/p/original/dbyPTxCYM0MMfexzkdHLobaUE1j.jpg');
INSERT INTO movie_image_urls (movie_id, image_url) VALUES (606856, 'https://image.tmdb.org/t/p/original/s3SCbAFs1gXG40rKnXOkdkxX59k.jpg');
INSERT INTO movie_image_urls (movie_id, image_url) VALUES (606856, 'https://image.tmdb.org/t/p/original/lDKK9rgOf8iHKEoDbWxaj2igoK0.jpg');
INSERT INTO movie_image_urls (movie_id, image_url) VALUES (606856, 'https://image.tmdb.org/t/p/original/4K3GSYoDGJSnRRE5v3p9vhqVadu.jpg');

INSERT INTO movies (id, title, release_year, duration_minutes, country, language, synopsis, poster_image_url, backdrop_image_url) VALUES (103, 'Taxi Driver', 1976, 114, 'United States of America', 'English', 'Suffering from insomnia, disturbed loner Travis Bickle takes a job as a New York City cabbie, haunting the streets nightly, growing increasingly detached from reality as he dreams of cleaning up the filthy city.', 'https://image.tmdb.org/t/p/w500/ekstpH614fwDX8DUln1a2Opz0N8.jpg', 'https://image.tmdb.org/t/p/original/9uddYYTNcLWpzUkl5iw1RUYhLhY.jpg') ON CONFLICT (id) DO UPDATE SET title = EXCLUDED.title, release_year = EXCLUDED.release_year, duration_minutes = EXCLUDED.duration_minutes, country = EXCLUDED.country, language = EXCLUDED.language, synopsis = EXCLUDED.synopsis, poster_image_url = EXCLUDED.poster_image_url, backdrop_image_url = EXCLUDED.backdrop_image_url;
INSERT INTO movie_directors (movie_id, director) VALUES (103, 'Martin Scorsese');
INSERT INTO movie_cast_members (movie_id, cast_member) VALUES (103, 'Robert De Niro');
INSERT INTO movie_cast_members (movie_id, cast_member) VALUES (103, 'Jodie Foster');
INSERT INTO movie_cast_members (movie_id, cast_member) VALUES (103, 'Cybill Shepherd');
INSERT INTO movie_cast_members (movie_id, cast_member) VALUES (103, 'Harvey Keitel');
INSERT INTO movie_cast_members (movie_id, cast_member) VALUES (103, 'Peter Boyle');
INSERT INTO movie_genres (movie_id, genre) VALUES (103, 'Crime');
INSERT INTO movie_genres (movie_id, genre) VALUES (103, 'Drama');
INSERT INTO movie_image_urls (movie_id, image_url) VALUES (103, 'https://image.tmdb.org/t/p/original/6aoyUbvu0419XLKLIMoH0TkEicH.jpg');
INSERT INTO movie_image_urls (movie_id, image_url) VALUES (103, 'https://image.tmdb.org/t/p/original/5MVSXJieOhbyZudCnV1H4YJpfPV.jpg');
INSERT INTO movie_image_urls (movie_id, image_url) VALUES (103, 'https://image.tmdb.org/t/p/original/a58oc5qGNazb3QOxEH8eG5S7gjr.jpg');
INSERT INTO movie_image_urls (movie_id, image_url) VALUES (103, 'https://image.tmdb.org/t/p/original/fhejfyX20tyF0s65CIf27wOuH9G.jpg');

INSERT INTO movies (id, title, release_year, duration_minutes, country, language, synopsis, poster_image_url, backdrop_image_url) VALUES (475557, 'Joker', 2019, 122, 'Canada', 'English', 'During the 1980s, a failed stand-up comedian is driven insane and turns to a life of crime and chaos in Gotham City while becoming an infamous psychopathic crime figure.', 'https://image.tmdb.org/t/p/w500/udDclJoHjfjb8Ekgsd4FDteOkCU.jpg', 'https://image.tmdb.org/t/p/original/hO7KbdvGOtDdeg0W4Y5nKEHeDDh.jpg') ON CONFLICT (id) DO UPDATE SET title = EXCLUDED.title, release_year = EXCLUDED.release_year, duration_minutes = EXCLUDED.duration_minutes, country = EXCLUDED.country, language = EXCLUDED.language, synopsis = EXCLUDED.synopsis, poster_image_url = EXCLUDED.poster_image_url, backdrop_image_url = EXCLUDED.backdrop_image_url;
INSERT INTO movie_directors (movie_id, director) VALUES (475557, 'Todd Phillips');
INSERT INTO movie_cast_members (movie_id, cast_member) VALUES (475557, 'Joaquin Phoenix');
INSERT INTO movie_cast_members (movie_id, cast_member) VALUES (475557, 'Robert De Niro');
INSERT INTO movie_cast_members (movie_id, cast_member) VALUES (475557, 'Zazie Beetz');
INSERT INTO movie_cast_members (movie_id, cast_member) VALUES (475557, 'Frances Conroy');
INSERT INTO movie_cast_members (movie_id, cast_member) VALUES (475557, 'Brett Cullen');
INSERT INTO movie_genres (movie_id, genre) VALUES (475557, 'Crime');
INSERT INTO movie_genres (movie_id, genre) VALUES (475557, 'Thriller');
INSERT INTO movie_genres (movie_id, genre) VALUES (475557, 'Drama');
INSERT INTO movie_image_urls (movie_id, image_url) VALUES (475557, 'https://image.tmdb.org/t/p/original/rlay2M5QYvi6igbGcFjq8jxeusY.jpg');
INSERT INTO movie_image_urls (movie_id, image_url) VALUES (475557, 'https://image.tmdb.org/t/p/original/hw1CwteUFGjcWXwjGhKk8UJpWeA.jpg');
INSERT INTO movie_image_urls (movie_id, image_url) VALUES (475557, 'https://image.tmdb.org/t/p/original/n6bUvigpRFqSwmPp1m2YADdbRBc.jpg');
INSERT INTO movie_image_urls (movie_id, image_url) VALUES (475557, 'https://image.tmdb.org/t/p/original/gZWl93sf8AxavYpVT1Un6EF3oCj.jpg');

INSERT INTO movies (id, title, release_year, duration_minutes, country, language, synopsis, poster_image_url, backdrop_image_url) VALUES (458220, 'Palmer', 2021, 110, 'United States of America', 'English', 'After 12 years in prison, former high school football star Eddie Palmer returns home to put his life back together—and forms an unlikely bond with Sam, an outcast boy from a troubled home. But Eddie''s past threatens to ruin his new life and family.', 'https://image.tmdb.org/t/p/w500/xSDdRAjxKAGi8fUBLOqSrBhJmF0.jpg', 'https://image.tmdb.org/t/p/original/mlBmnjDJfsAhvqRVc2aFOjsfh8M.jpg') ON CONFLICT (id) DO UPDATE SET title = EXCLUDED.title, release_year = EXCLUDED.release_year, duration_minutes = EXCLUDED.duration_minutes, country = EXCLUDED.country, language = EXCLUDED.language, synopsis = EXCLUDED.synopsis, poster_image_url = EXCLUDED.poster_image_url, backdrop_image_url = EXCLUDED.backdrop_image_url;
INSERT INTO movie_directors (movie_id, director) VALUES (458220, 'Fisher Stevens');
INSERT INTO movie_cast_members (movie_id, cast_member) VALUES (458220, 'Justin Timberlake');
INSERT INTO movie_cast_members (movie_id, cast_member) VALUES (458220, 'Ryder Allen');
INSERT INTO movie_cast_members (movie_id, cast_member) VALUES (458220, 'Juno Temple');
INSERT INTO movie_cast_members (movie_id, cast_member) VALUES (458220, 'Alisha Wainwright');
INSERT INTO movie_cast_members (movie_id, cast_member) VALUES (458220, 'June Squibb');
INSERT INTO movie_genres (movie_id, genre) VALUES (458220, 'Drama');
INSERT INTO movie_image_urls (movie_id, image_url) VALUES (458220, 'https://image.tmdb.org/t/p/original/bblKpucB0XbyQBmfXsaRN985Rgh.jpg');
INSERT INTO movie_image_urls (movie_id, image_url) VALUES (458220, 'https://image.tmdb.org/t/p/original/xXbGrl5ZUqOUpE7eywKGDFlGSqp.jpg');
INSERT INTO movie_image_urls (movie_id, image_url) VALUES (458220, 'https://image.tmdb.org/t/p/original/mYcgOvMrph6YZ5jbnLHrFHV1FNg.jpg');
INSERT INTO movie_image_urls (movie_id, image_url) VALUES (458220, 'https://image.tmdb.org/t/p/original/quJIi4x7JTFfcyrWMBQnINGzIRg.jpg');

INSERT INTO movies (id, title, release_year, duration_minutes, country, language, synopsis, poster_image_url, backdrop_image_url) VALUES (935, 'Dr. Strangelove or: How I Learned to Stop Worrying and Love the Bomb', 1964, 95, 'United Kingdom', 'English', 'After the insane General Jack D. Ripper initiates a nuclear strike on the Soviet Union, a war room full of politicians, generals and a Russian diplomat all frantically try to stop it.', 'https://image.tmdb.org/t/p/w500/6x7MzQ6BOMlRzam1StcmPO9v61g.jpg', 'https://image.tmdb.org/t/p/original/7i0L2ee4Iy0aXV6vR5u1ZmblOrx.jpg') ON CONFLICT (id) DO UPDATE SET title = EXCLUDED.title, release_year = EXCLUDED.release_year, duration_minutes = EXCLUDED.duration_minutes, country = EXCLUDED.country, language = EXCLUDED.language, synopsis = EXCLUDED.synopsis, poster_image_url = EXCLUDED.poster_image_url, backdrop_image_url = EXCLUDED.backdrop_image_url;
INSERT INTO movie_directors (movie_id, director) VALUES (935, 'Stanley Kubrick');
INSERT INTO movie_cast_members (movie_id, cast_member) VALUES (935, 'Peter Sellers');
INSERT INTO movie_cast_members (movie_id, cast_member) VALUES (935, 'George C. Scott');
INSERT INTO movie_cast_members (movie_id, cast_member) VALUES (935, 'Sterling Hayden');
INSERT INTO movie_cast_members (movie_id, cast_member) VALUES (935, 'Keenan Wynn');
INSERT INTO movie_cast_members (movie_id, cast_member) VALUES (935, 'Slim Pickens');
INSERT INTO movie_genres (movie_id, genre) VALUES (935, 'Comedy');
INSERT INTO movie_genres (movie_id, genre) VALUES (935, 'War');
INSERT INTO movie_image_urls (movie_id, image_url) VALUES (935, 'https://image.tmdb.org/t/p/original/4LmNLvXP5SZ5TrZEkNhC7dbjUNV.jpg');
INSERT INTO movie_image_urls (movie_id, image_url) VALUES (935, 'https://image.tmdb.org/t/p/original/AezAkLbfBM6IvsJQYzUuPleg8QS.jpg');
INSERT INTO movie_image_urls (movie_id, image_url) VALUES (935, 'https://image.tmdb.org/t/p/original/sTp8K0SfcC2RQef1Tu160z3niHO.jpg');
INSERT INTO movie_image_urls (movie_id, image_url) VALUES (935, 'https://image.tmdb.org/t/p/original/aIND8x6rns3KOazjaePHrpNUAjO.jpg');

INSERT INTO movies (id, title, release_year, duration_minutes, country, language, synopsis, poster_image_url, backdrop_image_url) VALUES (575813, 'Better Days', 2019, 135, 'China', 'Mandarin', 'A bullied teenage girl forms an unlikely friendship with a mysterious young man who protects her from her assailants, while she copes with the pressures of her final examinations.', 'https://image.tmdb.org/t/p/w500/csVZ2ZQCj98XdZoCuW1aixMYJ0W.jpg', 'https://image.tmdb.org/t/p/original/putsivYODgbKrhvwl9n4OqhPOkO.jpg') ON CONFLICT (id) DO UPDATE SET title = EXCLUDED.title, release_year = EXCLUDED.release_year, duration_minutes = EXCLUDED.duration_minutes, country = EXCLUDED.country, language = EXCLUDED.language, synopsis = EXCLUDED.synopsis, poster_image_url = EXCLUDED.poster_image_url, backdrop_image_url = EXCLUDED.backdrop_image_url;
INSERT INTO movie_directors (movie_id, director) VALUES (575813, 'Derek Tsang Kwok-Cheung');
INSERT INTO movie_cast_members (movie_id, cast_member) VALUES (575813, 'Zhou Dongyu');
INSERT INTO movie_cast_members (movie_id, cast_member) VALUES (575813, 'Jackson Yee');
INSERT INTO movie_cast_members (movie_id, cast_member) VALUES (575813, 'Yin Fang');
INSERT INTO movie_cast_members (movie_id, cast_member) VALUES (575813, 'Huang Jue');
INSERT INTO movie_cast_members (movie_id, cast_member) VALUES (575813, 'Wu Yue');
INSERT INTO movie_genres (movie_id, genre) VALUES (575813, 'Drama');
INSERT INTO movie_genres (movie_id, genre) VALUES (575813, 'Crime');
INSERT INTO movie_genres (movie_id, genre) VALUES (575813, 'Romance');
INSERT INTO movie_image_urls (movie_id, image_url) VALUES (575813, 'https://image.tmdb.org/t/p/original/n3CAxuQmyhu6CHq38GKAtvBOi94.jpg');
INSERT INTO movie_image_urls (movie_id, image_url) VALUES (575813, 'https://image.tmdb.org/t/p/original/eJ8G5V3FDbWZP2lxTzutB4R7UNj.jpg');
INSERT INTO movie_image_urls (movie_id, image_url) VALUES (575813, 'https://image.tmdb.org/t/p/original/dBko9ZZjGqwvIuTolCRp6bAH4Km.jpg');
INSERT INTO movie_image_urls (movie_id, image_url) VALUES (575813, 'https://image.tmdb.org/t/p/original/iZIlQaoiOsMMyaa7iP5ZtC4XVve.jpg');

INSERT INTO movies (id, title, release_year, duration_minutes, country, language, synopsis, poster_image_url, backdrop_image_url) VALUES (980477, 'Ne Zha 2', 2025, 144, 'China', 'Mandarin', 'After a catastrophic event leaves their bodies destroyed, Ne Zha and Ao Bing are granted a fragile second chance at life. As tensions rise between the dragon clans and celestial forces, the two must undergo a series of perilous trials that will test their bond, challenge their identities, and decide the fate of both mortals and immortals.', 'https://image.tmdb.org/t/p/w500/cb5NyNrqiCNNoDkA8FfxHAtypdG.jpg', 'https://image.tmdb.org/t/p/original/8btfz81bOJ2lC7cujYBTw03wzg3.jpg') ON CONFLICT (id) DO UPDATE SET title = EXCLUDED.title, release_year = EXCLUDED.release_year, duration_minutes = EXCLUDED.duration_minutes, country = EXCLUDED.country, language = EXCLUDED.language, synopsis = EXCLUDED.synopsis, poster_image_url = EXCLUDED.poster_image_url, backdrop_image_url = EXCLUDED.backdrop_image_url;
INSERT INTO movie_directors (movie_id, director) VALUES (980477, 'Jiao Zi');
INSERT INTO movie_cast_members (movie_id, cast_member) VALUES (980477, 'Lu Yanting');
INSERT INTO movie_cast_members (movie_id, cast_member) VALUES (980477, 'Joseph');
INSERT INTO movie_cast_members (movie_id, cast_member) VALUES (980477, 'Han Mo');
INSERT INTO movie_cast_members (movie_id, cast_member) VALUES (980477, 'Chen Hao');
INSERT INTO movie_cast_members (movie_id, cast_member) VALUES (980477, 'Lu Qi');
INSERT INTO movie_genres (movie_id, genre) VALUES (980477, 'Animation');
INSERT INTO movie_genres (movie_id, genre) VALUES (980477, 'Fantasy');
INSERT INTO movie_genres (movie_id, genre) VALUES (980477, 'Adventure');
INSERT INTO movie_image_urls (movie_id, image_url) VALUES (980477, 'https://image.tmdb.org/t/p/original/c9xmB53umjnrCMS4pZz11clF3yJ.jpg');
INSERT INTO movie_image_urls (movie_id, image_url) VALUES (980477, 'https://image.tmdb.org/t/p/original/zxi6WQPVc0uQAG5TtLsKvxYHApC.jpg');
INSERT INTO movie_image_urls (movie_id, image_url) VALUES (980477, 'https://image.tmdb.org/t/p/original/cUtDPcs9YolPJgqAjxKhsUIHuCE.jpg');
INSERT INTO movie_image_urls (movie_id, image_url) VALUES (980477, 'https://image.tmdb.org/t/p/original/tlHa0Q4ExNKTVsvTqJo7nuihzQE.jpg');

INSERT INTO movies (id, title, release_year, duration_minutes, country, language, synopsis, poster_image_url, backdrop_image_url) VALUES (1103621, 'How to Make Millions Before Grandma Dies', 2024, 126, 'Thailand', 'Thai', 'M, a university dropout low on money and luck, volunteers to take care of his terminally ill grandmother, in the hope of pocketing an inheritance.', 'https://image.tmdb.org/t/p/w500/9Xa0Grd2jq2lM2gqcoTB4F9TjMd.jpg', 'https://image.tmdb.org/t/p/original/3kvS6Ws5usxSk1wIbKZ7YPug2V2.jpg') ON CONFLICT (id) DO UPDATE SET title = EXCLUDED.title, release_year = EXCLUDED.release_year, duration_minutes = EXCLUDED.duration_minutes, country = EXCLUDED.country, language = EXCLUDED.language, synopsis = EXCLUDED.synopsis, poster_image_url = EXCLUDED.poster_image_url, backdrop_image_url = EXCLUDED.backdrop_image_url;
INSERT INTO movie_directors (movie_id, director) VALUES (1103621, 'Pat Boonnitipat');
INSERT INTO movie_cast_members (movie_id, cast_member) VALUES (1103621, 'Putthipong Assaratanakul');
INSERT INTO movie_cast_members (movie_id, cast_member) VALUES (1103621, 'Usha Seamkhum');
INSERT INTO movie_cast_members (movie_id, cast_member) VALUES (1103621, 'Sanya Kunakorn');
INSERT INTO movie_cast_members (movie_id, cast_member) VALUES (1103621, 'Sarinrat Thomas');
INSERT INTO movie_cast_members (movie_id, cast_member) VALUES (1103621, 'Pongsatorn Jongwilas');
INSERT INTO movie_genres (movie_id, genre) VALUES (1103621, 'Drama');
INSERT INTO movie_image_urls (movie_id, image_url) VALUES (1103621, 'https://image.tmdb.org/t/p/original/jtSCugyOC4gtKqVXK3WaaxRNzqZ.jpg');
INSERT INTO movie_image_urls (movie_id, image_url) VALUES (1103621, 'https://image.tmdb.org/t/p/original/7kVdeSbPWaMmLOusn7uYTSNMmLH.jpg');
INSERT INTO movie_image_urls (movie_id, image_url) VALUES (1103621, 'https://image.tmdb.org/t/p/original/5h1HnMwLcqa444F318R0C467yUv.jpg');
INSERT INTO movie_image_urls (movie_id, image_url) VALUES (1103621, 'https://image.tmdb.org/t/p/original/anhm4mgPsHwpXTJ5DOVMyEMSpW3.jpg');

INSERT INTO movies (id, title, release_year, duration_minutes, country, language, synopsis, poster_image_url, backdrop_image_url) VALUES (600, 'Full Metal Jacket', 1987, 117, 'United Kingdom', 'English', 'A pragmatic U.S. Marine observes the dehumanizing effects the U.S.-Vietnam War has on his fellow recruits from their brutal boot camp training to the bloody street fighting in Hue.', 'https://image.tmdb.org/t/p/w500/kMKyx1k8hWWscYFnPbnxxN4Eqo4.jpg', 'https://image.tmdb.org/t/p/original/3k2TRmqMjgt7tcwkYwZQdctnty3.jpg') ON CONFLICT (id) DO UPDATE SET title = EXCLUDED.title, release_year = EXCLUDED.release_year, duration_minutes = EXCLUDED.duration_minutes, country = EXCLUDED.country, language = EXCLUDED.language, synopsis = EXCLUDED.synopsis, poster_image_url = EXCLUDED.poster_image_url, backdrop_image_url = EXCLUDED.backdrop_image_url;
INSERT INTO movie_directors (movie_id, director) VALUES (600, 'Stanley Kubrick');
INSERT INTO movie_cast_members (movie_id, cast_member) VALUES (600, 'Matthew Modine');
INSERT INTO movie_cast_members (movie_id, cast_member) VALUES (600, 'Adam Baldwin');
INSERT INTO movie_cast_members (movie_id, cast_member) VALUES (600, 'Vincent D''Onofrio');
INSERT INTO movie_cast_members (movie_id, cast_member) VALUES (600, 'R. Lee Ermey');
INSERT INTO movie_cast_members (movie_id, cast_member) VALUES (600, 'Dorian Harewood');
INSERT INTO movie_genres (movie_id, genre) VALUES (600, 'Drama');
INSERT INTO movie_genres (movie_id, genre) VALUES (600, 'War');
INSERT INTO movie_image_urls (movie_id, image_url) VALUES (600, 'https://image.tmdb.org/t/p/original/yYderAvjtKnYLBxKujVpmKTVlOM.jpg');
INSERT INTO movie_image_urls (movie_id, image_url) VALUES (600, 'https://image.tmdb.org/t/p/original/jqfCHNmjJVo5nJnLPM3ww7yqfNm.jpg');
INSERT INTO movie_image_urls (movie_id, image_url) VALUES (600, 'https://image.tmdb.org/t/p/original/yozBWKbyeXtPGN75PlHurOaVvEz.jpg');
INSERT INTO movie_image_urls (movie_id, image_url) VALUES (600, 'https://image.tmdb.org/t/p/original/gTsoNm3WYFzK94a5K9qtqACj8SM.jpg');

INSERT INTO movies (id, title, release_year, duration_minutes, country, language, synopsis, poster_image_url, backdrop_image_url) VALUES (500, 'Reservoir Dogs', 1992, 99, 'United States of America', 'English', 'A botched robbery indicates a police informant, and the pressure mounts in the aftermath at a warehouse. Crime begets violence as the survivors -- veteran Mr. White, newcomer Mr. Orange, psychopathic parolee Mr. Blonde, bickering weasel Mr. Pink and Nice Guy Eddie -- unravel.', 'https://image.tmdb.org/t/p/w500/xi8Iu6qyTfyZVDVy60raIOYJJmk.jpg', 'https://image.tmdb.org/t/p/original/jwt159hXWA9Q5xpBo8hWb3zwLi7.jpg') ON CONFLICT (id) DO UPDATE SET title = EXCLUDED.title, release_year = EXCLUDED.release_year, duration_minutes = EXCLUDED.duration_minutes, country = EXCLUDED.country, language = EXCLUDED.language, synopsis = EXCLUDED.synopsis, poster_image_url = EXCLUDED.poster_image_url, backdrop_image_url = EXCLUDED.backdrop_image_url;
INSERT INTO movie_directors (movie_id, director) VALUES (500, 'Quentin Tarantino');
INSERT INTO movie_cast_members (movie_id, cast_member) VALUES (500, 'Harvey Keitel');
INSERT INTO movie_cast_members (movie_id, cast_member) VALUES (500, 'Tim Roth');
INSERT INTO movie_cast_members (movie_id, cast_member) VALUES (500, 'Michael Madsen');
INSERT INTO movie_cast_members (movie_id, cast_member) VALUES (500, 'Chris Penn');
INSERT INTO movie_cast_members (movie_id, cast_member) VALUES (500, 'Steve Buscemi');
INSERT INTO movie_genres (movie_id, genre) VALUES (500, 'Crime');
INSERT INTO movie_genres (movie_id, genre) VALUES (500, 'Thriller');
INSERT INTO movie_image_urls (movie_id, image_url) VALUES (500, 'https://image.tmdb.org/t/p/original/jqFjgNnxpXIXWuPsyfqmcLXRo9p.jpg');
INSERT INTO movie_image_urls (movie_id, image_url) VALUES (500, 'https://image.tmdb.org/t/p/original/eohMDv8x1XRSkPdjWv5xsFct4Dj.jpg');
INSERT INTO movie_image_urls (movie_id, image_url) VALUES (500, 'https://image.tmdb.org/t/p/original/ugrCnG4VDVDv91mvyP19Idgjnh.jpg');
INSERT INTO movie_image_urls (movie_id, image_url) VALUES (500, 'https://image.tmdb.org/t/p/original/wGsI7y80pVFeG04ecWUgEwCxpwn.jpg');

INSERT INTO movies (id, title, release_year, duration_minutes, country, language, synopsis, poster_image_url, backdrop_image_url) VALUES (810693, 'Jujutsu Kaisen 0', 2021, 105, 'Japan', 'Japanese', 'Yuta Okkotsu is a nervous high school student who is suffering from a serious problem—his childhood friend Rika has turned into a curse and won''t leave him alone. Since Rika is no ordinary curse, his plight is noticed by Satoru Gojo, a teacher at Jujutsu High, a school where fledgling exorcists learn how to combat curses. Gojo convinces Yuta to enroll, but can he learn enough in time to confront the curse that haunts him?', 'https://image.tmdb.org/t/p/w500/23oJaeBh0FDk2mQ2P240PU9Xxfh.jpg', 'https://image.tmdb.org/t/p/original/rcEDPOOOUTLFxLLQJggfLffbofe.jpg') ON CONFLICT (id) DO UPDATE SET title = EXCLUDED.title, release_year = EXCLUDED.release_year, duration_minutes = EXCLUDED.duration_minutes, country = EXCLUDED.country, language = EXCLUDED.language, synopsis = EXCLUDED.synopsis, poster_image_url = EXCLUDED.poster_image_url, backdrop_image_url = EXCLUDED.backdrop_image_url;
INSERT INTO movie_directors (movie_id, director) VALUES (810693, 'Sunghoo Park');
INSERT INTO movie_cast_members (movie_id, cast_member) VALUES (810693, 'Megumi Ogata');
INSERT INTO movie_cast_members (movie_id, cast_member) VALUES (810693, 'Kana Hanazawa');
INSERT INTO movie_cast_members (movie_id, cast_member) VALUES (810693, 'Yuichi Nakamura');
INSERT INTO movie_cast_members (movie_id, cast_member) VALUES (810693, 'Takahiro Sakurai');
INSERT INTO movie_cast_members (movie_id, cast_member) VALUES (810693, 'Mikako Komatsu');
INSERT INTO movie_genres (movie_id, genre) VALUES (810693, 'Animation');
INSERT INTO movie_genres (movie_id, genre) VALUES (810693, 'Action');
INSERT INTO movie_genres (movie_id, genre) VALUES (810693, 'Fantasy');
INSERT INTO movie_image_urls (movie_id, image_url) VALUES (810693, 'https://image.tmdb.org/t/p/original/qQH6x0tUvFQKTKfb5KB2NbfIz7.jpg');
INSERT INTO movie_image_urls (movie_id, image_url) VALUES (810693, 'https://image.tmdb.org/t/p/original/fh4H92nhTUJTONXVRUHIpOGsHnK.jpg');
INSERT INTO movie_image_urls (movie_id, image_url) VALUES (810693, 'https://image.tmdb.org/t/p/original/921vUyXdfIYpaXqu5Lnf3nVb4IJ.jpg');
INSERT INTO movie_image_urls (movie_id, image_url) VALUES (810693, 'https://image.tmdb.org/t/p/original/uBxkwY70q6d7c8dN0qAXRHmHeUQ.jpg');

INSERT INTO movies (id, title, release_year, duration_minutes, country, language, synopsis, poster_image_url, backdrop_image_url) VALUES (20914, 'My Friends', 1975, 140, 'Italy', 'Italian', 'Four inseparable friends try to face their midlife crisis with daytrips and pranks at the expense of their families and the people around them.', 'https://image.tmdb.org/t/p/w500/efQiC7hEXa6Vbn05FwNQoB8yGqX.jpg', 'https://image.tmdb.org/t/p/original/3q6XHCXII7qRZOx5EqU5NfYkVx8.jpg') ON CONFLICT (id) DO UPDATE SET title = EXCLUDED.title, release_year = EXCLUDED.release_year, duration_minutes = EXCLUDED.duration_minutes, country = EXCLUDED.country, language = EXCLUDED.language, synopsis = EXCLUDED.synopsis, poster_image_url = EXCLUDED.poster_image_url, backdrop_image_url = EXCLUDED.backdrop_image_url;
INSERT INTO movie_directors (movie_id, director) VALUES (20914, 'Mario Monicelli');
INSERT INTO movie_cast_members (movie_id, cast_member) VALUES (20914, 'Ugo Tognazzi');
INSERT INTO movie_cast_members (movie_id, cast_member) VALUES (20914, 'Gastone Moschin');
INSERT INTO movie_cast_members (movie_id, cast_member) VALUES (20914, 'Philippe Noiret');
INSERT INTO movie_cast_members (movie_id, cast_member) VALUES (20914, 'Duilio Del Prete');
INSERT INTO movie_cast_members (movie_id, cast_member) VALUES (20914, 'Adolfo Celi');
INSERT INTO movie_genres (movie_id, genre) VALUES (20914, 'Comedy');
INSERT INTO movie_image_urls (movie_id, image_url) VALUES (20914, 'https://image.tmdb.org/t/p/original/d39B56x6ugbDV5oMwRfcRFKWrwH.jpg');
INSERT INTO movie_image_urls (movie_id, image_url) VALUES (20914, 'https://image.tmdb.org/t/p/original/bg4B52loVIYZTf3odGQKVV6B55h.jpg');
INSERT INTO movie_image_urls (movie_id, image_url) VALUES (20914, 'https://image.tmdb.org/t/p/original/nehF3O4pS8vETlA1WMHVQizqbZh.jpg');
INSERT INTO movie_image_urls (movie_id, image_url) VALUES (20914, 'https://image.tmdb.org/t/p/original/fWzP4LZLTVVLxF0CXMgKld7u9Li.jpg');

INSERT INTO movies (id, title, release_year, duration_minutes, country, language, synopsis, poster_image_url, backdrop_image_url) VALUES (10681, 'WALL·E', 2008, 98, 'United States of America', 'English', 'After hundreds of years doing what he was built for, WALL•E— a robot designed to clean up the earth—discovers a new purpose in life when he meets a sleek search robot named EVE. EVE comes to realize that WALL•E has inadvertently stumbled upon the key to the planet''s future, and races back to space to report to the humans. Meanwhile, WALL•E chases EVE across the galaxy and sets into motion one of the most imaginative adventures ever brought to the big screen.', 'https://image.tmdb.org/t/p/w500/hbhFnRzzg6ZDmm8YAmxBnQpQIPh.jpg', 'https://image.tmdb.org/t/p/original/ai2FicMUxLCurVkjtYdSvVDWRmS.jpg') ON CONFLICT (id) DO UPDATE SET title = EXCLUDED.title, release_year = EXCLUDED.release_year, duration_minutes = EXCLUDED.duration_minutes, country = EXCLUDED.country, language = EXCLUDED.language, synopsis = EXCLUDED.synopsis, poster_image_url = EXCLUDED.poster_image_url, backdrop_image_url = EXCLUDED.backdrop_image_url;
INSERT INTO movie_directors (movie_id, director) VALUES (10681, 'Andrew Stanton');
INSERT INTO movie_cast_members (movie_id, cast_member) VALUES (10681, 'Ben Burtt');
INSERT INTO movie_cast_members (movie_id, cast_member) VALUES (10681, 'Elissa Knight');
INSERT INTO movie_cast_members (movie_id, cast_member) VALUES (10681, 'Jeff Garlin');
INSERT INTO movie_cast_members (movie_id, cast_member) VALUES (10681, 'Fred Willard');
INSERT INTO movie_cast_members (movie_id, cast_member) VALUES (10681, 'John Ratzenberger');
INSERT INTO movie_genres (movie_id, genre) VALUES (10681, 'Animation');
INSERT INTO movie_genres (movie_id, genre) VALUES (10681, 'Family');
INSERT INTO movie_genres (movie_id, genre) VALUES (10681, 'Science Fiction');
INSERT INTO movie_image_urls (movie_id, image_url) VALUES (10681, 'https://image.tmdb.org/t/p/original/pjLdH5VIKirwVUIZ0iDisXoRGo4.jpg');
INSERT INTO movie_image_urls (movie_id, image_url) VALUES (10681, 'https://image.tmdb.org/t/p/original/fK5ssgvtI43z19FoWigdlqgpLRE.jpg');
INSERT INTO movie_image_urls (movie_id, image_url) VALUES (10681, 'https://image.tmdb.org/t/p/original/3CvNc04vTwTir5q3LBDuvUb8Ng6.jpg');
INSERT INTO movie_image_urls (movie_id, image_url) VALUES (10681, 'https://image.tmdb.org/t/p/original/qxSArjpoHUOIzP5ha3EHvWbPCdY.jpg');

INSERT INTO movies (id, title, release_year, duration_minutes, country, language, synopsis, poster_image_url, backdrop_image_url) VALUES (422, '8½', 1963, 139, 'Italy', 'German', 'Guido Anselmi, a film director, finds himself creatively barren at the peak of his career. Urged by his doctors to rest, Anselmi heads for a luxurious resort, but a sorry group gathers—his producer, staff, actors, wife, mistress, and relatives—each one begging him to get on with the show. In retreat from their dependency, he fantasizes about past women and dreams of his childhood.', 'https://image.tmdb.org/t/p/w500/t8pFvll3cFrn5NmqZz2FawqIwPe.jpg', 'https://image.tmdb.org/t/p/original/y2FNZLHynsevBnVTocGW6c3pQpr.jpg') ON CONFLICT (id) DO UPDATE SET title = EXCLUDED.title, release_year = EXCLUDED.release_year, duration_minutes = EXCLUDED.duration_minutes, country = EXCLUDED.country, language = EXCLUDED.language, synopsis = EXCLUDED.synopsis, poster_image_url = EXCLUDED.poster_image_url, backdrop_image_url = EXCLUDED.backdrop_image_url;
INSERT INTO movie_directors (movie_id, director) VALUES (422, 'Federico Fellini');
INSERT INTO movie_cast_members (movie_id, cast_member) VALUES (422, 'Marcello Mastroianni');
INSERT INTO movie_cast_members (movie_id, cast_member) VALUES (422, 'Claudia Cardinale');
INSERT INTO movie_cast_members (movie_id, cast_member) VALUES (422, 'Anouk Aimée');
INSERT INTO movie_cast_members (movie_id, cast_member) VALUES (422, 'Sandra Milo');
INSERT INTO movie_cast_members (movie_id, cast_member) VALUES (422, 'Rossella Falk');
INSERT INTO movie_genres (movie_id, genre) VALUES (422, 'Drama');
INSERT INTO movie_image_urls (movie_id, image_url) VALUES (422, 'https://image.tmdb.org/t/p/original/nLfpSpBCxM3xvfprQzutK2yaDno.jpg');
INSERT INTO movie_image_urls (movie_id, image_url) VALUES (422, 'https://image.tmdb.org/t/p/original/9wteBYbnjh3VBn0Pzghc1cTBKud.jpg');
INSERT INTO movie_image_urls (movie_id, image_url) VALUES (422, 'https://image.tmdb.org/t/p/original/nrOIe2QjldZJFeQe2281p1TKxeR.jpg');
INSERT INTO movie_image_urls (movie_id, image_url) VALUES (422, 'https://image.tmdb.org/t/p/original/nLseqqZguRBSpErfkFBeso3GODe.jpg');

INSERT INTO movies (id, title, release_year, duration_minutes, country, language, synopsis, poster_image_url, backdrop_image_url) VALUES (406997, 'Wonder', 2017, 113, 'United States of America', 'English', 'The story of August Pullman – a boy with facial differences – who enters fifth grade, attending a mainstream elementary school for the first time.', 'https://image.tmdb.org/t/p/w500/sONh3LYGFcVDTy8pm1tbSOB13Li.jpg', 'https://image.tmdb.org/t/p/original/b7xQ5fuyVO4c24igizCfPgF6n7q.jpg') ON CONFLICT (id) DO UPDATE SET title = EXCLUDED.title, release_year = EXCLUDED.release_year, duration_minutes = EXCLUDED.duration_minutes, country = EXCLUDED.country, language = EXCLUDED.language, synopsis = EXCLUDED.synopsis, poster_image_url = EXCLUDED.poster_image_url, backdrop_image_url = EXCLUDED.backdrop_image_url;
INSERT INTO movie_directors (movie_id, director) VALUES (406997, 'Stephen Chbosky');
INSERT INTO movie_cast_members (movie_id, cast_member) VALUES (406997, 'Jacob Tremblay');
INSERT INTO movie_cast_members (movie_id, cast_member) VALUES (406997, 'Julia Roberts');
INSERT INTO movie_cast_members (movie_id, cast_member) VALUES (406997, 'Owen Wilson');
INSERT INTO movie_cast_members (movie_id, cast_member) VALUES (406997, 'Izabela Vidovic');
INSERT INTO movie_cast_members (movie_id, cast_member) VALUES (406997, 'Noah Jupe');
INSERT INTO movie_genres (movie_id, genre) VALUES (406997, 'Family');
INSERT INTO movie_genres (movie_id, genre) VALUES (406997, 'Drama');
INSERT INTO movie_image_urls (movie_id, image_url) VALUES (406997, 'https://image.tmdb.org/t/p/original/ce6HzPfxRRcLk5QRLcdExeVpsA1.jpg');
INSERT INTO movie_image_urls (movie_id, image_url) VALUES (406997, 'https://image.tmdb.org/t/p/original/4rsrxYDfIzvtAsIE9wevxPRXAk4.jpg');
INSERT INTO movie_image_urls (movie_id, image_url) VALUES (406997, 'https://image.tmdb.org/t/p/original/tP033SAdNB6AthO4txkCLdaa1C9.jpg');
INSERT INTO movie_image_urls (movie_id, image_url) VALUES (406997, 'https://image.tmdb.org/t/p/original/tiLvbObxS3xa55QY3Ms9pdROvUP.jpg');

INSERT INTO movies (id, title, release_year, duration_minutes, country, language, synopsis, poster_image_url, backdrop_image_url) VALUES (38288, '“The Shorts” by Aldo, Giovanni and Giacomo', 1996, 130, 'Italy', 'Italian', 'I Corti ("Shorts") by Aldo, Giovanni & Giacomo was the first stage show of the comedy trio, with the participation of Marina Massironi. It was recorded live at the Teatro Nuovo in Ferrara on 28 and 29 March 1996. Produced by Agidi, with the theatre direction of Arturo Brachetti.', 'https://image.tmdb.org/t/p/w500/y3hEulMYSTQuvmI5jBTyWrcvJQX.jpg', 'https://image.tmdb.org/t/p/original/mFVGzW8a2Z37NphnuB6liChiuRv.jpg') ON CONFLICT (id) DO UPDATE SET title = EXCLUDED.title, release_year = EXCLUDED.release_year, duration_minutes = EXCLUDED.duration_minutes, country = EXCLUDED.country, language = EXCLUDED.language, synopsis = EXCLUDED.synopsis, poster_image_url = EXCLUDED.poster_image_url, backdrop_image_url = EXCLUDED.backdrop_image_url;
INSERT INTO movie_directors (movie_id, director) VALUES (38288, 'Arturo Brachetti');
INSERT INTO movie_cast_members (movie_id, cast_member) VALUES (38288, 'Aldo Baglio');
INSERT INTO movie_cast_members (movie_id, cast_member) VALUES (38288, 'Giacomo Poretti');
INSERT INTO movie_cast_members (movie_id, cast_member) VALUES (38288, 'Giovanni Storti');
INSERT INTO movie_cast_members (movie_id, cast_member) VALUES (38288, 'Marina Massironi');
INSERT INTO movie_genres (movie_id, genre) VALUES (38288, 'Comedy');
INSERT INTO movie_image_urls (movie_id, image_url) VALUES (38288, 'https://image.tmdb.org/t/p/original/6mErfceAFKDLf08exF72cFDsCB2.jpg');

INSERT INTO movies (id, title, release_year, duration_minutes, country, language, synopsis, poster_image_url, backdrop_image_url) VALUES (146233, 'Prisoners', 2013, 153, 'United States of America', 'English', 'Keller Dover is facing every parent’s worst nightmare. His six-year-old daughter, Anna, is missing, together with her young friend, Joy, and as minutes turn to hours, panic sets in. The only lead is a dilapidated RV that had earlier been parked on their street.', 'https://image.tmdb.org/t/p/w500/jsS3a3ep2KyBVmmiwaz3LvK49b1.jpg', 'https://image.tmdb.org/t/p/original/n1ItmvzsDV5yLgDodSCLZpFlsP6.jpg') ON CONFLICT (id) DO UPDATE SET title = EXCLUDED.title, release_year = EXCLUDED.release_year, duration_minutes = EXCLUDED.duration_minutes, country = EXCLUDED.country, language = EXCLUDED.language, synopsis = EXCLUDED.synopsis, poster_image_url = EXCLUDED.poster_image_url, backdrop_image_url = EXCLUDED.backdrop_image_url;
INSERT INTO movie_directors (movie_id, director) VALUES (146233, 'Denis Villeneuve');
INSERT INTO movie_cast_members (movie_id, cast_member) VALUES (146233, 'Hugh Jackman');
INSERT INTO movie_cast_members (movie_id, cast_member) VALUES (146233, 'Jake Gyllenhaal');
INSERT INTO movie_cast_members (movie_id, cast_member) VALUES (146233, 'Viola Davis');
INSERT INTO movie_cast_members (movie_id, cast_member) VALUES (146233, 'Maria Bello');
INSERT INTO movie_cast_members (movie_id, cast_member) VALUES (146233, 'Terrence Howard');
INSERT INTO movie_genres (movie_id, genre) VALUES (146233, 'Drama');
INSERT INTO movie_genres (movie_id, genre) VALUES (146233, 'Thriller');
INSERT INTO movie_genres (movie_id, genre) VALUES (146233, 'Crime');
INSERT INTO movie_image_urls (movie_id, image_url) VALUES (146233, 'https://image.tmdb.org/t/p/original/3RFmTz5h2UuFWEV4oH00XICBR9y.jpg');
INSERT INTO movie_image_urls (movie_id, image_url) VALUES (146233, 'https://image.tmdb.org/t/p/original/9i812De3ZGcY7NBdxv5LdhkPdNT.jpg');
INSERT INTO movie_image_urls (movie_id, image_url) VALUES (146233, 'https://image.tmdb.org/t/p/original/eIIYk4qTC8qaOVSsFTfh2Zehbjx.jpg');
INSERT INTO movie_image_urls (movie_id, image_url) VALUES (146233, 'https://image.tmdb.org/t/p/original/ijgJxqQ6XDjLF9clAem3lnn4lNG.jpg');

INSERT INTO movies (id, title, release_year, duration_minutes, country, language, synopsis, poster_image_url, backdrop_image_url) VALUES (812225, 'Black Clover: Sword of the Wizard King', 2023, 113, 'Japan', 'Japanese', 'As a lionhearted boy who can''t wield magic strives for the title of Wizard King, four banished Wizard Kings of yore return to crush the Clover Kingdom.', 'https://image.tmdb.org/t/p/w500/9YEGawvjaRgnyW6QVcUhFJPFDco.jpg', 'https://image.tmdb.org/t/p/original/rogeBJK44LtWynOqzMFmEF30T80.jpg') ON CONFLICT (id) DO UPDATE SET title = EXCLUDED.title, release_year = EXCLUDED.release_year, duration_minutes = EXCLUDED.duration_minutes, country = EXCLUDED.country, language = EXCLUDED.language, synopsis = EXCLUDED.synopsis, poster_image_url = EXCLUDED.poster_image_url, backdrop_image_url = EXCLUDED.backdrop_image_url;
INSERT INTO movie_directors (movie_id, director) VALUES (812225, 'Ayataka Tanemura');
INSERT INTO movie_cast_members (movie_id, cast_member) VALUES (812225, 'Gakuto Kajiwara');
INSERT INTO movie_cast_members (movie_id, cast_member) VALUES (812225, 'Nobunaga Shimazaki');
INSERT INTO movie_cast_members (movie_id, cast_member) VALUES (812225, 'Junichi Suwabe');
INSERT INTO movie_cast_members (movie_id, cast_member) VALUES (812225, 'Kana Yuuki');
INSERT INTO movie_cast_members (movie_id, cast_member) VALUES (812225, 'Toshihiko Seki');
INSERT INTO movie_genres (movie_id, genre) VALUES (812225, 'Animation');
INSERT INTO movie_genres (movie_id, genre) VALUES (812225, 'Fantasy');
INSERT INTO movie_genres (movie_id, genre) VALUES (812225, 'Action');
INSERT INTO movie_genres (movie_id, genre) VALUES (812225, 'Adventure');
INSERT INTO movie_image_urls (movie_id, image_url) VALUES (812225, 'https://image.tmdb.org/t/p/original/eUNg7wZ8HoQW0QxFjrfw3ioAkap.jpg');
INSERT INTO movie_image_urls (movie_id, image_url) VALUES (812225, 'https://image.tmdb.org/t/p/original/TOtbqZh7O5vhYVTWNuVTOvuTsU.jpg');
INSERT INTO movie_image_urls (movie_id, image_url) VALUES (812225, 'https://image.tmdb.org/t/p/original/Rfc39hILZYc4Niy8aruR8r35gS.jpg');
INSERT INTO movie_image_urls (movie_id, image_url) VALUES (812225, 'https://image.tmdb.org/t/p/original/ccufnTJSJ7qOvD9wnPYASvDiUi8.jpg');

INSERT INTO movies (id, title, release_year, duration_minutes, country, language, synopsis, poster_image_url, backdrop_image_url) VALUES (531428, 'Portrait of a Lady on Fire', 2019, 121, 'France', 'Italian', 'On an isolated island in Brittany at the end of the eighteenth century, a female painter is obliged to paint a wedding portrait of a young woman.', 'https://image.tmdb.org/t/p/w500/2LquGwEhbg3soxSCs9VNyh5VJd9.jpg', 'https://image.tmdb.org/t/p/original/foFq1RZWQIgFuCQ0nyYccywjFyX.jpg') ON CONFLICT (id) DO UPDATE SET title = EXCLUDED.title, release_year = EXCLUDED.release_year, duration_minutes = EXCLUDED.duration_minutes, country = EXCLUDED.country, language = EXCLUDED.language, synopsis = EXCLUDED.synopsis, poster_image_url = EXCLUDED.poster_image_url, backdrop_image_url = EXCLUDED.backdrop_image_url;
INSERT INTO movie_directors (movie_id, director) VALUES (531428, 'Céline Sciamma');
INSERT INTO movie_cast_members (movie_id, cast_member) VALUES (531428, 'Noémie Merlant');
INSERT INTO movie_cast_members (movie_id, cast_member) VALUES (531428, 'Adèle Haenel');
INSERT INTO movie_cast_members (movie_id, cast_member) VALUES (531428, 'Luàna Bajrami');
INSERT INTO movie_cast_members (movie_id, cast_member) VALUES (531428, 'Valeria Golino');
INSERT INTO movie_cast_members (movie_id, cast_member) VALUES (531428, 'Christel Baras');
INSERT INTO movie_genres (movie_id, genre) VALUES (531428, 'Drama');
INSERT INTO movie_genres (movie_id, genre) VALUES (531428, 'Romance');
INSERT INTO movie_image_urls (movie_id, image_url) VALUES (531428, 'https://image.tmdb.org/t/p/original/bjXr3VbTj8tgTCCgh5QYd5C5clD.jpg');
INSERT INTO movie_image_urls (movie_id, image_url) VALUES (531428, 'https://image.tmdb.org/t/p/original/xhuGwXvm5o2G9ms9YxP23NXjbl7.jpg');
INSERT INTO movie_image_urls (movie_id, image_url) VALUES (531428, 'https://image.tmdb.org/t/p/original/l1e4zQMKNBC5UrNOcZCTcvjdJNh.jpg');
INSERT INTO movie_image_urls (movie_id, image_url) VALUES (531428, 'https://image.tmdb.org/t/p/original/ivJ5UzT6IzucLVfbZwCCwiJJoBz.jpg');

INSERT INTO movies (id, title, release_year, duration_minutes, country, language, synopsis, poster_image_url, backdrop_image_url) VALUES (28808, 'Detective Conan: The Last Wizard of the Century', 1999, 100, 'Japan', 'Japanese', 'Kaitou Kid dares to challenge the police once more, setting his sights on the Russian Imperial Easter Egg. With the date, time, and place, the Osaka police force scrambles to stop him. But this time, Kid may have bitten off more than he can chew—Conan Edogawa, Heiji Hattori, and numerous others are also trying to get their hands on the jeweled egg.', 'https://image.tmdb.org/t/p/w500/q2v6JmGMVQR0UhUirXuuzXUcAnN.jpg', 'https://image.tmdb.org/t/p/original/uAzdAGerv6i1XVl4ACfpuoWtq21.jpg') ON CONFLICT (id) DO UPDATE SET title = EXCLUDED.title, release_year = EXCLUDED.release_year, duration_minutes = EXCLUDED.duration_minutes, country = EXCLUDED.country, language = EXCLUDED.language, synopsis = EXCLUDED.synopsis, poster_image_url = EXCLUDED.poster_image_url, backdrop_image_url = EXCLUDED.backdrop_image_url;
INSERT INTO movie_directors (movie_id, director) VALUES (28808, 'Kenji Kodama');
INSERT INTO movie_cast_members (movie_id, cast_member) VALUES (28808, 'Minami Takayama');
INSERT INTO movie_cast_members (movie_id, cast_member) VALUES (28808, 'Kappei Yamaguchi');
INSERT INTO movie_cast_members (movie_id, cast_member) VALUES (28808, 'Wakana Yamazaki');
INSERT INTO movie_cast_members (movie_id, cast_member) VALUES (28808, 'Akira Kamiya');
INSERT INTO movie_cast_members (movie_id, cast_member) VALUES (28808, 'Chafurin');
INSERT INTO movie_genres (movie_id, genre) VALUES (28808, 'Adventure');
INSERT INTO movie_genres (movie_id, genre) VALUES (28808, 'Animation');
INSERT INTO movie_genres (movie_id, genre) VALUES (28808, 'Crime');
INSERT INTO movie_genres (movie_id, genre) VALUES (28808, 'Drama');
INSERT INTO movie_genres (movie_id, genre) VALUES (28808, 'Mystery');
INSERT INTO movie_image_urls (movie_id, image_url) VALUES (28808, 'https://image.tmdb.org/t/p/original/mzfSQH92wBJZq7EvHUVGzlMKM1X.jpg');
INSERT INTO movie_image_urls (movie_id, image_url) VALUES (28808, 'https://image.tmdb.org/t/p/original/r5mJfibXbCLOXrLnxrsT8cdbC0k.jpg');

INSERT INTO movies (id, title, release_year, duration_minutes, country, language, synopsis, poster_image_url, backdrop_image_url) VALUES (1422562, 'The Moment', 2026, 103, 'United States of America', 'English', 'A rising pop sensation navigates fame and industry pressures while preparing for her arena tour debut, revealing the transformation of underground culture into mainstream success.', 'https://image.tmdb.org/t/p/w500/dYgCgTqqMnWdsnP2XirdcFB28ch.jpg', 'https://image.tmdb.org/t/p/original/lQUsfSUcai6ZOHQHgobSlF0IDUV.jpg') ON CONFLICT (id) DO UPDATE SET title = EXCLUDED.title, release_year = EXCLUDED.release_year, duration_minutes = EXCLUDED.duration_minutes, country = EXCLUDED.country, language = EXCLUDED.language, synopsis = EXCLUDED.synopsis, poster_image_url = EXCLUDED.poster_image_url, backdrop_image_url = EXCLUDED.backdrop_image_url;
INSERT INTO movie_directors (movie_id, director) VALUES (1422562, 'Aidan Zamiri');
INSERT INTO movie_cast_members (movie_id, cast_member) VALUES (1422562, 'Charli xcx');
INSERT INTO movie_cast_members (movie_id, cast_member) VALUES (1422562, 'Alexander Skarsgård');
INSERT INTO movie_cast_members (movie_id, cast_member) VALUES (1422562, 'Rosanna Arquette');
INSERT INTO movie_cast_members (movie_id, cast_member) VALUES (1422562, 'Hailey Benton Gates');
INSERT INTO movie_cast_members (movie_id, cast_member) VALUES (1422562, 'Jamie Demetriou');
INSERT INTO movie_genres (movie_id, genre) VALUES (1422562, 'Drama');
INSERT INTO movie_genres (movie_id, genre) VALUES (1422562, 'Music');
INSERT INTO movie_genres (movie_id, genre) VALUES (1422562, 'Comedy');
INSERT INTO movie_image_urls (movie_id, image_url) VALUES (1422562, 'https://image.tmdb.org/t/p/original/at5MN864Ecs7aQkLVqvMK92iuwH.jpg');
INSERT INTO movie_image_urls (movie_id, image_url) VALUES (1422562, 'https://image.tmdb.org/t/p/original/jnNavbg2jKmCMR5iGIhtlHjABCl.jpg');
INSERT INTO movie_image_urls (movie_id, image_url) VALUES (1422562, 'https://image.tmdb.org/t/p/original/w9BdrjKKqCgTE6j8mGh3r1TSxLD.jpg');
INSERT INTO movie_image_urls (movie_id, image_url) VALUES (1422562, 'https://image.tmdb.org/t/p/original/mRjxBccxowvVVaglNBu9YhZyBYj.jpg');

INSERT INTO movies (id, title, release_year, duration_minutes, country, language, synopsis, poster_image_url, backdrop_image_url) VALUES (1100099, 'We Live in Time', 2024, 108, 'United Kingdom', 'English', 'An up-and-coming chef and a recent divorcée find their lives forever changed when a chance encounter brings them together, in a decade-spanning, deeply moving romance.', 'https://image.tmdb.org/t/p/w500/oeDNBgnlGF6rnyX1P1K8Vl2f3lW.jpg', 'https://image.tmdb.org/t/p/original/4t8IXJF4umwCfbdpeKLvlN3zkKp.jpg') ON CONFLICT (id) DO UPDATE SET title = EXCLUDED.title, release_year = EXCLUDED.release_year, duration_minutes = EXCLUDED.duration_minutes, country = EXCLUDED.country, language = EXCLUDED.language, synopsis = EXCLUDED.synopsis, poster_image_url = EXCLUDED.poster_image_url, backdrop_image_url = EXCLUDED.backdrop_image_url;
INSERT INTO movie_directors (movie_id, director) VALUES (1100099, 'John Crowley');
INSERT INTO movie_cast_members (movie_id, cast_member) VALUES (1100099, 'Andrew Garfield');
INSERT INTO movie_cast_members (movie_id, cast_member) VALUES (1100099, 'Florence Pugh');
INSERT INTO movie_cast_members (movie_id, cast_member) VALUES (1100099, 'Grace Delaney');
INSERT INTO movie_cast_members (movie_id, cast_member) VALUES (1100099, 'Lee Braithwaite');
INSERT INTO movie_cast_members (movie_id, cast_member) VALUES (1100099, 'Aoife Hinds');
INSERT INTO movie_genres (movie_id, genre) VALUES (1100099, 'Romance');
INSERT INTO movie_genres (movie_id, genre) VALUES (1100099, 'Drama');
INSERT INTO movie_image_urls (movie_id, image_url) VALUES (1100099, 'https://image.tmdb.org/t/p/original/jcEcle0wHoTpEkLmK4AcBKgWI45.jpg');
INSERT INTO movie_image_urls (movie_id, image_url) VALUES (1100099, 'https://image.tmdb.org/t/p/original/zpaodBqO2lcwJh2SQrFFf1Rn8Jy.jpg');
INSERT INTO movie_image_urls (movie_id, image_url) VALUES (1100099, 'https://image.tmdb.org/t/p/original/zfcVI5nWs9Y927VYEdPHXog7SD3.jpg');
INSERT INTO movie_image_urls (movie_id, image_url) VALUES (1100099, 'https://image.tmdb.org/t/p/original/hnhyuPeia6dGobCcRLhQsvJZ7eJ.jpg');

INSERT INTO movies (id, title, release_year, duration_minutes, country, language, synopsis, poster_image_url, backdrop_image_url) VALUES (1400763, 'Touch Me', 2026, 99, 'United States of America', 'English', 'Two codependent best friends become addicted to the heroin-like touch of an alien narcissist who may or may not be trying to take over the world.', 'https://image.tmdb.org/t/p/w500/drcloenCH7ZautM7hnd9r9WScNV.jpg', 'https://image.tmdb.org/t/p/original/kQ3V85ke3LKA4dnww2tH42bsZfX.jpg') ON CONFLICT (id) DO UPDATE SET title = EXCLUDED.title, release_year = EXCLUDED.release_year, duration_minutes = EXCLUDED.duration_minutes, country = EXCLUDED.country, language = EXCLUDED.language, synopsis = EXCLUDED.synopsis, poster_image_url = EXCLUDED.poster_image_url, backdrop_image_url = EXCLUDED.backdrop_image_url;
INSERT INTO movie_directors (movie_id, director) VALUES (1400763, 'Addison Heimann');
INSERT INTO movie_cast_members (movie_id, cast_member) VALUES (1400763, 'Olivia Taylor Dudley');
INSERT INTO movie_cast_members (movie_id, cast_member) VALUES (1400763, 'Lou Taylor Pucci');
INSERT INTO movie_cast_members (movie_id, cast_member) VALUES (1400763, 'Jordan Gavaris');
INSERT INTO movie_cast_members (movie_id, cast_member) VALUES (1400763, 'Marlene Forte');
INSERT INTO movie_cast_members (movie_id, cast_member) VALUES (1400763, 'Paget Brewster');
INSERT INTO movie_genres (movie_id, genre) VALUES (1400763, 'Horror');
INSERT INTO movie_genres (movie_id, genre) VALUES (1400763, 'Science Fiction');
INSERT INTO movie_genres (movie_id, genre) VALUES (1400763, 'Comedy');
INSERT INTO movie_image_urls (movie_id, image_url) VALUES (1400763, 'https://image.tmdb.org/t/p/original/52mZ9qECm3jAlt5vQlvVsYprqpW.jpg');
INSERT INTO movie_image_urls (movie_id, image_url) VALUES (1400763, 'https://image.tmdb.org/t/p/original/jjzRpNcDH7Wcjn424T4zHbJhcBW.jpg');
INSERT INTO movie_image_urls (movie_id, image_url) VALUES (1400763, 'https://image.tmdb.org/t/p/original/y3AY3V65OOS5aa1pgbwNkCGatcy.jpg');
INSERT INTO movie_image_urls (movie_id, image_url) VALUES (1400763, 'https://image.tmdb.org/t/p/original/wjNMnuSLC7Z6NQnw4BvhLQZLOhB.jpg');

INSERT INTO movies (id, title, release_year, duration_minutes, country, language, synopsis, poster_image_url, backdrop_image_url) VALUES (1116201, 'Iron Lung', 2026, 125, 'United States of America', 'English', 'The stars are gone. The planets have disappeared. Only individuals aboard space stations or starships were left to give the end a name -- The Quiet Rapture. After decades of decay and crumbling infrastructure, the Consolidation of Iron has made a discovery on a barren moon designated AT-5. An ocean of blood. Hoping to discover desperately needed resources they immediately launch an expedition. A submarine is crafted and a convict is welded inside. Due to the pressure and depth of the ocean the forward viewport has been encased in metal. If successful, they will earn their freedom. If not, another will follow. This will be the 13th expedition.', 'https://image.tmdb.org/t/p/w500/sIwakdbMGS1krtgendTWpxTY9Hw.jpg', 'https://image.tmdb.org/t/p/original/gqGQ0zADV5FIcgMWtWX8FcGQjFp.jpg') ON CONFLICT (id) DO UPDATE SET title = EXCLUDED.title, release_year = EXCLUDED.release_year, duration_minutes = EXCLUDED.duration_minutes, country = EXCLUDED.country, language = EXCLUDED.language, synopsis = EXCLUDED.synopsis, poster_image_url = EXCLUDED.poster_image_url, backdrop_image_url = EXCLUDED.backdrop_image_url;
INSERT INTO movie_directors (movie_id, director) VALUES (1116201, 'Mark Fischbach');
INSERT INTO movie_cast_members (movie_id, cast_member) VALUES (1116201, 'Mark Fischbach');
INSERT INTO movie_cast_members (movie_id, cast_member) VALUES (1116201, 'Caroline Kaplan');
INSERT INTO movie_cast_members (movie_id, cast_member) VALUES (1116201, 'Troy Baker');
INSERT INTO movie_cast_members (movie_id, cast_member) VALUES (1116201, 'Elsie Lovelock');
INSERT INTO movie_cast_members (movie_id, cast_member) VALUES (1116201, 'Elle LaMont');
INSERT INTO movie_genres (movie_id, genre) VALUES (1116201, 'Horror');
INSERT INTO movie_genres (movie_id, genre) VALUES (1116201, 'Mystery');
INSERT INTO movie_genres (movie_id, genre) VALUES (1116201, 'Science Fiction');
INSERT INTO movie_image_urls (movie_id, image_url) VALUES (1116201, 'https://image.tmdb.org/t/p/original/9M2Jp8RCHptcfA64vIKVRVbPDt0.jpg');
INSERT INTO movie_image_urls (movie_id, image_url) VALUES (1116201, 'https://image.tmdb.org/t/p/original/h1iMimR9uG8dGezlO7dRtFPXWX5.jpg');
INSERT INTO movie_image_urls (movie_id, image_url) VALUES (1116201, 'https://image.tmdb.org/t/p/original/qKYCNfv9Z8bZIvDdE7jTliVBFPu.jpg');
INSERT INTO movie_image_urls (movie_id, image_url) VALUES (1116201, 'https://image.tmdb.org/t/p/original/coFI72NIhHAJMIquvZBJNZGp4Ii.jpg');

INSERT INTO movies (id, title, release_year, duration_minutes, country, language, synopsis, poster_image_url, backdrop_image_url) VALUES (1633264, 'Louis Theroux: Inside the Manosphere', 2026, 89, 'United Kingdom', 'English', 'With rare access and no holds barred, the acclaimed documentarian investigates a growing ultra-masculine network and its controversial influencers.', 'https://image.tmdb.org/t/p/w500/ouOvRvsgF37yEx3D6ZLWyuxZFjE.jpg', 'https://image.tmdb.org/t/p/original/cmpiLnDIdxQNFZLZZFRj1rSo7fW.jpg') ON CONFLICT (id) DO UPDATE SET title = EXCLUDED.title, release_year = EXCLUDED.release_year, duration_minutes = EXCLUDED.duration_minutes, country = EXCLUDED.country, language = EXCLUDED.language, synopsis = EXCLUDED.synopsis, poster_image_url = EXCLUDED.poster_image_url, backdrop_image_url = EXCLUDED.backdrop_image_url;
INSERT INTO movie_directors (movie_id, director) VALUES (1633264, 'Adrian Choa');
INSERT INTO movie_cast_members (movie_id, cast_member) VALUES (1633264, 'Louis Theroux');
INSERT INTO movie_cast_members (movie_id, cast_member) VALUES (1633264, 'HSTikkyTokky');
INSERT INTO movie_cast_members (movie_id, cast_member) VALUES (1633264, 'Myron Gaines');
INSERT INTO movie_cast_members (movie_id, cast_member) VALUES (1633264, 'Sneako');
INSERT INTO movie_cast_members (movie_id, cast_member) VALUES (1633264, 'Justin Waller');
INSERT INTO movie_genres (movie_id, genre) VALUES (1633264, 'Documentary');
INSERT INTO movie_image_urls (movie_id, image_url) VALUES (1633264, 'https://image.tmdb.org/t/p/original/qbwyBE6l35ccE5BQpfQ61taFcs1.jpg');
INSERT INTO movie_image_urls (movie_id, image_url) VALUES (1633264, 'https://image.tmdb.org/t/p/original/nAgIhQB9JIR6gMeQsFfAiqzTaeG.jpg');
INSERT INTO movie_image_urls (movie_id, image_url) VALUES (1633264, 'https://image.tmdb.org/t/p/original/xsoTI2IgyQU5IDlwOg4hOYeVz2G.jpg');
INSERT INTO movie_image_urls (movie_id, image_url) VALUES (1633264, 'https://image.tmdb.org/t/p/original/n4jh0pMakuvVI7ZDLF6MjVILwnC.jpg');

INSERT INTO movies (id, title, release_year, duration_minutes, country, language, synopsis, poster_image_url, backdrop_image_url) VALUES (614930, 'Teenage Mutant Ninja Turtles: Mutant Mayhem', 2023, 100, 'Canada', 'English', 'After years of being sheltered from the human world, the Turtle brothers set out to win the hearts of New Yorkers and be accepted as normal teenagers through heroic acts. Their new friend April O''Neil helps them take on a mysterious crime syndicate, but they soon get in over their heads when an army of mutants is unleashed upon them.', 'https://image.tmdb.org/t/p/w500/gyh0eECE2IqrW8GWl3KoHBfc45j.jpg', 'https://image.tmdb.org/t/p/original/2Cpg8hUn60PK9CW9d5SWf605Ah8.jpg') ON CONFLICT (id) DO UPDATE SET title = EXCLUDED.title, release_year = EXCLUDED.release_year, duration_minutes = EXCLUDED.duration_minutes, country = EXCLUDED.country, language = EXCLUDED.language, synopsis = EXCLUDED.synopsis, poster_image_url = EXCLUDED.poster_image_url, backdrop_image_url = EXCLUDED.backdrop_image_url;
INSERT INTO movie_directors (movie_id, director) VALUES (614930, 'Jeff Rowe');
INSERT INTO movie_cast_members (movie_id, cast_member) VALUES (614930, 'Micah Abbey');
INSERT INTO movie_cast_members (movie_id, cast_member) VALUES (614930, 'Shamon Brown Jr.');
INSERT INTO movie_cast_members (movie_id, cast_member) VALUES (614930, 'Nicolas Cantu');
INSERT INTO movie_cast_members (movie_id, cast_member) VALUES (614930, 'Brady Noon');
INSERT INTO movie_cast_members (movie_id, cast_member) VALUES (614930, 'Ayo Edebiri');
INSERT INTO movie_genres (movie_id, genre) VALUES (614930, 'Animation');
INSERT INTO movie_genres (movie_id, genre) VALUES (614930, 'Comedy');
INSERT INTO movie_genres (movie_id, genre) VALUES (614930, 'Action');
INSERT INTO movie_genres (movie_id, genre) VALUES (614930, 'Science Fiction');
INSERT INTO movie_image_urls (movie_id, image_url) VALUES (614930, 'https://image.tmdb.org/t/p/original/zYdTGqWIup2SMg6A8ZpeLuvCpiy.jpg');
INSERT INTO movie_image_urls (movie_id, image_url) VALUES (614930, 'https://image.tmdb.org/t/p/original/5N0zk3ITDpvLQ6h9n1hn2qT95xO.jpg');
INSERT INTO movie_image_urls (movie_id, image_url) VALUES (614930, 'https://image.tmdb.org/t/p/original/6lilLMRYiRf1tG0w7IJBn07Dhmi.jpg');
INSERT INTO movie_image_urls (movie_id, image_url) VALUES (614930, 'https://image.tmdb.org/t/p/original/ypfFRToxL9vWiPcGKESrrDevjJ3.jpg');

INSERT INTO movies (id, title, release_year, duration_minutes, country, language, synopsis, poster_image_url, backdrop_image_url) VALUES (804, 'Roman Holiday', 1953, 119, 'United States of America', 'English', 'Overwhelmed by her suffocating schedule, touring European princess Ann takes off for a night while in Rome. When a sedative she took from her doctor kicks in, however, she falls asleep on a park bench and is found by an American reporter, Joe Bradley, who takes her back to his apartment for safety. At work the next morning, Joe finds out Ann''s regal identity and bets his editor he can get exclusive interview with her, but romance soon gets in the way.', 'https://image.tmdb.org/t/p/w500/8lI9dmz1RH20FAqltkGelY1v4BE.jpg', 'https://image.tmdb.org/t/p/original/n0MyuZW9WJBGCYhzhfCI3d4zlRo.jpg') ON CONFLICT (id) DO UPDATE SET title = EXCLUDED.title, release_year = EXCLUDED.release_year, duration_minutes = EXCLUDED.duration_minutes, country = EXCLUDED.country, language = EXCLUDED.language, synopsis = EXCLUDED.synopsis, poster_image_url = EXCLUDED.poster_image_url, backdrop_image_url = EXCLUDED.backdrop_image_url;
INSERT INTO movie_directors (movie_id, director) VALUES (804, 'William Wyler');
INSERT INTO movie_cast_members (movie_id, cast_member) VALUES (804, 'Audrey Hepburn');
INSERT INTO movie_cast_members (movie_id, cast_member) VALUES (804, 'Gregory Peck');
INSERT INTO movie_cast_members (movie_id, cast_member) VALUES (804, 'Eddie Albert');
INSERT INTO movie_cast_members (movie_id, cast_member) VALUES (804, 'Hartley Power');
INSERT INTO movie_cast_members (movie_id, cast_member) VALUES (804, 'Harcourt Williams');
INSERT INTO movie_genres (movie_id, genre) VALUES (804, 'Romance');
INSERT INTO movie_genres (movie_id, genre) VALUES (804, 'Comedy');
INSERT INTO movie_genres (movie_id, genre) VALUES (804, 'Drama');
INSERT INTO movie_image_urls (movie_id, image_url) VALUES (804, 'https://image.tmdb.org/t/p/original/6f50k0bAekjxDvVvGC1SupJSzf4.jpg');
INSERT INTO movie_image_urls (movie_id, image_url) VALUES (804, 'https://image.tmdb.org/t/p/original/9p2oLEbktIrmwaZWRJkUtuQiSH8.jpg');
INSERT INTO movie_image_urls (movie_id, image_url) VALUES (804, 'https://image.tmdb.org/t/p/original/4psf8OdNFLVGz185HG2Z5vOYXmu.jpg');
INSERT INTO movie_image_urls (movie_id, image_url) VALUES (804, 'https://image.tmdb.org/t/p/original/gzRISGjiDMj4xqYE9ES2KNIXxpo.jpg');

INSERT INTO movies (id, title, release_year, duration_minutes, country, language, synopsis, poster_image_url, backdrop_image_url) VALUES (655, 'Paris, Texas', 1984, 145, 'United Kingdom', 'English', 'A man wanders out of the desert not knowing who he is. His brother finds him, and helps to pull his memory back of the life he led before he walked out on his family and disappeared four years earlier.', 'https://image.tmdb.org/t/p/w500/sP27Qm4THyRZyHjHYMfIDtJP6YE.jpg', 'https://image.tmdb.org/t/p/original/fWrq3u16gaBJ6nYNWcR3XaOhQPq.jpg') ON CONFLICT (id) DO UPDATE SET title = EXCLUDED.title, release_year = EXCLUDED.release_year, duration_minutes = EXCLUDED.duration_minutes, country = EXCLUDED.country, language = EXCLUDED.language, synopsis = EXCLUDED.synopsis, poster_image_url = EXCLUDED.poster_image_url, backdrop_image_url = EXCLUDED.backdrop_image_url;
INSERT INTO movie_directors (movie_id, director) VALUES (655, 'Wim Wenders');
INSERT INTO movie_cast_members (movie_id, cast_member) VALUES (655, 'Harry Dean Stanton');
INSERT INTO movie_cast_members (movie_id, cast_member) VALUES (655, 'Nastassja Kinski');
INSERT INTO movie_cast_members (movie_id, cast_member) VALUES (655, 'Dean Stockwell');
INSERT INTO movie_cast_members (movie_id, cast_member) VALUES (655, 'Hunter Carson');
INSERT INTO movie_cast_members (movie_id, cast_member) VALUES (655, 'Aurore Clément');
INSERT INTO movie_genres (movie_id, genre) VALUES (655, 'Drama');
INSERT INTO movie_image_urls (movie_id, image_url) VALUES (655, 'https://image.tmdb.org/t/p/original/pAKpSMrCv9HQdMKvIdLgTdpKh5f.jpg');
INSERT INTO movie_image_urls (movie_id, image_url) VALUES (655, 'https://image.tmdb.org/t/p/original/moTOuNKnM2phZCYPF49Y1Hb7WJj.jpg');
INSERT INTO movie_image_urls (movie_id, image_url) VALUES (655, 'https://image.tmdb.org/t/p/original/gzrVzwo6fvXXSPhXQgaIsZ05Rc4.jpg');
INSERT INTO movie_image_urls (movie_id, image_url) VALUES (655, 'https://image.tmdb.org/t/p/original/4Z8Gzy0V6iKsMaM4V63ad03XuKS.jpg');

INSERT INTO movies (id, title, release_year, duration_minutes, country, language, synopsis, poster_image_url, backdrop_image_url) VALUES (891584, 'The History of Sound', 2025, 128, 'United Kingdom', 'English', 'In 1917, two young music students attending the Boston Conservatory bond over a mutual love of folk music. They reconnect a few years later, embarking on a song-collecting trip in the backwaters of Maine.', 'https://image.tmdb.org/t/p/w500/55of0Vy7m32hSRZKsCyyDjZn4AC.jpg', 'https://image.tmdb.org/t/p/original/e13Io18jl6p5UiS5Cxhug9ptTPU.jpg') ON CONFLICT (id) DO UPDATE SET title = EXCLUDED.title, release_year = EXCLUDED.release_year, duration_minutes = EXCLUDED.duration_minutes, country = EXCLUDED.country, language = EXCLUDED.language, synopsis = EXCLUDED.synopsis, poster_image_url = EXCLUDED.poster_image_url, backdrop_image_url = EXCLUDED.backdrop_image_url;
INSERT INTO movie_directors (movie_id, director) VALUES (891584, 'Oliver Hermanus');
INSERT INTO movie_cast_members (movie_id, cast_member) VALUES (891584, 'Paul Mescal');
INSERT INTO movie_cast_members (movie_id, cast_member) VALUES (891584, 'Josh O''Connor');
INSERT INTO movie_cast_members (movie_id, cast_member) VALUES (891584, 'Molly Price');
INSERT INTO movie_cast_members (movie_id, cast_member) VALUES (891584, 'Alison Bartlett');
INSERT INTO movie_cast_members (movie_id, cast_member) VALUES (891584, 'Michael Schantz');
INSERT INTO movie_genres (movie_id, genre) VALUES (891584, 'Drama');
INSERT INTO movie_genres (movie_id, genre) VALUES (891584, 'Romance');
INSERT INTO movie_genres (movie_id, genre) VALUES (891584, 'Music');
INSERT INTO movie_image_urls (movie_id, image_url) VALUES (891584, 'https://image.tmdb.org/t/p/original/3VXHiZcmC9ShQyaOc7q8fEmyKR0.jpg');
INSERT INTO movie_image_urls (movie_id, image_url) VALUES (891584, 'https://image.tmdb.org/t/p/original/8SGhH2H2e2W47saB0F44p0DmJZE.jpg');
INSERT INTO movie_image_urls (movie_id, image_url) VALUES (891584, 'https://image.tmdb.org/t/p/original/kYMyOV6VA9hYuXLV1RS0P389sAd.jpg');
INSERT INTO movie_image_urls (movie_id, image_url) VALUES (891584, 'https://image.tmdb.org/t/p/original/mtnMpbqugCffmyi2OvnPRsAX35W.jpg');

INSERT INTO movies (id, title, release_year, duration_minutes, country, language, synopsis, poster_image_url, backdrop_image_url) VALUES (1266798, 'Dog 51', 2025, 100, 'France', 'French', 'In the near future, Paris is divided into three zones that separate social classes, and no one can escape ALMA, a predictive AI that has revolutionized law enforcement. When ALMA’s creator is assassinated, Salia, a top agent, and Zem, a jaded cop, are forced to work together to solve a murder that may expose the dark secrets of the system they serve.', 'https://image.tmdb.org/t/p/w500/olMvhbCRuhTbf6EMKxKGHi2on3L.jpg', 'https://image.tmdb.org/t/p/original/OO75q1cTWWXDmy52bB79yzpxBt.jpg') ON CONFLICT (id) DO UPDATE SET title = EXCLUDED.title, release_year = EXCLUDED.release_year, duration_minutes = EXCLUDED.duration_minutes, country = EXCLUDED.country, language = EXCLUDED.language, synopsis = EXCLUDED.synopsis, poster_image_url = EXCLUDED.poster_image_url, backdrop_image_url = EXCLUDED.backdrop_image_url;
INSERT INTO movie_directors (movie_id, director) VALUES (1266798, 'Cédric Jimenez');
INSERT INTO movie_cast_members (movie_id, cast_member) VALUES (1266798, 'Gilles Lellouche');
INSERT INTO movie_cast_members (movie_id, cast_member) VALUES (1266798, 'Adèle Exarchopoulos');
INSERT INTO movie_cast_members (movie_id, cast_member) VALUES (1266798, 'Louis Garrel');
INSERT INTO movie_cast_members (movie_id, cast_member) VALUES (1266798, 'Romain Duris');
INSERT INTO movie_cast_members (movie_id, cast_member) VALUES (1266798, 'Valeria Bruni Tedeschi');
INSERT INTO movie_genres (movie_id, genre) VALUES (1266798, 'Thriller');
INSERT INTO movie_genres (movie_id, genre) VALUES (1266798, 'Science Fiction');
INSERT INTO movie_genres (movie_id, genre) VALUES (1266798, 'Crime');
INSERT INTO movie_genres (movie_id, genre) VALUES (1266798, 'Action');
INSERT INTO movie_image_urls (movie_id, image_url) VALUES (1266798, 'https://image.tmdb.org/t/p/original/xqEKWKjYDPNZtk6q8a8enis8kHa.jpg');
INSERT INTO movie_image_urls (movie_id, image_url) VALUES (1266798, 'https://image.tmdb.org/t/p/original/nHKOcY1VrVLA4bIt8phzTx28bt0.jpg');
INSERT INTO movie_image_urls (movie_id, image_url) VALUES (1266798, 'https://image.tmdb.org/t/p/original/rnpBxKO4X8CJTYeb4ApXXA9zkLY.jpg');
INSERT INTO movie_image_urls (movie_id, image_url) VALUES (1266798, 'https://image.tmdb.org/t/p/original/973cv0YjgxbGBgxBl5pJRHjnlvy.jpg');

INSERT INTO movies (id, title, release_year, duration_minutes, country, language, synopsis, poster_image_url, backdrop_image_url) VALUES (1464533, 'Suzuki=Bakudan', 2025, 136, 'Japan', 'Japanese', 'An unemployed man named Suzuki is taken in by police after breaking a booze vending machine. When he predicts the explosions of two bombs and claims there are more, the police start to investigate him as a terrorist. However, Suzuki first claims to know about the bombs through psychic clairvoyance, and then claims he was hypnotized to forget. He gives hints about the bombs with riddles while riling up his interrogators, especially senior detective Kiyomiya and his junior Ruike. Things seem to be connected to a disgraced cop named Hasebe, who committed suicide after a scandal some years ago. But is Suzuki actually the perpetrator behind the bombs or not?', 'https://image.tmdb.org/t/p/w500/7d4Gb3R1W6OByg46V5TSCNbbpUW.jpg', 'https://image.tmdb.org/t/p/original/qcqIsy9TUlyibicNgycMookPE04.jpg') ON CONFLICT (id) DO UPDATE SET title = EXCLUDED.title, release_year = EXCLUDED.release_year, duration_minutes = EXCLUDED.duration_minutes, country = EXCLUDED.country, language = EXCLUDED.language, synopsis = EXCLUDED.synopsis, poster_image_url = EXCLUDED.poster_image_url, backdrop_image_url = EXCLUDED.backdrop_image_url;
INSERT INTO movie_directors (movie_id, director) VALUES (1464533, 'Akira Nagai');
INSERT INTO movie_cast_members (movie_id, cast_member) VALUES (1464533, 'Yuki Yamada');
INSERT INTO movie_cast_members (movie_id, cast_member) VALUES (1464533, 'Jiro Sato');
INSERT INTO movie_cast_members (movie_id, cast_member) VALUES (1464533, 'Sairi Ito');
INSERT INTO movie_cast_members (movie_id, cast_member) VALUES (1464533, 'Atsuro Watabe');
INSERT INTO movie_cast_members (movie_id, cast_member) VALUES (1464533, 'Shota Sometani');
INSERT INTO movie_genres (movie_id, genre) VALUES (1464533, 'Thriller');
INSERT INTO movie_genres (movie_id, genre) VALUES (1464533, 'Mystery');
INSERT INTO movie_image_urls (movie_id, image_url) VALUES (1464533, 'https://image.tmdb.org/t/p/original/pA7SGxfW7z18GwCUUR6VcjhvTRR.jpg');

INSERT INTO movies (id, title, release_year, duration_minutes, country, language, synopsis, poster_image_url, backdrop_image_url) VALUES (1391450, 'I Fell, It''s Fine', 2026, 1, 'Philippines', 'Tagalog', 'When Anne, a guarded wellness-resort owner, meets an otherworldly woman named Chicks, her carefully controlled life begins to unravel in the most healing way.', 'https://image.tmdb.org/t/p/w500/1KCtVONn5VpHD6nc1orKRfYRFvA.jpg', 'https://image.tmdb.org/t/p/original/e8HHThuBgIMRXpxHLwtytLC3lMh.jpg') ON CONFLICT (id) DO UPDATE SET title = EXCLUDED.title, release_year = EXCLUDED.release_year, duration_minutes = EXCLUDED.duration_minutes, country = EXCLUDED.country, language = EXCLUDED.language, synopsis = EXCLUDED.synopsis, poster_image_url = EXCLUDED.poster_image_url, backdrop_image_url = EXCLUDED.backdrop_image_url;
INSERT INTO movie_directors (movie_id, director) VALUES (1391450, 'Sigrid Andrea P. Bernardo');
INSERT INTO movie_cast_members (movie_id, cast_member) VALUES (1391450, 'Glaiza de Castro');
INSERT INTO movie_cast_members (movie_id, cast_member) VALUES (1391450, 'Rhian Ramos');
INSERT INTO movie_cast_members (movie_id, cast_member) VALUES (1391450, 'Rafael Rosell');
INSERT INTO movie_cast_members (movie_id, cast_member) VALUES (1391450, 'Queenay Mercado');
INSERT INTO movie_cast_members (movie_id, cast_member) VALUES (1391450, 'Alcris Galura');
INSERT INTO movie_genres (movie_id, genre) VALUES (1391450, 'Romance');
INSERT INTO movie_image_urls (movie_id, image_url) VALUES (1391450, 'https://image.tmdb.org/t/p/original/pxv7qU4X4dbs6tdNeMoeWMbJPwh.jpg');

INSERT INTO movies (id, title, release_year, duration_minutes, country, language, synopsis, poster_image_url, backdrop_image_url) VALUES (874860, 'Storm Rider: Legend of Hammerhead', 2026, 105, 'Croatia', 'English', 'Centuries after the Great Flood, riders compete in death races on the water to secure shelter for their people behind the walls of Argos. Rebellious storm riders Neb and Ana look to uncover hidden truths by breaking through the storm.', 'https://image.tmdb.org/t/p/w500/l9JjrKhJRmL0PNpnCmMidf9JAt1.jpg', 'https://image.tmdb.org/t/p/original/s6Lv7Md2KvZiqmA8pkKk5kvEoE6.jpg') ON CONFLICT (id) DO UPDATE SET title = EXCLUDED.title, release_year = EXCLUDED.release_year, duration_minutes = EXCLUDED.duration_minutes, country = EXCLUDED.country, language = EXCLUDED.language, synopsis = EXCLUDED.synopsis, poster_image_url = EXCLUDED.poster_image_url, backdrop_image_url = EXCLUDED.backdrop_image_url;
INSERT INTO movie_directors (movie_id, director) VALUES (874860, 'Zoran Lisinac');
INSERT INTO movie_directors (movie_id, director) VALUES (874860, 'Domagoj Mazuran');
INSERT INTO movie_cast_members (movie_id, cast_member) VALUES (874860, 'Marco Ilsø');
INSERT INTO movie_cast_members (movie_id, cast_member) VALUES (874860, 'Billy Barratt');
INSERT INTO movie_cast_members (movie_id, cast_member) VALUES (874860, 'Gilles Geary');
INSERT INTO movie_cast_members (movie_id, cast_member) VALUES (874860, 'Sarah-Sofie Boussnina');
INSERT INTO movie_cast_members (movie_id, cast_member) VALUES (874860, 'Ivana Dudić');
INSERT INTO movie_genres (movie_id, genre) VALUES (874860, 'Adventure');
INSERT INTO movie_genres (movie_id, genre) VALUES (874860, 'Science Fiction');
INSERT INTO movie_genres (movie_id, genre) VALUES (874860, 'Action');
INSERT INTO movie_image_urls (movie_id, image_url) VALUES (874860, 'https://image.tmdb.org/t/p/original/hT6OjQR5KyFpKa6nKPccIlZ5YRo.jpg');
INSERT INTO movie_image_urls (movie_id, image_url) VALUES (874860, 'https://image.tmdb.org/t/p/original/fMOEhDSAcCi6J38vgeIasxZ4RXg.jpg');

INSERT INTO movies (id, title, release_year, duration_minutes, country, language, synopsis, poster_image_url, backdrop_image_url) VALUES (1299655, 'Blue Moon', 2025, 100, 'Ireland', 'English', 'On the evening of March 31, 1943, legendary lyricist Lorenz Hart confronts his shattered self-confidence in Sardi’s bar as his former collaborator, Richard Rodgers, celebrates the opening night of his ground-breaking hit musical, “Oklahoma!”', 'https://image.tmdb.org/t/p/w500/dVU7SNc6dgStTVdtbPLQncWxsyZ.jpg', 'https://image.tmdb.org/t/p/original/28PLbMHktbX8TnuEWSiTrRbI4p8.jpg') ON CONFLICT (id) DO UPDATE SET title = EXCLUDED.title, release_year = EXCLUDED.release_year, duration_minutes = EXCLUDED.duration_minutes, country = EXCLUDED.country, language = EXCLUDED.language, synopsis = EXCLUDED.synopsis, poster_image_url = EXCLUDED.poster_image_url, backdrop_image_url = EXCLUDED.backdrop_image_url;
INSERT INTO movie_directors (movie_id, director) VALUES (1299655, 'Richard Linklater');
INSERT INTO movie_cast_members (movie_id, cast_member) VALUES (1299655, 'Ethan Hawke');
INSERT INTO movie_cast_members (movie_id, cast_member) VALUES (1299655, 'Bobby Cannavale');
INSERT INTO movie_cast_members (movie_id, cast_member) VALUES (1299655, 'Andrew Scott');
INSERT INTO movie_cast_members (movie_id, cast_member) VALUES (1299655, 'Margaret Qualley');
INSERT INTO movie_cast_members (movie_id, cast_member) VALUES (1299655, 'Patrick Kennedy');
INSERT INTO movie_genres (movie_id, genre) VALUES (1299655, 'History');
INSERT INTO movie_genres (movie_id, genre) VALUES (1299655, 'Drama');
INSERT INTO movie_genres (movie_id, genre) VALUES (1299655, 'Comedy');
INSERT INTO movie_image_urls (movie_id, image_url) VALUES (1299655, 'https://image.tmdb.org/t/p/original/fsuqi2SIjoPHmuVhJlrk1McomEo.jpg');
INSERT INTO movie_image_urls (movie_id, image_url) VALUES (1299655, 'https://image.tmdb.org/t/p/original/jbNHHlzhmQ5FNxpPLQcTXJAq0mB.jpg');
INSERT INTO movie_image_urls (movie_id, image_url) VALUES (1299655, 'https://image.tmdb.org/t/p/original/x8dI0wXuhLMyWNcoHlMCNfNH4mE.jpg');
INSERT INTO movie_image_urls (movie_id, image_url) VALUES (1299655, 'https://image.tmdb.org/t/p/original/f12nL1dHak8n1gp3SJTD6bgPs0R.jpg');

INSERT INTO movies (id, title, release_year, duration_minutes, country, language, synopsis, poster_image_url, backdrop_image_url) VALUES (1461254, 'Salmokji: Whispering Water', 2026, 96, 'South Korea', 'Korean', 'An unidentified figure is captured in a street-view image of Salmokji, a remote reservoir. A reshoot is required to contain the situation—but a sense of dread surrounds the location, and no one is eager to return. Despite the unease, Su-in leads the crew in place of her senior colleague, who previously vanished after visiting the area. The shoot quickly begins to unravel as crew members experience disturbing phenomena that defy explanation. As the deep end of Salmokji reveals traces of something lurking beneath the surface, the team is forced to confront a presence that refuses to remain unseen—and a truth that should have never been surfaced.', 'https://image.tmdb.org/t/p/w500/bOl0rJ86WWxVYlQlGttHhHuYiPQ.jpg', 'https://image.tmdb.org/t/p/original/u0pvmpa4iUbVm6QqR4MRLwnaYOe.jpg') ON CONFLICT (id) DO UPDATE SET title = EXCLUDED.title, release_year = EXCLUDED.release_year, duration_minutes = EXCLUDED.duration_minutes, country = EXCLUDED.country, language = EXCLUDED.language, synopsis = EXCLUDED.synopsis, poster_image_url = EXCLUDED.poster_image_url, backdrop_image_url = EXCLUDED.backdrop_image_url;
INSERT INTO movie_directors (movie_id, director) VALUES (1461254, 'Lee Sang-min');
INSERT INTO movie_cast_members (movie_id, cast_member) VALUES (1461254, 'Kim Hye-yoon');
INSERT INTO movie_cast_members (movie_id, cast_member) VALUES (1461254, 'Lee Jong-won');
INSERT INTO movie_cast_members (movie_id, cast_member) VALUES (1461254, 'Kim Jun-han');
INSERT INTO movie_cast_members (movie_id, cast_member) VALUES (1461254, 'Kim Young-sung');
INSERT INTO movie_cast_members (movie_id, cast_member) VALUES (1461254, 'Oh Dong-min');
INSERT INTO movie_genres (movie_id, genre) VALUES (1461254, 'Horror');
INSERT INTO movie_image_urls (movie_id, image_url) VALUES (1461254, 'https://image.tmdb.org/t/p/original/azJBbPQiA2iM5yxIxzeIIxffvNF.jpg');
INSERT INTO movie_image_urls (movie_id, image_url) VALUES (1461254, 'https://image.tmdb.org/t/p/original/p26qrYBp2DyH5Uv7JjtTPM1Iw1t.jpg');
INSERT INTO movie_image_urls (movie_id, image_url) VALUES (1461254, 'https://image.tmdb.org/t/p/original/lZ2OgCaH9mzhRbttqda9dFK2u80.jpg');
INSERT INTO movie_image_urls (movie_id, image_url) VALUES (1461254, 'https://image.tmdb.org/t/p/original/mPYYKEChQkpGg0M3uQB8OfeiLdp.jpg');

INSERT INTO movies (id, title, release_year, duration_minutes, country, language, synopsis, poster_image_url, backdrop_image_url) VALUES (338969, 'The Toxic Avenger Unrated', 2025, 102, 'United States of America', 'English', 'When a downtrodden janitor, Winston Gooze, is exposed to a catastrophic toxic accident, he’s transformed into a new kind of hero: The Toxic Avenger. Now, Toxie must rise from outcast to savior, taking on ruthless corporate overlords and corrupt forces who threaten his son, his friends, and his community.', 'https://image.tmdb.org/t/p/w500/cCWojb6N9UcTzNVtS4bOM3vQ30x.jpg', 'https://image.tmdb.org/t/p/original/ewxiPfbKklk9FJZ2ECsDyJDQjvX.jpg') ON CONFLICT (id) DO UPDATE SET title = EXCLUDED.title, release_year = EXCLUDED.release_year, duration_minutes = EXCLUDED.duration_minutes, country = EXCLUDED.country, language = EXCLUDED.language, synopsis = EXCLUDED.synopsis, poster_image_url = EXCLUDED.poster_image_url, backdrop_image_url = EXCLUDED.backdrop_image_url;
INSERT INTO movie_directors (movie_id, director) VALUES (338969, 'Macon Blair');
INSERT INTO movie_cast_members (movie_id, cast_member) VALUES (338969, 'Peter Dinklage');
INSERT INTO movie_cast_members (movie_id, cast_member) VALUES (338969, 'Jacob Tremblay');
INSERT INTO movie_cast_members (movie_id, cast_member) VALUES (338969, 'Taylour Paige');
INSERT INTO movie_cast_members (movie_id, cast_member) VALUES (338969, 'Julia Davis');
INSERT INTO movie_cast_members (movie_id, cast_member) VALUES (338969, 'Jonny Coyne');
INSERT INTO movie_genres (movie_id, genre) VALUES (338969, 'Action');
INSERT INTO movie_genres (movie_id, genre) VALUES (338969, 'Comedy');
INSERT INTO movie_genres (movie_id, genre) VALUES (338969, 'Science Fiction');
INSERT INTO movie_image_urls (movie_id, image_url) VALUES (338969, 'https://image.tmdb.org/t/p/original/bNX0rzIjJnMm4TWdW2AMOe9pzu9.jpg');
INSERT INTO movie_image_urls (movie_id, image_url) VALUES (338969, 'https://image.tmdb.org/t/p/original/pmDPp0RLfDCGzXKfMoAGbgfVECH.jpg');
INSERT INTO movie_image_urls (movie_id, image_url) VALUES (338969, 'https://image.tmdb.org/t/p/original/wyg8OaiDFru4NWuEnhCIsF3W1Ek.jpg');
INSERT INTO movie_image_urls (movie_id, image_url) VALUES (338969, 'https://image.tmdb.org/t/p/original/qmMkaK6Tq75o6Wb6BVbr3pOnpbF.jpg');

INSERT INTO movies (id, title, release_year, duration_minutes, country, language, synopsis, poster_image_url, backdrop_image_url) VALUES (1514381, 'EgyBest', 2026, 1, 'Egypt', 'Arabic', 'Two friends dive into the digital underworld chasing quick cash and bigger dreams. Their journey begins with a scam, but soon. The stakes turn deadly. Pulled into a web of love lies, and crime. they risk everything for success, in this high stakes game, one wrong move could change everything.', 'https://image.tmdb.org/t/p/w500/cwtLRUsaIWqQ3bFWmIso5qwnXzv.jpg', 'https://image.tmdb.org/t/p/original/4WRkI4pBtgydWSJRfcRORORuIYn.jpg') ON CONFLICT (id) DO UPDATE SET title = EXCLUDED.title, release_year = EXCLUDED.release_year, duration_minutes = EXCLUDED.duration_minutes, country = EXCLUDED.country, language = EXCLUDED.language, synopsis = EXCLUDED.synopsis, poster_image_url = EXCLUDED.poster_image_url, backdrop_image_url = EXCLUDED.backdrop_image_url;
INSERT INTO movie_directors (movie_id, director) VALUES (1514381, 'Marwan Abdelmoniem');
INSERT INTO movie_cast_members (movie_id, cast_member) VALUES (1514381, 'Ahmed Malek');
INSERT INTO movie_cast_members (movie_id, cast_member) VALUES (1514381, 'Salma Abu Deif');
INSERT INTO movie_cast_members (movie_id, cast_member) VALUES (1514381, 'Marwan Pablo');
INSERT INTO movie_cast_members (movie_id, cast_member) VALUES (1514381, 'Mohamed Abduo');
INSERT INTO movie_cast_members (movie_id, cast_member) VALUES (1514381, 'Hanan Youssef');
INSERT INTO movie_genres (movie_id, genre) VALUES (1514381, 'Drama');

INSERT INTO movies (id, title, release_year, duration_minutes, country, language, synopsis, poster_image_url, backdrop_image_url) VALUES (1337592, 'Erupcja', 2026, 71, 'United States of America', 'English', 'While on vacation in Poland, Bethany breaks away from a romantic itinerary planned by her doting boyfriend, Rob, fearing that a marriage proposal is imminent. Reuniting instead with an old friend, Nel, the two women rekindle a uniquely combustible chemistry over the course of a few days in a chaste but burning trust predicated on sapphic synchronicity and a mutual penchant for poetry.', 'https://image.tmdb.org/t/p/w500/1OMiyrpkZvu5YmWbPBtwDQHZsu1.jpg', 'https://image.tmdb.org/t/p/original/dfoeaH5k9dBi9PZdHCQ6znrQJHp.jpg') ON CONFLICT (id) DO UPDATE SET title = EXCLUDED.title, release_year = EXCLUDED.release_year, duration_minutes = EXCLUDED.duration_minutes, country = EXCLUDED.country, language = EXCLUDED.language, synopsis = EXCLUDED.synopsis, poster_image_url = EXCLUDED.poster_image_url, backdrop_image_url = EXCLUDED.backdrop_image_url;
INSERT INTO movie_directors (movie_id, director) VALUES (1337592, 'Pete Ohs');
INSERT INTO movie_cast_members (movie_id, cast_member) VALUES (1337592, 'Charli xcx');
INSERT INTO movie_cast_members (movie_id, cast_member) VALUES (1337592, 'Lena Góra');
INSERT INTO movie_cast_members (movie_id, cast_member) VALUES (1337592, 'Will Madden');
INSERT INTO movie_cast_members (movie_id, cast_member) VALUES (1337592, 'Jeremy O. Harris');
INSERT INTO movie_cast_members (movie_id, cast_member) VALUES (1337592, 'Agata Trzebuchowska');
INSERT INTO movie_genres (movie_id, genre) VALUES (1337592, 'Romance');
INSERT INTO movie_genres (movie_id, genre) VALUES (1337592, 'Drama');
INSERT INTO movie_genres (movie_id, genre) VALUES (1337592, 'Comedy');
INSERT INTO movie_image_urls (movie_id, image_url) VALUES (1337592, 'https://image.tmdb.org/t/p/original/hqFGsugrTpIZRECSzF5SziNruPP.jpg');
INSERT INTO movie_image_urls (movie_id, image_url) VALUES (1337592, 'https://image.tmdb.org/t/p/original/p0SP9cmHMJ2eD9vYjAwUDrdFdfM.jpg');
INSERT INTO movie_image_urls (movie_id, image_url) VALUES (1337592, 'https://image.tmdb.org/t/p/original/X3laoFDWRj74qTPXDTMX4wI0XY.jpg');
INSERT INTO movie_image_urls (movie_id, image_url) VALUES (1337592, 'https://image.tmdb.org/t/p/original/AaJYXEQrunDgZr4yaBEVrl2IXHh.jpg');

INSERT INTO movies (id, title, release_year, duration_minutes, country, language, synopsis, poster_image_url, backdrop_image_url) VALUES (1292585, 'Hayao Miyazaki and the Heron', 2024, 121, 'Japan', 'Japanese', 'A documentary that chronicles the making of The Boy and the Heron, filmed with exclusive access to Studio Ghibli across an astonishing seven years.', 'https://image.tmdb.org/t/p/w500/Bw7jGthm637GqlRq5rT04GJrKL.jpg', 'https://image.tmdb.org/t/p/original/6i0P1F5cDzHkcyO4GUNGlwhU5tQ.jpg') ON CONFLICT (id) DO UPDATE SET title = EXCLUDED.title, release_year = EXCLUDED.release_year, duration_minutes = EXCLUDED.duration_minutes, country = EXCLUDED.country, language = EXCLUDED.language, synopsis = EXCLUDED.synopsis, poster_image_url = EXCLUDED.poster_image_url, backdrop_image_url = EXCLUDED.backdrop_image_url;
INSERT INTO movie_directors (movie_id, director) VALUES (1292585, 'Kaku Arakawa');
INSERT INTO movie_cast_members (movie_id, cast_member) VALUES (1292585, 'Hayao Miyazaki');
INSERT INTO movie_cast_members (movie_id, cast_member) VALUES (1292585, 'Toshio Suzuki');
INSERT INTO movie_cast_members (movie_id, cast_member) VALUES (1292585, 'Isao Takahata');
INSERT INTO movie_cast_members (movie_id, cast_member) VALUES (1292585, 'Takeshi Honda');
INSERT INTO movie_cast_members (movie_id, cast_member) VALUES (1292585, 'Masaki Suda');
INSERT INTO movie_genres (movie_id, genre) VALUES (1292585, 'Documentary');
INSERT INTO movie_image_urls (movie_id, image_url) VALUES (1292585, 'https://image.tmdb.org/t/p/original/mX2bJCjDZQRsKJNcZuimHMQejtD.jpg');
INSERT INTO movie_image_urls (movie_id, image_url) VALUES (1292585, 'https://image.tmdb.org/t/p/original/wiikxfcYNDKhAs7xGC6fmBMaawL.jpg');
INSERT INTO movie_image_urls (movie_id, image_url) VALUES (1292585, 'https://image.tmdb.org/t/p/original/1Uc7yiKSsScyye6Fcjs8w1b9njg.jpg');
INSERT INTO movie_image_urls (movie_id, image_url) VALUES (1292585, 'https://image.tmdb.org/t/p/original/avNOk5TF9fxkFJPwQkuJx3jrzTw.jpg');

INSERT INTO movies (id, title, release_year, duration_minutes, country, language, synopsis, poster_image_url, backdrop_image_url) VALUES (1303613, 'Deaf', 2025, 100, 'Spain', 'Spanish', 'Angela''s deafness raises concerns during her pregnancy regarding connecting with her daughter. Post-delivery, partner Héctor supports her as she learns to mother in a society lacking adequate accommodations for the hearing-impaired.', 'https://image.tmdb.org/t/p/w500/ykB9bwUHT1AV04KjYPLhfgMwYdD.jpg', 'https://image.tmdb.org/t/p/original/iMvvdAm8lrFA4tow1wea5StM3pE.jpg') ON CONFLICT (id) DO UPDATE SET title = EXCLUDED.title, release_year = EXCLUDED.release_year, duration_minutes = EXCLUDED.duration_minutes, country = EXCLUDED.country, language = EXCLUDED.language, synopsis = EXCLUDED.synopsis, poster_image_url = EXCLUDED.poster_image_url, backdrop_image_url = EXCLUDED.backdrop_image_url;
INSERT INTO movie_directors (movie_id, director) VALUES (1303613, 'Eva Libertad');
INSERT INTO movie_cast_members (movie_id, cast_member) VALUES (1303613, 'Miriam Garlo');
INSERT INTO movie_cast_members (movie_id, cast_member) VALUES (1303613, 'Álvaro Cervantes');
INSERT INTO movie_cast_members (movie_id, cast_member) VALUES (1303613, 'Elena Irureta');
INSERT INTO movie_cast_members (movie_id, cast_member) VALUES (1303613, 'Joaquín Notario');
INSERT INTO movie_cast_members (movie_id, cast_member) VALUES (1303613, 'Daniela Saura Pérez');
INSERT INTO movie_genres (movie_id, genre) VALUES (1303613, 'Drama');
INSERT INTO movie_image_urls (movie_id, image_url) VALUES (1303613, 'https://image.tmdb.org/t/p/original/6Y57KOSiyOLFExpz6xbtQvBHEOh.jpg');
INSERT INTO movie_image_urls (movie_id, image_url) VALUES (1303613, 'https://image.tmdb.org/t/p/original/x3IJPq6Sm76SoiInkkDJv7qzLE3.jpg');
INSERT INTO movie_image_urls (movie_id, image_url) VALUES (1303613, 'https://image.tmdb.org/t/p/original/xwGEqrQMb5LlQ28X1wxdMqVDtin.jpg');
INSERT INTO movie_image_urls (movie_id, image_url) VALUES (1303613, 'https://image.tmdb.org/t/p/original/dK43FbDFZBJGaPYHui3sljkIk9M.jpg');

INSERT INTO movies (id, title, release_year, duration_minutes, country, language, synopsis, poster_image_url, backdrop_image_url) VALUES (1176962, 'Rose', 2026, 93, 'Austria', 'German', 'In the turmoil of the Thirty-Years'' War, a mysterious soldier appears in a secluded Protestant village claiming to be heir to a long-abandoned manor. His quest for recognition and acceptance are complicated by his secret: under a false identity, false name, and pretense of a false gender, he has made his way to the village. But to achieve her goals, Rose, as the soldier is actually called, will stop at nothing.', 'https://image.tmdb.org/t/p/w500/9xxcGE5NOtiC5qnNuWwqKqE3iIQ.jpg', 'https://image.tmdb.org/t/p/original/1KUzZMCBOtInUFoGUEJJsQyQKVi.jpg') ON CONFLICT (id) DO UPDATE SET title = EXCLUDED.title, release_year = EXCLUDED.release_year, duration_minutes = EXCLUDED.duration_minutes, country = EXCLUDED.country, language = EXCLUDED.language, synopsis = EXCLUDED.synopsis, poster_image_url = EXCLUDED.poster_image_url, backdrop_image_url = EXCLUDED.backdrop_image_url;
INSERT INTO movie_directors (movie_id, director) VALUES (1176962, 'Markus Schleinzer');
INSERT INTO movie_cast_members (movie_id, cast_member) VALUES (1176962, 'Sandra Hüller');
INSERT INTO movie_cast_members (movie_id, cast_member) VALUES (1176962, 'Caro Braun');
INSERT INTO movie_cast_members (movie_id, cast_member) VALUES (1176962, 'Marisa Growaldt');
INSERT INTO movie_cast_members (movie_id, cast_member) VALUES (1176962, 'Godehard Giese');
INSERT INTO movie_cast_members (movie_id, cast_member) VALUES (1176962, 'Robert Gwisdek');
INSERT INTO movie_genres (movie_id, genre) VALUES (1176962, 'Drama');
INSERT INTO movie_image_urls (movie_id, image_url) VALUES (1176962, 'https://image.tmdb.org/t/p/original/ewitRaiKieUQOxDkjfie4iy3ulK.jpg');
INSERT INTO movie_image_urls (movie_id, image_url) VALUES (1176962, 'https://image.tmdb.org/t/p/original/1YEhGFepA1M4zZ3btZVqhoA8470.jpg');
INSERT INTO movie_image_urls (movie_id, image_url) VALUES (1176962, 'https://image.tmdb.org/t/p/original/h4eZafYbje8wxQU9VJmr0eoAv96.jpg');
INSERT INTO movie_image_urls (movie_id, image_url) VALUES (1176962, 'https://image.tmdb.org/t/p/original/pXQaRv6dLjZXgMyteXusu2F1eet.jpg');

INSERT INTO movies (id, title, release_year, duration_minutes, country, language, synopsis, poster_image_url, backdrop_image_url) VALUES (1243741, 'Ballistic', 2026, 96, 'Canada', 'English', 'A mother who works for an ammunition manufacturing company is devastated when her son is killed in Afghanistan. Despair gives way to rage and a desire for revenge when she discovers it was a bullet from her factory that was responsible for her son’s death.', 'https://image.tmdb.org/t/p/w500/wfXSwkKXVY90epyeIB55OAD1jdP.jpg', 'https://image.tmdb.org/t/p/original/iRgQfUdLKNbpsf31yrnowSUwHBn.jpg') ON CONFLICT (id) DO UPDATE SET title = EXCLUDED.title, release_year = EXCLUDED.release_year, duration_minutes = EXCLUDED.duration_minutes, country = EXCLUDED.country, language = EXCLUDED.language, synopsis = EXCLUDED.synopsis, poster_image_url = EXCLUDED.poster_image_url, backdrop_image_url = EXCLUDED.backdrop_image_url;
INSERT INTO movie_directors (movie_id, director) VALUES (1243741, 'Chad Faust');
INSERT INTO movie_cast_members (movie_id, cast_member) VALUES (1243741, 'Lena Headey');
INSERT INTO movie_cast_members (movie_id, cast_member) VALUES (1243741, 'Amybeth McNulty');
INSERT INTO movie_cast_members (movie_id, cast_member) VALUES (1243741, 'Michael Lipka');
INSERT INTO movie_cast_members (movie_id, cast_member) VALUES (1243741, 'Jordan Kronis');
INSERT INTO movie_cast_members (movie_id, cast_member) VALUES (1243741, 'Hamza Haq');
INSERT INTO movie_genres (movie_id, genre) VALUES (1243741, 'Action');
INSERT INTO movie_genres (movie_id, genre) VALUES (1243741, 'Thriller');

INSERT INTO movies (id, title, release_year, duration_minutes, country, language, synopsis, poster_image_url, backdrop_image_url) VALUES (1368519, 'Cinque secondi', 2025, 105, 'Italy', 'French', 'Who is that scruffy-looking guy who lives alone in the renovated stables of Villa Guelfi? He spends his days doing nothing and avoiding contact with everyone. And when he realizes that a community of young people has settled illegally in the villa and is dedicated to caring for the abandoned countryside and vineyards, he gets nervous and wants to chase them away. They are students, recent graduates, agronomists, and among them is Matilde, who was born there and worked in the vineyard with her grandfather, Count Guelfo Guelfi, as a child. They too are intrigued by this misanthropic gentleman with a mysterious past: why does he live there alone and refuse to have contact with anyone? As the seasons pass, the conflict with this community of young men and women turns into coexistence, and eventually into an alliance. And Adriano finds himself looking after, in his brusque way, the young Countess Matilde, who is pregnant by one of the young men...', 'https://image.tmdb.org/t/p/w500/5hPjY75ddE90l6XzfAC6zrMRnNg.jpg', 'https://image.tmdb.org/t/p/original/g5njzG7BzbqudncIKt9zrGYkVtw.jpg') ON CONFLICT (id) DO UPDATE SET title = EXCLUDED.title, release_year = EXCLUDED.release_year, duration_minutes = EXCLUDED.duration_minutes, country = EXCLUDED.country, language = EXCLUDED.language, synopsis = EXCLUDED.synopsis, poster_image_url = EXCLUDED.poster_image_url, backdrop_image_url = EXCLUDED.backdrop_image_url;
INSERT INTO movie_directors (movie_id, director) VALUES (1368519, 'Paolo Virzì');
INSERT INTO movie_cast_members (movie_id, cast_member) VALUES (1368519, 'Valerio Mastandrea');
INSERT INTO movie_cast_members (movie_id, cast_member) VALUES (1368519, 'Galatea Bellugi');
INSERT INTO movie_cast_members (movie_id, cast_member) VALUES (1368519, 'Valeria Bruni Tedeschi');
INSERT INTO movie_cast_members (movie_id, cast_member) VALUES (1368519, 'Ilaria Spada');
INSERT INTO movie_cast_members (movie_id, cast_member) VALUES (1368519, 'Anna Ferraioli Ravel');
INSERT INTO movie_genres (movie_id, genre) VALUES (1368519, 'Drama');
INSERT INTO movie_image_urls (movie_id, image_url) VALUES (1368519, 'https://image.tmdb.org/t/p/original/oKEildTOSNITQAih1wCrCSK6VZD.jpg');
INSERT INTO movie_image_urls (movie_id, image_url) VALUES (1368519, 'https://image.tmdb.org/t/p/original/vNhsSpOV7kkHxqDMXx6ltjB9Het.jpg');
INSERT INTO movie_image_urls (movie_id, image_url) VALUES (1368519, 'https://image.tmdb.org/t/p/original/938RmymmtErx4Prf4emSuVOuQNC.jpg');

INSERT INTO movies (id, title, release_year, duration_minutes, country, language, synopsis, poster_image_url, backdrop_image_url) VALUES (1283320, 'Urchin', 2025, 99, 'United Kingdom', 'Ukrainian', 'Mike, a rough sleeper in London, is trapped in a cycle of self-destruction as he attempts to turn his life around. Along the way, he encounters unexpected chances for a fresh start.', 'https://image.tmdb.org/t/p/w500/zc8n3hm3S2VxFxlNH1MNN28LVMa.jpg', 'https://image.tmdb.org/t/p/original/1M8MgXc9UifZFA8qeC2gG4UCQe.jpg') ON CONFLICT (id) DO UPDATE SET title = EXCLUDED.title, release_year = EXCLUDED.release_year, duration_minutes = EXCLUDED.duration_minutes, country = EXCLUDED.country, language = EXCLUDED.language, synopsis = EXCLUDED.synopsis, poster_image_url = EXCLUDED.poster_image_url, backdrop_image_url = EXCLUDED.backdrop_image_url;
INSERT INTO movie_directors (movie_id, director) VALUES (1283320, 'Harris Dickinson');
INSERT INTO movie_cast_members (movie_id, cast_member) VALUES (1283320, 'Frank Dillane');
INSERT INTO movie_cast_members (movie_id, cast_member) VALUES (1283320, 'Megan Northam');
INSERT INTO movie_cast_members (movie_id, cast_member) VALUES (1283320, 'Karyna Khymchuk');
INSERT INTO movie_cast_members (movie_id, cast_member) VALUES (1283320, 'Shonagh Marie');
INSERT INTO movie_cast_members (movie_id, cast_member) VALUES (1283320, 'Amr Waked');
INSERT INTO movie_genres (movie_id, genre) VALUES (1283320, 'Drama');
INSERT INTO movie_image_urls (movie_id, image_url) VALUES (1283320, 'https://image.tmdb.org/t/p/original/5OP6r1Hyuo2QtFkXFEM0oGqWxDe.jpg');
INSERT INTO movie_image_urls (movie_id, image_url) VALUES (1283320, 'https://image.tmdb.org/t/p/original/12f4UAmZiQJq98sHkLJmE9LPSaL.jpg');
INSERT INTO movie_image_urls (movie_id, image_url) VALUES (1283320, 'https://image.tmdb.org/t/p/original/jHpQmM2hehNTdHhHnVRTOygRIyR.jpg');
INSERT INTO movie_image_urls (movie_id, image_url) VALUES (1283320, 'https://image.tmdb.org/t/p/original/tnyYyUUX0emBXvwg9ju165KmP0t.jpg');

INSERT INTO movies (id, title, release_year, duration_minutes, country, language, synopsis, poster_image_url, backdrop_image_url) VALUES (1290424, 'The Great Arch', 2025, 104, 'France', 'English', 'France, 1983. The biggest architectural competition in history is launched by the new socialist president, François Mitterrand. Coveted by all the biggest international architectural firms, the open-call competition is surprisingly won by an unknown: Johan Otto von Spreckelsen, an architecture teacher from Copenhagen. Until then, the fifty-year-old Dane had built only four buildings: his home, and three small chapels.', 'https://image.tmdb.org/t/p/w500/zriwECvMyJNcUdXrELeYSrXF0f2.jpg', 'https://image.tmdb.org/t/p/original/jCrMCnpQvCJOgEW4stUtbSBm17B.jpg') ON CONFLICT (id) DO UPDATE SET title = EXCLUDED.title, release_year = EXCLUDED.release_year, duration_minutes = EXCLUDED.duration_minutes, country = EXCLUDED.country, language = EXCLUDED.language, synopsis = EXCLUDED.synopsis, poster_image_url = EXCLUDED.poster_image_url, backdrop_image_url = EXCLUDED.backdrop_image_url;
INSERT INTO movie_directors (movie_id, director) VALUES (1290424, 'Stéphane Demoustier');
INSERT INTO movie_cast_members (movie_id, cast_member) VALUES (1290424, 'Claes Bang');
INSERT INTO movie_cast_members (movie_id, cast_member) VALUES (1290424, 'Xavier Dolan');
INSERT INTO movie_cast_members (movie_id, cast_member) VALUES (1290424, 'Swann Arlaud');
INSERT INTO movie_cast_members (movie_id, cast_member) VALUES (1290424, 'Sidse Babett Knudsen');
INSERT INTO movie_cast_members (movie_id, cast_member) VALUES (1290424, 'Michel Fau');
INSERT INTO movie_genres (movie_id, genre) VALUES (1290424, 'Drama');
INSERT INTO movie_genres (movie_id, genre) VALUES (1290424, 'History');
INSERT INTO movie_image_urls (movie_id, image_url) VALUES (1290424, 'https://image.tmdb.org/t/p/original/mNqnqNtZlLRFm1VLc3YmLuuCwyI.jpg');
INSERT INTO movie_image_urls (movie_id, image_url) VALUES (1290424, 'https://image.tmdb.org/t/p/original/dE6EqnhYtkCCoHtgeOTTjV1l8jz.jpg');
INSERT INTO movie_image_urls (movie_id, image_url) VALUES (1290424, 'https://image.tmdb.org/t/p/original/ajXYDz3iCy8y7NAN6ByHDXXKrDK.jpg');
INSERT INTO movie_image_urls (movie_id, image_url) VALUES (1290424, 'https://image.tmdb.org/t/p/original/4CmqIt9w9iNuYPLkWLFmSnczXkc.jpg');

INSERT INTO movies (id, title, release_year, duration_minutes, country, language, synopsis, poster_image_url, backdrop_image_url) VALUES (1276521, 'Charlie the Wonderdog', 2025, 92, 'Canada', 'English', 'Timid 9-year-old Danny teams up with his beloved family dog Charlie, who gets abducted by aliens and returns with superpowers, to thwart a plan by the neighbor''s sinister cat Puddy to destroy humanity.', 'https://image.tmdb.org/t/p/w500/whvkL0wzxgKmVbaPontq9NlVd5z.jpg', 'https://image.tmdb.org/t/p/original/2skPNvhiF3B0pUigNm1L5KLWvrk.jpg') ON CONFLICT (id) DO UPDATE SET title = EXCLUDED.title, release_year = EXCLUDED.release_year, duration_minutes = EXCLUDED.duration_minutes, country = EXCLUDED.country, language = EXCLUDED.language, synopsis = EXCLUDED.synopsis, poster_image_url = EXCLUDED.poster_image_url, backdrop_image_url = EXCLUDED.backdrop_image_url;
INSERT INTO movie_directors (movie_id, director) VALUES (1276521, 'Shea Wageman');
INSERT INTO movie_cast_members (movie_id, cast_member) VALUES (1276521, 'Owen Wilson');
INSERT INTO movie_cast_members (movie_id, cast_member) VALUES (1276521, 'Dawson Littman');
INSERT INTO movie_cast_members (movie_id, cast_member) VALUES (1276521, 'Tabitha St. Germain');
INSERT INTO movie_cast_members (movie_id, cast_member) VALUES (1276521, 'Sebastian Billingsley-Rodriguez');
INSERT INTO movie_cast_members (movie_id, cast_member) VALUES (1276521, 'Rhona Rees');
INSERT INTO movie_genres (movie_id, genre) VALUES (1276521, 'Animation');
INSERT INTO movie_genres (movie_id, genre) VALUES (1276521, 'Action');
INSERT INTO movie_genres (movie_id, genre) VALUES (1276521, 'Adventure');
INSERT INTO movie_genres (movie_id, genre) VALUES (1276521, 'Comedy');
INSERT INTO movie_genres (movie_id, genre) VALUES (1276521, 'Family');
INSERT INTO movie_image_urls (movie_id, image_url) VALUES (1276521, 'https://image.tmdb.org/t/p/original/uyAl115MTgCpRYSWypcs7aIC2QU.jpg');
INSERT INTO movie_image_urls (movie_id, image_url) VALUES (1276521, 'https://image.tmdb.org/t/p/original/fTe2MAGbGZTKqqGxJ2zVjjUnju2.jpg');
INSERT INTO movie_image_urls (movie_id, image_url) VALUES (1276521, 'https://image.tmdb.org/t/p/original/usgthPuHBw5ObwjKno5VeVco81Z.jpg');
INSERT INTO movie_image_urls (movie_id, image_url) VALUES (1276521, 'https://image.tmdb.org/t/p/original/Ad4vE7448eE5rBByW8INT1mBxnR.jpg');

INSERT INTO movies (id, title, release_year, duration_minutes, country, language, synopsis, poster_image_url, backdrop_image_url) VALUES (898704, 'Desert Warrior', 2026, 126, 'Saudi Arabia', 'English', 'Set in seventh-century Arabia, Princess Hind (Aiysha Hart) defies her fate, refusing to become a concubine to the ruthless Emperor Kisra (Sir Ben Kingsley). Fleeing into the desert with her father, she is hunted by a merciless army and forced to trust a legendary bandit (Anthony Mackie) with secrets of his own. Rising from fugitive to fearless warrior, Hind unites warring tribes for a final stand - the Battle of Dhi Qar, a clash that will change history forever.', 'https://image.tmdb.org/t/p/w500/3JHYiYhOPoME3E5pscYpE4dQfbT.jpg', 'https://image.tmdb.org/t/p/original/jiISkXckJnRjgXGvVXOf7XnukI3.jpg') ON CONFLICT (id) DO UPDATE SET title = EXCLUDED.title, release_year = EXCLUDED.release_year, duration_minutes = EXCLUDED.duration_minutes, country = EXCLUDED.country, language = EXCLUDED.language, synopsis = EXCLUDED.synopsis, poster_image_url = EXCLUDED.poster_image_url, backdrop_image_url = EXCLUDED.backdrop_image_url;
INSERT INTO movie_directors (movie_id, director) VALUES (898704, 'Rupert Wyatt');
INSERT INTO movie_cast_members (movie_id, cast_member) VALUES (898704, 'Anthony Mackie');
INSERT INTO movie_cast_members (movie_id, cast_member) VALUES (898704, 'Aiysha Hart');
INSERT INTO movie_cast_members (movie_id, cast_member) VALUES (898704, 'Ben Kingsley');
INSERT INTO movie_cast_members (movie_id, cast_member) VALUES (898704, 'Ghassan Massoud');
INSERT INTO movie_cast_members (movie_id, cast_member) VALUES (898704, 'Sharlto Copley');
INSERT INTO movie_genres (movie_id, genre) VALUES (898704, 'Action');
INSERT INTO movie_genres (movie_id, genre) VALUES (898704, 'Drama');
INSERT INTO movie_genres (movie_id, genre) VALUES (898704, 'History');

INSERT INTO movies (id, title, release_year, duration_minutes, country, language, synopsis, poster_image_url, backdrop_image_url) VALUES (1143440, 'The Ice Tower', 2025, 118, 'France', 'English', 'Jeanne, a 15-year-old orphan, witnesses the shoot for a film adaptation of the fairy tale The Snow Queen, and she becomes fascinated by its star, Cristina, an actress who is just as mysterious and alluring as the Queen she is playing.', 'https://image.tmdb.org/t/p/w500/b68s4eH45pRE8giLVM5tFUgVDcj.jpg', 'https://image.tmdb.org/t/p/original/j0Xeb9a4zDpYdkXEEZhfPjz71UN.jpg') ON CONFLICT (id) DO UPDATE SET title = EXCLUDED.title, release_year = EXCLUDED.release_year, duration_minutes = EXCLUDED.duration_minutes, country = EXCLUDED.country, language = EXCLUDED.language, synopsis = EXCLUDED.synopsis, poster_image_url = EXCLUDED.poster_image_url, backdrop_image_url = EXCLUDED.backdrop_image_url;
INSERT INTO movie_directors (movie_id, director) VALUES (1143440, 'Lucile Hadžihalilović');
INSERT INTO movie_cast_members (movie_id, cast_member) VALUES (1143440, 'Marion Cotillard');
INSERT INTO movie_cast_members (movie_id, cast_member) VALUES (1143440, 'Clara Pacini');
INSERT INTO movie_cast_members (movie_id, cast_member) VALUES (1143440, 'August Diehl');
INSERT INTO movie_cast_members (movie_id, cast_member) VALUES (1143440, 'Marine Gesbert');
INSERT INTO movie_cast_members (movie_id, cast_member) VALUES (1143440, 'Lila-Rose Gilberti');
INSERT INTO movie_genres (movie_id, genre) VALUES (1143440, 'Drama');
INSERT INTO movie_genres (movie_id, genre) VALUES (1143440, 'Fantasy');
INSERT INTO movie_image_urls (movie_id, image_url) VALUES (1143440, 'https://image.tmdb.org/t/p/original/aXvcqtcfBcsibBKslEwSy4Fb42X.jpg');
INSERT INTO movie_image_urls (movie_id, image_url) VALUES (1143440, 'https://image.tmdb.org/t/p/original/lfFkRgcsqEnIsF67biFuSm1Dzgt.jpg');
INSERT INTO movie_image_urls (movie_id, image_url) VALUES (1143440, 'https://image.tmdb.org/t/p/original/y72IAmAJaZg1Ed20weH89GMZP8R.jpg');
INSERT INTO movie_image_urls (movie_id, image_url) VALUES (1143440, 'https://image.tmdb.org/t/p/original/18wCd5uaKgZkYzN3VE1feevbHwR.jpg');

INSERT INTO movies (id, title, release_year, duration_minutes, country, language, synopsis, poster_image_url, backdrop_image_url) VALUES (1254594, 'Omukade', 2026, 95, 'Thailand', 'English', 'Thailand, 1941 — a handful of Japanese soldiers and their prisoners are trapped in a cursed mine. As tensions between enemies reach a breaking point, they are forced to confront a terrifying, ancient monster lurking in the shadows.', 'https://image.tmdb.org/t/p/w500/tSwMkZs3c2xbHN6Khxsq4ELOO1w.jpg', 'https://image.tmdb.org/t/p/original/i5c2Tvhn2mZWT43zdwHEliau58j.jpg') ON CONFLICT (id) DO UPDATE SET title = EXCLUDED.title, release_year = EXCLUDED.release_year, duration_minutes = EXCLUDED.duration_minutes, country = EXCLUDED.country, language = EXCLUDED.language, synopsis = EXCLUDED.synopsis, poster_image_url = EXCLUDED.poster_image_url, backdrop_image_url = EXCLUDED.backdrop_image_url;
INSERT INTO movie_directors (movie_id, director) VALUES (1254594, 'Pakphum Wongjinda');
INSERT INTO movie_directors (movie_id, director) VALUES (1254594, 'Chalit Krileadmongkon');
INSERT INTO movie_cast_members (movie_id, cast_member) VALUES (1254594, 'Narilya Gulmongkolpech');
INSERT INTO movie_cast_members (movie_id, cast_member) VALUES (1254594, 'James Laver');
INSERT INTO movie_cast_members (movie_id, cast_member) VALUES (1254594, 'Yasaka Chaisorn');
INSERT INTO movie_cast_members (movie_id, cast_member) VALUES (1254594, 'Daung');
INSERT INTO movie_cast_members (movie_id, cast_member) VALUES (1254594, 'Ohmi Ryota');
INSERT INTO movie_genres (movie_id, genre) VALUES (1254594, 'Horror');
INSERT INTO movie_genres (movie_id, genre) VALUES (1254594, 'Thriller');
INSERT INTO movie_genres (movie_id, genre) VALUES (1254594, 'War');

INSERT INTO movies (id, title, release_year, duration_minutes, country, language, synopsis, poster_image_url, backdrop_image_url) VALUES (1303657, 'Allegro Pastell', 2026, 100, 'Germany', 'German', 'In the summer of 2018, novelist Tanja Arnheim and web designer Jerome Daimler have a seemingly ideal long-distance relationship in the heat of Berlin, the idyll of an inherited bungalow in the Hessian Main Valley and many train journeys in between. But the carefully cultivated balance of trust and detachment between the two hyper-reflective millennials is shaken when Tanja realizes on the night of her thirtieth birthday that the relationship could become existential.', 'https://image.tmdb.org/t/p/w500/dm7gUD4RfxokQ533Y8DIweLjUT2.jpg', 'https://image.tmdb.org/t/p/original/vOBjs6laaX6APuOH0KVweAU4vkd.jpg') ON CONFLICT (id) DO UPDATE SET title = EXCLUDED.title, release_year = EXCLUDED.release_year, duration_minutes = EXCLUDED.duration_minutes, country = EXCLUDED.country, language = EXCLUDED.language, synopsis = EXCLUDED.synopsis, poster_image_url = EXCLUDED.poster_image_url, backdrop_image_url = EXCLUDED.backdrop_image_url;
INSERT INTO movie_directors (movie_id, director) VALUES (1303657, 'Anna Roller');
INSERT INTO movie_cast_members (movie_id, cast_member) VALUES (1303657, 'Sylvaine Faligant');
INSERT INTO movie_cast_members (movie_id, cast_member) VALUES (1303657, 'Jannis Niewöhner');
INSERT INTO movie_cast_members (movie_id, cast_member) VALUES (1303657, 'Vera Flück');
INSERT INTO movie_cast_members (movie_id, cast_member) VALUES (1303657, 'Luna Wedler');
INSERT INTO movie_cast_members (movie_id, cast_member) VALUES (1303657, 'Wolfram Koch');
INSERT INTO movie_genres (movie_id, genre) VALUES (1303657, 'Drama');
INSERT INTO movie_genres (movie_id, genre) VALUES (1303657, 'Romance');
INSERT INTO movie_image_urls (movie_id, image_url) VALUES (1303657, 'https://image.tmdb.org/t/p/original/vK44gIe9muLlRznh6EckwHFt0FJ.jpg');
INSERT INTO movie_image_urls (movie_id, image_url) VALUES (1303657, 'https://image.tmdb.org/t/p/original/6WGzhp08Q0iTbLGsfsgV9ykcSlv.jpg');
INSERT INTO movie_image_urls (movie_id, image_url) VALUES (1303657, 'https://image.tmdb.org/t/p/original/vU6WSZb5gF8Fjz19WfXqgBlkofM.jpg');
INSERT INTO movie_image_urls (movie_id, image_url) VALUES (1303657, 'https://image.tmdb.org/t/p/original/sd2t3ts9X2MQJTIUgIa49iJkiKG.jpg');

INSERT INTO movies (id, title, release_year, duration_minutes, country, language, synopsis, poster_image_url, backdrop_image_url) VALUES (1139636, 'Method Acting', 2026, 93, 'South Korea', 'Korean', 'Lee Dong-hwi, a washed-up comedy actor, aspires to change his image as a serious drama actor. Fortunately, he lands the role of a majestic king in a historical drama, but unexpected challenges begin to unfold for him. Will he be able to pull off method acting and succeed in changing his public image?', 'https://image.tmdb.org/t/p/w500/4owZiJJsAbJ6R2k2LimnpKkADfC.jpg', 'https://image.tmdb.org/t/p/original/kZw3YSsh8d0QxKY3WKTovLbUmhs.jpg') ON CONFLICT (id) DO UPDATE SET title = EXCLUDED.title, release_year = EXCLUDED.release_year, duration_minutes = EXCLUDED.duration_minutes, country = EXCLUDED.country, language = EXCLUDED.language, synopsis = EXCLUDED.synopsis, poster_image_url = EXCLUDED.poster_image_url, backdrop_image_url = EXCLUDED.backdrop_image_url;
INSERT INTO movie_directors (movie_id, director) VALUES (1139636, 'Lee Ki-hyuk');
INSERT INTO movie_cast_members (movie_id, cast_member) VALUES (1139636, 'Lee Dong-hwi');
INSERT INTO movie_cast_members (movie_id, cast_member) VALUES (1139636, 'Yoon Kyung-ho');
INSERT INTO movie_cast_members (movie_id, cast_member) VALUES (1139636, 'Kang Chan-hee');
INSERT INTO movie_cast_members (movie_id, cast_member) VALUES (1139636, 'Kim Keum-soon');
INSERT INTO movie_cast_members (movie_id, cast_member) VALUES (1139636, 'Yoon Byung-hee');
INSERT INTO movie_genres (movie_id, genre) VALUES (1139636, 'Comedy');
INSERT INTO movie_genres (movie_id, genre) VALUES (1139636, 'Drama');
INSERT INTO movie_image_urls (movie_id, image_url) VALUES (1139636, 'https://image.tmdb.org/t/p/original/r5vY4hWjdhBAcZ7vkP7pDdnGP2f.jpg');
INSERT INTO movie_image_urls (movie_id, image_url) VALUES (1139636, 'https://image.tmdb.org/t/p/original/so7XG6r50tZMVobbjJiI1sarluw.jpg');
INSERT INTO movie_image_urls (movie_id, image_url) VALUES (1139636, 'https://image.tmdb.org/t/p/original/feuX50aX5D7jrELr4GCnOdSZUW0.jpg');
INSERT INTO movie_image_urls (movie_id, image_url) VALUES (1139636, 'https://image.tmdb.org/t/p/original/1jyXKLpD8tjKt9bMPw7Lm4TYnUu.jpg');

INSERT INTO movies (id, title, release_year, duration_minutes, country, language, synopsis, poster_image_url, backdrop_image_url) VALUES (1037600, 'Miss Match', 2026, 101, 'South Korea', 'Korean', 'Bong Soo loses his memories from an accident, which disables him to recognize his family. Due to this condition, and his ever-increasing odd behaviors, his relationships get mixed up. He treats his wife as his daughter and mistakes her daughter for a friend. Ironically, his friends and family start to accept the situation as they derive some comfort and warmth from it.', 'https://image.tmdb.org/t/p/w500/jccJeAT7ZvO2kYMtT2f9mDVVE3R.jpg', NULL) ON CONFLICT (id) DO UPDATE SET title = EXCLUDED.title, release_year = EXCLUDED.release_year, duration_minutes = EXCLUDED.duration_minutes, country = EXCLUDED.country, language = EXCLUDED.language, synopsis = EXCLUDED.synopsis, poster_image_url = EXCLUDED.poster_image_url, backdrop_image_url = EXCLUDED.backdrop_image_url;
INSERT INTO movie_directors (movie_id, director) VALUES (1037600, 'Son Tae-woong');
INSERT INTO movie_cast_members (movie_id, cast_member) VALUES (1037600, 'Oh Dae-hwan');
INSERT INTO movie_cast_members (movie_id, cast_member) VALUES (1037600, 'Oh Yoon-ah');
INSERT INTO movie_cast_members (movie_id, cast_member) VALUES (1037600, 'Ahn Suk-hwan');
INSERT INTO movie_cast_members (movie_id, cast_member) VALUES (1037600, 'Lee Jun-hyeok');
INSERT INTO movie_cast_members (movie_id, cast_member) VALUES (1037600, 'Ko Kyu-pil');
INSERT INTO movie_genres (movie_id, genre) VALUES (1037600, 'Comedy');
INSERT INTO movie_genres (movie_id, genre) VALUES (1037600, 'Drama');

INSERT INTO movies (id, title, release_year, duration_minutes, country, language, synopsis, poster_image_url, backdrop_image_url) VALUES (1300501, 'Patriot', 2026, 1, 'India', 'Malayalam', 'A spy thriller following covert operatives as they uncover a surveillance conspiracy that escalates into a national security emergency, racing against time to dismantle the network before it silences opposition.', 'https://image.tmdb.org/t/p/w500/5LHrtudEt6Mh6VlfGHoYqqjVOHV.jpg', 'https://image.tmdb.org/t/p/original/jNGpmfOhS50DfyyR8I1VfR27dLb.jpg') ON CONFLICT (id) DO UPDATE SET title = EXCLUDED.title, release_year = EXCLUDED.release_year, duration_minutes = EXCLUDED.duration_minutes, country = EXCLUDED.country, language = EXCLUDED.language, synopsis = EXCLUDED.synopsis, poster_image_url = EXCLUDED.poster_image_url, backdrop_image_url = EXCLUDED.backdrop_image_url;
INSERT INTO movie_directors (movie_id, director) VALUES (1300501, 'Mahesh Narayanan');
INSERT INTO movie_cast_members (movie_id, cast_member) VALUES (1300501, 'Mammootty');
INSERT INTO movie_cast_members (movie_id, cast_member) VALUES (1300501, 'Mohanlal');
INSERT INTO movie_cast_members (movie_id, cast_member) VALUES (1300501, 'Fahadh Faasil');
INSERT INTO movie_cast_members (movie_id, cast_member) VALUES (1300501, 'Kunchacko Boban');
INSERT INTO movie_cast_members (movie_id, cast_member) VALUES (1300501, 'Nayanthara');
INSERT INTO movie_genres (movie_id, genre) VALUES (1300501, 'Action');
INSERT INTO movie_genres (movie_id, genre) VALUES (1300501, 'Thriller');
INSERT INTO movie_image_urls (movie_id, image_url) VALUES (1300501, 'https://image.tmdb.org/t/p/original/TgHvPKo2oKOYLguuelWwzZpC6g.jpg');

INSERT INTO movies (id, title, release_year, duration_minutes, country, language, synopsis, poster_image_url, backdrop_image_url) VALUES (1019939, 'Hundreds of Beavers', 2024, 108, 'United States of America', 'English', 'In the 19th century, a drunken applejack salesman must go from zero to hero and become North America''s greatest fur trapper by defeating hundreds of beavers.', 'https://image.tmdb.org/t/p/w500/jBg64OA2QEWL0zaOFMoAGipeGjJ.jpg', 'https://image.tmdb.org/t/p/original/krN2V7leYVBp6dOLzP11sM44eNb.jpg') ON CONFLICT (id) DO UPDATE SET title = EXCLUDED.title, release_year = EXCLUDED.release_year, duration_minutes = EXCLUDED.duration_minutes, country = EXCLUDED.country, language = EXCLUDED.language, synopsis = EXCLUDED.synopsis, poster_image_url = EXCLUDED.poster_image_url, backdrop_image_url = EXCLUDED.backdrop_image_url;
INSERT INTO movie_directors (movie_id, director) VALUES (1019939, 'Mike Cheslik');
INSERT INTO movie_cast_members (movie_id, cast_member) VALUES (1019939, 'Ryland Brickson Cole Tews');
INSERT INTO movie_cast_members (movie_id, cast_member) VALUES (1019939, 'Olivia Graves');
INSERT INTO movie_cast_members (movie_id, cast_member) VALUES (1019939, 'Doug Mancheski');
INSERT INTO movie_cast_members (movie_id, cast_member) VALUES (1019939, 'Wes Tank');
INSERT INTO movie_cast_members (movie_id, cast_member) VALUES (1019939, 'Luis Rico');
INSERT INTO movie_genres (movie_id, genre) VALUES (1019939, 'Comedy');
INSERT INTO movie_genres (movie_id, genre) VALUES (1019939, 'Adventure');
INSERT INTO movie_genres (movie_id, genre) VALUES (1019939, 'Action');
INSERT INTO movie_image_urls (movie_id, image_url) VALUES (1019939, 'https://image.tmdb.org/t/p/original/d26hVZhft7XCwkpVqZBoRSu20IR.jpg');
INSERT INTO movie_image_urls (movie_id, image_url) VALUES (1019939, 'https://image.tmdb.org/t/p/original/sEA9uraGDER7IkAbNzptTAGoAF.jpg');
INSERT INTO movie_image_urls (movie_id, image_url) VALUES (1019939, 'https://image.tmdb.org/t/p/original/tPoEiQnxGLjJ6uhiut8aTvuC0YH.jpg');
INSERT INTO movie_image_urls (movie_id, image_url) VALUES (1019939, 'https://image.tmdb.org/t/p/original/5VycGpLMW8CLHJne34IX5e3wQYZ.jpg');

INSERT INTO movies (id, title, release_year, duration_minutes, country, language, synopsis, poster_image_url, backdrop_image_url) VALUES (1178602, 'Miroirs No. 3', 2025, 86, 'Germany', 'German', 'On a weekend trip to the countryside, Laura miraculously survives a car crash. Physically unhurt but deeply shaken, she is taken in by a local woman who witnessed the accident and now cares for Laura with motherly devotion. When her husband and adult son also give up their initial resistance to Laura''s presence, the four of them slowly build up some family-like routine. But soon they can no longer ignore their past...', 'https://image.tmdb.org/t/p/w500/dNzLDieAVlX3So2Qs2XSAOUmvxM.jpg', 'https://image.tmdb.org/t/p/original/eRpkR3DDeW1lnjFwlJ7jY5iXxZ2.jpg') ON CONFLICT (id) DO UPDATE SET title = EXCLUDED.title, release_year = EXCLUDED.release_year, duration_minutes = EXCLUDED.duration_minutes, country = EXCLUDED.country, language = EXCLUDED.language, synopsis = EXCLUDED.synopsis, poster_image_url = EXCLUDED.poster_image_url, backdrop_image_url = EXCLUDED.backdrop_image_url;
INSERT INTO movie_directors (movie_id, director) VALUES (1178602, 'Christian Petzold');
INSERT INTO movie_cast_members (movie_id, cast_member) VALUES (1178602, 'Paula Beer');
INSERT INTO movie_cast_members (movie_id, cast_member) VALUES (1178602, 'Barbara Auer');
INSERT INTO movie_cast_members (movie_id, cast_member) VALUES (1178602, 'Matthias Brandt');
INSERT INTO movie_cast_members (movie_id, cast_member) VALUES (1178602, 'Enno Trebs');
INSERT INTO movie_cast_members (movie_id, cast_member) VALUES (1178602, 'Philip Froissant');
INSERT INTO movie_genres (movie_id, genre) VALUES (1178602, 'Drama');
INSERT INTO movie_image_urls (movie_id, image_url) VALUES (1178602, 'https://image.tmdb.org/t/p/original/dv8xr2P21nDAfggGq2vLrsZDV5y.jpg');
INSERT INTO movie_image_urls (movie_id, image_url) VALUES (1178602, 'https://image.tmdb.org/t/p/original/wYRdaA5XIXJqFDHoTXfvW19mJnU.jpg');
INSERT INTO movie_image_urls (movie_id, image_url) VALUES (1178602, 'https://image.tmdb.org/t/p/original/vsBn8CO3RDNX7JXyzdOZT7nGkib.jpg');
INSERT INTO movie_image_urls (movie_id, image_url) VALUES (1178602, 'https://image.tmdb.org/t/p/original/sBmk1aaiepcBfC3l5NpEsdEoawP.jpg');

INSERT INTO movies (id, title, release_year, duration_minutes, country, language, synopsis, poster_image_url, backdrop_image_url) VALUES (1393326, 'Ghost in the Cell', 2026, 106, 'Indonesia', 'Indonesian', 'A notorious prison, an invisible force begins killing inmates brutally, compelling enemy gangs and corrupt guards to work together as they try to survive the mounting bloodshed.', 'https://image.tmdb.org/t/p/w500/zxcMdx0w5Zmg8yZuuiS7CJ8vOea.jpg', 'https://image.tmdb.org/t/p/original/58wXYrsqf00NPbagY3yuPTq2lWU.jpg') ON CONFLICT (id) DO UPDATE SET title = EXCLUDED.title, release_year = EXCLUDED.release_year, duration_minutes = EXCLUDED.duration_minutes, country = EXCLUDED.country, language = EXCLUDED.language, synopsis = EXCLUDED.synopsis, poster_image_url = EXCLUDED.poster_image_url, backdrop_image_url = EXCLUDED.backdrop_image_url;
INSERT INTO movie_directors (movie_id, director) VALUES (1393326, 'Joko Anwar');
INSERT INTO movie_cast_members (movie_id, cast_member) VALUES (1393326, 'Abimana Aryasatya');
INSERT INTO movie_cast_members (movie_id, cast_member) VALUES (1393326, 'Bront Palarae');
INSERT INTO movie_cast_members (movie_id, cast_member) VALUES (1393326, 'Dimas Danang');
INSERT INTO movie_cast_members (movie_id, cast_member) VALUES (1393326, 'Endy Arfian');
INSERT INTO movie_cast_members (movie_id, cast_member) VALUES (1393326, 'Lukman Sardi');
INSERT INTO movie_genres (movie_id, genre) VALUES (1393326, 'Horror');
INSERT INTO movie_genres (movie_id, genre) VALUES (1393326, 'Comedy');
INSERT INTO movie_genres (movie_id, genre) VALUES (1393326, 'Thriller');
INSERT INTO movie_image_urls (movie_id, image_url) VALUES (1393326, 'https://image.tmdb.org/t/p/original/izuzDBvLM4ja1rt2EuA4hHBMF52.jpg');
INSERT INTO movie_image_urls (movie_id, image_url) VALUES (1393326, 'https://image.tmdb.org/t/p/original/tK3QdOOrX4qEkmSlvrmc8cK7iOU.jpg');
INSERT INTO movie_image_urls (movie_id, image_url) VALUES (1393326, 'https://image.tmdb.org/t/p/original/afk22GzX3YZoG6XRsD3T2QRn0lv.jpg');
INSERT INTO movie_image_urls (movie_id, image_url) VALUES (1393326, 'https://image.tmdb.org/t/p/original/unEj3lNA48RKVQDdzeaTxKHtE4C.jpg');

INSERT INTO movies (id, title, release_year, duration_minutes, country, language, synopsis, poster_image_url, backdrop_image_url) VALUES (346698, 'Barbie', 2023, 114, 'United Kingdom', 'English', 'Barbie and Ken are having the time of their lives in the colorful and seemingly perfect world of Barbie Land. However, when they get a chance to go to the real world, they soon discover the joys and perils of living among humans.', 'https://image.tmdb.org/t/p/w500/iuFNMS8U5cb6xfzi51Dbkovj7vM.jpg', 'https://image.tmdb.org/t/p/original/3N5QNUqS76GFYNoEayfkkJyAyTN.jpg') ON CONFLICT (id) DO UPDATE SET title = EXCLUDED.title, release_year = EXCLUDED.release_year, duration_minutes = EXCLUDED.duration_minutes, country = EXCLUDED.country, language = EXCLUDED.language, synopsis = EXCLUDED.synopsis, poster_image_url = EXCLUDED.poster_image_url, backdrop_image_url = EXCLUDED.backdrop_image_url;
INSERT INTO movie_directors (movie_id, director) VALUES (346698, 'Greta Gerwig');
INSERT INTO movie_cast_members (movie_id, cast_member) VALUES (346698, 'Margot Robbie');
INSERT INTO movie_cast_members (movie_id, cast_member) VALUES (346698, 'Ryan Gosling');
INSERT INTO movie_cast_members (movie_id, cast_member) VALUES (346698, 'America Ferrera');
INSERT INTO movie_cast_members (movie_id, cast_member) VALUES (346698, 'Ariana Greenblatt');
INSERT INTO movie_cast_members (movie_id, cast_member) VALUES (346698, 'Issa Rae');
INSERT INTO movie_genres (movie_id, genre) VALUES (346698, 'Comedy');
INSERT INTO movie_genres (movie_id, genre) VALUES (346698, 'Adventure');
INSERT INTO movie_image_urls (movie_id, image_url) VALUES (346698, 'https://image.tmdb.org/t/p/original/ldFX26JW3fusyMewRoWoXYWaffw.jpg');
INSERT INTO movie_image_urls (movie_id, image_url) VALUES (346698, 'https://image.tmdb.org/t/p/original/ctMserH8g2SeOAnCw5gFjdQF8mo.jpg');
INSERT INTO movie_image_urls (movie_id, image_url) VALUES (346698, 'https://image.tmdb.org/t/p/original/mbYTRO33LJAgpCMrIn9ibiWHbMH.jpg');
INSERT INTO movie_image_urls (movie_id, image_url) VALUES (346698, 'https://image.tmdb.org/t/p/original/iGdHtZBjpBkmSAgkvUeniIfI8ME.jpg');

INSERT INTO movies (id, title, release_year, duration_minutes, country, language, synopsis, poster_image_url, backdrop_image_url) VALUES (493125, 'An Affair - Two Sisters', 2017, 72, 'South Korea', 'Korean', 'Two beautiful sisters run a cabin in the mountains that is well-known to men as a place of affection. An unknown man near the cabin watches them closely.', 'https://image.tmdb.org/t/p/w500/hd53bYFpoWjojG08xLQBO8cP50h.jpg', 'https://image.tmdb.org/t/p/original/69PZORl7TmqzvG8yrloqfHgjhZV.jpg') ON CONFLICT (id) DO UPDATE SET title = EXCLUDED.title, release_year = EXCLUDED.release_year, duration_minutes = EXCLUDED.duration_minutes, country = EXCLUDED.country, language = EXCLUDED.language, synopsis = EXCLUDED.synopsis, poster_image_url = EXCLUDED.poster_image_url, backdrop_image_url = EXCLUDED.backdrop_image_url;
INSERT INTO movie_directors (movie_id, director) VALUES (493125, 'Park Joo-yeong');
INSERT INTO movie_cast_members (movie_id, cast_member) VALUES (493125, 'Min Do-yoon');
INSERT INTO movie_cast_members (movie_id, cast_member) VALUES (493125, 'Lee Chae-dam');
INSERT INTO movie_cast_members (movie_id, cast_member) VALUES (493125, 'Yoo Ri');
INSERT INTO movie_cast_members (movie_id, cast_member) VALUES (493125, 'Sang Woo');
INSERT INTO movie_cast_members (movie_id, cast_member) VALUES (493125, 'Jo Yong-bok');
INSERT INTO movie_genres (movie_id, genre) VALUES (493125, 'Drama');
INSERT INTO movie_genres (movie_id, genre) VALUES (493125, 'Romance');
INSERT INTO movie_image_urls (movie_id, image_url) VALUES (493125, 'https://image.tmdb.org/t/p/original/1iSD5lEv3WkMcQpP7IWRvlGXjDP.jpg');
INSERT INTO movie_image_urls (movie_id, image_url) VALUES (493125, 'https://image.tmdb.org/t/p/original/cYZRtLnWKtFHODmCaDb1uYEhLHQ.jpg');
INSERT INTO movie_image_urls (movie_id, image_url) VALUES (493125, 'https://image.tmdb.org/t/p/original/8bECaTSpC9FeoHsF0At6p5PlHoF.jpg');
INSERT INTO movie_image_urls (movie_id, image_url) VALUES (493125, 'https://image.tmdb.org/t/p/original/bjI8Y0tqUrE5yfqovQl1j5Bde3G.jpg');

INSERT INTO movies (id, title, release_year, duration_minutes, country, language, synopsis, poster_image_url, backdrop_image_url) VALUES (1315303, 'Primate', 2026, 89, 'United States of America', 'English', 'Lucy, a college student, along with her friends, spend their vacation at her family''s home in Hawaii, which includes her pet chimpanzee, Ben. However, when Ben contracts rabies after being bitten by a rabid animal, the group must fight for their lives in order to avoid the now-violent chimp.', 'https://image.tmdb.org/t/p/w500/z97hrgI5wbGbZvSVkBfAeBnFKAg.jpg', 'https://image.tmdb.org/t/p/original/9uakM2woks0JV8HKIc4oatIVS88.jpg') ON CONFLICT (id) DO UPDATE SET title = EXCLUDED.title, release_year = EXCLUDED.release_year, duration_minutes = EXCLUDED.duration_minutes, country = EXCLUDED.country, language = EXCLUDED.language, synopsis = EXCLUDED.synopsis, poster_image_url = EXCLUDED.poster_image_url, backdrop_image_url = EXCLUDED.backdrop_image_url;
INSERT INTO movie_directors (movie_id, director) VALUES (1315303, 'Johannes Roberts');
INSERT INTO movie_cast_members (movie_id, cast_member) VALUES (1315303, 'Johnny Sequoyah');
INSERT INTO movie_cast_members (movie_id, cast_member) VALUES (1315303, 'Jessica Alexander');
INSERT INTO movie_cast_members (movie_id, cast_member) VALUES (1315303, 'Troy Kotsur');
INSERT INTO movie_cast_members (movie_id, cast_member) VALUES (1315303, 'Victoria Wyant');
INSERT INTO movie_cast_members (movie_id, cast_member) VALUES (1315303, 'Gia Hunter');
INSERT INTO movie_genres (movie_id, genre) VALUES (1315303, 'Horror');
INSERT INTO movie_genres (movie_id, genre) VALUES (1315303, 'Thriller');
INSERT INTO movie_image_urls (movie_id, image_url) VALUES (1315303, 'https://image.tmdb.org/t/p/original/qca9e83DzC3zBexlFx3HKZMNawF.jpg');
INSERT INTO movie_image_urls (movie_id, image_url) VALUES (1315303, 'https://image.tmdb.org/t/p/original/90S71GDDS1tNLmAQrC2N8Bc5CQs.jpg');
INSERT INTO movie_image_urls (movie_id, image_url) VALUES (1315303, 'https://image.tmdb.org/t/p/original/epV8l6VQJfQDCu8G5BtZggNakVX.jpg');
INSERT INTO movie_image_urls (movie_id, image_url) VALUES (1315303, 'https://image.tmdb.org/t/p/original/5fPJDTC9xrp3Or2d8eMegywfAHs.jpg');

INSERT INTO movies (id, title, release_year, duration_minutes, country, language, synopsis, poster_image_url, backdrop_image_url) VALUES (1180831, 'Troll 2', 2025, 102, 'Norway', 'Norwegian', 'When a dangerous new troll unleashes devastation across their homeland, Nora, Andreas and Major Kris embark on their most perilous mission yet.', 'https://image.tmdb.org/t/p/w500/p6xAExLNFbHcLfvSuvLPoM8aqZU.jpg', 'https://image.tmdb.org/t/p/original/lZYMXx74pWmbj5Q5jp1QaMvmuuR.jpg') ON CONFLICT (id) DO UPDATE SET title = EXCLUDED.title, release_year = EXCLUDED.release_year, duration_minutes = EXCLUDED.duration_minutes, country = EXCLUDED.country, language = EXCLUDED.language, synopsis = EXCLUDED.synopsis, poster_image_url = EXCLUDED.poster_image_url, backdrop_image_url = EXCLUDED.backdrop_image_url;
INSERT INTO movie_directors (movie_id, director) VALUES (1180831, 'Roar Uthaug');
INSERT INTO movie_cast_members (movie_id, cast_member) VALUES (1180831, 'Ine Marie Wilmann');
INSERT INTO movie_cast_members (movie_id, cast_member) VALUES (1180831, 'Kim S. Falck-Jørgensen');
INSERT INTO movie_cast_members (movie_id, cast_member) VALUES (1180831, 'Mads Sjøgård Pettersen');
INSERT INTO movie_cast_members (movie_id, cast_member) VALUES (1180831, 'Sara Khorami');
INSERT INTO movie_cast_members (movie_id, cast_member) VALUES (1180831, 'Karoline Viktoria Sletteng Garvang');
INSERT INTO movie_genres (movie_id, genre) VALUES (1180831, 'Action');
INSERT INTO movie_genres (movie_id, genre) VALUES (1180831, 'Fantasy');
INSERT INTO movie_genres (movie_id, genre) VALUES (1180831, 'Thriller');
INSERT INTO movie_image_urls (movie_id, image_url) VALUES (1180831, 'https://image.tmdb.org/t/p/original/3e5Yfey0Gf6hC0eUvL1YwmjkHAO.jpg');
INSERT INTO movie_image_urls (movie_id, image_url) VALUES (1180831, 'https://image.tmdb.org/t/p/original/17FgTZbEDY6SVeZmx37Lob4z4JT.jpg');
INSERT INTO movie_image_urls (movie_id, image_url) VALUES (1180831, 'https://image.tmdb.org/t/p/original/eqqG7FoUFDmDQeXlhj8wLlImUYO.jpg');
INSERT INTO movie_image_urls (movie_id, image_url) VALUES (1180831, 'https://image.tmdb.org/t/p/original/hx0buEKc75vIRyLHtRcg0hcyFNp.jpg');

INSERT INTO movies (id, title, release_year, duration_minutes, country, language, synopsis, poster_image_url, backdrop_image_url) VALUES (1038392, 'The Conjuring: Last Rites', 2025, 136, 'United States of America', 'English', 'Paranormal investigators Ed and Lorraine Warren take on one last terrifying case involving mysterious entities they must confront.', 'https://image.tmdb.org/t/p/w500/byWgphT74ClOVa8EOGzYDkl8DVL.jpg', 'https://image.tmdb.org/t/p/original/tcBX2dtkNozZ0uDLVaxXrE6rqyN.jpg') ON CONFLICT (id) DO UPDATE SET title = EXCLUDED.title, release_year = EXCLUDED.release_year, duration_minutes = EXCLUDED.duration_minutes, country = EXCLUDED.country, language = EXCLUDED.language, synopsis = EXCLUDED.synopsis, poster_image_url = EXCLUDED.poster_image_url, backdrop_image_url = EXCLUDED.backdrop_image_url;
INSERT INTO movie_directors (movie_id, director) VALUES (1038392, 'Michael Chaves');
INSERT INTO movie_cast_members (movie_id, cast_member) VALUES (1038392, 'Patrick Wilson');
INSERT INTO movie_cast_members (movie_id, cast_member) VALUES (1038392, 'Vera Farmiga');
INSERT INTO movie_cast_members (movie_id, cast_member) VALUES (1038392, 'Mia Tomlinson');
INSERT INTO movie_cast_members (movie_id, cast_member) VALUES (1038392, 'Ben Hardy');
INSERT INTO movie_cast_members (movie_id, cast_member) VALUES (1038392, 'Rebecca Calder');
INSERT INTO movie_genres (movie_id, genre) VALUES (1038392, 'Horror');
INSERT INTO movie_image_urls (movie_id, image_url) VALUES (1038392, 'https://image.tmdb.org/t/p/original/29aMn7MwBNZS6tuKDsb2eKLSdHg.jpg');
INSERT INTO movie_image_urls (movie_id, image_url) VALUES (1038392, 'https://image.tmdb.org/t/p/original/bXdQhZX4gZvqPn90os4rrt4Y21J.jpg');
INSERT INTO movie_image_urls (movie_id, image_url) VALUES (1038392, 'https://image.tmdb.org/t/p/original/9G327dw7NOCaMLLMHsBFWtvDOM.jpg');
INSERT INTO movie_image_urls (movie_id, image_url) VALUES (1038392, 'https://image.tmdb.org/t/p/original/pfO7553A0OK3JXqbTrSXh29GyuX.jpg');

INSERT INTO movies (id, title, release_year, duration_minutes, country, language, synopsis, poster_image_url, backdrop_image_url) VALUES (1424965, 'Ice Skater', 2026, 83, 'Finland', 'English', 'A survival drama about an ice skater stranded on an ice floe at the Arctic Sea. When the ice floe starts to float towards south and melt, the ice skater must use all means necessary to survive.', 'https://image.tmdb.org/t/p/w500/m93BKabB7Je8WQACed58BXeHNNR.jpg', 'https://image.tmdb.org/t/p/original/6xVAbjvUWKJlPSVYduQgkRzEQNy.jpg') ON CONFLICT (id) DO UPDATE SET title = EXCLUDED.title, release_year = EXCLUDED.release_year, duration_minutes = EXCLUDED.duration_minutes, country = EXCLUDED.country, language = EXCLUDED.language, synopsis = EXCLUDED.synopsis, poster_image_url = EXCLUDED.poster_image_url, backdrop_image_url = EXCLUDED.backdrop_image_url;
INSERT INTO movie_directors (movie_id, director) VALUES (1424965, 'Taavi Vartia');
INSERT INTO movie_cast_members (movie_id, cast_member) VALUES (1424965, 'Thea Sofie Loch Næss');
INSERT INTO movie_cast_members (movie_id, cast_member) VALUES (1424965, 'Nikos Koukas');
INSERT INTO movie_cast_members (movie_id, cast_member) VALUES (1424965, 'Mimi Roivainen');
INSERT INTO movie_cast_members (movie_id, cast_member) VALUES (1424965, 'Jasmin Simonen');
INSERT INTO movie_genres (movie_id, genre) VALUES (1424965, 'Drama');
INSERT INTO movie_genres (movie_id, genre) VALUES (1424965, 'Thriller');
INSERT INTO movie_image_urls (movie_id, image_url) VALUES (1424965, 'https://image.tmdb.org/t/p/original/qEMCJfb6RF3WbIpcfujcSxjNtDV.jpg');
INSERT INTO movie_image_urls (movie_id, image_url) VALUES (1424965, 'https://image.tmdb.org/t/p/original/bnAAOVNTsrgzGlrCZJyyhl342Qv.jpg');
INSERT INTO movie_image_urls (movie_id, image_url) VALUES (1424965, 'https://image.tmdb.org/t/p/original/4IyngtWZrDSHaqTqWTan388bZVB.jpg');
INSERT INTO movie_image_urls (movie_id, image_url) VALUES (1424965, 'https://image.tmdb.org/t/p/original/k2eOoVonyDm8WKTyBr3A1Q4W8X9.jpg');

INSERT INTO movies (id, title, release_year, duration_minutes, country, language, synopsis, poster_image_url, backdrop_image_url) VALUES (269149, 'Zootopia', 2016, 109, 'United States of America', 'English', 'Determined to prove herself, Officer Judy Hopps, the first bunny on Zootopia''s police force, jumps at the chance to crack her first case - even if it means partnering with scam-artist fox Nick Wilde to solve the mystery.', 'https://image.tmdb.org/t/p/w500/hlK0e0wAQ3VLuJcsfIYPvb4JVud.jpg', 'https://image.tmdb.org/t/p/original/9tOkjBEiiGcaClgJFtwocStZvIT.jpg') ON CONFLICT (id) DO UPDATE SET title = EXCLUDED.title, release_year = EXCLUDED.release_year, duration_minutes = EXCLUDED.duration_minutes, country = EXCLUDED.country, language = EXCLUDED.language, synopsis = EXCLUDED.synopsis, poster_image_url = EXCLUDED.poster_image_url, backdrop_image_url = EXCLUDED.backdrop_image_url;
INSERT INTO movie_directors (movie_id, director) VALUES (269149, 'Byron Howard');
INSERT INTO movie_directors (movie_id, director) VALUES (269149, 'Rich Moore');
INSERT INTO movie_cast_members (movie_id, cast_member) VALUES (269149, 'Ginnifer Goodwin');
INSERT INTO movie_cast_members (movie_id, cast_member) VALUES (269149, 'Jason Bateman');
INSERT INTO movie_cast_members (movie_id, cast_member) VALUES (269149, 'Idris Elba');
INSERT INTO movie_cast_members (movie_id, cast_member) VALUES (269149, 'Jenny Slate');
INSERT INTO movie_cast_members (movie_id, cast_member) VALUES (269149, 'Nate Torrence');
INSERT INTO movie_genres (movie_id, genre) VALUES (269149, 'Animation');
INSERT INTO movie_genres (movie_id, genre) VALUES (269149, 'Adventure');
INSERT INTO movie_genres (movie_id, genre) VALUES (269149, 'Family');
INSERT INTO movie_genres (movie_id, genre) VALUES (269149, 'Comedy');
INSERT INTO movie_image_urls (movie_id, image_url) VALUES (269149, 'https://image.tmdb.org/t/p/original/p2fRZzxla6NoRbIH2KOZq0gHb5S.jpg');
INSERT INTO movie_image_urls (movie_id, image_url) VALUES (269149, 'https://image.tmdb.org/t/p/original/lgfoNa0kYgqDQC0k4xpGtY8Bw3r.jpg');
INSERT INTO movie_image_urls (movie_id, image_url) VALUES (269149, 'https://image.tmdb.org/t/p/original/asy1pEeZms71htrKGrZ7P9qKtbV.jpg');
INSERT INTO movie_image_urls (movie_id, image_url) VALUES (269149, 'https://image.tmdb.org/t/p/original/7A8xPRmiJV0Jp23gBqNkTOuYy4V.jpg');

INSERT INTO movies (id, title, release_year, duration_minutes, country, language, synopsis, poster_image_url, backdrop_image_url) VALUES (1175942, 'The Bad Guys 2', 2025, 104, 'United States of America', 'English', 'The now-reformed Bad Guys are trying (very, very hard) to be good, but instead find themselves hijacked into a high-stakes, globe-trotting heist, masterminded by a new team of criminals they never saw coming: The Bad Girls.', 'https://image.tmdb.org/t/p/w500/26oSPnq0ct59l07QOXZKyzsiRtN.jpg', 'https://image.tmdb.org/t/p/original/8FWLJHuWB72UXBmiMtxwTvQVumN.jpg') ON CONFLICT (id) DO UPDATE SET title = EXCLUDED.title, release_year = EXCLUDED.release_year, duration_minutes = EXCLUDED.duration_minutes, country = EXCLUDED.country, language = EXCLUDED.language, synopsis = EXCLUDED.synopsis, poster_image_url = EXCLUDED.poster_image_url, backdrop_image_url = EXCLUDED.backdrop_image_url;
INSERT INTO movie_directors (movie_id, director) VALUES (1175942, 'Pierre Perifel');
INSERT INTO movie_cast_members (movie_id, cast_member) VALUES (1175942, 'Sam Rockwell');
INSERT INTO movie_cast_members (movie_id, cast_member) VALUES (1175942, 'Marc Maron');
INSERT INTO movie_cast_members (movie_id, cast_member) VALUES (1175942, 'Awkwafina');
INSERT INTO movie_cast_members (movie_id, cast_member) VALUES (1175942, 'Craig Robinson');
INSERT INTO movie_cast_members (movie_id, cast_member) VALUES (1175942, 'Anthony Ramos');
INSERT INTO movie_genres (movie_id, genre) VALUES (1175942, 'Family');
INSERT INTO movie_genres (movie_id, genre) VALUES (1175942, 'Comedy');
INSERT INTO movie_genres (movie_id, genre) VALUES (1175942, 'Crime');
INSERT INTO movie_genres (movie_id, genre) VALUES (1175942, 'Adventure');
INSERT INTO movie_genres (movie_id, genre) VALUES (1175942, 'Animation');
INSERT INTO movie_image_urls (movie_id, image_url) VALUES (1175942, 'https://image.tmdb.org/t/p/original/lB96EMr5A7Og81UhyldJvvy35r.jpg');
INSERT INTO movie_image_urls (movie_id, image_url) VALUES (1175942, 'https://image.tmdb.org/t/p/original/jvpkBenB6hv19WWYVlaiow8zklq.jpg');
INSERT INTO movie_image_urls (movie_id, image_url) VALUES (1175942, 'https://image.tmdb.org/t/p/original/vJJy19DnmicBWQ2O4R7qyWuOGFG.jpg');
INSERT INTO movie_image_urls (movie_id, image_url) VALUES (1175942, 'https://image.tmdb.org/t/p/original/pn0HARa2csLAAAYDghV5QMBvopS.jpg');

INSERT INTO movies (id, title, release_year, duration_minutes, country, language, synopsis, poster_image_url, backdrop_image_url) VALUES (912649, 'Venom: The Last Dance', 2024, 109, 'United States of America', 'English', 'Eddie and Venom are on the run. Hunted by both of their worlds and with the net closing in, the duo are forced into a devastating decision that will bring the curtains down on Venom and Eddie''s last dance.', 'https://image.tmdb.org/t/p/w500/vGXptEdgZIhPg3cGlc7e8sNPC2e.jpg', 'https://image.tmdb.org/t/p/original/3V4kLQg0kSqPLctI5ziYWabAZYF.jpg') ON CONFLICT (id) DO UPDATE SET title = EXCLUDED.title, release_year = EXCLUDED.release_year, duration_minutes = EXCLUDED.duration_minutes, country = EXCLUDED.country, language = EXCLUDED.language, synopsis = EXCLUDED.synopsis, poster_image_url = EXCLUDED.poster_image_url, backdrop_image_url = EXCLUDED.backdrop_image_url;
INSERT INTO movie_directors (movie_id, director) VALUES (912649, 'Kelly Marcel');
INSERT INTO movie_cast_members (movie_id, cast_member) VALUES (912649, 'Tom Hardy');
INSERT INTO movie_cast_members (movie_id, cast_member) VALUES (912649, 'Chiwetel Ejiofor');
INSERT INTO movie_cast_members (movie_id, cast_member) VALUES (912649, 'Juno Temple');
INSERT INTO movie_cast_members (movie_id, cast_member) VALUES (912649, 'Rhys Ifans');
INSERT INTO movie_cast_members (movie_id, cast_member) VALUES (912649, 'Stephen Graham');
INSERT INTO movie_genres (movie_id, genre) VALUES (912649, 'Science Fiction');
INSERT INTO movie_genres (movie_id, genre) VALUES (912649, 'Action');
INSERT INTO movie_genres (movie_id, genre) VALUES (912649, 'Adventure');
INSERT INTO movie_image_urls (movie_id, image_url) VALUES (912649, 'https://image.tmdb.org/t/p/original/3sh2UA2Q2l7fihgoj1LhFFPTlIM.jpg');
INSERT INTO movie_image_urls (movie_id, image_url) VALUES (912649, 'https://image.tmdb.org/t/p/original/vZG7PrX9HmdgL5qfZRjhJsFYEIA.jpg');
INSERT INTO movie_image_urls (movie_id, image_url) VALUES (912649, 'https://image.tmdb.org/t/p/original/7SA0Rsiuw4PmyDoiO1Jm2j9lUN8.jpg');
INSERT INTO movie_image_urls (movie_id, image_url) VALUES (912649, 'https://image.tmdb.org/t/p/original/v2c7jHSvgXj0BYZ10MYUe9ugTHx.jpg');

INSERT INTO movies (id, title, release_year, duration_minutes, country, language, synopsis, poster_image_url, backdrop_image_url) VALUES (150540, 'Inside Out', 2015, 95, 'United States of America', 'English', 'When 11-year-old Riley moves to a new city, her Emotions team up to help her through the transition. Joy, Fear, Anger, Disgust and Sadness work together, but when Joy and Sadness get lost, they must journey through unfamiliar places to get back home.', 'https://image.tmdb.org/t/p/w500/2H1TmgdfNtsKlU9jKdeNyYL5y8T.jpg', 'https://image.tmdb.org/t/p/original/o3i6AfTcWAuNvzAUV3q5lOmi6Gx.jpg') ON CONFLICT (id) DO UPDATE SET title = EXCLUDED.title, release_year = EXCLUDED.release_year, duration_minutes = EXCLUDED.duration_minutes, country = EXCLUDED.country, language = EXCLUDED.language, synopsis = EXCLUDED.synopsis, poster_image_url = EXCLUDED.poster_image_url, backdrop_image_url = EXCLUDED.backdrop_image_url;
INSERT INTO movie_directors (movie_id, director) VALUES (150540, 'Pete Docter');
INSERT INTO movie_cast_members (movie_id, cast_member) VALUES (150540, 'Amy Poehler');
INSERT INTO movie_cast_members (movie_id, cast_member) VALUES (150540, 'Phyllis Smith');
INSERT INTO movie_cast_members (movie_id, cast_member) VALUES (150540, 'Richard Kind');
INSERT INTO movie_cast_members (movie_id, cast_member) VALUES (150540, 'Bill Hader');
INSERT INTO movie_cast_members (movie_id, cast_member) VALUES (150540, 'Lewis Black');
INSERT INTO movie_genres (movie_id, genre) VALUES (150540, 'Animation');
INSERT INTO movie_genres (movie_id, genre) VALUES (150540, 'Family');
INSERT INTO movie_genres (movie_id, genre) VALUES (150540, 'Adventure');
INSERT INTO movie_genres (movie_id, genre) VALUES (150540, 'Drama');
INSERT INTO movie_genres (movie_id, genre) VALUES (150540, 'Comedy');
INSERT INTO movie_image_urls (movie_id, image_url) VALUES (150540, 'https://image.tmdb.org/t/p/original/jJKZaTBNenlFclQyjrnvzkRmvWE.jpg');
INSERT INTO movie_image_urls (movie_id, image_url) VALUES (150540, 'https://image.tmdb.org/t/p/original/j29ekbcLpBvxnGk6LjdTc2EI5SA.jpg');
INSERT INTO movie_image_urls (movie_id, image_url) VALUES (150540, 'https://image.tmdb.org/t/p/original/okJXzeIpbdx7q8rQjJwBNr8VTEk.jpg');
INSERT INTO movie_image_urls (movie_id, image_url) VALUES (150540, 'https://image.tmdb.org/t/p/original/2IwDbObOTG0Qc2YIK6lXa1wQ4xe.jpg');

INSERT INTO movies (id, title, release_year, duration_minutes, country, language, synopsis, poster_image_url, backdrop_image_url) VALUES (193972, 'Living Marble', 1910, 6, 'Austria', 'No Language', 'Four gentlemen are talking in a beer-garden; during a short absence of one of them, who pretends to be an art lover, the others decide to make a prank on him. When he comes back, one them invites the "square" bourgeois to his home, pretexting to show him an art catalog. The men pay their drinks and leave, but the three friends convene later, and they have paid a young female model to be there, too.', 'https://image.tmdb.org/t/p/w500/h0dSHEbb0EiYt6NPYrnkyR0uj7U.jpg', NULL) ON CONFLICT (id) DO UPDATE SET title = EXCLUDED.title, release_year = EXCLUDED.release_year, duration_minutes = EXCLUDED.duration_minutes, country = EXCLUDED.country, language = EXCLUDED.language, synopsis = EXCLUDED.synopsis, poster_image_url = EXCLUDED.poster_image_url, backdrop_image_url = EXCLUDED.backdrop_image_url;
INSERT INTO movie_directors (movie_id, director) VALUES (193972, 'Johann Schwarzer');
INSERT INTO movie_genres (movie_id, genre) VALUES (193972, 'Comedy');

INSERT INTO movies (id, title, release_year, duration_minutes, country, language, synopsis, poster_image_url, backdrop_image_url) VALUES (1191876, 'From the Ashes', 2027, 92, 'United States of America', 'English', 'Jailed for her husband''s crime, a woman discovers that her only way out is to solve riddles from her mysterious past.', 'https://image.tmdb.org/t/p/w500/aEUH2ECoZHvSmoMzJpca0STF2CZ.jpg', 'https://image.tmdb.org/t/p/original/ru0r5MYhIwcU0IddhRLqJpIPkiV.jpg') ON CONFLICT (id) DO UPDATE SET title = EXCLUDED.title, release_year = EXCLUDED.release_year, duration_minutes = EXCLUDED.duration_minutes, country = EXCLUDED.country, language = EXCLUDED.language, synopsis = EXCLUDED.synopsis, poster_image_url = EXCLUDED.poster_image_url, backdrop_image_url = EXCLUDED.backdrop_image_url;
INSERT INTO movie_directors (movie_id, director) VALUES (1191876, 'Jeremy Wiles');
INSERT INTO movie_cast_members (movie_id, cast_member) VALUES (1191876, 'Jeanne Neilson');
INSERT INTO movie_cast_members (movie_id, cast_member) VALUES (1191876, 'Paul du Toit');
INSERT INTO movie_cast_members (movie_id, cast_member) VALUES (1191876, 'Syreeta Banks');
INSERT INTO movie_cast_members (movie_id, cast_member) VALUES (1191876, 'Jeremy John Wells');
INSERT INTO movie_cast_members (movie_id, cast_member) VALUES (1191876, 'Lucy Capri');
INSERT INTO movie_genres (movie_id, genre) VALUES (1191876, 'Drama');
INSERT INTO movie_image_urls (movie_id, image_url) VALUES (1191876, 'https://image.tmdb.org/t/p/original/nXtEwmCqJUffR36x2FExJ5aitIr.jpg');
INSERT INTO movie_image_urls (movie_id, image_url) VALUES (1191876, 'https://image.tmdb.org/t/p/original/hxN8NKE1By0gz3jdzl4mns9hKFu.jpg');
INSERT INTO movie_image_urls (movie_id, image_url) VALUES (1191876, 'https://image.tmdb.org/t/p/original/zfHfyUUMSvkLx9fGKmrMOz1oIch.jpg');
INSERT INTO movie_image_urls (movie_id, image_url) VALUES (1191876, 'https://image.tmdb.org/t/p/original/laFVQrEgPOezEKbu3hBMwFZkkbR.jpg');

INSERT INTO movies (id, title, release_year, duration_minutes, country, language, synopsis, poster_image_url, backdrop_image_url) VALUES (600354, 'The Father', 2020, 97, 'France', 'English', 'A man refuses all assistance from his daughter as he ages and, as he tries to make sense of his changing circumstances, he begins to doubt his loved ones, his own mind and even the fabric of his reality.', 'https://image.tmdb.org/t/p/w500/pr3bEQ517uMb5loLvjFQi8uLAsp.jpg', 'https://image.tmdb.org/t/p/original/h3weAFgg06GqchI2xDfufBgSFTj.jpg') ON CONFLICT (id) DO UPDATE SET title = EXCLUDED.title, release_year = EXCLUDED.release_year, duration_minutes = EXCLUDED.duration_minutes, country = EXCLUDED.country, language = EXCLUDED.language, synopsis = EXCLUDED.synopsis, poster_image_url = EXCLUDED.poster_image_url, backdrop_image_url = EXCLUDED.backdrop_image_url;
INSERT INTO movie_directors (movie_id, director) VALUES (600354, 'Florian Zeller');
INSERT INTO movie_cast_members (movie_id, cast_member) VALUES (600354, 'Anthony Hopkins');
INSERT INTO movie_cast_members (movie_id, cast_member) VALUES (600354, 'Olivia Colman');
INSERT INTO movie_cast_members (movie_id, cast_member) VALUES (600354, 'Mark Gatiss');
INSERT INTO movie_cast_members (movie_id, cast_member) VALUES (600354, 'Olivia Williams');
INSERT INTO movie_cast_members (movie_id, cast_member) VALUES (600354, 'Imogen Poots');
INSERT INTO movie_genres (movie_id, genre) VALUES (600354, 'Drama');
INSERT INTO movie_image_urls (movie_id, image_url) VALUES (600354, 'https://image.tmdb.org/t/p/original/6SP1bFfoXhW7Ni7fPw5GjY7ACBS.jpg');
INSERT INTO movie_image_urls (movie_id, image_url) VALUES (600354, 'https://image.tmdb.org/t/p/original/nSfh8LIdiYrsYFMOYpNdzB9i8jt.jpg');
INSERT INTO movie_image_urls (movie_id, image_url) VALUES (600354, 'https://image.tmdb.org/t/p/original/rTk89OqzsSQgfiKgfaA0kkPEzFt.jpg');
INSERT INTO movie_image_urls (movie_id, image_url) VALUES (600354, 'https://image.tmdb.org/t/p/original/b87RKwAUf2fX6x6IYf0lsX3tE8r.jpg');

INSERT INTO movies (id, title, release_year, duration_minutes, country, language, synopsis, poster_image_url, backdrop_image_url) VALUES (149871, 'The Tale of The Princess Kaguya', 2013, 137, 'Japan', 'Japanese', 'Found inside a shining stalk of bamboo by an old bamboo cutter and his wife, a tiny girl grows rapidly into an exquisite young lady. The mysterious young princess enthrals all who encounter her. But, ultimately, she must confront her fate.', 'https://image.tmdb.org/t/p/w500/cQidJuA546OSSXKWXoiCeINDxuj.jpg', 'https://image.tmdb.org/t/p/original/lMaWlYThCSnsmW3usxWTpSuyZp1.jpg') ON CONFLICT (id) DO UPDATE SET title = EXCLUDED.title, release_year = EXCLUDED.release_year, duration_minutes = EXCLUDED.duration_minutes, country = EXCLUDED.country, language = EXCLUDED.language, synopsis = EXCLUDED.synopsis, poster_image_url = EXCLUDED.poster_image_url, backdrop_image_url = EXCLUDED.backdrop_image_url;
INSERT INTO movie_directors (movie_id, director) VALUES (149871, 'Isao Takahata');
INSERT INTO movie_cast_members (movie_id, cast_member) VALUES (149871, 'Aki Asakura');
INSERT INTO movie_cast_members (movie_id, cast_member) VALUES (149871, 'Takeo Chii');
INSERT INTO movie_cast_members (movie_id, cast_member) VALUES (149871, 'Nobuko Miyamoto');
INSERT INTO movie_cast_members (movie_id, cast_member) VALUES (149871, 'Kengo Kora');
INSERT INTO movie_cast_members (movie_id, cast_member) VALUES (149871, 'Atsuko Takahata');
INSERT INTO movie_genres (movie_id, genre) VALUES (149871, 'Animation');
INSERT INTO movie_genres (movie_id, genre) VALUES (149871, 'Drama');
INSERT INTO movie_genres (movie_id, genre) VALUES (149871, 'Fantasy');
INSERT INTO movie_image_urls (movie_id, image_url) VALUES (149871, 'https://image.tmdb.org/t/p/original/49LGl6UH9dR1QWHEK8RTF7RSxco.jpg');
INSERT INTO movie_image_urls (movie_id, image_url) VALUES (149871, 'https://image.tmdb.org/t/p/original/w5TxOZpPahv3fAhN49mVFSrKUXs.jpg');
INSERT INTO movie_image_urls (movie_id, image_url) VALUES (149871, 'https://image.tmdb.org/t/p/original/mrhNRKCGRxUfU0kPCfW6oXosfNp.jpg');
INSERT INTO movie_image_urls (movie_id, image_url) VALUES (149871, 'https://image.tmdb.org/t/p/original/AtOQdXdibzCiMDIcFA0sBdk1ryf.jpg');

INSERT INTO movies (id, title, release_year, duration_minutes, country, language, synopsis, poster_image_url, backdrop_image_url) VALUES (103663, 'The Hunt', 2012, 116, 'Denmark', 'Danish', 'A teacher lives a lonely life, all the while struggling over his son’s custody. His life slowly gets better as he finds love and receives good news from his son, but his new luck is about to be brutally shattered by an innocent little lie.', 'https://image.tmdb.org/t/p/w500/jkixsXzRh28q3PCqFoWcf7unghT.jpg', 'https://image.tmdb.org/t/p/original/7zN7m5jEyrNxFYm2EbQJAZwAG5i.jpg') ON CONFLICT (id) DO UPDATE SET title = EXCLUDED.title, release_year = EXCLUDED.release_year, duration_minutes = EXCLUDED.duration_minutes, country = EXCLUDED.country, language = EXCLUDED.language, synopsis = EXCLUDED.synopsis, poster_image_url = EXCLUDED.poster_image_url, backdrop_image_url = EXCLUDED.backdrop_image_url;
INSERT INTO movie_directors (movie_id, director) VALUES (103663, 'Thomas Vinterberg');
INSERT INTO movie_cast_members (movie_id, cast_member) VALUES (103663, 'Mads Mikkelsen');
INSERT INTO movie_cast_members (movie_id, cast_member) VALUES (103663, 'Thomas Bo Larsen');
INSERT INTO movie_cast_members (movie_id, cast_member) VALUES (103663, 'Annika');
INSERT INTO movie_cast_members (movie_id, cast_member) VALUES (103663, 'Lasse Fogelstrøm');
INSERT INTO movie_cast_members (movie_id, cast_member) VALUES (103663, 'Susse Wold');
INSERT INTO movie_genres (movie_id, genre) VALUES (103663, 'Drama');
INSERT INTO movie_image_urls (movie_id, image_url) VALUES (103663, 'https://image.tmdb.org/t/p/original/jmVWlCZ8hRtmrQGbKXXFHsrSohp.jpg');
INSERT INTO movie_image_urls (movie_id, image_url) VALUES (103663, 'https://image.tmdb.org/t/p/original/1MwjlmniXrEh8Lsvel5s2sMHD0Y.jpg');
INSERT INTO movie_image_urls (movie_id, image_url) VALUES (103663, 'https://image.tmdb.org/t/p/original/4vMXEGlfWWK87YDquYP2oDhn42p.jpg');
INSERT INTO movie_image_urls (movie_id, image_url) VALUES (103663, 'https://image.tmdb.org/t/p/original/uiforkIWG40qca7F52Yx5Ao8j2y.jpg');

INSERT INTO movies (id, title, release_year, duration_minutes, country, language, synopsis, poster_image_url, backdrop_image_url) VALUES (1398, 'Stalker', 1979, 162, 'Soviet Union', 'Russian', 'Near a gray and unnamed city is the Zone, a place guarded by barbed wire and soldiers, and where the normal laws of physics are victim to frequent anomalies. A stalker guides two men into the Zone, specifically to an area in which deep-seated desires are granted.', 'https://image.tmdb.org/t/p/w500/1qhOyf5C4s9ZdvY8d5JDx9DFMeT.jpg', 'https://image.tmdb.org/t/p/original/6yrbWzzrPp7pwz6zHdifspJk8t3.jpg') ON CONFLICT (id) DO UPDATE SET title = EXCLUDED.title, release_year = EXCLUDED.release_year, duration_minutes = EXCLUDED.duration_minutes, country = EXCLUDED.country, language = EXCLUDED.language, synopsis = EXCLUDED.synopsis, poster_image_url = EXCLUDED.poster_image_url, backdrop_image_url = EXCLUDED.backdrop_image_url;
INSERT INTO movie_directors (movie_id, director) VALUES (1398, 'Andrei Tarkovsky');
INSERT INTO movie_cast_members (movie_id, cast_member) VALUES (1398, 'Alisa Freyndlikh');
INSERT INTO movie_cast_members (movie_id, cast_member) VALUES (1398, 'Aleksandr Kaydanovskiy');
INSERT INTO movie_cast_members (movie_id, cast_member) VALUES (1398, 'Anatoliy Solonitsyn');
INSERT INTO movie_cast_members (movie_id, cast_member) VALUES (1398, 'Mykola Hrynko');
INSERT INTO movie_cast_members (movie_id, cast_member) VALUES (1398, 'Natalya Abramova');
INSERT INTO movie_genres (movie_id, genre) VALUES (1398, 'Science Fiction');
INSERT INTO movie_genres (movie_id, genre) VALUES (1398, 'Drama');
INSERT INTO movie_image_urls (movie_id, image_url) VALUES (1398, 'https://image.tmdb.org/t/p/original/xhet9FxP6VoRdlBSsfc9FhCsKSW.jpg');
INSERT INTO movie_image_urls (movie_id, image_url) VALUES (1398, 'https://image.tmdb.org/t/p/original/mCilWem3lYS16WcE5Idje5Q4lIM.jpg');
INSERT INTO movie_image_urls (movie_id, image_url) VALUES (1398, 'https://image.tmdb.org/t/p/original/3djnplHuJZmmFTTCA7CiETSR9E.jpg');
INSERT INTO movie_image_urls (movie_id, image_url) VALUES (1398, 'https://image.tmdb.org/t/p/original/h62ICHW3nHFoaLoBG9duRtwOutA.jpg');

INSERT INTO movies (id, title, release_year, duration_minutes, country, language, synopsis, poster_image_url, backdrop_image_url) VALUES (100, 'Lock, Stock and Two Smoking Barrels', 1998, 105, 'United Kingdom', 'English', 'A card shark and his unwillingly-enlisted friends need to make a lot of cash quick after losing a sketchy poker match. To do this they decide to pull a heist on a small-time gang who happen to be operating out of the flat next door.', 'https://image.tmdb.org/t/p/w500/6pJB2t3MbQUy9m5pFIBHXLqnqNd.jpg', 'https://image.tmdb.org/t/p/original/cXQH2u7wUIX1eoIdEj51kHXoWhX.jpg') ON CONFLICT (id) DO UPDATE SET title = EXCLUDED.title, release_year = EXCLUDED.release_year, duration_minutes = EXCLUDED.duration_minutes, country = EXCLUDED.country, language = EXCLUDED.language, synopsis = EXCLUDED.synopsis, poster_image_url = EXCLUDED.poster_image_url, backdrop_image_url = EXCLUDED.backdrop_image_url;
INSERT INTO movie_directors (movie_id, director) VALUES (100, 'Guy Ritchie');
INSERT INTO movie_cast_members (movie_id, cast_member) VALUES (100, 'Vinnie Jones');
INSERT INTO movie_cast_members (movie_id, cast_member) VALUES (100, 'Jason Flemyng');
INSERT INTO movie_cast_members (movie_id, cast_member) VALUES (100, 'Dexter Fletcher');
INSERT INTO movie_cast_members (movie_id, cast_member) VALUES (100, 'Nick Moran');
INSERT INTO movie_cast_members (movie_id, cast_member) VALUES (100, 'Jason Statham');
INSERT INTO movie_genres (movie_id, genre) VALUES (100, 'Comedy');
INSERT INTO movie_genres (movie_id, genre) VALUES (100, 'Crime');
INSERT INTO movie_image_urls (movie_id, image_url) VALUES (100, 'https://image.tmdb.org/t/p/original/qQz3DeR9PxrMBtVGMnH3EqvMlVU.jpg');
INSERT INTO movie_image_urls (movie_id, image_url) VALUES (100, 'https://image.tmdb.org/t/p/original/qtD0elYgKABXn3wuQnV61n2gR2A.jpg');
INSERT INTO movie_image_urls (movie_id, image_url) VALUES (100, 'https://image.tmdb.org/t/p/original/7k9xtxqzH9X07vWGYK0v2034n6q.jpg');
INSERT INTO movie_image_urls (movie_id, image_url) VALUES (100, 'https://image.tmdb.org/t/p/original/500YywORn2s96rAuSrhcT0e01Hk.jpg');

INSERT INTO movies (id, title, release_year, duration_minutes, country, language, synopsis, poster_image_url, backdrop_image_url) VALUES (996, 'Double Indemnity', 1944, 107, 'United States of America', 'English', 'An insurance representative is seduced by a dissatisfied housewife into a scheme of insurance fraud and murder that arouses the suspicion of his colleague, a claims investigator.', 'https://image.tmdb.org/t/p/w500/rVNYZZgfhwqVMMWlBmxOfWqnwCj.jpg', 'https://image.tmdb.org/t/p/original/byQdu1nzQLI9t1VeoP1xuQfru3L.jpg') ON CONFLICT (id) DO UPDATE SET title = EXCLUDED.title, release_year = EXCLUDED.release_year, duration_minutes = EXCLUDED.duration_minutes, country = EXCLUDED.country, language = EXCLUDED.language, synopsis = EXCLUDED.synopsis, poster_image_url = EXCLUDED.poster_image_url, backdrop_image_url = EXCLUDED.backdrop_image_url;
INSERT INTO movie_directors (movie_id, director) VALUES (996, 'Billy Wilder');
INSERT INTO movie_cast_members (movie_id, cast_member) VALUES (996, 'Fred MacMurray');
INSERT INTO movie_cast_members (movie_id, cast_member) VALUES (996, 'Barbara Stanwyck');
INSERT INTO movie_cast_members (movie_id, cast_member) VALUES (996, 'Edward G. Robinson');
INSERT INTO movie_cast_members (movie_id, cast_member) VALUES (996, 'Porter Hall');
INSERT INTO movie_cast_members (movie_id, cast_member) VALUES (996, 'Jean Heather');
INSERT INTO movie_genres (movie_id, genre) VALUES (996, 'Crime');
INSERT INTO movie_genres (movie_id, genre) VALUES (996, 'Thriller');
INSERT INTO movie_image_urls (movie_id, image_url) VALUES (996, 'https://image.tmdb.org/t/p/original/lgSNjIL44nnidHL7NBYI12nKoFD.jpg');
INSERT INTO movie_image_urls (movie_id, image_url) VALUES (996, 'https://image.tmdb.org/t/p/original/hhxMV41hx4M5GPg7OwEThCrgqBq.jpg');
INSERT INTO movie_image_urls (movie_id, image_url) VALUES (996, 'https://image.tmdb.org/t/p/original/zpupXoUHnQDJtaHXFN8FRYN76Yt.jpg');
INSERT INTO movie_image_urls (movie_id, image_url) VALUES (996, 'https://image.tmdb.org/t/p/original/meuoms22GRqKXtPYsMuPYGjG6M9.jpg');

INSERT INTO movies (id, title, release_year, duration_minutes, country, language, synopsis, poster_image_url, backdrop_image_url) VALUES (508442, 'Soul', 2020, 101, 'United States of America', 'English', 'Joe Gardner is a middle school teacher with a love for jazz music. After a successful audition at the Half Note Club, he suddenly gets into an accident that separates his soul from his body and is transported to the You Seminar, a center in which souls develop and gain passions before being transported to a newborn child. Joe must enlist help from the other souls-in-training, like 22, a soul who has spent eons in the You Seminar, in order to get back to Earth.', 'https://image.tmdb.org/t/p/w500/6jmppcaubzLF8wkXM36ganVISCo.jpg', 'https://image.tmdb.org/t/p/original/rQaHA74pevnGsxcKGaoZVGWe9TC.jpg') ON CONFLICT (id) DO UPDATE SET title = EXCLUDED.title, release_year = EXCLUDED.release_year, duration_minutes = EXCLUDED.duration_minutes, country = EXCLUDED.country, language = EXCLUDED.language, synopsis = EXCLUDED.synopsis, poster_image_url = EXCLUDED.poster_image_url, backdrop_image_url = EXCLUDED.backdrop_image_url;
INSERT INTO movie_directors (movie_id, director) VALUES (508442, 'Pete Docter');
INSERT INTO movie_cast_members (movie_id, cast_member) VALUES (508442, 'Jamie Foxx');
INSERT INTO movie_cast_members (movie_id, cast_member) VALUES (508442, 'Tina Fey');
INSERT INTO movie_cast_members (movie_id, cast_member) VALUES (508442, 'Graham Norton');
INSERT INTO movie_cast_members (movie_id, cast_member) VALUES (508442, 'Rachel House');
INSERT INTO movie_cast_members (movie_id, cast_member) VALUES (508442, 'Alice Braga');
INSERT INTO movie_genres (movie_id, genre) VALUES (508442, 'Animation');
INSERT INTO movie_genres (movie_id, genre) VALUES (508442, 'Family');
INSERT INTO movie_genres (movie_id, genre) VALUES (508442, 'Drama');
INSERT INTO movie_genres (movie_id, genre) VALUES (508442, 'Music');
INSERT INTO movie_genres (movie_id, genre) VALUES (508442, 'Fantasy');
INSERT INTO movie_image_urls (movie_id, image_url) VALUES (508442, 'https://image.tmdb.org/t/p/original/ijnaE8IU7XC5kA8uZbTxq6SmSnH.jpg');
INSERT INTO movie_image_urls (movie_id, image_url) VALUES (508442, 'https://image.tmdb.org/t/p/original/4JNggqfyJWREqb0enzpUMbvIniV.jpg');
INSERT INTO movie_image_urls (movie_id, image_url) VALUES (508442, 'https://image.tmdb.org/t/p/original/kf456ZqeC45XTvo6W9pW5clYKfQ.jpg');
INSERT INTO movie_image_urls (movie_id, image_url) VALUES (508442, 'https://image.tmdb.org/t/p/original/27h4Sh2uHnFNPsGgNmRyTlAZetY.jpg');

INSERT INTO movies (id, title, release_year, duration_minutes, country, language, synopsis, poster_image_url, backdrop_image_url) VALUES (398818, 'Call Me by Your Name', 2017, 132, 'Brazil', 'French', 'In the summer of 1983, a 17-year-old Elio spends his days in his family''s villa in Italy. One day Oliver, a graduate student, arrives to assist Elio''s father, a professor of Greco-Roman culture. Soon, Elio and Oliver discover a summer that will alter their lives forever.', 'https://image.tmdb.org/t/p/w500/mZ4gBdfkhP9tvLH1DO4m4HYtiyi.jpg', 'https://image.tmdb.org/t/p/original/fwf4L3r2ZU9ptOB9nOo5nuVLo1i.jpg') ON CONFLICT (id) DO UPDATE SET title = EXCLUDED.title, release_year = EXCLUDED.release_year, duration_minutes = EXCLUDED.duration_minutes, country = EXCLUDED.country, language = EXCLUDED.language, synopsis = EXCLUDED.synopsis, poster_image_url = EXCLUDED.poster_image_url, backdrop_image_url = EXCLUDED.backdrop_image_url;
INSERT INTO movie_directors (movie_id, director) VALUES (398818, 'Luca Guadagnino');
INSERT INTO movie_cast_members (movie_id, cast_member) VALUES (398818, 'Armie Hammer');
INSERT INTO movie_cast_members (movie_id, cast_member) VALUES (398818, 'Timothée Chalamet');
INSERT INTO movie_cast_members (movie_id, cast_member) VALUES (398818, 'Michael Stuhlbarg');
INSERT INTO movie_cast_members (movie_id, cast_member) VALUES (398818, 'Amira Casar');
INSERT INTO movie_cast_members (movie_id, cast_member) VALUES (398818, 'Esther Garrel');
INSERT INTO movie_genres (movie_id, genre) VALUES (398818, 'Romance');
INSERT INTO movie_genres (movie_id, genre) VALUES (398818, 'Drama');
INSERT INTO movie_image_urls (movie_id, image_url) VALUES (398818, 'https://image.tmdb.org/t/p/original/4Xh2a1WeTp6b8Ksvug0pAMbX3dT.jpg');
INSERT INTO movie_image_urls (movie_id, image_url) VALUES (398818, 'https://image.tmdb.org/t/p/original/5fvsE8hH5UQi18epwDRlPF8RrFT.jpg');
INSERT INTO movie_image_urls (movie_id, image_url) VALUES (398818, 'https://image.tmdb.org/t/p/original/oJ98AdaU2zllrsnRSckTC9SBt14.jpg');
INSERT INTO movie_image_urls (movie_id, image_url) VALUES (398818, 'https://image.tmdb.org/t/p/original/dTHxA4NPGNEJdK4eLV9oofOwPMD.jpg');

INSERT INTO movies (id, title, release_year, duration_minutes, country, language, synopsis, poster_image_url, backdrop_image_url) VALUES (791373, 'Zack Snyder''s Justice League', 2021, 242, 'United States of America', 'English', 'Determined to ensure Superman''s ultimate sacrifice was not in vain, Bruce Wayne aligns forces with Diana Prince with plans to recruit a team of metahumans to protect the world from an approaching threat of catastrophic proportions.', 'https://image.tmdb.org/t/p/w500/tnAuB8q5vv7Ax9UAEje5Xi4BXik.jpg', 'https://image.tmdb.org/t/p/original/13Nz8EchKRdCgJcKdEoJAnpiVn2.jpg') ON CONFLICT (id) DO UPDATE SET title = EXCLUDED.title, release_year = EXCLUDED.release_year, duration_minutes = EXCLUDED.duration_minutes, country = EXCLUDED.country, language = EXCLUDED.language, synopsis = EXCLUDED.synopsis, poster_image_url = EXCLUDED.poster_image_url, backdrop_image_url = EXCLUDED.backdrop_image_url;
INSERT INTO movie_directors (movie_id, director) VALUES (791373, 'Zack Snyder');
INSERT INTO movie_cast_members (movie_id, cast_member) VALUES (791373, 'Ben Affleck');
INSERT INTO movie_cast_members (movie_id, cast_member) VALUES (791373, 'Henry Cavill');
INSERT INTO movie_cast_members (movie_id, cast_member) VALUES (791373, 'Gal Gadot');
INSERT INTO movie_cast_members (movie_id, cast_member) VALUES (791373, 'Ray Fisher');
INSERT INTO movie_cast_members (movie_id, cast_member) VALUES (791373, 'Jason Momoa');
INSERT INTO movie_genres (movie_id, genre) VALUES (791373, 'Action');
INSERT INTO movie_genres (movie_id, genre) VALUES (791373, 'Adventure');
INSERT INTO movie_genres (movie_id, genre) VALUES (791373, 'Fantasy');
INSERT INTO movie_image_urls (movie_id, image_url) VALUES (791373, 'https://image.tmdb.org/t/p/original/pcDc2WJAYGJTTvRSEIpRZwM3Ola.jpg');
INSERT INTO movie_image_urls (movie_id, image_url) VALUES (791373, 'https://image.tmdb.org/t/p/original/9WoLTsRgrupkvCgs3bhsl2EjLhs.jpg');
INSERT INTO movie_image_urls (movie_id, image_url) VALUES (791373, 'https://image.tmdb.org/t/p/original/tbItEdcMst5ZHpCdueaKDxbVQ3d.jpg');
INSERT INTO movie_image_urls (movie_id, image_url) VALUES (791373, 'https://image.tmdb.org/t/p/original/43NwryODVEsbBDC0jK3wYfVyb5q.jpg');

INSERT INTO movies (id, title, release_year, duration_minutes, country, language, synopsis, poster_image_url, backdrop_image_url) VALUES (823219, 'Flow', 2024, 85, 'Latvia', 'No Language', 'A solitary cat, displaced by a great flood, finds refuge on a boat with various species and must navigate the challenges of adapting to a transformed world together.', 'https://image.tmdb.org/t/p/w500/zME0Ul0w48MKkYBnFRn40M5qgLh.jpg', 'https://image.tmdb.org/t/p/original/4XPNNt0zfZKBqxxVWaQALd57UHl.jpg') ON CONFLICT (id) DO UPDATE SET title = EXCLUDED.title, release_year = EXCLUDED.release_year, duration_minutes = EXCLUDED.duration_minutes, country = EXCLUDED.country, language = EXCLUDED.language, synopsis = EXCLUDED.synopsis, poster_image_url = EXCLUDED.poster_image_url, backdrop_image_url = EXCLUDED.backdrop_image_url;
INSERT INTO movie_directors (movie_id, director) VALUES (823219, 'Gints Zilbalodis');
INSERT INTO movie_genres (movie_id, genre) VALUES (823219, 'Animation');
INSERT INTO movie_genres (movie_id, genre) VALUES (823219, 'Adventure');
INSERT INTO movie_genres (movie_id, genre) VALUES (823219, 'Fantasy');
INSERT INTO movie_genres (movie_id, genre) VALUES (823219, 'Family');
INSERT INTO movie_image_urls (movie_id, image_url) VALUES (823219, 'https://image.tmdb.org/t/p/original/pZfpUMEJzw9BZHtXuZzzOrRxtMa.jpg');
INSERT INTO movie_image_urls (movie_id, image_url) VALUES (823219, 'https://image.tmdb.org/t/p/original/b3mdmjYTEL70j7nuXATUAD9qgu4.jpg');
INSERT INTO movie_image_urls (movie_id, image_url) VALUES (823219, 'https://image.tmdb.org/t/p/original/ku9p7ciLeuV1R8pqJGMgawaaVE8.jpg');
INSERT INTO movie_image_urls (movie_id, image_url) VALUES (823219, 'https://image.tmdb.org/t/p/original/vkq14A1J0tT1VjM4cEW7oG8kDxe.jpg');

INSERT INTO movies (id, title, release_year, duration_minutes, country, language, synopsis, poster_image_url, backdrop_image_url) VALUES (19, 'Metropolis', 1927, 148, 'Germany', 'No Language', 'In a futuristic city sharply divided between the rich and the poor, the son of the city''s mastermind meets a prophet who predicts the coming of a savior to mediate their differences.', 'https://image.tmdb.org/t/p/w500/kr9wXRN23zLuWJIelahas1mtnYj.jpg', 'https://image.tmdb.org/t/p/original/eeMoFKxjjiCi6iep2GEZtSAMYIr.jpg') ON CONFLICT (id) DO UPDATE SET title = EXCLUDED.title, release_year = EXCLUDED.release_year, duration_minutes = EXCLUDED.duration_minutes, country = EXCLUDED.country, language = EXCLUDED.language, synopsis = EXCLUDED.synopsis, poster_image_url = EXCLUDED.poster_image_url, backdrop_image_url = EXCLUDED.backdrop_image_url;
INSERT INTO movie_directors (movie_id, director) VALUES (19, 'Fritz Lang');
INSERT INTO movie_cast_members (movie_id, cast_member) VALUES (19, 'Gustav Fröhlich');
INSERT INTO movie_cast_members (movie_id, cast_member) VALUES (19, 'Brigitte Helm');
INSERT INTO movie_cast_members (movie_id, cast_member) VALUES (19, 'Alfred Abel');
INSERT INTO movie_cast_members (movie_id, cast_member) VALUES (19, 'Rudolf Klein-Rogge');
INSERT INTO movie_cast_members (movie_id, cast_member) VALUES (19, 'Theodor Loos');
INSERT INTO movie_genres (movie_id, genre) VALUES (19, 'Drama');
INSERT INTO movie_genres (movie_id, genre) VALUES (19, 'Science Fiction');
INSERT INTO movie_image_urls (movie_id, image_url) VALUES (19, 'https://image.tmdb.org/t/p/original/r8pUcom5Mw8igtBpj3AHSAUvH0R.jpg');
INSERT INTO movie_image_urls (movie_id, image_url) VALUES (19, 'https://image.tmdb.org/t/p/original/rnN9yJfwso6JA64wIPqK1m6K6e1.jpg');
INSERT INTO movie_image_urls (movie_id, image_url) VALUES (19, 'https://image.tmdb.org/t/p/original/aDI13YRIeO0vTeGg2Obzd6PHiSG.jpg');
INSERT INTO movie_image_urls (movie_id, image_url) VALUES (19, 'https://image.tmdb.org/t/p/original/tABrxmrXmtdifAlSWKZk3DhK9ZH.jpg');

INSERT INTO movies (id, title, release_year, duration_minutes, country, language, synopsis, poster_image_url, backdrop_image_url) VALUES (795607, 'Green Snake', 2021, 132, 'China', 'Mandarin', 'While trying to free her sister from Fahai''s clutches, Xiao Qing winds up in a dystopian city and meets a mysterious man who can''t recall his past life.', 'https://image.tmdb.org/t/p/w500/4QEzpWEeuPt41WWtnhCnOiBy7C7.jpg', 'https://image.tmdb.org/t/p/original/rhJgHS28BVc5o2rBWVwZa3aMJCF.jpg') ON CONFLICT (id) DO UPDATE SET title = EXCLUDED.title, release_year = EXCLUDED.release_year, duration_minutes = EXCLUDED.duration_minutes, country = EXCLUDED.country, language = EXCLUDED.language, synopsis = EXCLUDED.synopsis, poster_image_url = EXCLUDED.poster_image_url, backdrop_image_url = EXCLUDED.backdrop_image_url;
INSERT INTO movie_directors (movie_id, director) VALUES (795607, 'Amp Wong');
INSERT INTO movie_cast_members (movie_id, cast_member) VALUES (795607, 'Tang Xiaoxi');
INSERT INTO movie_cast_members (movie_id, cast_member) VALUES (795607, 'Zhang Fuzheng');
INSERT INTO movie_cast_members (movie_id, cast_member) VALUES (795607, 'Wei Chao');
INSERT INTO movie_cast_members (movie_id, cast_member) VALUES (795607, 'Zhao Mingzhou');
INSERT INTO movie_cast_members (movie_id, cast_member) VALUES (795607, 'Zheng Xiaopu');
INSERT INTO movie_genres (movie_id, genre) VALUES (795607, 'Animation');
INSERT INTO movie_genres (movie_id, genre) VALUES (795607, 'Fantasy');
INSERT INTO movie_genres (movie_id, genre) VALUES (795607, 'Action');
INSERT INTO movie_genres (movie_id, genre) VALUES (795607, 'Adventure');
INSERT INTO movie_image_urls (movie_id, image_url) VALUES (795607, 'https://image.tmdb.org/t/p/original/sVb2FmHr713G0MFx5R1AsIKs4d7.jpg');
INSERT INTO movie_image_urls (movie_id, image_url) VALUES (795607, 'https://image.tmdb.org/t/p/original/luLebBxvh6fceTIKu82iGcW3RqD.jpg');
INSERT INTO movie_image_urls (movie_id, image_url) VALUES (795607, 'https://image.tmdb.org/t/p/original/neEjrk8Rkj4dwoAHZAB68w1rvDq.jpg');
INSERT INTO movie_image_urls (movie_id, image_url) VALUES (795607, 'https://image.tmdb.org/t/p/original/A6C0EJe6ObwOa3SyuIhXN5qBX59.jpg');

INSERT INTO movies (id, title, release_year, duration_minutes, country, language, synopsis, poster_image_url, backdrop_image_url) VALUES (755812, 'Miraculous World: New York, United HeroeZ', 2020, 61, 'Brazil', 'French', 'Marinette’s class is headed to New York, the city of superheroes, for French-American Friendship Week.', 'https://image.tmdb.org/t/p/w500/9YbyvcrHmY2SVbdfXpb8mC4Fy0g.jpg', 'https://image.tmdb.org/t/p/original/2BZ7PC9aISswNXV2tugmjGiriaB.jpg') ON CONFLICT (id) DO UPDATE SET title = EXCLUDED.title, release_year = EXCLUDED.release_year, duration_minutes = EXCLUDED.duration_minutes, country = EXCLUDED.country, language = EXCLUDED.language, synopsis = EXCLUDED.synopsis, poster_image_url = EXCLUDED.poster_image_url, backdrop_image_url = EXCLUDED.backdrop_image_url;
INSERT INTO movie_directors (movie_id, director) VALUES (755812, 'Thomas Astruc');
INSERT INTO movie_cast_members (movie_id, cast_member) VALUES (755812, 'Anouck Hautbois');
INSERT INTO movie_cast_members (movie_id, cast_member) VALUES (755812, 'Benjamin Bollen');
INSERT INTO movie_cast_members (movie_id, cast_member) VALUES (755812, 'Antoine Tomé');
INSERT INTO movie_cast_members (movie_id, cast_member) VALUES (755812, 'Fily Keita');
INSERT INTO movie_cast_members (movie_id, cast_member) VALUES (755812, 'Céline Melloul');
INSERT INTO movie_genres (movie_id, genre) VALUES (755812, 'Animation');
INSERT INTO movie_genres (movie_id, genre) VALUES (755812, 'Family');
INSERT INTO movie_genres (movie_id, genre) VALUES (755812, 'TV Movie');
INSERT INTO movie_genres (movie_id, genre) VALUES (755812, 'Action');
INSERT INTO movie_genres (movie_id, genre) VALUES (755812, 'Adventure');
INSERT INTO movie_image_urls (movie_id, image_url) VALUES (755812, 'https://image.tmdb.org/t/p/original/21xoMd0yHDsFwd2fp2GqTsybHjL.jpg');
INSERT INTO movie_image_urls (movie_id, image_url) VALUES (755812, 'https://image.tmdb.org/t/p/original/adlZgxAudw3ZPA0HUcDzSTKrH8B.jpg');
INSERT INTO movie_image_urls (movie_id, image_url) VALUES (755812, 'https://image.tmdb.org/t/p/original/ps1WSfvhRxWOYraPtd8gXJu0wb9.jpg');
INSERT INTO movie_image_urls (movie_id, image_url) VALUES (755812, 'https://image.tmdb.org/t/p/original/vnEWRABhnxY5Fnj68eRVxJIiae6.jpg');

INSERT INTO movies (id, title, release_year, duration_minutes, country, language, synopsis, poster_image_url, backdrop_image_url) VALUES (664767, 'Mortal Kombat Legends: Scorpion''s Revenge', 2020, 80, 'United States of America', 'English', 'After the vicious slaughter of his family by stone-cold mercenary Sub-Zero, Hanzo Hasashi is exiled to the torturous Netherrealm. There, in exchange for his servitude to the sinister Quan Chi, he’s given a chance to avenge his family – and is resurrected as Scorpion, a lost soul bent on revenge. Back on Earthrealm, Lord Raiden gathers a team of elite warriors – Shaolin monk Liu Kang, Special Forces officer Sonya Blade and action star Johnny Cage – an unlikely band of heroes with one chance to save humanity. To do this, they must defeat Shang Tsung’s horde of Outworld gladiators and reign over the Mortal Kombat tournament.', 'https://image.tmdb.org/t/p/w500/iBvo3qOPcmhlqAaJcXcQHtx2qLk.jpg', 'https://image.tmdb.org/t/p/original/vw3zNfzvnVNF7nIjpiEgcdznfeC.jpg') ON CONFLICT (id) DO UPDATE SET title = EXCLUDED.title, release_year = EXCLUDED.release_year, duration_minutes = EXCLUDED.duration_minutes, country = EXCLUDED.country, language = EXCLUDED.language, synopsis = EXCLUDED.synopsis, poster_image_url = EXCLUDED.poster_image_url, backdrop_image_url = EXCLUDED.backdrop_image_url;
INSERT INTO movie_directors (movie_id, director) VALUES (664767, 'Ethan Spaulding');
INSERT INTO movie_cast_members (movie_id, cast_member) VALUES (664767, 'Patrick Seitz');
INSERT INTO movie_cast_members (movie_id, cast_member) VALUES (664767, 'Jordan Rodrigues');
INSERT INTO movie_cast_members (movie_id, cast_member) VALUES (664767, 'Jennifer Carpenter');
INSERT INTO movie_cast_members (movie_id, cast_member) VALUES (664767, 'Joel McHale');
INSERT INTO movie_cast_members (movie_id, cast_member) VALUES (664767, 'Ike Amadi');
INSERT INTO movie_genres (movie_id, genre) VALUES (664767, 'Animation');
INSERT INTO movie_genres (movie_id, genre) VALUES (664767, 'Action');
INSERT INTO movie_genres (movie_id, genre) VALUES (664767, 'Fantasy');
INSERT INTO movie_image_urls (movie_id, image_url) VALUES (664767, 'https://image.tmdb.org/t/p/original/pSPbnnxltouNQciS8CPbfrtpdwT.jpg');
INSERT INTO movie_image_urls (movie_id, image_url) VALUES (664767, 'https://image.tmdb.org/t/p/original/Abc1FK3Zn6PJCaKh46D9ZvwaX5a.jpg');
INSERT INTO movie_image_urls (movie_id, image_url) VALUES (664767, 'https://image.tmdb.org/t/p/original/6sW5DKQEZNi7LYgkRIBXXvbz0XA.jpg');
INSERT INTO movie_image_urls (movie_id, image_url) VALUES (664767, 'https://image.tmdb.org/t/p/original/9xeEGUZjgiKlI69jwIOi0hjKUIk.jpg');

INSERT INTO movies (id, title, release_year, duration_minutes, country, language, synopsis, poster_image_url, backdrop_image_url) VALUES (843, 'In the Mood for Love', 2000, 99, 'Hong Kong', 'Cantonese', 'Two neighbors form a strong bond after both suspect extramarital activities of their spouses. However, they agree to keep their bond platonic so as not to commit similar wrongs.', 'https://image.tmdb.org/t/p/w500/iYypPT4bhqXfq1b6EnmxvRt6b2Y.jpg', 'https://image.tmdb.org/t/p/original/ffQFnAUm2Uu4RU0nijpjPRf9TBT.jpg') ON CONFLICT (id) DO UPDATE SET title = EXCLUDED.title, release_year = EXCLUDED.release_year, duration_minutes = EXCLUDED.duration_minutes, country = EXCLUDED.country, language = EXCLUDED.language, synopsis = EXCLUDED.synopsis, poster_image_url = EXCLUDED.poster_image_url, backdrop_image_url = EXCLUDED.backdrop_image_url;
INSERT INTO movie_directors (movie_id, director) VALUES (843, 'Wong Kar-Wai');
INSERT INTO movie_cast_members (movie_id, cast_member) VALUES (843, 'Maggie Cheung');
INSERT INTO movie_cast_members (movie_id, cast_member) VALUES (843, 'Tony Leung Chiu-wai');
INSERT INTO movie_cast_members (movie_id, cast_member) VALUES (843, 'Siu Ping-Lam');
INSERT INTO movie_cast_members (movie_id, cast_member) VALUES (843, 'Rebecca Pan');
INSERT INTO movie_cast_members (movie_id, cast_member) VALUES (843, 'Kelly Lai Chen');
INSERT INTO movie_genres (movie_id, genre) VALUES (843, 'Drama');
INSERT INTO movie_genres (movie_id, genre) VALUES (843, 'Romance');
INSERT INTO movie_image_urls (movie_id, image_url) VALUES (843, 'https://image.tmdb.org/t/p/original/9JZKUOQdQPTJ4OdYKttYOQCREdw.jpg');
INSERT INTO movie_image_urls (movie_id, image_url) VALUES (843, 'https://image.tmdb.org/t/p/original/n4GJFGzsc7NinI1VeGDXIcQjtU2.jpg');
INSERT INTO movie_image_urls (movie_id, image_url) VALUES (843, 'https://image.tmdb.org/t/p/original/2USUGY484L6sUkjeD1Y0rG8uRC9.jpg');
INSERT INTO movie_image_urls (movie_id, image_url) VALUES (843, 'https://image.tmdb.org/t/p/original/4JevqhhdW38aOUjCvSUDx568Ty2.jpg');

INSERT INTO movies (id, title, release_year, duration_minutes, country, language, synopsis, poster_image_url, backdrop_image_url) VALUES (387, 'Das Boot', 1981, 150, 'Germany', 'German', 'A German submarine hunts allied ships during the Second World War, but it soon becomes the hunted. The crew tries to survive below the surface, while stretching both the boat and themselves to their limits.', 'https://image.tmdb.org/t/p/w500/u8FhQPncOAkwcei2OI9orPWhV6K.jpg', 'https://image.tmdb.org/t/p/original/zGgIlpKE2xP18bhCGsnn79vh80j.jpg') ON CONFLICT (id) DO UPDATE SET title = EXCLUDED.title, release_year = EXCLUDED.release_year, duration_minutes = EXCLUDED.duration_minutes, country = EXCLUDED.country, language = EXCLUDED.language, synopsis = EXCLUDED.synopsis, poster_image_url = EXCLUDED.poster_image_url, backdrop_image_url = EXCLUDED.backdrop_image_url;
INSERT INTO movie_directors (movie_id, director) VALUES (387, 'Wolfgang Petersen');
INSERT INTO movie_cast_members (movie_id, cast_member) VALUES (387, 'Jürgen Prochnow');
INSERT INTO movie_cast_members (movie_id, cast_member) VALUES (387, 'Herbert Grönemeyer');
INSERT INTO movie_cast_members (movie_id, cast_member) VALUES (387, 'Klaus Wennemann');
INSERT INTO movie_cast_members (movie_id, cast_member) VALUES (387, 'Hubertus Bengsch');
INSERT INTO movie_cast_members (movie_id, cast_member) VALUES (387, 'Martin Semmelrogge');
INSERT INTO movie_genres (movie_id, genre) VALUES (387, 'Drama');
INSERT INTO movie_genres (movie_id, genre) VALUES (387, 'History');
INSERT INTO movie_genres (movie_id, genre) VALUES (387, 'War');
INSERT INTO movie_image_urls (movie_id, image_url) VALUES (387, 'https://image.tmdb.org/t/p/original/4gqGlKGQ17IHgV3rMS7hExg9Csx.jpg');
INSERT INTO movie_image_urls (movie_id, image_url) VALUES (387, 'https://image.tmdb.org/t/p/original/tRI6Csmw4rKzMYDrfUx5xtyBSVE.jpg');
INSERT INTO movie_image_urls (movie_id, image_url) VALUES (387, 'https://image.tmdb.org/t/p/original/8e3KkmBQKtO7CrneinuqBz6uKn2.jpg');
INSERT INTO movie_image_urls (movie_id, image_url) VALUES (387, 'https://image.tmdb.org/t/p/original/zzzhbZnSPMOON9uGt0LsdUJWYoC.jpg');

INSERT INTO movies (id, title, release_year, duration_minutes, country, language, synopsis, poster_image_url, backdrop_image_url) VALUES (406, 'La Haine', 1995, 98, 'France', 'French', 'After a chaotic night of rioting in a marginal suburb of Paris, three young friends, Vinz, Hubert and Saïd, wander around unoccupied waiting for news about the state of health of a mutual friend who has been seriously injured when confronting the police.', 'https://image.tmdb.org/t/p/w500/8rgPyWjYZhsphSSxbXguMnhN7H0.jpg', 'https://image.tmdb.org/t/p/original/k61xLJgPo7ScxHLLiBzTM9IDaB7.jpg') ON CONFLICT (id) DO UPDATE SET title = EXCLUDED.title, release_year = EXCLUDED.release_year, duration_minutes = EXCLUDED.duration_minutes, country = EXCLUDED.country, language = EXCLUDED.language, synopsis = EXCLUDED.synopsis, poster_image_url = EXCLUDED.poster_image_url, backdrop_image_url = EXCLUDED.backdrop_image_url;
INSERT INTO movie_directors (movie_id, director) VALUES (406, 'Mathieu Kassovitz');
INSERT INTO movie_cast_members (movie_id, cast_member) VALUES (406, 'Vincent Cassel');
INSERT INTO movie_cast_members (movie_id, cast_member) VALUES (406, 'Hubert Koundé');
INSERT INTO movie_cast_members (movie_id, cast_member) VALUES (406, 'Saïd Taghmaoui');
INSERT INTO movie_cast_members (movie_id, cast_member) VALUES (406, 'Abdel Ahmed Ghili');
INSERT INTO movie_cast_members (movie_id, cast_member) VALUES (406, 'Solo');
INSERT INTO movie_genres (movie_id, genre) VALUES (406, 'Drama');
INSERT INTO movie_image_urls (movie_id, image_url) VALUES (406, 'https://image.tmdb.org/t/p/original/viGCwLxupyoaLsa6hrnu1gYrB0B.jpg');
INSERT INTO movie_image_urls (movie_id, image_url) VALUES (406, 'https://image.tmdb.org/t/p/original/htqMsuNHEpMv6uIlitzUp22ryaV.jpg');
INSERT INTO movie_image_urls (movie_id, image_url) VALUES (406, 'https://image.tmdb.org/t/p/original/eujiopgBVgh3uY8kWXLwZzfaUHR.jpg');
INSERT INTO movie_image_urls (movie_id, image_url) VALUES (406, 'https://image.tmdb.org/t/p/original/axNThF9ftixKvSLqTPmJ7hWkTVi.jpg');

INSERT INTO movies (id, title, release_year, duration_minutes, country, language, synopsis, poster_image_url, backdrop_image_url) VALUES (164, 'Breakfast at Tiffany''s', 1961, 115, 'United States of America', 'English', 'Holly Golightly is an eccentric New York City playgirl determined to marry a Brazilian millionaire. But when young writer Paul Varjak moves into her apartment building, her past threatens to get in their way.', 'https://image.tmdb.org/t/p/w500/79xm4gXw4l7A5D0XukUOJRocFYQ.jpg', 'https://image.tmdb.org/t/p/original/jXZ2tyJl44yKvh22I6ooQwU5rFM.jpg') ON CONFLICT (id) DO UPDATE SET title = EXCLUDED.title, release_year = EXCLUDED.release_year, duration_minutes = EXCLUDED.duration_minutes, country = EXCLUDED.country, language = EXCLUDED.language, synopsis = EXCLUDED.synopsis, poster_image_url = EXCLUDED.poster_image_url, backdrop_image_url = EXCLUDED.backdrop_image_url;
INSERT INTO movie_directors (movie_id, director) VALUES (164, 'Blake Edwards');
INSERT INTO movie_cast_members (movie_id, cast_member) VALUES (164, 'Audrey Hepburn');
INSERT INTO movie_cast_members (movie_id, cast_member) VALUES (164, 'George Peppard');
INSERT INTO movie_cast_members (movie_id, cast_member) VALUES (164, 'Patricia Neal');
INSERT INTO movie_cast_members (movie_id, cast_member) VALUES (164, 'Buddy Ebsen');
INSERT INTO movie_cast_members (movie_id, cast_member) VALUES (164, 'Martin Balsam');
INSERT INTO movie_genres (movie_id, genre) VALUES (164, 'Comedy');
INSERT INTO movie_genres (movie_id, genre) VALUES (164, 'Romance');
INSERT INTO movie_genres (movie_id, genre) VALUES (164, 'Drama');
INSERT INTO movie_image_urls (movie_id, image_url) VALUES (164, 'https://image.tmdb.org/t/p/original/AkE1Qi82ezyU9xUorYLXA4eMdvt.jpg');
INSERT INTO movie_image_urls (movie_id, image_url) VALUES (164, 'https://image.tmdb.org/t/p/original/Aic1UCFdjI7qjnYrKTAE0q7ZI5b.jpg');
INSERT INTO movie_image_urls (movie_id, image_url) VALUES (164, 'https://image.tmdb.org/t/p/original/xt51KynU907zIUbvs0vpUyg1rb6.jpg');
INSERT INTO movie_image_urls (movie_id, image_url) VALUES (164, 'https://image.tmdb.org/t/p/original/1HMoIkfVHckgXFWrabQS7uXPF3W.jpg');

INSERT INTO movies (id, title, release_year, duration_minutes, country, language, synopsis, poster_image_url, backdrop_image_url) VALUES (1628123, 'BTS THE COMEBACK LIVE | ARIRANG', 2026, 66, 'United Kingdom', 'English', 'BTS is back. The iconic group returns to the stage for a live reunion concert to perform legendary hits and unveil brand-new tracks.', 'https://image.tmdb.org/t/p/w500/tztql23n2UCoM76KyCSKoZxVUL1.jpg', 'https://image.tmdb.org/t/p/original/rI9VPEw13XlVZzhOcLXt3Tiweyx.jpg') ON CONFLICT (id) DO UPDATE SET title = EXCLUDED.title, release_year = EXCLUDED.release_year, duration_minutes = EXCLUDED.duration_minutes, country = EXCLUDED.country, language = EXCLUDED.language, synopsis = EXCLUDED.synopsis, poster_image_url = EXCLUDED.poster_image_url, backdrop_image_url = EXCLUDED.backdrop_image_url;
INSERT INTO movie_directors (movie_id, director) VALUES (1628123, 'Hamish Hamilton');
INSERT INTO movie_directors (movie_id, director) VALUES (1628123, 'Cameron Whitelaw');
INSERT INTO movie_cast_members (movie_id, cast_member) VALUES (1628123, 'RM');
INSERT INTO movie_cast_members (movie_id, cast_member) VALUES (1628123, 'Jin');
INSERT INTO movie_cast_members (movie_id, cast_member) VALUES (1628123, 'Suga');
INSERT INTO movie_cast_members (movie_id, cast_member) VALUES (1628123, 'j-hope');
INSERT INTO movie_cast_members (movie_id, cast_member) VALUES (1628123, 'Jimin');
INSERT INTO movie_genres (movie_id, genre) VALUES (1628123, 'Music');
INSERT INTO movie_image_urls (movie_id, image_url) VALUES (1628123, 'https://image.tmdb.org/t/p/original/bXQKZorRBijiEzISqqNCMV0Obhg.jpg');
INSERT INTO movie_image_urls (movie_id, image_url) VALUES (1628123, 'https://image.tmdb.org/t/p/original/iScQCiINMEr4RygPhJWXd2Au0QA.jpg');
INSERT INTO movie_image_urls (movie_id, image_url) VALUES (1628123, 'https://image.tmdb.org/t/p/original/m5Rl6LKudi1P6vGJGEDbaNdJqX3.jpg');
INSERT INTO movie_image_urls (movie_id, image_url) VALUES (1628123, 'https://image.tmdb.org/t/p/original/bURI0ddtgJN5LUBCUHBex27bYQy.jpg');

INSERT INTO movies (id, title, release_year, duration_minutes, country, language, synopsis, poster_image_url, backdrop_image_url) VALUES (1287322, 'Christy', 2025, 134, 'United States of America', 'English', 'Christy Martin never imagined life beyond her small-town roots in West Virginia—until she discovered a knack for punching people. Fueled by grit, raw determination, and an unshakable desire to win, she charges into the world of boxing under the guidance of her trainer and manager-turned-husband, Jim. But while Christy flaunts a fiery persona in the ring, her toughest battles unfold outside it—confronting family, identity, and a relationship that just might become life-or-death.', 'https://image.tmdb.org/t/p/w500/ssy1uHGZkuXLkIWJWrtsBczPvVC.jpg', 'https://image.tmdb.org/t/p/original/tRUWudISYy3vMFAT7p3ebkTDTpH.jpg') ON CONFLICT (id) DO UPDATE SET title = EXCLUDED.title, release_year = EXCLUDED.release_year, duration_minutes = EXCLUDED.duration_minutes, country = EXCLUDED.country, language = EXCLUDED.language, synopsis = EXCLUDED.synopsis, poster_image_url = EXCLUDED.poster_image_url, backdrop_image_url = EXCLUDED.backdrop_image_url;
INSERT INTO movie_directors (movie_id, director) VALUES (1287322, 'David Michôd');
INSERT INTO movie_cast_members (movie_id, cast_member) VALUES (1287322, 'Sydney Sweeney');
INSERT INTO movie_cast_members (movie_id, cast_member) VALUES (1287322, 'Ben Foster');
INSERT INTO movie_cast_members (movie_id, cast_member) VALUES (1287322, 'Merritt Wever');
INSERT INTO movie_cast_members (movie_id, cast_member) VALUES (1287322, 'Katy O''Brian');
INSERT INTO movie_cast_members (movie_id, cast_member) VALUES (1287322, 'Ethan Embry');
INSERT INTO movie_genres (movie_id, genre) VALUES (1287322, 'History');
INSERT INTO movie_genres (movie_id, genre) VALUES (1287322, 'Drama');
INSERT INTO movie_image_urls (movie_id, image_url) VALUES (1287322, 'https://image.tmdb.org/t/p/original/96UFnR3IumwYOPE6zIcEtXF8ywj.jpg');
INSERT INTO movie_image_urls (movie_id, image_url) VALUES (1287322, 'https://image.tmdb.org/t/p/original/d95WgAQXqDVlqbEHdLWfyvRG2ms.jpg');
INSERT INTO movie_image_urls (movie_id, image_url) VALUES (1287322, 'https://image.tmdb.org/t/p/original/7D2snCFX9m9886sbskLpLh8UUKO.jpg');
INSERT INTO movie_image_urls (movie_id, image_url) VALUES (1287322, 'https://image.tmdb.org/t/p/original/2WNTmFca0w3I8wpBaFD5HphHvyT.jpg');

INSERT INTO movies (id, title, release_year, duration_minutes, country, language, synopsis, poster_image_url, backdrop_image_url) VALUES (938150, 'Wardriver', 2026, 93, 'United States of America', 'English', 'He’s a Wardriver: a hacker who steals from banks, not people—until he’s noticed. Now the money turns violent, and the woman caught in it could save him or kill them both.', 'https://image.tmdb.org/t/p/w500/ipTXhWCJgeg5RN0CpmFZYDzOzQi.jpg', 'https://image.tmdb.org/t/p/original/nBRtRfvmRT3ZCUMZHUl575eQAhM.jpg') ON CONFLICT (id) DO UPDATE SET title = EXCLUDED.title, release_year = EXCLUDED.release_year, duration_minutes = EXCLUDED.duration_minutes, country = EXCLUDED.country, language = EXCLUDED.language, synopsis = EXCLUDED.synopsis, poster_image_url = EXCLUDED.poster_image_url, backdrop_image_url = EXCLUDED.backdrop_image_url;
INSERT INTO movie_directors (movie_id, director) VALUES (938150, 'Rebecca Thomas');
INSERT INTO movie_cast_members (movie_id, cast_member) VALUES (938150, 'Dane DeHaan');
INSERT INTO movie_cast_members (movie_id, cast_member) VALUES (938150, 'Sasha Calle');
INSERT INTO movie_cast_members (movie_id, cast_member) VALUES (938150, 'Mamoudou Athie');
INSERT INTO movie_cast_members (movie_id, cast_member) VALUES (938150, 'Jeffrey Donovan');
INSERT INTO movie_cast_members (movie_id, cast_member) VALUES (938150, 'William Belleau');
INSERT INTO movie_genres (movie_id, genre) VALUES (938150, 'Crime');
INSERT INTO movie_genres (movie_id, genre) VALUES (938150, 'Thriller');
INSERT INTO movie_image_urls (movie_id, image_url) VALUES (938150, 'https://image.tmdb.org/t/p/original/2MPea9b4cvK8r8f9aOaNFwtJfZ3.jpg');
INSERT INTO movie_image_urls (movie_id, image_url) VALUES (938150, 'https://image.tmdb.org/t/p/original/80TmijpUtDVPqteu37TdvciTXcP.jpg');
INSERT INTO movie_image_urls (movie_id, image_url) VALUES (938150, 'https://image.tmdb.org/t/p/original/mSkJay6PNWQf3fcImVlHsOmZfoH.jpg');
INSERT INTO movie_image_urls (movie_id, image_url) VALUES (938150, 'https://image.tmdb.org/t/p/original/fKkr1obuhkmOZprVPm1SqY8HTnb.jpg');

INSERT INTO movies (id, title, release_year, duration_minutes, country, language, synopsis, poster_image_url, backdrop_image_url) VALUES (1641961, 'Untold: The Death & Life of Lamar Odom', 2026, 81, 'United States of America', 'English', 'This documentary traces the life of Lamar Odom, from his rise to NBA fame and marriage to Khloé Kardashian to his near-fatal overdose in a Nevada brothel.', 'https://image.tmdb.org/t/p/w500/9Go8VKSzJIzn65b9c9l02ymHRlv.jpg', 'https://image.tmdb.org/t/p/original/sLHSspHOdkTdK30nZVigY4zxC8P.jpg') ON CONFLICT (id) DO UPDATE SET title = EXCLUDED.title, release_year = EXCLUDED.release_year, duration_minutes = EXCLUDED.duration_minutes, country = EXCLUDED.country, language = EXCLUDED.language, synopsis = EXCLUDED.synopsis, poster_image_url = EXCLUDED.poster_image_url, backdrop_image_url = EXCLUDED.backdrop_image_url;
INSERT INTO movie_directors (movie_id, director) VALUES (1641961, 'Ryan Duffy');
INSERT INTO movie_cast_members (movie_id, cast_member) VALUES (1641961, 'Lamar Odom');
INSERT INTO movie_cast_members (movie_id, cast_member) VALUES (1641961, 'Khloé Kardashian');
INSERT INTO movie_cast_members (movie_id, cast_member) VALUES (1641961, 'Liza Morales');
INSERT INTO movie_cast_members (movie_id, cast_member) VALUES (1641961, 'LJ Odom');
INSERT INTO movie_cast_members (movie_id, cast_member) VALUES (1641961, 'Destiny Odom');
INSERT INTO movie_genres (movie_id, genre) VALUES (1641961, 'Documentary');
INSERT INTO movie_image_urls (movie_id, image_url) VALUES (1641961, 'https://image.tmdb.org/t/p/original/9OAFjMS81715WHu11kp2CqxV6Xy.jpg');

INSERT INTO movies (id, title, release_year, duration_minutes, country, language, synopsis, poster_image_url, backdrop_image_url) VALUES (1596335, 'The AI Doc: Or How I Became an Apocaloptimist', 2026, 104, 'United States of America', 'English', 'A father-to-be tries to figure out what is happening with all this AI insanity, and explores the most powerful technology humanity has ever created... and what''s at stake if we get it wrong.', 'https://image.tmdb.org/t/p/w500/5AuhFkIFhRciJEtGzo4B2kte3TW.jpg', 'https://image.tmdb.org/t/p/original/7QLGrqMDqkIpW6IPROIUdcn8e5W.jpg') ON CONFLICT (id) DO UPDATE SET title = EXCLUDED.title, release_year = EXCLUDED.release_year, duration_minutes = EXCLUDED.duration_minutes, country = EXCLUDED.country, language = EXCLUDED.language, synopsis = EXCLUDED.synopsis, poster_image_url = EXCLUDED.poster_image_url, backdrop_image_url = EXCLUDED.backdrop_image_url;
INSERT INTO movie_directors (movie_id, director) VALUES (1596335, 'Daniel Roher');
INSERT INTO movie_directors (movie_id, director) VALUES (1596335, 'Charlie Tyrell');
INSERT INTO movie_cast_members (movie_id, cast_member) VALUES (1596335, 'Daniel Roher');
INSERT INTO movie_cast_members (movie_id, cast_member) VALUES (1596335, 'Sam Altman');
INSERT INTO movie_cast_members (movie_id, cast_member) VALUES (1596335, 'Daniela Amodei');
INSERT INTO movie_cast_members (movie_id, cast_member) VALUES (1596335, 'Dario Amodei');
INSERT INTO movie_cast_members (movie_id, cast_member) VALUES (1596335, 'Emily M. Bender');
INSERT INTO movie_genres (movie_id, genre) VALUES (1596335, 'Documentary');
INSERT INTO movie_image_urls (movie_id, image_url) VALUES (1596335, 'https://image.tmdb.org/t/p/original/93trMzyRiamyK5r9UFlLNAOO85b.jpg');
INSERT INTO movie_image_urls (movie_id, image_url) VALUES (1596335, 'https://image.tmdb.org/t/p/original/hMH8SctuVPuydkMn7Ee037dco6G.jpg');
INSERT INTO movie_image_urls (movie_id, image_url) VALUES (1596335, 'https://image.tmdb.org/t/p/original/2LSbdDOGwHnsu3FtZ0oVHru9lrF.jpg');
INSERT INTO movie_image_urls (movie_id, image_url) VALUES (1596335, 'https://image.tmdb.org/t/p/original/lIvkPPTAHBpKhifdczZH0s8eozB.jpg');

INSERT INTO movies (id, title, release_year, duration_minutes, country, language, synopsis, poster_image_url, backdrop_image_url) VALUES (1264805, 'Once We Were Us', 2025, 115, 'South Korea', 'Korean', 'Seoul, 2008. On a bus heading to their hometown, fate brings Eun-ho and Jeong-won together, sparking an unlikely friendship. While battling a bustling and weary city life, they find themselves sharing lofty dreams and a love that comes to feel extraordinary. But, eventually, the harsh realities of life lead them to part ways. Over a decade after the separation, the two unexpectedly reunite on a flight back to Korea, where they reflect on their lost time.', 'https://image.tmdb.org/t/p/w500/ivBI8FRQPIKzoZAryZK93xriOT.jpg', 'https://image.tmdb.org/t/p/original/2xtajuwR5EGFQm4pXuykWoEu4u0.jpg') ON CONFLICT (id) DO UPDATE SET title = EXCLUDED.title, release_year = EXCLUDED.release_year, duration_minutes = EXCLUDED.duration_minutes, country = EXCLUDED.country, language = EXCLUDED.language, synopsis = EXCLUDED.synopsis, poster_image_url = EXCLUDED.poster_image_url, backdrop_image_url = EXCLUDED.backdrop_image_url;
INSERT INTO movie_directors (movie_id, director) VALUES (1264805, 'Kim Do-young');
INSERT INTO movie_cast_members (movie_id, cast_member) VALUES (1264805, 'Koo Kyo-hwan');
INSERT INTO movie_cast_members (movie_id, cast_member) VALUES (1264805, 'Mun Ka-young');
INSERT INTO movie_cast_members (movie_id, cast_member) VALUES (1264805, 'Shin Jung-keun');
INSERT INTO movie_cast_members (movie_id, cast_member) VALUES (1264805, 'Lee Sang-yeob');
INSERT INTO movie_cast_members (movie_id, cast_member) VALUES (1264805, 'Kim Seo-won');
INSERT INTO movie_genres (movie_id, genre) VALUES (1264805, 'Romance');
INSERT INTO movie_genres (movie_id, genre) VALUES (1264805, 'Drama');
INSERT INTO movie_image_urls (movie_id, image_url) VALUES (1264805, 'https://image.tmdb.org/t/p/original/2b9iWGwIreWuoZKCZtFE5bW4Nx4.jpg');
INSERT INTO movie_image_urls (movie_id, image_url) VALUES (1264805, 'https://image.tmdb.org/t/p/original/kkW3k1vgxBQsVXovfvuUdZ9Bn3N.jpg');
INSERT INTO movie_image_urls (movie_id, image_url) VALUES (1264805, 'https://image.tmdb.org/t/p/original/ktWWOLEQefZUu7vXWzoiw1miWHZ.jpg');
INSERT INTO movie_image_urls (movie_id, image_url) VALUES (1264805, 'https://image.tmdb.org/t/p/original/zveSRqx1nYUodeZgI8Y2qu2XoAL.jpg');

INSERT INTO movies (id, title, release_year, duration_minutes, country, language, synopsis, poster_image_url, backdrop_image_url) VALUES (1268630, 'Where the River Flows', 2025, 1, 'Taiwan', 'Mandarin', 'A rebellious detective, distancing himself from his general father, teams up with a marginalized journalist to clear his father’s name after he’s framed for a brutal murder. As they investigate, they uncover a brutal truth hidden behind the era’s facade.', 'https://image.tmdb.org/t/p/w500/wzjEd0i625vVEedi4t5lfOVlNMD.jpg', 'https://image.tmdb.org/t/p/original/pyg46sZg60RrO5k8MwWfsQYmokU.jpg') ON CONFLICT (id) DO UPDATE SET title = EXCLUDED.title, release_year = EXCLUDED.release_year, duration_minutes = EXCLUDED.duration_minutes, country = EXCLUDED.country, language = EXCLUDED.language, synopsis = EXCLUDED.synopsis, poster_image_url = EXCLUDED.poster_image_url, backdrop_image_url = EXCLUDED.backdrop_image_url;
INSERT INTO movie_directors (movie_id, director) VALUES (1268630, 'Donnie Lai');
INSERT INTO movie_cast_members (movie_id, cast_member) VALUES (1268630, 'Berant Zhu');
INSERT INTO movie_cast_members (movie_id, cast_member) VALUES (1268630, 'Julia Wu');
INSERT INTO movie_cast_members (movie_id, cast_member) VALUES (1268630, 'Chang Shih');
INSERT INTO movie_cast_members (movie_id, cast_member) VALUES (1268630, 'Liang Hsiu-shen');
INSERT INTO movie_cast_members (movie_id, cast_member) VALUES (1268630, 'Tommy Chu Pak-Hong');
INSERT INTO movie_genres (movie_id, genre) VALUES (1268630, 'History');
INSERT INTO movie_genres (movie_id, genre) VALUES (1268630, 'Crime');
INSERT INTO movie_image_urls (movie_id, image_url) VALUES (1268630, 'https://image.tmdb.org/t/p/original/t3oCfezVBWldpbpkg47HvtQVHQw.jpg');
INSERT INTO movie_image_urls (movie_id, image_url) VALUES (1268630, 'https://image.tmdb.org/t/p/original/qm0wYXLTkkDW0SlKHWGnpGxWu7D.jpg');
INSERT INTO movie_image_urls (movie_id, image_url) VALUES (1268630, 'https://image.tmdb.org/t/p/original/9bikAbzgYTLwMp4fCgO6KfPMFJX.jpg');
INSERT INTO movie_image_urls (movie_id, image_url) VALUES (1268630, 'https://image.tmdb.org/t/p/original/9Lb4hZEAj1KJCaAMxrHdKiofDTQ.jpg');

INSERT INTO movies (id, title, release_year, duration_minutes, country, language, synopsis, poster_image_url, backdrop_image_url) VALUES (1481041, 'Ginny Wedss Sunny 2', 2026, 1, 'India', 'Hindi', 'A mismatched pair, with a storyline involving a wrestler and a vibrant girl, combining romance, comedy, and drama.', 'https://image.tmdb.org/t/p/w500/8lovlbsow4B5KbznLYDNky8usgc.jpg', NULL) ON CONFLICT (id) DO UPDATE SET title = EXCLUDED.title, release_year = EXCLUDED.release_year, duration_minutes = EXCLUDED.duration_minutes, country = EXCLUDED.country, language = EXCLUDED.language, synopsis = EXCLUDED.synopsis, poster_image_url = EXCLUDED.poster_image_url, backdrop_image_url = EXCLUDED.backdrop_image_url;
INSERT INTO movie_directors (movie_id, director) VALUES (1481041, 'Prashant Jha');
INSERT INTO movie_cast_members (movie_id, cast_member) VALUES (1481041, 'Avinash Tiwary');
INSERT INTO movie_cast_members (movie_id, cast_member) VALUES (1481041, 'Medha Shankr');
INSERT INTO movie_cast_members (movie_id, cast_member) VALUES (1481041, 'Govind Namdeo');
INSERT INTO movie_cast_members (movie_id, cast_member) VALUES (1481041, 'Lillete Dubey');
INSERT INTO movie_cast_members (movie_id, cast_member) VALUES (1481041, 'Vishwanath Chatterjee');
INSERT INTO movie_genres (movie_id, genre) VALUES (1481041, 'Romance');
INSERT INTO movie_genres (movie_id, genre) VALUES (1481041, 'Comedy');
INSERT INTO movie_genres (movie_id, genre) VALUES (1481041, 'Drama');

INSERT INTO movies (id, title, release_year, duration_minutes, country, language, synopsis, poster_image_url, backdrop_image_url) VALUES (1449863, 'Sato and Sato', 2025, 114, 'Japan', 'Japanese', 'It’s easy to promise ‘for better or worse’ in a wedding vow, but how many marriages can truly weather every storm? Sachi decides to study for the bar exam with her boyfriend Tamotsu as an act of solidarity. However, Sachi ends up becoming a lawyer, while Tamotsu, who fails the exam repeatedly, is relegated to stay-at-home dad.', 'https://image.tmdb.org/t/p/w500/vJNZqmzBLRpQPsLCTK7JfdSDSG9.jpg', 'https://image.tmdb.org/t/p/original/vO0YxmF987FPpRTBeEviOKF4RBZ.jpg') ON CONFLICT (id) DO UPDATE SET title = EXCLUDED.title, release_year = EXCLUDED.release_year, duration_minutes = EXCLUDED.duration_minutes, country = EXCLUDED.country, language = EXCLUDED.language, synopsis = EXCLUDED.synopsis, poster_image_url = EXCLUDED.poster_image_url, backdrop_image_url = EXCLUDED.backdrop_image_url;
INSERT INTO movie_directors (movie_id, director) VALUES (1449863, 'Chihiro Amano');
INSERT INTO movie_cast_members (movie_id, cast_member) VALUES (1449863, 'Yukino Kishii');
INSERT INTO movie_cast_members (movie_id, cast_member) VALUES (1449863, 'Hio Miyazawa');
INSERT INTO movie_cast_members (movie_id, cast_member) VALUES (1449863, 'Sakura Fujiwara');
INSERT INTO movie_cast_members (movie_id, cast_member) VALUES (1449863, 'Ryota Miura');
INSERT INTO movie_cast_members (movie_id, cast_member) VALUES (1449863, 'Kentaro Tamura');
INSERT INTO movie_genres (movie_id, genre) VALUES (1449863, 'Drama');
INSERT INTO movie_genres (movie_id, genre) VALUES (1449863, 'Romance');
INSERT INTO movie_image_urls (movie_id, image_url) VALUES (1449863, 'https://image.tmdb.org/t/p/original/2cZEQsLB3261EbmXkjG3ApI946X.jpg');
INSERT INTO movie_image_urls (movie_id, image_url) VALUES (1449863, 'https://image.tmdb.org/t/p/original/Jlbup1kBr5DCV9QTWLXL4zaxZp.jpg');
INSERT INTO movie_image_urls (movie_id, image_url) VALUES (1449863, 'https://image.tmdb.org/t/p/original/aG38orZsaqSQh7xxJnVz6y5SIsm.jpg');
INSERT INTO movie_image_urls (movie_id, image_url) VALUES (1449863, 'https://image.tmdb.org/t/p/original/uUezoqiGFMA9UGN75f68N9KGeKp.jpg');

INSERT INTO movies (id, title, release_year, duration_minutes, country, language, synopsis, poster_image_url, backdrop_image_url) VALUES (1464829, 'Brand New Landscape', 2025, 115, 'Japan', 'Japanese', 'In the ever-changing landscape of redeveloping Shibuya, Tokyo, Ren works as a delivery driver for moth orchids. Haunted by the childhood loss of his mother, Yumiko, to suicide, he has long been estranged from his father, Hajime, a landscape designer. One day, during a routine delivery, Ren unexpectedly comes face to face with Hajime…', 'https://image.tmdb.org/t/p/w500/o66wEQiXC3AqKDB3GzTphWygDPO.jpg', 'https://image.tmdb.org/t/p/original/lIq0JaqCyjsl643hoT8yZWSDXJt.jpg') ON CONFLICT (id) DO UPDATE SET title = EXCLUDED.title, release_year = EXCLUDED.release_year, duration_minutes = EXCLUDED.duration_minutes, country = EXCLUDED.country, language = EXCLUDED.language, synopsis = EXCLUDED.synopsis, poster_image_url = EXCLUDED.poster_image_url, backdrop_image_url = EXCLUDED.backdrop_image_url;
INSERT INTO movie_directors (movie_id, director) VALUES (1464829, 'Yuiga Danzuka');
INSERT INTO movie_cast_members (movie_id, cast_member) VALUES (1464829, 'Kodai Kurosaki');
INSERT INTO movie_cast_members (movie_id, cast_member) VALUES (1464829, 'Kenichi Endo');
INSERT INTO movie_cast_members (movie_id, cast_member) VALUES (1464829, 'Mai Kiryu');
INSERT INTO movie_cast_members (movie_id, cast_member) VALUES (1464829, 'Haruka Igawa');
INSERT INTO movie_cast_members (movie_id, cast_member) VALUES (1464829, 'Akiko Kikuchi');
INSERT INTO movie_genres (movie_id, genre) VALUES (1464829, 'Drama');
INSERT INTO movie_image_urls (movie_id, image_url) VALUES (1464829, 'https://image.tmdb.org/t/p/original/1SaMroFvHDwizysZkVQANR6UPRk.jpg');
INSERT INTO movie_image_urls (movie_id, image_url) VALUES (1464829, 'https://image.tmdb.org/t/p/original/5yl0u2UjqcFHWrVgqoT921eNvcN.jpg');
INSERT INTO movie_image_urls (movie_id, image_url) VALUES (1464829, 'https://image.tmdb.org/t/p/original/lnPzY2NXaSqVU6hVd61dHDijeQK.jpg');
INSERT INTO movie_image_urls (movie_id, image_url) VALUES (1464829, 'https://image.tmdb.org/t/p/original/BFJvAh6mtsktc9JkjzJ2YutlRU.jpg');

INSERT INTO movies (id, title, release_year, duration_minutes, country, language, synopsis, poster_image_url, backdrop_image_url) VALUES (1049286, 'Twiggy', 2025, 90, 'United Kingdom', 'English', 'Twiggy takes a comprehensive look at the life story of UK model and cultural icon Twiggy, real name Lesley Lawson, whose career kickstarted in the 1960s. It features interviews with Twiggy and her husband Leigh Lawson, as well as commentary from Erin O’Connor, Paul McCartney, Lulu, Poppy Delavigne, Brooke Shields, Pattie Boyd and Zandra Rhodes.', 'https://image.tmdb.org/t/p/w500/7Wl4mtdA4BBxCaXfDHXkPHGvYWa.jpg', 'https://image.tmdb.org/t/p/original/aimQDOK2Vj8KXWh64NspqbFsPTs.jpg') ON CONFLICT (id) DO UPDATE SET title = EXCLUDED.title, release_year = EXCLUDED.release_year, duration_minutes = EXCLUDED.duration_minutes, country = EXCLUDED.country, language = EXCLUDED.language, synopsis = EXCLUDED.synopsis, poster_image_url = EXCLUDED.poster_image_url, backdrop_image_url = EXCLUDED.backdrop_image_url;
INSERT INTO movie_directors (movie_id, director) VALUES (1049286, 'Sadie Frost');
INSERT INTO movie_cast_members (movie_id, cast_member) VALUES (1049286, 'Twiggy');
INSERT INTO movie_cast_members (movie_id, cast_member) VALUES (1049286, 'Leigh Lawson');
INSERT INTO movie_cast_members (movie_id, cast_member) VALUES (1049286, 'Carly Wiggins');
INSERT INTO movie_cast_members (movie_id, cast_member) VALUES (1049286, 'Michael Witney');
INSERT INTO movie_cast_members (movie_id, cast_member) VALUES (1049286, 'Justin de Villeneuve');
INSERT INTO movie_genres (movie_id, genre) VALUES (1049286, 'Documentary');
INSERT INTO movie_image_urls (movie_id, image_url) VALUES (1049286, 'https://image.tmdb.org/t/p/original/difqsE7ahIUzk7jeXOCbvJt1XyV.jpg');
INSERT INTO movie_image_urls (movie_id, image_url) VALUES (1049286, 'https://image.tmdb.org/t/p/original/mXOJnrcS2UuhRuKDN51Mol3GiMY.jpg');
INSERT INTO movie_image_urls (movie_id, image_url) VALUES (1049286, 'https://image.tmdb.org/t/p/original/jPHLLXyYK0HsfmZTxyJsZ4sak2d.jpg');

INSERT INTO movies (id, title, release_year, duration_minutes, country, language, synopsis, poster_image_url, backdrop_image_url) VALUES (1202152, 'The Myth of Maracuda', 2025, 90, 'Russia', 'Danish', 'The son of Chief Marakud should become a real warrior, but he does not know how to hunt at all and disappoints his father. Marakuda goes alone into the forest and finds the sacred bird Tink, which gives him the gift of understanding the language of animals and birds. Marakuda and Tink return home with honors. The boy does not know that according to tradition, the sacred bird must be sacrificed for the prosperity of the tribe.', 'https://image.tmdb.org/t/p/w500/8QhhL7q8CP9FxUgMR2eEP9oymXG.jpg', 'https://image.tmdb.org/t/p/original/5s98bd53qqFYZa9ACL4vD48ebsT.jpg') ON CONFLICT (id) DO UPDATE SET title = EXCLUDED.title, release_year = EXCLUDED.release_year, duration_minutes = EXCLUDED.duration_minutes, country = EXCLUDED.country, language = EXCLUDED.language, synopsis = EXCLUDED.synopsis, poster_image_url = EXCLUDED.poster_image_url, backdrop_image_url = EXCLUDED.backdrop_image_url;
INSERT INTO movie_directors (movie_id, director) VALUES (1202152, 'Viktor Glukhushin');
INSERT INTO movie_cast_members (movie_id, cast_member) VALUES (1202152, 'Prokhor Chekhovskoy');
INSERT INTO movie_cast_members (movie_id, cast_member) VALUES (1202152, 'Eliza Martirosova');
INSERT INTO movie_cast_members (movie_id, cast_member) VALUES (1202152, 'Diomid Vinogradov');
INSERT INTO movie_cast_members (movie_id, cast_member) VALUES (1202152, 'Petr Ivashchenko');
INSERT INTO movie_cast_members (movie_id, cast_member) VALUES (1202152, 'Marina Lisovets');
INSERT INTO movie_genres (movie_id, genre) VALUES (1202152, 'Family');
INSERT INTO movie_genres (movie_id, genre) VALUES (1202152, 'Animation');
INSERT INTO movie_genres (movie_id, genre) VALUES (1202152, 'Adventure');
INSERT INTO movie_genres (movie_id, genre) VALUES (1202152, 'Comedy');
INSERT INTO movie_image_urls (movie_id, image_url) VALUES (1202152, 'https://image.tmdb.org/t/p/original/ekfs36HpDIMAhi196z7aaTJETyR.jpg');

INSERT INTO movies (id, title, release_year, duration_minutes, country, language, synopsis, poster_image_url, backdrop_image_url) VALUES (1171153, 'Köln 75', 2025, 116, 'Belgium', 'English', 'The true story of Vera Brandes, teenage patron saint of the 1970s Cologne music scene, who risked everything to organize the greatest solo concert in music history: Keith Jarrett’s legendary Köln Concert.', 'https://image.tmdb.org/t/p/w500/oMeg1capgysYPHVOnZq7HfoIXzE.jpg', 'https://image.tmdb.org/t/p/original/90BfOJl7EVi6LyWbVyJfRFw5ixt.jpg') ON CONFLICT (id) DO UPDATE SET title = EXCLUDED.title, release_year = EXCLUDED.release_year, duration_minutes = EXCLUDED.duration_minutes, country = EXCLUDED.country, language = EXCLUDED.language, synopsis = EXCLUDED.synopsis, poster_image_url = EXCLUDED.poster_image_url, backdrop_image_url = EXCLUDED.backdrop_image_url;
INSERT INTO movie_directors (movie_id, director) VALUES (1171153, 'Ido Fluk');
INSERT INTO movie_cast_members (movie_id, cast_member) VALUES (1171153, 'Mala Emde');
INSERT INTO movie_cast_members (movie_id, cast_member) VALUES (1171153, 'John Magaro');
INSERT INTO movie_cast_members (movie_id, cast_member) VALUES (1171153, 'Michael Chernus');
INSERT INTO movie_cast_members (movie_id, cast_member) VALUES (1171153, 'Jördis Triebel');
INSERT INTO movie_cast_members (movie_id, cast_member) VALUES (1171153, 'Alexander Scheer');
INSERT INTO movie_genres (movie_id, genre) VALUES (1171153, 'Drama');
INSERT INTO movie_genres (movie_id, genre) VALUES (1171153, 'History');
INSERT INTO movie_genres (movie_id, genre) VALUES (1171153, 'Music');
INSERT INTO movie_image_urls (movie_id, image_url) VALUES (1171153, 'https://image.tmdb.org/t/p/original/mAuqcQLRqliNatDF9R4a3dz7sss.jpg');
INSERT INTO movie_image_urls (movie_id, image_url) VALUES (1171153, 'https://image.tmdb.org/t/p/original/y0gLxaQyYNZcCzxRP0RCxoChtJ3.jpg');
INSERT INTO movie_image_urls (movie_id, image_url) VALUES (1171153, 'https://image.tmdb.org/t/p/original/luqWaf1tNVhZnyCQYvB2xix60jJ.jpg');
INSERT INTO movie_image_urls (movie_id, image_url) VALUES (1171153, 'https://image.tmdb.org/t/p/original/wMIpzW6M5ti0NbgCDw7nkyPWloL.jpg');

INSERT INTO movies (id, title, release_year, duration_minutes, country, language, synopsis, poster_image_url, backdrop_image_url) VALUES (1433117, 'Kara', 2026, 1, 'India', 'Tamil', 'A man shaped by violence and survival finds himself pulled back into danger he cannot escape. As hostile forces close in, past decisions begin demanding repayment. Every confrontation raises the cost of staying alive. Survival depends on resolve, instinct, and the willingness to face consequences head-on', 'https://image.tmdb.org/t/p/w500/uIrFdMWlJFdc1jPBP9bxeaISCDj.jpg', 'https://image.tmdb.org/t/p/original/jatqtz0VlQRiugmHktbKQpuf5EV.jpg') ON CONFLICT (id) DO UPDATE SET title = EXCLUDED.title, release_year = EXCLUDED.release_year, duration_minutes = EXCLUDED.duration_minutes, country = EXCLUDED.country, language = EXCLUDED.language, synopsis = EXCLUDED.synopsis, poster_image_url = EXCLUDED.poster_image_url, backdrop_image_url = EXCLUDED.backdrop_image_url;
INSERT INTO movie_directors (movie_id, director) VALUES (1433117, 'Vignesh Raja');
INSERT INTO movie_cast_members (movie_id, cast_member) VALUES (1433117, 'Dhanush');
INSERT INTO movie_cast_members (movie_id, cast_member) VALUES (1433117, 'Mamitha Baiju');
INSERT INTO movie_cast_members (movie_id, cast_member) VALUES (1433117, 'K. S. Ravikumar');
INSERT INTO movie_cast_members (movie_id, cast_member) VALUES (1433117, 'Suraj Venjaramoodu');
INSERT INTO movie_cast_members (movie_id, cast_member) VALUES (1433117, 'Karunas');
INSERT INTO movie_genres (movie_id, genre) VALUES (1433117, 'Action');
INSERT INTO movie_genres (movie_id, genre) VALUES (1433117, 'Drama');
INSERT INTO movie_genres (movie_id, genre) VALUES (1433117, 'Crime');
INSERT INTO movie_genres (movie_id, genre) VALUES (1433117, 'Thriller');
INSERT INTO movie_image_urls (movie_id, image_url) VALUES (1433117, 'https://image.tmdb.org/t/p/original/7h6k5oely5Ou6cRk4iCafYzG8Vu.jpg');

INSERT INTO movies (id, title, release_year, duration_minutes, country, language, synopsis, poster_image_url, backdrop_image_url) VALUES (1172265, 'The Blue Trail', 2025, 86, 'Brazil', 'Portuguese', 'In the name of economic recovery, the Brazilian Government created a perennial system of compulsory vertical isolation for seniors over 80 to be confined in a colony. Teca is 77 and lives in the village of Muriti, in the Amazon, when she is surprised by the announcement of the age reduction, including her age group. Cornered, Teca makes an intriguing journey hidden from the officers amidst rivers, boats and the underworld to clandestinely try to fulfill her last dream, to take a plane ride.', 'https://image.tmdb.org/t/p/w500/ua8XnJ450rhBTxkY2wpD2ITw7BJ.jpg', 'https://image.tmdb.org/t/p/original/tTSTelMF7p565fDThuRVRCpHjhw.jpg') ON CONFLICT (id) DO UPDATE SET title = EXCLUDED.title, release_year = EXCLUDED.release_year, duration_minutes = EXCLUDED.duration_minutes, country = EXCLUDED.country, language = EXCLUDED.language, synopsis = EXCLUDED.synopsis, poster_image_url = EXCLUDED.poster_image_url, backdrop_image_url = EXCLUDED.backdrop_image_url;
INSERT INTO movie_directors (movie_id, director) VALUES (1172265, 'Gabriel Mascaro');
INSERT INTO movie_cast_members (movie_id, cast_member) VALUES (1172265, 'Denise Weinberg');
INSERT INTO movie_cast_members (movie_id, cast_member) VALUES (1172265, 'Rodrigo Santoro');
INSERT INTO movie_cast_members (movie_id, cast_member) VALUES (1172265, 'Miriam Socarrás');
INSERT INTO movie_cast_members (movie_id, cast_member) VALUES (1172265, 'Adanilo');
INSERT INTO movie_cast_members (movie_id, cast_member) VALUES (1172265, 'Rosa Malagueta');
INSERT INTO movie_genres (movie_id, genre) VALUES (1172265, 'Drama');
INSERT INTO movie_genres (movie_id, genre) VALUES (1172265, 'Adventure');
INSERT INTO movie_genres (movie_id, genre) VALUES (1172265, 'Science Fiction');
INSERT INTO movie_image_urls (movie_id, image_url) VALUES (1172265, 'https://image.tmdb.org/t/p/original/lAZM3dLd1wFyBJXmfcFB2CyuyCc.jpg');
INSERT INTO movie_image_urls (movie_id, image_url) VALUES (1172265, 'https://image.tmdb.org/t/p/original/zGNnZNmJGW7EQTS8ZZyA1q4QBti.jpg');
INSERT INTO movie_image_urls (movie_id, image_url) VALUES (1172265, 'https://image.tmdb.org/t/p/original/uy4jbDEavQfrMKRV4BMetMZXvUe.jpg');
INSERT INTO movie_image_urls (movie_id, image_url) VALUES (1172265, 'https://image.tmdb.org/t/p/original/3OGzBIBpcvG4Facmmo8R0o13sKv.jpg');

INSERT INTO movies (id, title, release_year, duration_minutes, country, language, synopsis, poster_image_url, backdrop_image_url) VALUES (1656489, 'Sultana', 2026, 116, 'Turkey', 'Turkish', 'Sultana is a drama set in Istanbul''s one and only strip club, telling a story of a women, power, rivalry and solidarity. A new Turkish story where women are not victims in a fairy tale, but warriors learning that the ''handsome prince'' is often the real monster- and their only salvation is each other. Meral the long reigning queen of the one and only strip club of Istanbul which is Sultana, takes a talented new Belarusian dancer named Anna under her wing. But she soon realizes she has created a rival powerful enough to replace her, and a ruthless power struggle erupts between the two women.', 'https://image.tmdb.org/t/p/w500/v7eW9Rpnb2etRvjN7P7gNzHhfxV.jpg', 'https://image.tmdb.org/t/p/original/29XMlo2zt5LTA0YMjA3hubbM942.jpg') ON CONFLICT (id) DO UPDATE SET title = EXCLUDED.title, release_year = EXCLUDED.release_year, duration_minutes = EXCLUDED.duration_minutes, country = EXCLUDED.country, language = EXCLUDED.language, synopsis = EXCLUDED.synopsis, poster_image_url = EXCLUDED.poster_image_url, backdrop_image_url = EXCLUDED.backdrop_image_url;
INSERT INTO movie_directors (movie_id, director) VALUES (1656489, 'Ali Kemal Güven');
INSERT INTO movie_cast_members (movie_id, cast_member) VALUES (1656489, 'Tuba Büyüküstün');
INSERT INTO movie_cast_members (movie_id, cast_member) VALUES (1656489, 'Derya Pınar Ak');
INSERT INTO movie_cast_members (movie_id, cast_member) VALUES (1656489, 'Seray Kaya');
INSERT INTO movie_cast_members (movie_id, cast_member) VALUES (1656489, 'Begüm Akkaya');
INSERT INTO movie_cast_members (movie_id, cast_member) VALUES (1656489, 'Rojbin Erden');
INSERT INTO movie_genres (movie_id, genre) VALUES (1656489, 'Drama');

INSERT INTO movies (id, title, release_year, duration_minutes, country, language, synopsis, poster_image_url, backdrop_image_url) VALUES (599019, 'Big Trip 2: Special Delivery', 2022, 90, 'Russia', 'Russian', 'It has been a year since Mic Mic and Oscar returned from their incredible adventure. And now, after a diabolical plan by Vulture to sabotage the delivery of the Grizzly cub to his opponent in the American presidential elections, Mic Mic, Oscar, Panda teenager and Stork set off on another great adventure as they ride a zeppelin to return little Grizzly to its rightful parents and save the American elections and the whole continent from an erupting volcano.', 'https://image.tmdb.org/t/p/w500/dabXVfrAFfhDte8XVemom3mTJog.jpg', 'https://image.tmdb.org/t/p/original/7otc5IRoevvUXzQEUBqzEaMqMFI.jpg') ON CONFLICT (id) DO UPDATE SET title = EXCLUDED.title, release_year = EXCLUDED.release_year, duration_minutes = EXCLUDED.duration_minutes, country = EXCLUDED.country, language = EXCLUDED.language, synopsis = EXCLUDED.synopsis, poster_image_url = EXCLUDED.poster_image_url, backdrop_image_url = EXCLUDED.backdrop_image_url;
INSERT INTO movie_directors (movie_id, director) VALUES (599019, 'Vasily Rovensky');
INSERT INTO movie_cast_members (movie_id, cast_member) VALUES (599019, 'Daniil Medvedev');
INSERT INTO movie_cast_members (movie_id, cast_member) VALUES (599019, 'Bernard Jacobsen');
INSERT INTO movie_cast_members (movie_id, cast_member) VALUES (599019, 'Stephen Thomas Ochsner');
INSERT INTO movie_cast_members (movie_id, cast_member) VALUES (599019, 'Liza Klimova');
INSERT INTO movie_cast_members (movie_id, cast_member) VALUES (599019, 'Kate Lann');
INSERT INTO movie_genres (movie_id, genre) VALUES (599019, 'Animation');
INSERT INTO movie_genres (movie_id, genre) VALUES (599019, 'Family');
INSERT INTO movie_genres (movie_id, genre) VALUES (599019, 'Adventure');
INSERT INTO movie_genres (movie_id, genre) VALUES (599019, 'Comedy');
INSERT INTO movie_image_urls (movie_id, image_url) VALUES (599019, 'https://image.tmdb.org/t/p/original/AaAJS1hTIA8mKL7Af2dkQ6r5G0D.jpg');
INSERT INTO movie_image_urls (movie_id, image_url) VALUES (599019, 'https://image.tmdb.org/t/p/original/zMY0rK0a4VLvkkfD4UXHSinhQSi.jpg');
INSERT INTO movie_image_urls (movie_id, image_url) VALUES (599019, 'https://image.tmdb.org/t/p/original/isGINC82PZmMblEJP2rBAvSlX37.jpg');
INSERT INTO movie_image_urls (movie_id, image_url) VALUES (599019, 'https://image.tmdb.org/t/p/original/h79G3pKP8UL3kkzy5Gh2GsdhWrb.jpg');

INSERT INTO movies (id, title, release_year, duration_minutes, country, language, synopsis, poster_image_url, backdrop_image_url) VALUES (1072742, 'When Morning Comes, I Feel Empty', 2023, 76, 'Japan', 'Japanese', '24-year-old Nozomi quit her job at an ad agency and now works part-time at a convenience store. Her ordinary days are enlivened by funny and kind co-workers but her heart is troubled because she cannot tell her parents about her situation and she is haunted by her failure to meet the excessive demands at her previous workplace. One day, her former junior high school classmate Kanako appears and Nozomi begins to articulate how she feels.', 'https://image.tmdb.org/t/p/w500/tQvme7eBY44yQGULn30Qi7jr6xs.jpg', 'https://image.tmdb.org/t/p/original/lEk9GBEhzS8ezGx9ZBBoYJHKzvK.jpg') ON CONFLICT (id) DO UPDATE SET title = EXCLUDED.title, release_year = EXCLUDED.release_year, duration_minutes = EXCLUDED.duration_minutes, country = EXCLUDED.country, language = EXCLUDED.language, synopsis = EXCLUDED.synopsis, poster_image_url = EXCLUDED.poster_image_url, backdrop_image_url = EXCLUDED.backdrop_image_url;
INSERT INTO movie_directors (movie_id, director) VALUES (1072742, 'Yuho Ishibashi');
INSERT INTO movie_cast_members (movie_id, cast_member) VALUES (1072742, 'Erika Karata');
INSERT INTO movie_cast_members (movie_id, cast_member) VALUES (1072742, 'Haruka Imou');
INSERT INTO movie_cast_members (movie_id, cast_member) VALUES (1072742, 'Kazuma Ishibashi');
INSERT INTO movie_cast_members (movie_id, cast_member) VALUES (1072742, 'Oto Abe');
INSERT INTO movie_cast_members (movie_id, cast_member) VALUES (1072742, 'Yuto Nakayama');
INSERT INTO movie_genres (movie_id, genre) VALUES (1072742, 'Drama');
INSERT INTO movie_image_urls (movie_id, image_url) VALUES (1072742, 'https://image.tmdb.org/t/p/original/lAeeGiPIPEba0OMwYMYQuzZ8lU5.jpg');
INSERT INTO movie_image_urls (movie_id, image_url) VALUES (1072742, 'https://image.tmdb.org/t/p/original/10bL1MHW3M1LuJiwSJR9UnkV27R.jpg');
INSERT INTO movie_image_urls (movie_id, image_url) VALUES (1072742, 'https://image.tmdb.org/t/p/original/yZUDs3UkoWRrZes1M3vDLAj6D8C.jpg');
INSERT INTO movie_image_urls (movie_id, image_url) VALUES (1072742, 'https://image.tmdb.org/t/p/original/cxWVuHccCB8ST07q57McSentioi.jpg');

INSERT INTO movies (id, title, release_year, duration_minutes, country, language, synopsis, poster_image_url, backdrop_image_url) VALUES (1499071, 'Cold War 1994', 2026, 1, 'Hong Kong', 'Cantonese', 'In 1994, a tycoon''s kidnapping shook Hong Kong, threatening its financial standing. Police pursued personal gain while OCID Superintendent Li Wenbin risked everything to navigate conflicting interests and expose the truth.', 'https://image.tmdb.org/t/p/w500/sjgqasza3OBsqi0HLrpZ2LydzwT.jpg', 'https://image.tmdb.org/t/p/original/b1ycUYUWvj14J8pgE3BjNxjwItk.jpg') ON CONFLICT (id) DO UPDATE SET title = EXCLUDED.title, release_year = EXCLUDED.release_year, duration_minutes = EXCLUDED.duration_minutes, country = EXCLUDED.country, language = EXCLUDED.language, synopsis = EXCLUDED.synopsis, poster_image_url = EXCLUDED.poster_image_url, backdrop_image_url = EXCLUDED.backdrop_image_url;
INSERT INTO movie_directors (movie_id, director) VALUES (1499071, 'Leung Lok-Man');
INSERT INTO movie_cast_members (movie_id, cast_member) VALUES (1499071, 'Daniel Wu');
INSERT INTO movie_cast_members (movie_id, cast_member) VALUES (1499071, 'Terrance Lau Chun-Him');
INSERT INTO movie_cast_members (movie_id, cast_member) VALUES (1499071, 'Wu Kang-ren');
INSERT INTO movie_cast_members (movie_id, cast_member) VALUES (1499071, 'Gardner Tse Kwan-Ho');
INSERT INTO movie_cast_members (movie_id, cast_member) VALUES (1499071, 'Louise Wong Tan-Nei');
INSERT INTO movie_genres (movie_id, genre) VALUES (1499071, 'Crime');
INSERT INTO movie_genres (movie_id, genre) VALUES (1499071, 'Drama');

INSERT INTO movies (id, title, release_year, duration_minutes, country, language, synopsis, poster_image_url, backdrop_image_url) VALUES (1302848, 'Class Reunion', 2025, 94, 'France', 'French', 'Feeling nostalgic about their high school days, Hervé, Maxime, and Jordy decide to host a grand reunion party to reconnect and celebrate their 30-year graduation anniversary. However, their idealised memories clash with reality: no one wants to come, especially their former classmates Anne and Marion, who are determined to sabotage the event. For the first time, the trio face a harsh realisation – could it be that all this time they’ve been nothing but a bunch of pretentious jerks? Determined to make amends, they embark on a hilarious quest to prove to the world and themselves that they can be better men.', 'https://image.tmdb.org/t/p/w500/9bj75Pb7sUFE6IeDM33V1GwbagY.jpg', 'https://image.tmdb.org/t/p/original/4QJu5gehRwc5krZt5RythpvhBux.jpg') ON CONFLICT (id) DO UPDATE SET title = EXCLUDED.title, release_year = EXCLUDED.release_year, duration_minutes = EXCLUDED.duration_minutes, country = EXCLUDED.country, language = EXCLUDED.language, synopsis = EXCLUDED.synopsis, poster_image_url = EXCLUDED.poster_image_url, backdrop_image_url = EXCLUDED.backdrop_image_url;
INSERT INTO movie_directors (movie_id, director) VALUES (1302848, 'Jérôme Commandeur');
INSERT INTO movie_cast_members (movie_id, cast_member) VALUES (1302848, 'Jérôme Commandeur');
INSERT INTO movie_cast_members (movie_id, cast_member) VALUES (1302848, 'Vanessa Paradis');
INSERT INTO movie_cast_members (movie_id, cast_member) VALUES (1302848, 'Laurent Lafitte');
INSERT INTO movie_cast_members (movie_id, cast_member) VALUES (1302848, 'François Damiens');
INSERT INTO movie_cast_members (movie_id, cast_member) VALUES (1302848, 'Delphine Baril');
INSERT INTO movie_genres (movie_id, genre) VALUES (1302848, 'Comedy');
INSERT INTO movie_image_urls (movie_id, image_url) VALUES (1302848, 'https://image.tmdb.org/t/p/original/5Bv769BOiMIpLiMwGfX9VD8qqmT.jpg');
INSERT INTO movie_image_urls (movie_id, image_url) VALUES (1302848, 'https://image.tmdb.org/t/p/original/sAK5hh3Akh6U8tgQuqDo2WQXwSv.jpg');
INSERT INTO movie_image_urls (movie_id, image_url) VALUES (1302848, 'https://image.tmdb.org/t/p/original/fZu8oe0aPzABw2x4IbZQ6s8XZiJ.jpg');
INSERT INTO movie_image_urls (movie_id, image_url) VALUES (1302848, 'https://image.tmdb.org/t/p/original/h2gi1T0cEZDNvg2nfvJVnbXv7z2.jpg');

INSERT INTO movies (id, title, release_year, duration_minutes, country, language, synopsis, poster_image_url, backdrop_image_url) VALUES (1406652, 'Audition 109', 2026, 96, 'South Korea', 'Korean', 'Synopsis unavailable.', 'https://image.tmdb.org/t/p/w500/8ddOwCQnSHwtVIvuo4IiyCcPeOW.jpg', 'https://image.tmdb.org/t/p/original/1FAsjEcwlpT083q9iFOjCEtmBK5.jpg') ON CONFLICT (id) DO UPDATE SET title = EXCLUDED.title, release_year = EXCLUDED.release_year, duration_minutes = EXCLUDED.duration_minutes, country = EXCLUDED.country, language = EXCLUDED.language, synopsis = EXCLUDED.synopsis, poster_image_url = EXCLUDED.poster_image_url, backdrop_image_url = EXCLUDED.backdrop_image_url;
INSERT INTO movie_directors (movie_id, director) VALUES (1406652, 'Jung Woo');
INSERT INTO movie_directors (movie_id, director) VALUES (1406652, 'Oh Seong-ho');
INSERT INTO movie_cast_members (movie_id, cast_member) VALUES (1406652, 'Jung Woo');
INSERT INTO movie_cast_members (movie_id, cast_member) VALUES (1406652, 'Krystal Jung');
INSERT INTO movie_cast_members (movie_id, cast_member) VALUES (1406652, 'Shin Seung-ho');
INSERT INTO movie_cast_members (movie_id, cast_member) VALUES (1406652, 'Hyun Bong-sik');
INSERT INTO movie_cast_members (movie_id, cast_member) VALUES (1406652, 'Jo Beom-gyu');
INSERT INTO movie_genres (movie_id, genre) VALUES (1406652, 'Comedy');
INSERT INTO movie_genres (movie_id, genre) VALUES (1406652, 'Drama');
INSERT INTO movie_image_urls (movie_id, image_url) VALUES (1406652, 'https://image.tmdb.org/t/p/original/6C09ubOCxefvzZAFZjboGpghdUw.jpg');
INSERT INTO movie_image_urls (movie_id, image_url) VALUES (1406652, 'https://image.tmdb.org/t/p/original/vGM0As8yLfpHvGgXOqigr3iDc9V.jpg');

INSERT INTO movies (id, title, release_year, duration_minutes, country, language, synopsis, poster_image_url, backdrop_image_url) VALUES (1634949, 'Lorne', 2026, 101, 'United States of America', 'English', 'An unprecedented, behind-the-scenes glimpse at the man who built the inimitable empire of comedy, shaping television and culture for generations. The documentary features exclusive footage, archival treasures, and candid interviews with the show’s most iconic cast members and writers including Tina Fey, Maya Rudolph, John Mulaney, Andy Samberg, Conan O’Brien, Chris Rock and many more.', 'https://image.tmdb.org/t/p/w500/u1Jdy5JfQpYUFA76hX5qcZyLKXD.jpg', 'https://image.tmdb.org/t/p/original/8i3t5WRyEL5YTRlTZqhkBOf6thw.jpg') ON CONFLICT (id) DO UPDATE SET title = EXCLUDED.title, release_year = EXCLUDED.release_year, duration_minutes = EXCLUDED.duration_minutes, country = EXCLUDED.country, language = EXCLUDED.language, synopsis = EXCLUDED.synopsis, poster_image_url = EXCLUDED.poster_image_url, backdrop_image_url = EXCLUDED.backdrop_image_url;
INSERT INTO movie_directors (movie_id, director) VALUES (1634949, 'Morgan Neville');
INSERT INTO movie_cast_members (movie_id, cast_member) VALUES (1634949, 'Lorne Michaels');
INSERT INTO movie_cast_members (movie_id, cast_member) VALUES (1634949, 'Tina Fey');
INSERT INTO movie_cast_members (movie_id, cast_member) VALUES (1634949, 'Maya Rudolph');
INSERT INTO movie_cast_members (movie_id, cast_member) VALUES (1634949, 'John Mulaney');
INSERT INTO movie_cast_members (movie_id, cast_member) VALUES (1634949, 'Andy Samberg');
INSERT INTO movie_genres (movie_id, genre) VALUES (1634949, 'Documentary');
INSERT INTO movie_image_urls (movie_id, image_url) VALUES (1634949, 'https://image.tmdb.org/t/p/original/ewMrQ8v49iZkHDmKPxj7NyMGSrM.jpg');

INSERT INTO movies (id, title, release_year, duration_minutes, country, language, synopsis, poster_image_url, backdrop_image_url) VALUES (645105, 'Ciao UFO', 2025, 1, 'Hong Kong', 'Cantonese', 'Wah Fu Estate in Aberdeen is the home of many urban legends, but few were as outlandish as the one that happened in the 1980s: One night, residents turned their heads to the sky and saw a giant UFO hovering above them for five minutes. No one else could prove or explain the odd phenomenon, but it becomes the pivotal event for three young people in this long-awaited return to form for director Patrick Leung (La Brassiere, Simply Actors). This charming sci-fi comedy also marks the reunion of Tsui Tien-you, Wong Younam and Charlene Choi, who co-starred in 2002 teen comedy hit Summer Breeze of Love.', 'https://image.tmdb.org/t/p/w500/qIrbprGedVYaL9lXvcsFzVgq31U.jpg', 'https://image.tmdb.org/t/p/original/9G0JdQh6JugScCSry3cNWO9D7wv.jpg') ON CONFLICT (id) DO UPDATE SET title = EXCLUDED.title, release_year = EXCLUDED.release_year, duration_minutes = EXCLUDED.duration_minutes, country = EXCLUDED.country, language = EXCLUDED.language, synopsis = EXCLUDED.synopsis, poster_image_url = EXCLUDED.poster_image_url, backdrop_image_url = EXCLUDED.backdrop_image_url;
INSERT INTO movie_directors (movie_id, director) VALUES (645105, 'Patrick Leung Pak-Kin');
INSERT INTO movie_cast_members (movie_id, cast_member) VALUES (645105, 'Chui Tien-You');
INSERT INTO movie_cast_members (movie_id, cast_member) VALUES (645105, 'Wong Yau-Nam');
INSERT INTO movie_cast_members (movie_id, cast_member) VALUES (645105, 'Charlene Choi Chuek-Yin');
INSERT INTO movie_cast_members (movie_id, cast_member) VALUES (645105, 'Michelle Wai Si-Nga');
INSERT INTO movie_cast_members (movie_id, cast_member) VALUES (645105, 'Ng Siu-Hin');
INSERT INTO movie_genres (movie_id, genre) VALUES (645105, 'Drama');
INSERT INTO movie_image_urls (movie_id, image_url) VALUES (645105, 'https://image.tmdb.org/t/p/original/eZD0syp7vaMP1RY6sPjKvTn3MhZ.jpg');
INSERT INTO movie_image_urls (movie_id, image_url) VALUES (645105, 'https://image.tmdb.org/t/p/original/mzrINfJrusUBioaAWDYgaGrX8Mn.jpg');
INSERT INTO movie_image_urls (movie_id, image_url) VALUES (645105, 'https://image.tmdb.org/t/p/original/nkFMEDqdKWlZ3AXWGIr2KiGKFMV.jpg');
INSERT INTO movie_image_urls (movie_id, image_url) VALUES (645105, 'https://image.tmdb.org/t/p/original/ccGqnN41X1XkOWOB6Ay5imYcqyC.jpg');

INSERT INTO movies (id, title, release_year, duration_minutes, country, language, synopsis, poster_image_url, backdrop_image_url) VALUES (1126723, 'Mr. X', 2026, 147, 'India', 'Tamil', 'Synopsis unavailable.', 'https://image.tmdb.org/t/p/w500/rUYbwn4I8k0sa2sIJG9JGYM1UCv.jpg', 'https://image.tmdb.org/t/p/original/pHYVsFUjKnYpHmhvTILd3XqXwRM.jpg') ON CONFLICT (id) DO UPDATE SET title = EXCLUDED.title, release_year = EXCLUDED.release_year, duration_minutes = EXCLUDED.duration_minutes, country = EXCLUDED.country, language = EXCLUDED.language, synopsis = EXCLUDED.synopsis, poster_image_url = EXCLUDED.poster_image_url, backdrop_image_url = EXCLUDED.backdrop_image_url;
INSERT INTO movie_directors (movie_id, director) VALUES (1126723, 'Manu Anand');
INSERT INTO movie_cast_members (movie_id, cast_member) VALUES (1126723, 'Arya');
INSERT INTO movie_cast_members (movie_id, cast_member) VALUES (1126723, 'Gautham Ram Karthik');
INSERT INTO movie_cast_members (movie_id, cast_member) VALUES (1126723, 'Manju Warrier');
INSERT INTO movie_cast_members (movie_id, cast_member) VALUES (1126723, 'R. Sarathkumar');
INSERT INTO movie_cast_members (movie_id, cast_member) VALUES (1126723, 'Anagha');
INSERT INTO movie_genres (movie_id, genre) VALUES (1126723, 'Action');
INSERT INTO movie_genres (movie_id, genre) VALUES (1126723, 'Thriller');

INSERT INTO movies (id, title, release_year, duration_minutes, country, language, synopsis, poster_image_url, backdrop_image_url) VALUES (1407885, 'Pelangi di Mars', 2026, 112, 'Indonesia', 'English', 'Pelangi is an Indonesian child born on Mars. Together with her robot friends, she embarks on a great journey that will determine the future of Earth. Can they overcome it?', 'https://image.tmdb.org/t/p/w500/1ATBn02gkCFxxWfFHZPj53Cp25m.jpg', 'https://image.tmdb.org/t/p/original/gR2N46c4d9ef32CasfFPwARbIHr.jpg') ON CONFLICT (id) DO UPDATE SET title = EXCLUDED.title, release_year = EXCLUDED.release_year, duration_minutes = EXCLUDED.duration_minutes, country = EXCLUDED.country, language = EXCLUDED.language, synopsis = EXCLUDED.synopsis, poster_image_url = EXCLUDED.poster_image_url, backdrop_image_url = EXCLUDED.backdrop_image_url;
INSERT INTO movie_directors (movie_id, director) VALUES (1407885, 'Upie Guava');
INSERT INTO movie_cast_members (movie_id, cast_member) VALUES (1407885, 'Keinaya Messi Gusti');
INSERT INTO movie_cast_members (movie_id, cast_member) VALUES (1407885, 'Lutesha');
INSERT INTO movie_cast_members (movie_id, cast_member) VALUES (1407885, 'Rio Dewanto');
INSERT INTO movie_cast_members (movie_id, cast_member) VALUES (1407885, 'Livy Renata');
INSERT INTO movie_cast_members (movie_id, cast_member) VALUES (1407885, 'Myesha Lin');
INSERT INTO movie_genres (movie_id, genre) VALUES (1407885, 'Adventure');
INSERT INTO movie_genres (movie_id, genre) VALUES (1407885, 'Drama');
INSERT INTO movie_genres (movie_id, genre) VALUES (1407885, 'Family');
INSERT INTO movie_genres (movie_id, genre) VALUES (1407885, 'Science Fiction');
INSERT INTO movie_image_urls (movie_id, image_url) VALUES (1407885, 'https://image.tmdb.org/t/p/original/qvbyqb3Obh3W0D8PNXdQ4BSAf3O.jpg');
INSERT INTO movie_image_urls (movie_id, image_url) VALUES (1407885, 'https://image.tmdb.org/t/p/original/hyxin8wLEmjizk30pICpw4ZK2Je.jpg');
INSERT INTO movie_image_urls (movie_id, image_url) VALUES (1407885, 'https://image.tmdb.org/t/p/original/spDsIWqkUkIG6uDEFVAN67SZ2UX.jpg');
INSERT INTO movie_image_urls (movie_id, image_url) VALUES (1407885, 'https://image.tmdb.org/t/p/original/r7cL0advPVkoR9Y6DhZpNjoxjlg.jpg');

INSERT INTO movies (id, title, release_year, duration_minutes, country, language, synopsis, poster_image_url, backdrop_image_url) VALUES (1335666, 'Glenrothan', 2026, 99, 'United Kingdom', 'English', 'After 35 years in Chicago, Donal reluctantly returns to the Scottish Highlands to reconcile with his estranged older brother Sandy. Sandy needs Donal to take over the family''s whisky distillery or he''ll be forced to sell and give up on the family''s legacy. But their reunion forces the brothers to confront the past and the real reason Donal left Glenrothan.', 'https://image.tmdb.org/t/p/w500/gNKQETNDN9sVxpiayzF9bTw5a5q.jpg', 'https://image.tmdb.org/t/p/original/dAU3mJzDLWWZyndByhV7hSIfBiK.jpg') ON CONFLICT (id) DO UPDATE SET title = EXCLUDED.title, release_year = EXCLUDED.release_year, duration_minutes = EXCLUDED.duration_minutes, country = EXCLUDED.country, language = EXCLUDED.language, synopsis = EXCLUDED.synopsis, poster_image_url = EXCLUDED.poster_image_url, backdrop_image_url = EXCLUDED.backdrop_image_url;
INSERT INTO movie_directors (movie_id, director) VALUES (1335666, 'Brian Cox');
INSERT INTO movie_cast_members (movie_id, cast_member) VALUES (1335666, 'Brian Cox');
INSERT INTO movie_cast_members (movie_id, cast_member) VALUES (1335666, 'Alan Cumming');
INSERT INTO movie_cast_members (movie_id, cast_member) VALUES (1335666, 'Shirley Henderson');
INSERT INTO movie_cast_members (movie_id, cast_member) VALUES (1335666, 'Alexandra Shipp');
INSERT INTO movie_cast_members (movie_id, cast_member) VALUES (1335666, 'Aidan Redmond');
INSERT INTO movie_genres (movie_id, genre) VALUES (1335666, 'Drama');
INSERT INTO movie_genres (movie_id, genre) VALUES (1335666, 'Comedy');
INSERT INTO movie_image_urls (movie_id, image_url) VALUES (1335666, 'https://image.tmdb.org/t/p/original/avLSKY9OuLZ8XIn88ncrYkvilMg.jpg');
INSERT INTO movie_image_urls (movie_id, image_url) VALUES (1335666, 'https://image.tmdb.org/t/p/original/exIXP1BqVk22LomBLcgt9B3CnmQ.jpg');

INSERT INTO movies (id, title, release_year, duration_minutes, country, language, synopsis, poster_image_url, backdrop_image_url) VALUES (1653527, 'Cuntri', 2026, 15, 'Argentina', 'Spanish', 'When his cat disappears, Tomi, a boy from a gated community, climbs over the fence to look for it. On the other side, he meets Juan, a poor boy, and together they embark on a search that brings them face to face with risks and unexpected discoveries.', 'https://image.tmdb.org/t/p/w500/y3XnNqDN8ZvCioIXcHL4Y9atwRi.jpg', 'https://image.tmdb.org/t/p/original/ktH9gmThE1Hq1HcP8MCRrAnGNeW.jpg') ON CONFLICT (id) DO UPDATE SET title = EXCLUDED.title, release_year = EXCLUDED.release_year, duration_minutes = EXCLUDED.duration_minutes, country = EXCLUDED.country, language = EXCLUDED.language, synopsis = EXCLUDED.synopsis, poster_image_url = EXCLUDED.poster_image_url, backdrop_image_url = EXCLUDED.backdrop_image_url;
INSERT INTO movie_directors (movie_id, director) VALUES (1653527, 'Andrés Gil');
INSERT INTO movie_cast_members (movie_id, cast_member) VALUES (1653527, 'Teo Colella');
INSERT INTO movie_cast_members (movie_id, cast_member) VALUES (1653527, 'Enzo Sanches');
INSERT INTO movie_cast_members (movie_id, cast_member) VALUES (1653527, 'Dominique Leclerq');
INSERT INTO movie_cast_members (movie_id, cast_member) VALUES (1653527, 'Paul Flubelman');
INSERT INTO movie_cast_members (movie_id, cast_member) VALUES (1653527, 'Santiago Vecino');
INSERT INTO movie_genres (movie_id, genre) VALUES (1653527, 'Adventure');

SELECT setval(pg_get_serial_sequence('movies', 'id'), (SELECT COALESCE(MAX(id), 1) FROM movies), true);
COMMIT;
